scope,Frey-Osborne,Felten AIOE,Eloundou DV gamma,Webb AI,Webb Software,Webb Robot
Atlas US,0.44941130736587703,0.6099482556962956,0.7833831234312472,0.2368457758268095,-0.32779744764478147,0.7232872965429409
Atlas GDP-weighted,0.4734794877361308,0.6315652041020543,0.8078410849273976,0.2538667606032692,-0.32900801907742816,0.7363346914805566
Atlas population-weighted,0.43904452853242293,0.6708204338365142,0.8027661108915256,0.2299376491230486,-0.3135381638978426,0.7253831207101051
Atlas unweighted mean,0.4135249743817203,0.6820686360120581,0.7997348098728159,0.23229819315404648,-0.29893291161165947,0.7172202760738993
