external,atlas_feature,high_income_mean,low_income_mean,high_to_low_ratio,cross_country_spread_mean
Frey-Osborne,mean_exposure,2.199293512018333,0.9025062971094626,2.436873312269768,1.2967872149088706
Felten AIOE,ai_material_share,0.5910389493882178,0.09694059504200461,6.0969188711416535,0.49409835434621324
Eloundou DV gamma,llm_like_share,0.42790310976128365,0.17800211370620567,2.403921495357188,0.250614317371599
Webb Robot,physical_share,0.6538629221175406,0.22847846679618328,2.8618141938032697,0.42538445532135744
