sector_code,countries,mean_employment_weighted_occ_exposed_share,mean_sub_only_share_exposed,mean_aug_only_share_exposed,sector_label
MEL,66,0.3874996162702587,0.5048185121221991,0.05003973956110082,MEL
PUB,72,0.3599740328848056,0.400129710811067,0.0789494498404825,PUB
MAN,68,0.3568435317355863,0.5109420868988047,0.04524381467730956,MAN
MKT,72,0.34794916666441045,0.4854713459780247,0.049559321419247696,MKT
CON,66,0.3465927887898332,0.5231134291696766,0.041960192783297524,CON
AGR,65,0.32628144048310814,0.3688670937646771,0.08242077037170153,AGR
