income_level,n,r_ai_material_vs_AIPI,r_llm_like_vs_AIPI
Low income,19,0.7177282206798647,0.7097449798263493
Lower middle income,35,0.8392706710503495,0.8256334762794814
Upper middle income,25,0.8972302564298102,0.8143629119748044
High income,41,0.5044370035862813,0.03828321522551538
