context_label,mean_exposure,contact_share_ge1,exposed_share_ge2,ai_material_share_all_tasks,ai_material_share_among_exposed,exposed_task_count,total_task_count,context_display
Low income,0.8132805193376245,0.5532266050503384,0.24877592562028938,0.0823018099796446,0.32883679787704556,4522.0,18177,Low income
Lower middle income,1.253923674211135,0.7588523597114378,0.44996971198854563,0.2548047799988986,0.5492595765512177,8171.0,18159,Lower middle
Upper middle income,1.587207710421116,0.8653961995509556,0.5920267236186408,0.4442253983900115,0.707520118397928,10811.0,18261,Upper middle
High income,1.7429307321350285,0.898893029373082,0.6504822446295484,0.5240026304252521,0.7630160067396798,11870.0,18248,High income
Generic ordinary workplace benchmark,1.6872421191615778,0.8602079551081037,0.6392143918138307,0.5212081201518403,0.7760564592477838,11619.0,18177,Context-free
