iso3,source,ilostat_year,sex,code,emp,share
AFG,BA:15715,2020,SEX_F,13,2.813,0.0025538923025522583
AFG,BA:15715,2020,SEX_F,22,6.093,0.005531768858674337
AFG,BA:15715,2020,SEX_F,23,52.43,0.047600630438256276
AFG,BA:15715,2020,SEX_F,32,1.752,0.0015906218677822811
AFG,BA:15715,2020,SEX_F,33,1.28,0.0011620981682427625
AFG,BA:15715,2020,SEX_F,44,4.894,0.004443209715140687
AFG,BA:15715,2020,SEX_F,51,116.513,0.10578089365349139
AFG,BA:15715,2020,SEX_F,52,9.232,0.008381633038450922
AFG,BA:15715,2020,SEX_F,53,3.113,0.002826259060734156
AFG,BA:15715,2020,SEX_F,54,3.842,0.003488110283116167
AFG,BA:15715,2020,SEX_F,61,542.271,0.4923219810868523
AFG,BA:15715,2020,SEX_F,63,54.377,0.049368290698856794
AFG,BA:15715,2020,SEX_F,71,1.071,9.723493267093738e-4
AFG,BA:15715,2020,SEX_F,73,89.725,0.08146035792623582
AFG,BA:15715,2020,SEX_F,75,194.137,0.17625488444386342
AFG,BA:15715,2020,SEX_F,81,0.918,8.334422800366062e-4
AFG,BA:15715,2020,SEX_F,91,3.682,0.0033428480120858213
AFG,BA:15715,2020,SEX_F,92,0.693,6.291672114001831e-4
AFG,BA:15715,2020,SEX_F,93,7.301,0.006628499004953444
AFG,BA:15715,2020,SEX_F,95,1.602,0.0014544384886913324
AFG,BA:15715,2020,SEX_F,96,3.717,0.0033746241338737095
AFG,BA:15715,2020,SEX_M,01,41.231,0.008637175571735524
AFG,BA:15715,2020,SEX_M,02,9.791,0.0020510437782945484
AFG,BA:15715,2020,SEX_M,03,119.471,0.025027091332512304
AFG,BA:15715,2020,SEX_M,11,11.702,0.0024513649569607603
AFG,BA:15715,2020,SEX_M,12,30.498,0.006388799218713832
AFG,BA:15715,2020,SEX_M,13,16.593,0.0034759441745727134
AFG,BA:15715,2020,SEX_M,14,12.756,0.0026721595787892205
AFG,BA:15715,2020,SEX_M,21,23.836,0.004993226381312312
AFG,BA:15715,2020,SEX_M,22,45.989,0.009633893608414663
AFG,BA:15715,2020,SEX_M,23,103.249,0.0216288651889627
AFG,BA:15715,2020,SEX_M,24,3.406,7.134976109561058e-4
AFG,BA:15715,2020,SEX_M,25,2.029,4.250401211479561e-4
AFG,BA:15715,2020,SEX_M,26,4.066,8.517561028031491e-4
AFG,BA:15715,2020,SEX_M,31,3.145,6.588226619075022e-4
AFG,BA:15715,2020,SEX_M,32,8.106,0.0016980656589577782
AFG,BA:15715,2020,SEX_M,33,28.477,0.005965434958073113
AFG,BA:15715,2020,SEX_M,34,33.639,0.007046783950367717
AFG,BA:15715,2020,SEX_M,35,6.566,0.001375462511314677
AFG,BA:15715,2020,SEX_M,41,13.919,0.0029157878000287832
AFG,BA:15715,2020,SEX_M,42,16.555,0.0034679838371633382
AFG,BA:15715,2020,SEX_M,43,3.335,6.986243489543783e-4
AFG,BA:15715,2020,SEX_M,44,59.42,0.012447453917501997
AFG,BA:15715,2020,SEX_M,51,121.385,0.02542804095886873
AFG,BA:15715,2020,SEX_M,52,496.014,0.10390628420457482
AFG,BA:15715,2020,SEX_M,53,0.96,2.0110326086842674e-4
AFG,BA:15715,2020,SEX_M,54,80.981,0.016964107467068817
AFG,BA:15715,2020,SEX_M,61,1750.179,0.36663198333691904
AFG,BA:15715,2020,SEX_M,62,21.026,0.004404580378145355
AFG,BA:15715,2020,SEX_M,63,313.194,0.0656086819629438
AFG,BA:15715,2020,SEX_M,71,259.804,0.0544244079027716
AFG,BA:15715,2020,SEX_M,72,113.501,0.023776480428986776
AFG,BA:15715,2020,SEX_M,73,17.808,0.003730465489109316
AFG,BA:15715,2020,SEX_M,74,7.562,0.0015841071444656699
AFG,BA:15715,2020,SEX_M,75,119.228,0.024976187069604982
AFG,BA:15715,2020,SEX_M,81,39.841,0.008345994808603116
AFG,BA:15715,2020,SEX_M,83,365.517,0.07656943812796327
AFG,BA:15715,2020,SEX_M,91,12.85,0.0026918509397492536
AFG,BA:15715,2020,SEX_M,92,47.297,0.009907896801347895
AFG,BA:15715,2020,SEX_M,93,321.152,0.0672757442025177
AFG,BA:15715,2020,SEX_M,94,1.092,2.2875495923783544e-4
AFG,BA:15715,2020,SEX_M,95,62.562,0.013105648131719286
AFG,BA:15715,2020,SEX_M,96,23.935,0.005013965155089369
AGO,BA:13951,2024,SEX_F,02,3.126,4.9127870291107e-4
AGO,BA:13951,2024,SEX_F,11,4.662,7.326747642262982e-4
AGO,BA:13951,2024,SEX_F,12,7.023,0.0011037269131620104
AGO,BA:13951,2024,SEX_F,13,4.949,7.77779366828818e-4
AGO,BA:13951,2024,SEX_F,14,14.48,0.0022756607863570998
AGO,BA:13951,2024,SEX_F,21,2.442,3.8378201935663245e-4
AGO,BA:13951,2024,SEX_F,22,90.737,0.01426012657263012
AGO,BA:13951,2024,SEX_F,23,125.437,0.019713540197394717
AGO,BA:13951,2024,SEX_F,24,14.051,0.002208239620794448
AGO,BA:13951,2024,SEX_F,26,11.718,0.001841587920893128
AGO,BA:13951,2024,SEX_F,31,2.624,4.123849380801816e-4
AGO,BA:13951,2024,SEX_F,32,11.585,0.0018206857879797653
AGO,BA:13951,2024,SEX_F,33,53.477,0.00840438617900681
AGO,BA:13951,2024,SEX_F,34,20.61,0.0032390448071008163
AGO,BA:13951,2024,SEX_F,35,2.688,4.2244310730164944e-4
AGO,BA:13951,2024,SEX_F,41,7.492,0.0011774344344880794
AGO,BA:13951,2024,SEX_F,42,9.627,0.0015129686733604834
AGO,BA:13951,2024,SEX_F,43,0.931,1.4631493039354005e-4
AGO,BA:13951,2024,SEX_F,44,6.064,9.530115337340781e-4
AGO,BA:13951,2024,SEX_F,51,283.325,0.04452704366675588
AGO,BA:13951,2024,SEX_F,52,1886.742,0.2965182861445419
AGO,BA:13951,2024,SEX_F,53,48.823,0.007672968685933195
AGO,BA:13951,2024,SEX_F,54,31.253,0.004911686916852101
AGO,BA:13951,2024,SEX_F,61,362.046,0.05689874896805542
AGO,BA:13951,2024,SEX_F,62,7.495,0.0011779059111703357
AGO,BA:13951,2024,SEX_F,63,2837.504,0.4459389906029983
AGO,BA:13951,2024,SEX_F,71,2.204,3.463782025642989e-4
AGO,BA:13951,2024,SEX_F,72,2.768,4.350158188284842e-4
AGO,BA:13951,2024,SEX_F,73,4.149,6.5205225156047e-4
AGO,BA:13951,2024,SEX_F,75,38.656,0.006075134209766578
AGO,BA:13951,2024,SEX_F,81,6.128,9.63069702955546e-4
AGO,BA:13951,2024,SEX_F,83,1.651,2.5946933413505325e-4
AGO,BA:13951,2024,SEX_F,91,279.996,0.04400386170834547
AGO,BA:13951,2024,SEX_F,92,22.458,0.0035294744433707003
AGO,BA:13951,2024,SEX_F,93,3.743,5.882457405617834e-4
AGO,BA:13951,2024,SEX_F,94,11.378,0.00178815389690408
AGO,BA:13951,2024,SEX_F,95,112.485,0.01767801820120016
AGO,BA:13951,2024,SEX_F,96,26.46,0.004158424337500612
AGO,BA:13951,2024,SEX_M,01,39.454,0.006437142576981319
AGO,BA:13951,2024,SEX_M,02,72.986,0.011908077460423749
AGO,BA:13951,2024,SEX_M,03,20.458,0.0033378380605232376
AGO,BA:13951,2024,SEX_M,11,24.792,0.0040449545994961445
AGO,BA:13951,2024,SEX_M,12,6.742,0.001099995317433164
AGO,BA:13951,2024,SEX_M,13,27.593,0.004501953544042316
AGO,BA:13951,2024,SEX_M,14,51.275,0.008365805384364504
AGO,BA:13951,2024,SEX_M,21,36.089,0.005888123852098109
AGO,BA:13951,2024,SEX_M,22,58.37,0.009523394642327763
AGO,BA:13951,2024,SEX_M,23,224.464,0.036622567329029625
AGO,BA:13951,2024,SEX_M,24,28.863,0.004709161205439545
AGO,BA:13951,2024,SEX_M,25,7.441,0.0012140411090210876
AGO,BA:13951,2024,SEX_M,26,25.49,0.0041588372354451715
AGO,BA:13951,2024,SEX_M,31,53.391,0.008711042716267289
AGO,BA:13951,2024,SEX_M,32,7.91,0.0012905611036630566
AGO,BA:13951,2024,SEX_M,33,118.973,0.01941111582630908
AGO,BA:13951,2024,SEX_M,34,27.22,0.004441096490734311
AGO,BA:13951,2024,SEX_M,35,32.582,0.005315937026491746
AGO,BA:13951,2024,SEX_M,41,9.508,0.001551283814617995
AGO,BA:13951,2024,SEX_M,42,43.708,0.007131206664842588
AGO,BA:13951,2024,SEX_M,43,8.344,0.0013613706509436844
AGO,BA:13951,2024,SEX_M,44,6.833,0.0011148424805726505
AGO,BA:13951,2024,SEX_M,51,140.855,0.022981287516619445
AGO,BA:13951,2024,SEX_M,52,488.545,0.07970887160418053
AGO,BA:13951,2024,SEX_M,53,20.987,0.0034241473934989337
AGO,BA:13951,2024,SEX_M,54,353.888,0.05773882273743511
AGO,BA:13951,2024,SEX_M,61,334.541,0.05458225059172473
AGO,BA:13951,2024,SEX_M,62,78.069,0.01273739757292935
AGO,BA:13951,2024,SEX_M,63,2225.874,0.3631638945707841
AGO,BA:13951,2024,SEX_M,71,349.382,0.05700364342857219
AGO,BA:13951,2024,SEX_M,72,215.856,0.03521812358941754
AGO,BA:13951,2024,SEX_M,73,82.891,0.01352413406368324
AGO,BA:13951,2024,SEX_M,74,53.123,0.008667317005043305
AGO,BA:13951,2024,SEX_M,75,82.893,0.01352446037496103
AGO,BA:13951,2024,SEX_M,81,57.787,0.009428274904851713
AGO,BA:13951,2024,SEX_M,82,5.438,8.872403643134894e-4
AGO,BA:13951,2024,SEX_M,83,496.842,0.08106257394009612
AGO,BA:13951,2024,SEX_M,91,29.132,0.004753050072302423
AGO,BA:13951,2024,SEX_M,92,27.925,0.004556121216155607
AGO,BA:13951,2024,SEX_M,93,40.19,0.006557225127208374
AGO,BA:13951,2024,SEX_M,94,1.42,2.3168100723154744e-4
AGO,BA:13951,2024,SEX_M,95,61.622,0.010053976780015786
AGO,BA:13951,2024,SEX_M,96,49.371,0.008055157047907557
ALB,BA:480,2024,SEX_F,01,0.22,4.119410474911853e-4
ALB,BA:480,2024,SEX_F,11,4.104,0.007684572995017384
ALB,BA:480,2024,SEX_F,12,0.307,5.748450071808813e-4
ALB,BA:480,2024,SEX_F,13,1.594,0.0029847001350043153
ALB,BA:480,2024,SEX_F,14,6.644,0.012440619634233796
ALB,BA:480,2024,SEX_F,21,4.314,0.008077789449440789
ALB,BA:480,2024,SEX_F,22,15.685,0.029369524226814735
ALB,BA:480,2024,SEX_F,23,36.964,0.06921358581574624
ALB,BA:480,2024,SEX_F,24,5.421,0.010150601902044162
ALB,BA:480,2024,SEX_F,25,2.624,0.004913333220985774
ALB,BA:480,2024,SEX_F,26,24.097,0.04512065191543224
ALB,BA:480,2024,SEX_F,31,1.89,0.0035389480898106373
ALB,BA:480,2024,SEX_F,32,9.092,0.01702440001722662
ALB,BA:480,2024,SEX_F,33,7.537,0.014112725795186652
ALB,BA:480,2024,SEX_F,34,3.32,0.006216564898503341
ALB,BA:480,2024,SEX_F,35,0.615,0.0011515624736685407
ALB,BA:480,2024,SEX_F,41,0.27,5.055640128300911e-4
ALB,BA:480,2024,SEX_F,42,3.921,0.007341912941876989
ALB,BA:480,2024,SEX_F,43,1.899,0.0035558002235716404
ALB,BA:480,2024,SEX_F,44,4.618,0.008647017078701335
ALB,BA:480,2024,SEX_F,51,22.085,0.04135326379019467
ALB,BA:480,2024,SEX_F,52,56.325,0.10546627045427734
ALB,BA:480,2024,SEX_F,53,7.073,0.013243904676841608
ALB,BA:480,2024,SEX_F,54,2.722,0.005096834233050029
ALB,BA:480,2024,SEX_F,61,136.495,0.2555813330786788
ALB,BA:480,2024,SEX_F,63,86.466,0.16190406641987648
ALB,BA:480,2024,SEX_F,71,1.253,0.002346191511392978
ALB,BA:480,2024,SEX_F,72,0.228,4.2692072194541026e-4
ALB,BA:480,2024,SEX_F,73,0.356,6.66595513213009e-4
ALB,BA:480,2024,SEX_F,74,0.502,9.399745720026137e-4
ALB,BA:480,2024,SEX_F,75,10.27,0.01923015708061124
ALB,BA:480,2024,SEX_F,81,40.391,0.07563050386007483
ALB,BA:480,2024,SEX_F,82,0.851,0.0015934628700681758
ALB,BA:480,2024,SEX_F,83,0.385,7.208968331095743e-4
ALB,BA:480,2024,SEX_F,91,21.428,0.04012305802564145
ALB,BA:480,2024,SEX_F,92,0.417,7.808155309264739e-4
ALB,BA:480,2024,SEX_F,93,7.267,0.013607161782356563
ALB,BA:480,2024,SEX_F,94,2.791,0.005226033925217719
ALB,BA:480,2024,SEX_F,95,0.122,2.2844003542693003e-4
ALB,BA:480,2024,SEX_F,96,1.494,0.0027974542043265036
ALB,BA:480,2024,SEX_M,01,0.198,3.1101560732865865e-4
ALB,BA:480,2024,SEX_M,02,1.995,0.0031337178617205762
ALB,BA:480,2024,SEX_M,03,2.291,0.0035986704868179644
ALB,BA:480,2024,SEX_M,11,8.91,0.01399570232978964
ALB,BA:480,2024,SEX_M,12,0.741,0.001163952348639071
ALB,BA:480,2024,SEX_M,13,2.32,0.0036442232777903435
ALB,BA:480,2024,SEX_M,14,22.68,0.03562542411219181
ALB,BA:480,2024,SEX_M,21,12.182,0.019135313780190503
ALB,BA:480,2024,SEX_M,22,7.886,0.012387217572695971
ALB,BA:480,2024,SEX_M,23,10.425,0.01637544296162256
ALB,BA:480,2024,SEX_M,24,3.044,0.004781472266204227
ALB,BA:480,2024,SEX_M,25,5.811,0.009127836839327452
ALB,BA:480,2024,SEX_M,26,12.713,0.019969401090753725
ALB,BA:480,2024,SEX_M,31,4.121,0.006473208675764659
ALB,BA:480,2024,SEX_M,32,2.416,0.0037950187237678753
ALB,BA:480,2024,SEX_M,33,16.042,0.025198547337203753
ALB,BA:480,2024,SEX_M,34,3.442,0.005406645052652743
ALB,BA:480,2024,SEX_M,35,3.414,0.005362663047575963
ALB,BA:480,2024,SEX_M,42,1.9,0.0029844932016386437
ALB,BA:480,2024,SEX_M,43,3.519,0.005527595566613888
ALB,BA:480,2024,SEX_M,44,3.497,0.005493038276910704
ALB,BA:480,2024,SEX_M,51,33.077,0.051956885068737586
ALB,BA:480,2024,SEX_M,52,42.775,0.06719036668425947
ALB,BA:480,2024,SEX_M,53,0.212,3.330066098670487e-4
ALB,BA:480,2024,SEX_M,54,26.804,0.04210334514564326
ALB,BA:480,2024,SEX_M,61,141.64,0.22248611425268286
ALB,BA:480,2024,SEX_M,62,1.37,0.002151976676971022
ALB,BA:480,2024,SEX_M,63,64.555,0.10140208349041192
ALB,BA:480,2024,SEX_M,71,79.019,0.12412193068436
ALB,BA:480,2024,SEX_M,72,20.589,0.0323409108044937
ALB,BA:480,2024,SEX_M,73,0.543,8.529367413104125e-4
ALB,BA:480,2024,SEX_M,74,9.233,0.01450306617406821
ALB,BA:480,2024,SEX_M,75,5.306,0.008334589962049813
ALB,BA:480,2024,SEX_M,81,11.164,0.01753625373847043
ALB,BA:480,2024,SEX_M,82,2.174,0.003414888537032848
ALB,BA:480,2024,SEX_M,83,38.856,0.061034456759405865
ALB,BA:480,2024,SEX_M,91,7.648,0.01201337052954334
ALB,BA:480,2024,SEX_M,92,1.923,0.0030206212772374273
ALB,BA:480,2024,SEX_M,93,12.943,0.020330681846741562
ALB,BA:480,2024,SEX_M,94,0.666,0.0010461434064691247
ALB,BA:480,2024,SEX_M,95,0.673,0.0010571389077383196
ALB,BA:480,2024,SEX_M,96,5.907,0.009278632285304983
ARE,BA:716,2022,SEX_F,01,1.484,8.449927913687743e-4
ARE,BA:716,2022,SEX_F,03,1.77,0.0010078418064169343
ARE,BA:716,2022,SEX_F,11,15.466,0.008806373659912037
ARE,BA:716,2022,SEX_F,12,146.487,0.08341001282293642
ARE,BA:716,2022,SEX_F,13,31.534,0.017955527414435936
ARE,BA:716,2022,SEX_F,14,8.19,0.004663403612742764
ARE,BA:716,2022,SEX_F,21,63.408,0.03610465156004801
ARE,BA:716,2022,SEX_F,22,76.562,0.04359456744796233
ARE,BA:716,2022,SEX_F,23,108.664,0.06187351528389252
ARE,BA:716,2022,SEX_F,24,122.406,0.06969823963631146
ARE,BA:716,2022,SEX_F,25,13.439,0.007652195500811966
ARE,BA:716,2022,SEX_F,26,36.041,0.02052182290682075
ARE,BA:716,2022,SEX_F,31,8.335,0.0047459669245678805
ARE,BA:716,2022,SEX_F,32,17.635,0.010041406924385671
ARE,BA:716,2022,SEX_F,33,117.891,0.06712738892672249
ARE,BA:716,2022,SEX_F,34,14.109,0.008033694941659054
ARE,BA:716,2022,SEX_F,35,6.169,0.0035126418665458008
ARE,BA:716,2022,SEX_F,41,68.195,0.03883037965457787
ARE,BA:716,2022,SEX_F,42,43.581,0.02481511512172679
ARE,BA:716,2022,SEX_F,43,32.493,0.018501584076782738
ARE,BA:716,2022,SEX_F,44,19.131,0.010893232541560662
ARE,BA:716,2022,SEX_F,51,56.101,0.03194403004621267
ARE,BA:716,2022,SEX_F,52,50.836,0.02894612772373518
ARE,BA:716,2022,SEX_F,53,28.838,0.016420419216639295
ARE,BA:716,2022,SEX_F,54,21.285,0.012119724773776524
ARE,BA:716,2022,SEX_F,71,4.246,0.0024176815310996067
ARE,BA:716,2022,SEX_F,72,5.901,0.0033600420902069657
ARE,BA:716,2022,SEX_F,83,14.902,0.00848523084701986
ARE,BA:716,2022,SEX_F,91,596.23,0.33949464420337216
ARE,BA:716,2022,SEX_F,93,0.838,4.7715900213411917e-4
ARE,BA:716,2022,SEX_F,94,23.388,0.013317177496315967
ARE,BA:716,2022,SEX_F,96,0.673,3.832076472986423e-4
ARE,BA:716,2022,SEX_M,01,9.424,0.00173085721327948
ARE,BA:716,2022,SEX_M,03,15.89,0.002918433904818648
ARE,BA:716,2022,SEX_M,11,82.43,0.015139490671755894
ARE,BA:716,2022,SEX_M,12,439.841,0.08078331574130516
ARE,BA:716,2022,SEX_M,13,108.857,0.019993200728561582
ARE,BA:716,2022,SEX_M,14,27.804,0.005106616506581352
ARE,BA:716,2022,SEX_M,21,307.034,0.05639134270183063
ARE,BA:716,2022,SEX_M,22,58.079,0.010667068770167543
ARE,BA:716,2022,SEX_M,23,41.132,0.007554501156261839
ARE,BA:716,2022,SEX_M,24,215.796,0.03963413234262082
ARE,BA:716,2022,SEX_M,25,53.307,0.009790620274648689
ARE,BA:716,2022,SEX_M,26,55.403,0.010175581726159065
ARE,BA:716,2022,SEX_M,31,199.273,0.03659943861012753
ARE,BA:716,2022,SEX_M,32,20.281,0.003724906105955129
ARE,BA:716,2022,SEX_M,33,303.134,0.05567504992468823
ARE,BA:716,2022,SEX_M,34,44.972,0.008259774044525126
ARE,BA:716,2022,SEX_M,35,15.953,0.002930004788141717
ARE,BA:716,2022,SEX_M,41,82.671,0.015183753892087003
ARE,BA:716,2022,SEX_M,42,68.286,0.012541735533319458
ARE,BA:716,2022,SEX_M,43,46.329,0.00850900719800775
ARE,BA:716,2022,SEX_M,44,22.742,0.004176905214813448
ARE,BA:716,2022,SEX_M,51,222.697,0.04090160322853357
ARE,BA:716,2022,SEX_M,52,322.013,0.059142457960501396
ARE,BA:716,2022,SEX_M,53,4.538,8.334709288903099e-4
ARE,BA:716,2022,SEX_M,54,196.227,0.03603999558469785
ARE,BA:716,2022,SEX_M,61,88.027,0.016167462639362563
ARE,BA:716,2022,SEX_M,62,5.951,0.0010929893119934408
ARE,BA:716,2022,SEX_M,63,3.626,6.659686179277795e-4
ARE,BA:716,2022,SEX_M,71,592.167,0.10876024229797007
ARE,BA:716,2022,SEX_M,72,255.537,0.04693315574170188
ARE,BA:716,2022,SEX_M,73,26.311,0.004832404938306069
ARE,BA:716,2022,SEX_M,74,149.177,0.02739856605532608
ARE,BA:716,2022,SEX_M,75,88.383,0.016232847313378637
ARE,BA:716,2022,SEX_M,81,58.578,0.01075871751267884
ARE,BA:716,2022,SEX_M,82,24.647,0.0045267866867253126
ARE,BA:716,2022,SEX_M,83,498.385,0.09153578865028583
ARE,BA:716,2022,SEX_M,91,207.54,0.038117795632854765
ARE,BA:716,2022,SEX_M,92,41.021,0.007534114361835479
ARE,BA:716,2022,SEX_M,93,288.732,0.05302990926407161
ARE,BA:716,2022,SEX_M,94,58.803,0.010800042095975515
ARE,BA:716,2022,SEX_M,95,1.291,2.3711127571559939e-4
ARE,BA:716,2022,SEX_M,96,92.412,0.016972832851611133
ARG,BA:150,2024,SEX_F,11,3.106,5.738973170947122e-4
ARG,BA:150,2024,SEX_F,13,116.81,0.021583047524093155
ARG,BA:150,2024,SEX_F,14,69.415,0.012825847477826611
ARG,BA:150,2024,SEX_F,21,24.548,0.004535747372839985
ARG,BA:150,2024,SEX_F,22,192.122,0.03549848691399559
ARG,BA:150,2024,SEX_F,23,513.569,0.09489242474018489
ARG,BA:150,2024,SEX_F,24,72.663,0.013425982212509038
ARG,BA:150,2024,SEX_F,25,11.025,0.0020370952739759184
ARG,BA:150,2024,SEX_F,26,23.683,0.004375920850210583
ARG,BA:150,2024,SEX_F,31,65.841,0.012165477545020266
ARG,BA:150,2024,SEX_F,32,227.083,0.04195824998641936
ARG,BA:150,2024,SEX_F,33,176.512,0.03261421868481064
ARG,BA:150,2024,SEX_F,34,47.254,0.008731147399225219
ARG,BA:150,2024,SEX_F,35,56.491,0.010437872936251574
ARG,BA:150,2024,SEX_F,41,526.705,0.09731957063759511
ARG,BA:150,2024,SEX_F,42,12.838,0.0023720842745852916
ARG,BA:150,2024,SEX_F,43,205.277,0.03792914345178726
ARG,BA:150,2024,SEX_F,44,38.762,0.007162075919261183
ARG,BA:150,2024,SEX_F,51,450.725,0.08328070452270257
ARG,BA:150,2024,SEX_F,52,944.316,0.17448178328706063
ARG,BA:150,2024,SEX_F,53,260.275,0.04809115396227502
ARG,BA:150,2024,SEX_F,54,86.878,0.01605249552947663
ARG,BA:150,2024,SEX_F,61,6.302,0.001164423983364738
ARG,BA:150,2024,SEX_F,71,14.746,0.0027246264771019404
ARG,BA:150,2024,SEX_F,72,10.067,0.0018600850905320244
ARG,BA:150,2024,SEX_F,73,3.376,6.237853646206531e-4
ARG,BA:150,2024,SEX_F,75,106.932,0.01975788406682929
ARG,BA:150,2024,SEX_F,81,89.023,0.016448828351488268
ARG,BA:150,2024,SEX_F,82,1.533,2.8325324761950863e-4
ARG,BA:150,2024,SEX_F,83,34.377,0.006351857073330626
ARG,BA:150,2024,SEX_F,91,827.013,0.15280764388359602
ARG,BA:150,2024,SEX_F,92,25.9,0.0047855571515624746
ARG,BA:150,2024,SEX_F,93,34.456,0.006366453946495623
ARG,BA:150,2024,SEX_F,94,108.638,0.02007310261897468
ARG,BA:150,2024,SEX_F,95,16.95,0.0031318607613507314
ARG,BA:150,2024,SEX_F,96,6.907,0.001276210163932124
ARG,BA:150,2024,SEX_M,11,3.818,5.654748989424671e-4
ARG,BA:150,2024,SEX_M,13,205.793,0.030479511754339213
ARG,BA:150,2024,SEX_M,14,199.488,0.029545693200690115
ARG,BA:150,2024,SEX_M,21,62.813,0.009303084030192033
ARG,BA:150,2024,SEX_M,22,93.643,0.013869242001484924
ARG,BA:150,2024,SEX_M,23,147.682,0.02187282976050849
ARG,BA:150,2024,SEX_M,24,77.635,0.011498335196280364
ARG,BA:150,2024,SEX_M,25,63.922,0.009467335382451644
ARG,BA:150,2024,SEX_M,26,32.83,0.004862373214321946
ARG,BA:150,2024,SEX_M,31,216.408,0.03205167415671592
ARG,BA:150,2024,SEX_M,32,69.612,0.010310067748869306
ARG,BA:150,2024,SEX_M,33,214.009,0.03169636397270257
ARG,BA:150,2024,SEX_M,34,68.216,0.010103309509235025
ARG,BA:150,2024,SEX_M,35,139.733,0.02069552227708951
ARG,BA:150,2024,SEX_M,41,373.458,0.055311976115572516
ARG,BA:150,2024,SEX_M,42,24.481,0.0036258226822971544
ARG,BA:150,2024,SEX_M,43,204.97,0.030357619181832756
ARG,BA:150,2024,SEX_M,44,42.681,0.006321381393861559
ARG,BA:150,2024,SEX_M,51,263.02,0.03895526661075109
ARG,BA:150,2024,SEX_M,52,849.608,0.1258334200997149
ARG,BA:150,2024,SEX_M,53,31.953,0.004732482830253706
ARG,BA:150,2024,SEX_M,54,286.381,0.04241520875695197
ARG,BA:150,2024,SEX_M,61,18.503,0.002740435320883307
ARG,BA:150,2024,SEX_M,62,3.827,5.668078675360978e-4
ARG,BA:150,2024,SEX_M,71,767.651,0.11369496376324875
ARG,BA:150,2024,SEX_M,72,361.111,0.053483291312732634
ARG,BA:150,2024,SEX_M,73,22.28,0.003299837807343679
ARG,BA:150,2024,SEX_M,74,26.356,0.0039035244726368943
ARG,BA:150,2024,SEX_M,75,204.203,0.030244020636131113
ARG,BA:150,2024,SEX_M,81,194.858,0.028859954913077853
ARG,BA:150,2024,SEX_M,82,7.662,0.0011348005960443118
ARG,BA:150,2024,SEX_M,83,639.434,0.09470504885552054
ARG,BA:150,2024,SEX_M,91,192.258,0.02847487509714008
ARG,BA:150,2024,SEX_M,92,132.267,0.019589750774862042
ARG,BA:150,2024,SEX_M,93,361.02,0.05346981351917481
ARG,BA:150,2024,SEX_M,94,81.527,0.012074770059214906
ARG,BA:150,2024,SEX_M,95,43.77,0.006482670593690881
ARG,BA:150,2024,SEX_M,96,22.966,0.003401439635702645
AUS,BA:518,2024,SEX_F,01,0.345,5.0106487177967785e-5
AUS,BA:518,2024,SEX_F,02,0.019,2.7594876996561972e-6
AUS,BA:518,2024,SEX_F,03,0.681,9.890584860346686e-5
AUS,BA:518,2024,SEX_F,11,44.557,0.00647128912808322
AUS,BA:518,2024,SEX_F,12,223.423,0.03244910633264666
AUS,BA:518,2024,SEX_F,13,199.219,0.028933809475674102
AUS,BA:518,2024,SEX_F,14,222.095,0.03225623266606016
AUS,BA:518,2024,SEX_F,21,126.225,0.018332438678373867
AUS,BA:518,2024,SEX_F,22,580.412,0.08429683024909751
AUS,BA:518,2024,SEX_F,23,493.865,0.0717270733047741
AUS,BA:518,2024,SEX_F,24,395.97,0.05750917602278234
AUS,BA:518,2024,SEX_F,25,85.735,0.012451825154211792
AUS,BA:518,2024,SEX_F,26,274.948,0.039932401265530104
AUS,BA:518,2024,SEX_F,31,37.769,0.005485425838332363
AUS,BA:518,2024,SEX_F,32,188.634,0.027396484354576162
AUS,BA:518,2024,SEX_F,33,566.327,0.08225117844648396
AUS,BA:518,2024,SEX_F,34,232.478,0.03376422007582492
AUS,BA:518,2024,SEX_F,35,18.401,0.0026724912190196673
AUS,BA:518,2024,SEX_F,41,288.524,0.04190412784503182
AUS,BA:518,2024,SEX_F,42,238.831,0.034686905620873114
AUS,BA:518,2024,SEX_F,43,352.707,0.051225822530665176
AUS,BA:518,2024,SEX_F,44,50.323,0.007308721026831516
AUS,BA:518,2024,SEX_F,51,384.161,0.05579408179934865
AUS,BA:518,2024,SEX_F,52,556.499,0.08082379712478811
AUS,BA:518,2024,SEX_F,53,621.951,0.09032979654151956
AUS,BA:518,2024,SEX_F,54,47.423,0.00688753606214715
AUS,BA:518,2024,SEX_F,61,59.619,0.00865883669293699
AUS,BA:518,2024,SEX_F,62,0.441,6.404916187096753e-5
AUS,BA:518,2024,SEX_F,71,15.248,0.0022145614970714577
AUS,BA:518,2024,SEX_F,72,12.965,0.0018829872645285577
AUS,BA:518,2024,SEX_F,73,10.28,0.0014930280817087214
AUS,BA:518,2024,SEX_F,74,10.941,0.0015890292064178134
AUS,BA:518,2024,SEX_F,75,44.096,0.006404335242317876
AUS,BA:518,2024,SEX_F,81,74.157,0.010770280491758138
AUS,BA:518,2024,SEX_F,82,6.337,9.203617659327011e-4
AUS,BA:518,2024,SEX_F,83,45.617,0.0066252394944850915
AUS,BA:518,2024,SEX_F,91,131.082,0.019037850876122822
AUS,BA:518,2024,SEX_F,92,30.564,0.00443899905538379
AUS,BA:518,2024,SEX_F,93,95.294,0.013840137939528298
AUS,BA:518,2024,SEX_F,94,101,0.01466885566659347
AUS,BA:518,2024,SEX_F,96,16.173,0.0023489049771862986
AUS,BA:518,2024,SEX_M,01,1.038,1.384189910855769e-4
AUS,BA:518,2024,SEX_M,02,0.293,3.907202734881891e-5
AUS,BA:518,2024,SEX_M,03,3.302,4.403270795419797e-4
AUS,BA:518,2024,SEX_M,11,84.925,0.011324887107844525
AUS,BA:518,2024,SEX_M,12,239.028,0.03187477321888562
AUS,BA:518,2024,SEX_M,13,394.967,0.05266949292109542
AUS,BA:518,2024,SEX_M,14,243.524,0.03247432214366477
AUS,BA:518,2024,SEX_M,21,340.207,0.04536715770737077
AUS,BA:518,2024,SEX_M,22,213.29,0.02844256898713169
AUS,BA:518,2024,SEX_M,23,200.143,0.026689395118343562
AUS,BA:518,2024,SEX_M,24,352.406,0.04699391423169924
AUS,BA:518,2024,SEX_M,25,311.682,0.04156330248510095
AUS,BA:518,2024,SEX_M,26,163.226,0.021766453024021557
AUS,BA:518,2024,SEX_M,31,176.556,0.023544030240949053
AUS,BA:518,2024,SEX_M,32,68.264,0.009103115614128921
AUS,BA:518,2024,SEX_M,33,362.779,0.04837717068115077
AUS,BA:518,2024,SEX_M,34,205.27,0.027373088921133305
AUS,BA:518,2024,SEX_M,35,68.399,0.009121118084067799
AUS,BA:518,2024,SEX_M,41,56.463,0.00752943303821284
AUS,BA:518,2024,SEX_M,42,82.882,0.01105244972943621
AUS,BA:518,2024,SEX_M,43,167.435,0.022327730031226945
AUS,BA:518,2024,SEX_M,44,31.066,0.004142701712008219
AUS,BA:518,2024,SEX_M,51,170.698,0.022762856397231027
AUS,BA:518,2024,SEX_M,52,330.268,0.044041775864981994
AUS,BA:518,2024,SEX_M,53,139.542,0.01860815303859689
AUS,BA:518,2024,SEX_M,54,140.15,0.01868923082913642
AUS,BA:518,2024,SEX_M,61,215.024,0.028673800712124362
AUS,BA:518,2024,SEX_M,62,5.79,7.721059329339983e-4
AUS,BA:518,2024,SEX_M,71,536.708,0.07157088619225221
AUS,BA:518,2024,SEX_M,72,360.81,0.048114601323301545
AUS,BA:518,2024,SEX_M,73,23.712,0.0031620338310416178
AUS,BA:518,2024,SEX_M,74,262.582,0.035015737492517296
AUS,BA:518,2024,SEX_M,75,118.079,0.01574602702157402
AUS,BA:518,2024,SEX_M,81,164.975,0.021999685023451877
AUS,BA:518,2024,SEX_M,82,15.901,0.002120424255541193
AUS,BA:518,2024,SEX_M,83,545.728,0.07277371788742747
AUS,BA:518,2024,SEX_M,91,106.466,0.014197414551943188
AUS,BA:518,2024,SEX_M,92,73.707,0.009828948531738551
AUS,BA:518,2024,SEX_M,93,324.913,0.04332767789073993
AUS,BA:518,2024,SEX_M,94,103.166,0.013757354175659563
AUS,BA:518,2024,SEX_M,96,93.607,0.012482645952357993
AUT,BA:103,2024,SEX_F,02,0.264,1.2394348740353892e-4
AUT,BA:103,2024,SEX_F,11,8.179,0.0038399006949755483
AUT,BA:103,2024,SEX_F,12,35.58,0.016704201825067856
AUT,BA:103,2024,SEX_F,13,24.538,0.011520171567833477
AUT,BA:103,2024,SEX_F,14,15.376,0.007218769175442478
AUT,BA:103,2024,SEX_F,21,47.654,0.02237273844215244
AUT,BA:103,2024,SEX_F,22,142.936,0.06710600877087969
AUT,BA:103,2024,SEX_F,23,173.474,0.08144307777970268
AUT,BA:103,2024,SEX_F,24,76.513,0.0359215456504052
AUT,BA:103,2024,SEX_F,25,22.089,0.01037040792900292
AUT,BA:103,2024,SEX_F,26,82.31,0.03864313806130791
AUT,BA:103,2024,SEX_F,31,27.108,0.012726742638390656
AUT,BA:103,2024,SEX_F,32,54.453,0.025564752725700395
AUT,BA:103,2024,SEX_F,33,218.801,0.10272332949765801
AUT,BA:103,2024,SEX_F,34,58.523,0.027475548156504954
AUT,BA:103,2024,SEX_F,35,5.593,0.0026258178979090647
AUT,BA:103,2024,SEX_F,41,162.222,0.07616045611203368
AUT,BA:103,2024,SEX_F,42,48.46,0.022751141665058695
AUT,BA:103,2024,SEX_F,43,67.335,0.03161263153150489
AUT,BA:103,2024,SEX_F,44,12.27,0.00576055526682357
AUT,BA:103,2024,SEX_F,51,145.806,0.06845342471348635
AUT,BA:103,2024,SEX_F,52,220.203,0.10338154453303591
AUT,BA:103,2024,SEX_F,53,141.411,0.06639004733796151
AUT,BA:103,2024,SEX_F,54,8.511,0.003995769020043635
AUT,BA:103,2024,SEX_F,61,45.625,0.02142015762419115
AUT,BA:103,2024,SEX_F,71,6.934,0.003255394475970223
AUT,BA:103,2024,SEX_F,72,9.146,0.004293890665881693
AUT,BA:103,2024,SEX_F,73,5.434,0.0025511701157228425
AUT,BA:103,2024,SEX_F,74,3.888,0.0018253495417612094
AUT,BA:103,2024,SEX_F,75,28.856,0.013547398759532269
AUT,BA:103,2024,SEX_F,81,17.22,0.008084495655639923
AUT,BA:103,2024,SEX_F,82,4.118,0.0019333306103324745
AUT,BA:103,2024,SEX_F,83,9.166,0.004303280324018325
AUT,BA:103,2024,SEX_F,91,131.171,0.06158254237200607
AUT,BA:103,2024,SEX_F,92,2.173,0.001020186356545038
AUT,BA:103,2024,SEX_F,93,39.841,0.01870466849107725
AUT,BA:103,2024,SEX_F,94,21.543,0.010114070261872873
AUT,BA:103,2024,SEX_F,95,0.138,6.478864114275898e-5
AUT,BA:103,2024,SEX_F,96,5.141,0.0024136116240211876
AUT,BA:103,2024,SEX_M,01,1.871,7.93279636795795e-4
AUT,BA:103,2024,SEX_M,02,6.759,0.0028657279877620408
AUT,BA:103,2024,SEX_M,03,2.473,0.0010485197978599683
AUT,BA:103,2024,SEX_M,11,25.466,0.010797252394784455
AUT,BA:103,2024,SEX_M,12,52.273,0.02216307132775339
AUT,BA:103,2024,SEX_M,13,50.577,0.02144398941219718
AUT,BA:103,2024,SEX_M,14,19.017,0.008062960370361107
AUT,BA:103,2024,SEX_M,21,104.661,0.04437490115803565
AUT,BA:103,2024,SEX_M,22,51.995,0.022045202947727077
AUT,BA:103,2024,SEX_M,23,71.546,0.030334572364613552
AUT,BA:103,2024,SEX_M,24,78.562,0.03330926500585315
AUT,BA:103,2024,SEX_M,25,107.343,0.04551203423440461
AUT,BA:103,2024,SEX_M,26,62.266,0.026399973204022965
AUT,BA:103,2024,SEX_M,31,197.974,0.08393839808391806
AUT,BA:103,2024,SEX_M,32,24.174,0.010249461218547059
AUT,BA:103,2024,SEX_M,33,147.171,0.0623985876145772
AUT,BA:103,2024,SEX_M,34,40.162,0.017028165030995572
AUT,BA:103,2024,SEX_M,35,32.55,0.013800776150562867
AUT,BA:103,2024,SEX_M,41,35.019,0.014847600000508788
AUT,BA:103,2024,SEX_M,42,19.685,0.008346183672007068
AUT,BA:103,2024,SEX_M,43,63.166,0.02678156148468369
AUT,BA:103,2024,SEX_M,44,19.38,0.008216867643560933
AUT,BA:103,2024,SEX_M,51,119.344,0.05060030196352611
AUT,BA:103,2024,SEX_M,52,95.498,0.04048990847393096
AUT,BA:103,2024,SEX_M,53,15.464,0.006556534635708271
AUT,BA:103,2024,SEX_M,54,36.117,0.015313137702914871
AUT,BA:103,2024,SEX_M,61,71.273,0.030218823919479793
AUT,BA:103,2024,SEX_M,62,6.495,0.002753795425434895
AUT,BA:103,2024,SEX_M,71,164.956,0.06993919602741162
AUT,BA:103,2024,SEX_M,72,164.506,0.06974840188708127
AUT,BA:103,2024,SEX_M,73,11.406,0.004835995476906915
AUT,BA:103,2024,SEX_M,74,70.239,0.029780421383698477
AUT,BA:103,2024,SEX_M,75,39.378,0.01669575923984223
AUT,BA:103,2024,SEX_M,81,44.594,0.018907275319760386
AUT,BA:103,2024,SEX_M,82,12.803,0.005428305285888062
AUT,BA:103,2024,SEX_M,83,149.162,0.06324274568879443
AUT,BA:103,2024,SEX_M,91,16.424,0.00696356213507971
AUT,BA:103,2024,SEX_M,92,4.059,0.0017209631457798674
AUT,BA:103,2024,SEX_M,93,96.138,0.04076126014017859
AUT,BA:103,2024,SEX_M,94,11.803,0.005004318307376146
AUT,BA:103,2024,SEX_M,95,0.582,2.4676042149393513e-4
AUT,BA:103,2024,SEX_M,96,14.232,0.00603418267818159
BDI,BB:7040,2020,SEX_F,11,1.293,4.7103756497258293e-4
BDI,BB:7040,2020,SEX_F,13,0.469,1.7085585303336533e-4
BDI,BB:7040,2020,SEX_F,14,1.713,6.240428064949997e-4
BDI,BB:7040,2020,SEX_F,21,0.496,1.8069190427409212e-4
BDI,BB:7040,2020,SEX_F,22,3.271,0.0011916193929043454
BDI,BB:7040,2020,SEX_F,23,33.853,0.01233258676490089
BDI,BB:7040,2020,SEX_F,24,2.151,7.836054155112342e-4
BDI,BB:7040,2020,SEX_F,25,1.228,4.4735818235601844e-4
BDI,BB:7040,2020,SEX_F,26,1.744,6.353360505121304e-4
BDI,BB:7040,2020,SEX_F,32,2.012,7.329679665311964e-4
BDI,BB:7040,2020,SEX_F,33,2.818,0.001026592310976596
BDI,BB:7040,2020,SEX_F,34,1.952,7.111100748851368e-4
BDI,BB:7040,2020,SEX_F,35,0.518,1.8870646454431398e-4
BDI,BB:7040,2020,SEX_F,41,6.19,0.002255005821485142
BDI,BB:7040,2020,SEX_F,42,1.309,4.768663360781988e-4
BDI,BB:7040,2020,SEX_F,43,1.578,5.748625502913657e-4
BDI,BB:7040,2020,SEX_F,51,11.277,0.004108190734876889
BDI,BB:7040,2020,SEX_F,52,78.656,0.028654238755207645
BDI,BB:7040,2020,SEX_F,53,0.676,2.4626557921227077e-4
BDI,BB:7040,2020,SEX_F,61,63.693,0.023203244876874498
BDI,BB:7040,2020,SEX_F,63,2388.471,0.870115671962591
BDI,BB:7040,2020,SEX_F,71,3.362,0.001224770528567536
BDI,BB:7040,2020,SEX_F,73,6.497,0.0023668453670741465
BDI,BB:7040,2020,SEX_F,75,9.93,0.0036174810674228525
BDI,BB:7040,2020,SEX_F,91,41.196,0.015007628404184474
BDI,BB:7040,2020,SEX_F,92,68.742,0.025042586458890407
BDI,BB:7040,2020,SEX_F,93,4.103,0.001494715490396371
BDI,BB:7040,2020,SEX_F,94,1.085,3.952635405995765e-4
BDI,BB:7040,2020,SEX_F,95,1.427,5.198535229821159e-4
BDI,BB:7040,2020,SEX_F,96,3.294,0.0011999982513686684
BDI,BB:7040,2020,SEX_M,03,1.449,6.581463437676858e-4
BDI,BB:7040,2020,SEX_M,11,2.112,9.592857681417202e-4
BDI,BB:7040,2020,SEX_M,12,1.08,4.905438587088343e-4
BDI,BB:7040,2020,SEX_M,13,2.631,0.0011950193446879098
BDI,BB:7040,2020,SEX_M,14,1.473,6.6904731840566e-4
BDI,BB:7040,2020,SEX_M,21,2.197,9.978933866512118e-4
BDI,BB:7040,2020,SEX_M,22,7.692,0.0034937623714706967
BDI,BB:7040,2020,SEX_M,23,37.033,0.016820658073670607
BDI,BB:7040,2020,SEX_M,24,2.05,9.311249169936203e-4
BDI,BB:7040,2020,SEX_M,25,0.983,4.4648575288035554e-4
BDI,BB:7040,2020,SEX_M,26,5.327,0.002419562162353666
BDI,BB:7040,2020,SEX_M,31,7.28,0.0033066289735188084
BDI,BB:7040,2020,SEX_M,32,4.971,0.002257864371890384
BDI,BB:7040,2020,SEX_M,33,3.934,0.0017868514260745867
BDI,BB:7040,2020,SEX_M,34,2.826,0.0012835897636214494
BDI,BB:7040,2020,SEX_M,35,0.53,2.4072985658859456e-4
BDI,BB:7040,2020,SEX_M,41,2.27,0.0010310505178417163
BDI,BB:7040,2020,SEX_M,42,1.872,8.502760217619793e-4
BDI,BB:7040,2020,SEX_M,43,1.806,8.202983415075505e-4
BDI,BB:7040,2020,SEX_M,51,34.153,0.015512541117113716
BDI,BB:7040,2020,SEX_M,52,83.514,0.037932666496490346
BDI,BB:7040,2020,SEX_M,54,6.802,0.0030895178953124908
BDI,BB:7040,2020,SEX_M,61,45.66,0.02073910424874571
BDI,BB:7040,2020,SEX_M,62,9.222,0.004188699504641545
BDI,BB:7040,2020,SEX_M,63,1562.442,0.7096725256377299
BDI,BB:7040,2020,SEX_M,71,52.818,0.023990319934521484
BDI,BB:7040,2020,SEX_M,72,19.277,0.008755753670676108
BDI,BB:7040,2020,SEX_M,73,7.279,0.0033061747662422258
BDI,BB:7040,2020,SEX_M,74,3.11,0.0014125846301708096
BDI,BB:7040,2020,SEX_M,75,19.493,0.008853862442417874
BDI,BB:7040,2020,SEX_M,83,48.465,0.022013155659558935
BDI,BB:7040,2020,SEX_M,91,51.04,0.023182739396758238
BDI,BB:7040,2020,SEX_M,92,80.682,0.03664635148920941
BDI,BB:7040,2020,SEX_M,93,58.153,0.02641351575508781
BDI,BB:7040,2020,SEX_M,94,2.207,0.0010024354594170342
BDI,BB:7040,2020,SEX_M,95,5.878,0.0026698303717504882
BDI,BB:7040,2020,SEX_M,96,21.927,0.00995940295361908
BEL,BA:2257,2024,SEX_F,11,10.934,0.004592132225184993
BEL,BA:2257,2024,SEX_F,12,62.14,0.0260979601676418
BEL,BA:2257,2024,SEX_F,13,39.705,0.016675563380370417
BEL,BA:2257,2024,SEX_F,14,24.467,0.010275809324455936
BEL,BA:2257,2024,SEX_F,21,51.462,0.02161334448257455
BEL,BA:2257,2024,SEX_F,22,164.741,0.06918899349818922
BEL,BA:2257,2024,SEX_F,23,247.624,0.10399873332076172
BEL,BA:2257,2024,SEX_F,24,125.706,0.0527948210626582
BEL,BA:2257,2024,SEX_F,25,26.676,0.01120355946945627
BEL,BA:2257,2024,SEX_F,26,124.295,0.052202220132556126
BEL,BA:2257,2024,SEX_F,31,24.931,0.01047068305341934
BEL,BA:2257,2024,SEX_F,32,100.722,0.0423018787255426
BEL,BA:2257,2024,SEX_F,33,183.394,0.07702300139981494
BEL,BA:2257,2024,SEX_F,34,47.618,0.019998916434869122
BEL,BA:2257,2024,SEX_F,35,3.051,0.0012813787652313346
BEL,BA:2257,2024,SEX_F,41,105.47,0.04429597455553879
BEL,BA:2257,2024,SEX_F,42,60.015,0.0252054888873676
BEL,BA:2257,2024,SEX_F,43,125.814,0.052840179603020364
BEL,BA:2257,2024,SEX_F,44,32.57,0.013678959811073277
BEL,BA:2257,2024,SEX_F,51,114.385,0.04804015406784209
BEL,BA:2257,2024,SEX_F,52,165.831,0.06964677876665927
BEL,BA:2257,2024,SEX_F,53,162.254,0.06814448711040477
BEL,BA:2257,2024,SEX_F,54,10.992,0.004616491441305418
BEL,BA:2257,2024,SEX_F,61,11.076,0.004651770306031551
BEL,BA:2257,2024,SEX_F,71,5.332,0.0022393679371397824
BEL,BA:2257,2024,SEX_F,72,2.859,0.0012007413601430304
BEL,BA:2257,2024,SEX_F,73,2.222,9.332099693031877e-4
BEL,BA:2257,2024,SEX_F,75,15.756,0.006617307055058967
BEL,BA:2257,2024,SEX_F,81,19.57,0.008219135508219344
BEL,BA:2257,2024,SEX_F,82,3.602,0.0015127913183753743
BEL,BA:2257,2024,SEX_F,83,10.102,0.004242703469802341
BEL,BA:2257,2024,SEX_F,91,238.809,0.10029655245694191
BEL,BA:2257,2024,SEX_F,92,3.688,0.0015489101560711774
BEL,BA:2257,2024,SEX_F,93,28.068,0.011788180656346478
BEL,BA:2257,2024,SEX_F,94,20.097,0.008440468385727345
BEL,BA:2257,2024,SEX_F,96,5.051,0.0021213517349011704
BEL,BA:2257,2024,SEX_M,01,1.701,6.342932254425789e-4
BEL,BA:2257,2024,SEX_M,02,5.585,0.002082614734918755
BEL,BA:2257,2024,SEX_M,03,12.158,0.004533649050517856
BEL,BA:2257,2024,SEX_M,11,34.536,0.012878277974065199
BEL,BA:2257,2024,SEX_M,12,97.421,0.036327736811194285
BEL,BA:2257,2024,SEX_M,13,96.05,0.035816498708853436
BEL,BA:2257,2024,SEX_M,14,30.167,0.011249102723060716
BEL,BA:2257,2024,SEX_M,21,121.625,0.04535327074923789
BEL,BA:2257,2024,SEX_M,22,70.397,0.02625064091209949
BEL,BA:2257,2024,SEX_M,23,107.29,0.04000783078056102
BEL,BA:2257,2024,SEX_M,24,135.042,0.050356393739104485
BEL,BA:2257,2024,SEX_M,25,135.107,0.050380631869412405
BEL,BA:2257,2024,SEX_M,26,64.662,0.024112092030316307
BEL,BA:2257,2024,SEX_M,31,130.921,0.048819696277582515
BEL,BA:2257,2024,SEX_M,32,34.456,0.01284844642907084
BEL,BA:2257,2024,SEX_M,33,144.435,0.053858990015754775
BEL,BA:2257,2024,SEX_M,34,43.378,0.016175409484566833
BEL,BA:2257,2024,SEX_M,35,18.861,0.007033159626732792
BEL,BA:2257,2024,SEX_M,41,29.623,0.011046248217099068
BEL,BA:2257,2024,SEX_M,42,20.965,0.00781772926008446
BEL,BA:2257,2024,SEX_M,43,113.847,0.04245289878716124
BEL,BA:2257,2024,SEX_M,44,24.65,0.009191844801387164
BEL,BA:2257,2024,SEX_M,51,91.664,0.03418098425453765
BEL,BA:2257,2024,SEX_M,52,108.096,0.04030838359637919
BEL,BA:2257,2024,SEX_M,53,10.05,0.0037475878399164716
BEL,BA:2257,2024,SEX_M,54,47.381,0.01766810541722212
BEL,BA:2257,2024,SEX_M,61,44.016,0.016413316055896854
BEL,BA:2257,2024,SEX_M,62,1.178,4.3926950004195055e-4
BEL,BA:2257,2024,SEX_M,71,221.175,0.08247489955159458
BEL,BA:2257,2024,SEX_M,72,123.85,0.04618296059439352
BEL,BA:2257,2024,SEX_M,73,10.284,0.0038348451090249743
BEL,BA:2257,2024,SEX_M,74,62.083,0.023150397598560624
BEL,BA:2257,2024,SEX_M,75,43.714,0.016300701973543146
BEL,BA:2257,2024,SEX_M,81,69.881,0.02605822744688586
BEL,BA:2257,2024,SEX_M,82,21.157,0.007889324968070923
BEL,BA:2257,2024,SEX_M,83,173.194,0.06458305754691475
BEL,BA:2257,2024,SEX_M,91,39.026,0.014552573436873653
BEL,BA:2257,2024,SEX_M,92,17.354,0.006471207897901536
BEL,BA:2257,2024,SEX_M,93,74.688,0.02785073040673447
BEL,BA:2257,2024,SEX_M,94,12.509,0.004664534954180611
BEL,BA:2257,2024,SEX_M,96,37.548,0.014001435643102852
BEN,BB:426,2022,SEX_F,14,18.041,0.006383727069040921
BEN,BB:426,2022,SEX_F,22,5.293,0.0018729043498937749
BEN,BB:426,2022,SEX_F,23,21.609,0.007646247892849912
BEN,BB:426,2022,SEX_F,24,1.697,6.004758514584803e-4
BEN,BB:426,2022,SEX_F,31,1.844,6.524911432465749e-4
BEN,BB:426,2022,SEX_F,32,7.271,0.0025728107931376606
BEN,BB:426,2022,SEX_F,33,4.982,0.0017628583924373298
BEN,BB:426,2022,SEX_F,34,4.889,0.0017299507588571068
BEN,BB:426,2022,SEX_F,41,13.307,0.004708622366150853
BEN,BB:426,2022,SEX_F,42,5.562,0.0019680887954107644
BEN,BB:426,2022,SEX_F,44,2.498,8.839061148752409e-4
BEN,BB:426,2022,SEX_F,51,231.926,0.08206597662071861
BEN,BB:426,2022,SEX_F,52,1005.36,0.35574213436788316
BEN,BB:426,2022,SEX_F,53,7.662,0.0027111643923835448
BEN,BB:426,2022,SEX_F,61,750.636,0.26560918752821905
BEN,BB:426,2022,SEX_F,62,3.58,0.0012667669700774068
BEN,BB:426,2022,SEX_F,63,287.528,0.10174049535542365
BEN,BB:426,2022,SEX_F,71,2.233,7.901370514477234e-4
BEN,BB:426,2022,SEX_F,73,172.51,0.06104189106370208
BEN,BB:426,2022,SEX_F,75,135.086,0.047799576234602396
BEN,BB:426,2022,SEX_F,91,24.704,0.008741399784578843
BEN,BB:426,2022,SEX_F,92,10.881,0.003850193128886107
BEN,BB:426,2022,SEX_F,93,4.416,0.0015625818267770472
BEN,BB:426,2022,SEX_F,94,45.517,0.016105986641623837
BEN,BB:426,2022,SEX_F,95,42.726,0.015118403788694772
BEN,BB:426,2022,SEX_F,96,14.334,0.005072021717622779
BEN,BB:426,2022,SEX_M,02,3.422,0.0013132611359516942
BEN,BB:426,2022,SEX_M,03,3.626,0.0013915502276332095
BEN,BB:426,2022,SEX_M,11,1.916,7.353034297146248e-4
BEN,BB:426,2022,SEX_M,12,3.442,0.001320936537096941
BEN,BB:426,2022,SEX_M,13,3.236,0.0012418799053009009
BEN,BB:426,2022,SEX_M,14,4.99,0.001915012585739028
BEN,BB:426,2022,SEX_M,21,8.847,0.0033952136965998358
BEN,BB:426,2022,SEX_M,22,12.052,0.004625196730125604
BEN,BB:426,2022,SEX_M,23,64.523,0.024761995404737336
BEN,BB:426,2022,SEX_M,24,8.855,0.003398283857057935
BEN,BB:426,2022,SEX_M,25,5.556,0.0021322264381495068
BEN,BB:426,2022,SEX_M,26,10.785,0.004138960067574232
BEN,BB:426,2022,SEX_M,31,7.029,0.0026975197324969192
BEN,BB:426,2022,SEX_M,32,22.625,0.008682797545560223
BEN,BB:426,2022,SEX_M,33,14.054,0.00539350438476479
BEN,BB:426,2022,SEX_M,34,7.154,0.0027454909896547108
BEN,BB:426,2022,SEX_M,35,6.111,0.0023452188199301
BEN,BB:426,2022,SEX_M,41,7.244,0.0027800302948083203
BEN,BB:426,2022,SEX_M,42,3.885,0.001490946672464153
BEN,BB:426,2022,SEX_M,43,9.236,0.0035445002488748824
BEN,BB:426,2022,SEX_M,44,10.496,0.004028050521025419
BEN,BB:426,2022,SEX_M,51,149.994,0.057563205969005965
BEN,BB:426,2022,SEX_M,52,160.851,0.061729797480703084
BEN,BB:426,2022,SEX_M,53,3.824,0.001467536698971151
BEN,BB:426,2022,SEX_M,54,21.762,0.008351603986142831
BEN,BB:426,2022,SEX_M,61,890.312,0.34167508722133977
BEN,BB:426,2022,SEX_M,62,7.758,0.002977288104241158
BEN,BB:426,2022,SEX_M,63,382.335,0.14672872484339303
BEN,BB:426,2022,SEX_M,71,148.946,0.057161014948995045
BEN,BB:426,2022,SEX_M,72,88.934,0.034130206272568075
BEN,BB:426,2022,SEX_M,73,117.753,0.045190075552811175
BEN,BB:426,2022,SEX_M,74,41.995,0.016116423554731557
BEN,BB:426,2022,SEX_M,75,96.697,0.03710941322709555
BEN,BB:426,2022,SEX_M,81,3.506,0.0013454978207617298
BEN,BB:426,2022,SEX_M,82,3.126,0.0011996651990020444
BEN,BB:426,2022,SEX_M,83,189.592,0.07275973269647973
BEN,BB:426,2022,SEX_M,91,11.723,0.004498936381286298
BEN,BB:426,2022,SEX_M,92,20.202,0.007752922696813597
BEN,BB:426,2022,SEX_M,93,19.042,0.007307749430389293
BEN,BB:426,2022,SEX_M,94,4.557,0.0017488401509444392
BEN,BB:426,2022,SEX_M,95,7.698,0.0029542619008054187
BEN,BB:426,2022,SEX_M,96,16.036,0.006154136638258729
BFA,BA:904,2024,SEX_F,11,52.661,0.01358264116741435
BFA,BA:904,2024,SEX_F,12,2.441,6.295973697738065e-4
BFA,BA:904,2024,SEX_F,14,67.155,0.017321020633822196
BFA,BA:904,2024,SEX_F,21,90.797,0.023418907162372927
BFA,BA:904,2024,SEX_F,22,11.345,0.0029261704875394655
BFA,BA:904,2024,SEX_F,23,45.161,0.011648196155819286
BFA,BA:904,2024,SEX_F,24,3.985,0.0010278351161608435
BFA,BA:904,2024,SEX_F,26,4.274,0.00110237573060764
BFA,BA:904,2024,SEX_F,31,74.52,0.019220645635208547
BFA,BA:904,2024,SEX_F,32,22.394,0.005775994878621312
BFA,BA:904,2024,SEX_F,33,33.272,0.008581713923438792
BFA,BA:904,2024,SEX_F,41,11.47,0.0029584112377327165
BFA,BA:904,2024,SEX_F,43,6.803,0.0017546705885174952
BFA,BA:904,2024,SEX_F,51,73.778,0.01902926454206141
BFA,BA:904,2024,SEX_F,52,729.296,0.18810440122349775
BFA,BA:904,2024,SEX_F,53,5.958,0.0015367231172111182
BFA,BA:904,2024,SEX_F,61,62.098,0.01601668884400403
BFA,BA:904,2024,SEX_F,63,2089.954,0.5390534786350866
BFA,BA:904,2024,SEX_F,73,33.368,0.00860647481958721
BFA,BA:904,2024,SEX_F,75,259.009,0.06680515573443009
BFA,BA:904,2024,SEX_F,81,9.652,0.002489501766922073
BFA,BA:904,2024,SEX_F,91,64.358,0.016599601607498012
BFA,BA:904,2024,SEX_F,92,4.963,0.0012800867456728398
BFA,BA:904,2024,SEX_F,93,25.294,0.006523980283104737
BFA,BA:904,2024,SEX_F,94,84.021,0.021671200575897172
BFA,BA:904,2024,SEX_F,96,9.054,0.0023352620179975603
BFA,BA:904,2024,SEX_M,03,15.122,0.0038004199009106228
BFA,BA:904,2024,SEX_M,11,55.178,0.013867184849388066
BFA,BA:904,2024,SEX_M,12,6.108,0.001535045943311869
BFA,BA:904,2024,SEX_M,13,11.131,0.0027974126383438795
BFA,BA:904,2024,SEX_M,14,29.82,0.0074942812753045086
BFA,BA:904,2024,SEX_M,21,143.696,0.03611328779799318
BFA,BA:904,2024,SEX_M,22,20.212,0.005079624853670514
BFA,BA:904,2024,SEX_M,23,75.347,0.018936003060039192
BFA,BA:904,2024,SEX_M,24,9.711,0.002440542101424617
BFA,BA:904,2024,SEX_M,26,5.063,0.0012724193862128344
BFA,BA:904,2024,SEX_M,31,113.442,0.028509934823376725
BFA,BA:904,2024,SEX_M,32,25.798,0.006483483177072626
BFA,BA:904,2024,SEX_M,33,37.872,0.009517888010004439
BFA,BA:904,2024,SEX_M,34,4.406,0.0011073039335677956
BFA,BA:904,2024,SEX_M,35,8.153,0.002048989779931511
BFA,BA:904,2024,SEX_M,41,3.442,8.650340761099302e-4
BFA,BA:904,2024,SEX_M,43,17.649,0.0044354986662591975
BFA,BA:904,2024,SEX_M,44,2.402,6.036641054084986e-4
BFA,BA:904,2024,SEX_M,51,38.631,0.00970863782516058
BFA,BA:904,2024,SEX_M,52,372.791,0.0936888199497667
BFA,BA:904,2024,SEX_M,54,33,0.00829347022418004
BFA,BA:904,2024,SEX_M,61,111.93,0.02812994309674157
BFA,BA:904,2024,SEX_M,62,9.438,0.0023719324841154914
BFA,BA:904,2024,SEX_M,63,2004.698,0.5038152476204023
BFA,BA:904,2024,SEX_M,71,49.58,0.012460310718631707
BFA,BA:904,2024,SEX_M,72,137.916,0.03466067392236407
BFA,BA:904,2024,SEX_M,73,15.765,0.003962016911642373
BFA,BA:904,2024,SEX_M,74,50.416,0.012670411964310934
BFA,BA:904,2024,SEX_M,75,144.273,0.03625829786827657
BFA,BA:904,2024,SEX_M,81,29.208,0.007340475100237896
BFA,BA:904,2024,SEX_M,82,4.971,0.0012492981964969388
BFA,BA:904,2024,SEX_M,83,74.141,0.018632914420937344
BFA,BA:904,2024,SEX_M,91,18.093,0.004547083538366347
BFA,BA:904,2024,SEX_M,92,7.083,0.0017800802908444612
BFA,BA:904,2024,SEX_M,93,256.051,0.06435004073853101
BFA,BA:904,2024,SEX_M,94,9.536,0.002396561577508511
BFA,BA:904,2024,SEX_M,96,26.961,0.006775765173155092
BGD,BA:673,2024,SEX_F,02,1.919,8.500659897501266e-5
BGD,BA:673,2024,SEX_F,11,7.876,3.488858642663886e-4
BGD,BA:673,2024,SEX_F,12,8.006,3.546445187045083e-4
BGD,BA:673,2024,SEX_F,13,34.255,0.0015174054444445331
BGD,BA:673,2024,SEX_F,14,5.774,2.5577285173617674e-4
BGD,BA:673,2024,SEX_F,21,8.091,3.584097927602019e-4
BGD,BA:673,2024,SEX_F,22,113.141,0.005011845552179212
BGD,BA:673,2024,SEX_F,23,708.694,0.03139326037206755
BGD,BA:673,2024,SEX_F,24,33.958,0.001504249133920521
BGD,BA:673,2024,SEX_F,26,23.481,0.0010401458835499074
BGD,BA:673,2024,SEX_F,31,12.477,5.526979340339933e-4
BGD,BA:673,2024,SEX_F,32,51.759,0.002292786115866431
BGD,BA:673,2024,SEX_F,33,42.335,0.0018753279664445865
BGD,BA:673,2024,SEX_F,34,10.117,4.4815620731120543e-4
BGD,BA:673,2024,SEX_F,35,9.567,4.23792669303776e-4
BGD,BA:673,2024,SEX_F,41,17.498,7.751148873709076e-4
BGD,BA:673,2024,SEX_F,42,43.395,0.0019222831487861775
BGD,BA:673,2024,SEX_F,43,10.858,4.809805376084875e-4
BGD,BA:673,2024,SEX_F,44,15.766,6.983918913184209e-4
BGD,BA:673,2024,SEX_F,51,88.83,0.003934932874909002
BGD,BA:673,2024,SEX_F,52,385.062,0.017057223040394125
BGD,BA:673,2024,SEX_F,53,60.072,0.0026610299185132677
BGD,BA:673,2024,SEX_F,54,10.87,4.8151210571046774e-4
BGD,BA:673,2024,SEX_F,61,16979.36,0.75214051400332
BGD,BA:673,2024,SEX_F,62,52.738,0.0023361532135196547
BGD,BA:673,2024,SEX_F,63,23.747,0.001051928976477137
BGD,BA:673,2024,SEX_F,71,45.664,0.0020227938174022814
BGD,BA:673,2024,SEX_F,72,17.637,7.812722178855124e-4
BGD,BA:673,2024,SEX_F,73,150.828,0.006681279473790104
BGD,BA:673,2024,SEX_F,74,7.675,3.3998209855821894e-4
BGD,BA:673,2024,SEX_F,75,2087.126,0.09245413386780735
BGD,BA:673,2024,SEX_F,81,129.952,0.0057565281657117485
BGD,BA:673,2024,SEX_F,83,48.219,0.002135973525782249
BGD,BA:673,2024,SEX_F,91,805.644,0.035687887662649874
BGD,BA:673,2024,SEX_F,92,218.849,0.009694428962523474
BGD,BA:673,2024,SEX_F,93,244.729,0.010840844169127607
BGD,BA:673,2024,SEX_F,94,2.257,9.997910051412381e-5
BGD,BA:673,2024,SEX_F,95,3.856,1.7081055010299573e-4
BGD,BA:673,2024,SEX_F,96,52.636,0.0023316348846528227
BGD,BA:673,2024,SEX_M,01,3.995,8.80629376446949e-5
BGD,BA:673,2024,SEX_M,02,109.666,0.002417399279034571
BGD,BA:673,2024,SEX_M,11,110.79,0.0024421759353331035
BGD,BA:673,2024,SEX_M,12,171.178,0.0037733260425891323
BGD,BA:673,2024,SEX_M,13,361.741,0.007973961233173862
BGD,BA:673,2024,SEX_M,14,208.588,0.004597965466190643
BGD,BA:673,2024,SEX_M,21,170.36,0.003755294632578279
BGD,BA:673,2024,SEX_M,22,157.094,0.0034628683670477347
BGD,BA:673,2024,SEX_M,23,1130.019,0.024909334852145304
BGD,BA:673,2024,SEX_M,24,403.8,0.008901079905113343
BGD,BA:673,2024,SEX_M,25,18.381,4.0517768631968386e-4
BGD,BA:673,2024,SEX_M,26,318.77,0.0070267390821024765
BGD,BA:673,2024,SEX_M,31,285.209,0.006286944276021474
BGD,BA:673,2024,SEX_M,32,116.839,0.002575515787601629
BGD,BA:673,2024,SEX_M,33,1047.04,0.023080204813892703
BGD,BA:673,2024,SEX_M,34,104.289,0.0022988725166527128
BGD,BA:673,2024,SEX_M,35,123.536,0.002723139690832298
BGD,BA:673,2024,SEX_M,41,182.705,0.004027419029380221
BGD,BA:673,2024,SEX_M,42,137.094,0.0030220025966112146
BGD,BA:673,2024,SEX_M,43,100.146,0.0022075471723067876
BGD,BA:673,2024,SEX_M,44,176.326,0.0038868048918994924
BGD,BA:673,2024,SEX_M,51,822.136,0.018122581052179947
BGD,BA:673,2024,SEX_M,52,8133.896,0.1792978163345265
BGD,BA:673,2024,SEX_M,53,69.023,0.0015214939036419966
BGD,BA:673,2024,SEX_M,54,551.372,0.012154052078856248
BGD,BA:673,2024,SEX_M,61,9761.734,0.21518071903531868
BGD,BA:673,2024,SEX_M,62,1099.271,0.024231547816676198
BGD,BA:673,2024,SEX_M,63,88.409,0.0019488250949261157
BGD,BA:673,2024,SEX_M,71,3279.751,0.07229649757274738
BGD,BA:673,2024,SEX_M,72,698.687,0.015401359127449048
BGD,BA:673,2024,SEX_M,73,379.607,0.008367786625904806
BGD,BA:673,2024,SEX_M,74,479.607,0.010572115478087406
BGD,BA:673,2024,SEX_M,75,3018.151,0.06652997329543768
BGD,BA:673,2024,SEX_M,81,451.308,0.009948312456208253
BGD,BA:673,2024,SEX_M,82,37.935,8.362121500754697e-4
BGD,BA:673,2024,SEX_M,83,5349.619,0.11792319509884232
BGD,BA:673,2024,SEX_M,91,94.066,0.002073523978094085
BGD,BA:673,2024,SEX_M,92,2675.415,0.05897494476062113
BGD,BA:673,2024,SEX_M,93,2534.229,0.0558627410273786
BGD,BA:673,2024,SEX_M,94,16.309,3.595039925024604e-4
BGD,BA:673,2024,SEX_M,95,86.836,0.0019141510020812833
BGD,BA:673,2024,SEX_M,96,300.355,0.006620811923973051
BGR,BA:2258,2024,SEX_F,02,1.897,0.0013774314715135987
BGR,BA:2258,2024,SEX_F,03,2.391,0.001736130020236697
BGR,BA:2258,2024,SEX_F,11,2.455,0.0017826010872777464
BGR,BA:2258,2024,SEX_F,12,17.206,0.012493455929817068
BGR,BA:2258,2024,SEX_F,13,18.51,0.013440303920778447
BGR,BA:2258,2024,SEX_F,14,26.743,0.019418371029355914
BGR,BA:2258,2024,SEX_F,21,23.529,0.017084652131388225
BGR,BA:2258,2024,SEX_F,22,75.674,0.05494768011350558
BGR,BA:2258,2024,SEX_F,23,97.055,0.07047264705732859
BGR,BA:2258,2024,SEX_F,24,88.325,0.06413370306876047
BGR,BA:2258,2024,SEX_F,25,20.572,0.01493754361200725
BGR,BA:2258,2024,SEX_F,26,45.157,0.03278896834957278
BGR,BA:2258,2024,SEX_F,31,14.214,0.010320933545648019
BGR,BA:2258,2024,SEX_F,32,12.887,0.009357385014968765
BGR,BA:2258,2024,SEX_F,33,98.213,0.07131348292660256
BGR,BA:2258,2024,SEX_F,34,10.724,0.007786808171065806
BGR,BA:2258,2024,SEX_F,35,6.358,0.004616610066359231
BGR,BA:2258,2024,SEX_F,41,33.165,0.024081452162756194
BGR,BA:2258,2024,SEX_F,42,40.46,0.029378427695013285
BGR,BA:2258,2024,SEX_F,43,36.211,0.02629318450974113
BGR,BA:2258,2024,SEX_F,44,20.265,0.014714627712294717
BGR,BA:2258,2024,SEX_F,51,101.787,0.07390860157667616
BGR,BA:2258,2024,SEX_F,52,201.382,0.1462255691071964
BGR,BA:2258,2024,SEX_F,53,59.328,0.0430786791470526
BGR,BA:2258,2024,SEX_F,54,4.828,0.0035056611199091488
BGR,BA:2258,2024,SEX_F,61,18.284,0.01327620296528974
BGR,BA:2258,2024,SEX_F,62,1.153,8.372053171614019e-4
BGR,BA:2258,2024,SEX_F,71,1.743,0.0012656104664460742
BGR,BA:2258,2024,SEX_F,72,12.859,0.009337053923138305
BGR,BA:2258,2024,SEX_F,73,6.492,0.0047139088629764275
BGR,BA:2258,2024,SEX_F,74,1.977,0.0014355203053149103
BGR,BA:2258,2024,SEX_F,75,54.743,0.03974946285981494
BGR,BA:2258,2024,SEX_F,81,73.393,0.05329142223974568
BGR,BA:2258,2024,SEX_F,82,12.544,0.009108329140045642
BGR,BA:2258,2024,SEX_F,83,4.345,0.0031549497858337303
BGR,BA:2258,2024,SEX_F,91,51.719,0.037553704942125364
BGR,BA:2258,2024,SEX_F,92,13.351,0.009694300251016372
BGR,BA:2258,2024,SEX_F,93,24.712,0.017943640761225118
BGR,BA:2258,2024,SEX_F,94,14.432,0.010479225617756592
BGR,BA:2258,2024,SEX_F,96,26.118,0.018964552015283166
BGR,BA:2258,2024,SEX_M,01,4.734,0.003046063506627794
BGR,BA:2258,2024,SEX_M,02,7.506,0.00482969004663038
BGR,BA:2258,2024,SEX_M,03,5.606,0.0036071466029056636
BGR,BA:2258,2024,SEX_M,11,9.824,0.006321193047974534
BGR,BA:2258,2024,SEX_M,12,14.88,0.009574445496117781
BGR,BA:2258,2024,SEX_M,13,34.672,0.022309487516222824
BGR,BA:2258,2024,SEX_M,14,38.785,0.02495597234992796
BGR,BA:2258,2024,SEX_M,21,43.509,0.02799560141737826
BGR,BA:2258,2024,SEX_M,22,23.261,0.01496714897077928
BGR,BA:2258,2024,SEX_M,23,16.435,0.010575000788218797
BGR,BA:2258,2024,SEX_M,24,25.462,0.0163833690337467
BGR,BA:2258,2024,SEX_M,25,56.399,0.036289593517173833
BGR,BA:2258,2024,SEX_M,26,27.892,0.017946937753878837
BGR,BA:2258,2024,SEX_M,31,68.578,0.04412609699144927
BGR,BA:2258,2024,SEX_M,32,3.355,0.0021587543440507494
BGR,BA:2258,2024,SEX_M,33,58.971,0.03794453127362645
BGR,BA:2258,2024,SEX_M,34,12.882,0.008288844548453578
BGR,BA:2258,2024,SEX_M,35,15.326,0.009861421483434213
BGR,BA:2258,2024,SEX_M,41,5.297,0.0034083224323209595
BGR,BA:2258,2024,SEX_M,42,13.66,0.008789443916462962
BGR,BA:2258,2024,SEX_M,43,32.028,0.02060822179769222
BGR,BA:2258,2024,SEX_M,44,3.628,0.0023344145335964586
BGR,BA:2258,2024,SEX_M,51,36.765,0.023656215636073265
BGR,BA:2258,2024,SEX_M,52,80.629,0.05188023964425272
BGR,BA:2258,2024,SEX_M,53,8.274,0.005323854975462265
BGR,BA:2258,2024,SEX_M,54,89.31,0.05746597629423918
BGR,BA:2258,2024,SEX_M,61,40.349,0.025962318637288727
BGR,BA:2258,2024,SEX_M,62,8.81,0.005668740915376186
BGR,BA:2258,2024,SEX_M,71,112.964,0.07268599872469414
BGR,BA:2258,2024,SEX_M,72,94.091,0.06054228166500121
BGR,BA:2258,2024,SEX_M,73,4.894,0.00314901453346777
BGR,BA:2258,2024,SEX_M,74,24.969,0.016066151182296026
BGR,BA:2258,2024,SEX_M,75,31.755,0.02043256160814651
BGR,BA:2258,2024,SEX_M,81,67.981,0.043741960972552604
BGR,BA:2258,2024,SEX_M,82,17.908,0.011522793679064329
BGR,BA:2258,2024,SEX_M,83,217.582,0.14000181451184804
BGR,BA:2258,2024,SEX_M,91,4.779,0.003075018482926537
BGR,BA:2258,2024,SEX_M,92,25.193,0.016210282619871993
BGR,BA:2258,2024,SEX_M,93,95.765,0.061619406783314463
BGR,BA:2258,2024,SEX_M,94,2.102,0.0013525191151101863
BGR,BA:2258,2024,SEX_M,95,3.078,0.001980520378834041
BGR,BA:2258,2024,SEX_M,96,64.249,0.04134062827151016
BHS,BA:17,2019,SEX_F,11,0.514,0.005153398836976138
BHS,BA:17,2019,SEX_F,12,2.154,0.021596149989973928
BHS,BA:17,2019,SEX_F,13,1.673,0.016773611389612992
BHS,BA:17,2019,SEX_F,14,3.849,0.038590334870663726
BHS,BA:17,2019,SEX_F,21,0.545,0.005464206938038901
BHS,BA:17,2019,SEX_F,22,2.754,0.02761179065570483
BHS,BA:17,2019,SEX_F,23,6.836,0.06853819931822738
BHS,BA:17,2019,SEX_F,24,2.811,0.028183276518949266
BHS,BA:17,2019,SEX_F,26,1.124,0.01126930018046922
BHS,BA:17,2019,SEX_F,31,0.277,0.0027772207740124322
BHS,BA:17,2019,SEX_F,32,1.483,0.014868658512131542
BHS,BA:17,2019,SEX_F,33,6.484,0.06500902346099859
BHS,BA:17,2019,SEX_F,34,1.727,0.017315019049528774
BHS,BA:17,2019,SEX_F,41,4.54,0.045518347704030473
BHS,BA:17,2019,SEX_F,42,6.754,0.0677160617605775
BHS,BA:17,2019,SEX_F,43,3.282,0.032905554441548024
BHS,BA:17,2019,SEX_F,44,1.628,0.016322438339683172
BHS,BA:17,2019,SEX_F,51,15.166,0.1520553438941247
BHS,BA:17,2019,SEX_F,52,15.208,0.15247643874072586
BHS,BA:17,2019,SEX_F,53,2.53,0.025365951473831957
BHS,BA:17,2019,SEX_F,54,3.793,0.038028875075195506
BHS,BA:17,2019,SEX_F,73,0.542,0.0054341287347102465
BHS,BA:17,2019,SEX_F,74,0.296,0.002967716061760577
BHS,BA:17,2019,SEX_F,75,0.758,0.00759975937437337
BHS,BA:17,2019,SEX_F,81,0.328,0.003288550230599559
BHS,BA:17,2019,SEX_F,83,0.452,0.004531782634850611
BHS,BA:17,2019,SEX_F,91,9.198,0.0922197714056547
BHS,BA:17,2019,SEX_F,93,0.701,0.007028273511128934
BHS,BA:17,2019,SEX_F,94,1.562,0.015660717866452775
BHS,BA:17,2019,SEX_F,96,0.771,0.0077300982554642066
BHS,BA:17,2019,SEX_M,03,0.205,0.0019050274138091257
BHS,BA:17,2019,SEX_M,11,0.526,0.004888021559334635
BHS,BA:17,2019,SEX_M,12,1.161,0.010788960133816562
BHS,BA:17,2019,SEX_M,13,3.037,0.028222284174333243
BHS,BA:17,2019,SEX_M,14,2.99,0.027785521791655058
BHS,BA:17,2019,SEX_M,21,1.052,0.00977604311866927
BHS,BA:17,2019,SEX_M,22,0.402,0.003735712294396432
BHS,BA:17,2019,SEX_M,23,1.252,0.011634606449214758
BHS,BA:17,2019,SEX_M,24,1.335,0.012405910231391136
BHS,BA:17,2019,SEX_M,25,0.329,0.003057336678747329
BHS,BA:17,2019,SEX_M,26,1.372,0.012749744447542052
BHS,BA:17,2019,SEX_M,31,3.456,0.032115974351826046
BHS,BA:17,2019,SEX_M,32,0.885,0.008224142737663788
BHS,BA:17,2019,SEX_M,33,4.956,0.04605519933091721
BHS,BA:17,2019,SEX_M,34,1.678,0.01559334634327665
BHS,BA:17,2019,SEX_M,35,0.684,0.0063562865904655715
BHS,BA:17,2019,SEX_M,41,0.274,0.0025462317628473195
BHS,BA:17,2019,SEX_M,42,1.768,0.016429699842022118
BHS,BA:17,2019,SEX_M,43,1.218,0.011318650683022026
BHS,BA:17,2019,SEX_M,51,7.431,0.06905492054641763
BHS,BA:17,2019,SEX_M,52,4.437,0.04123222748815167
BHS,BA:17,2019,SEX_M,54,12.64,0.11746120249047488
BHS,BA:17,2019,SEX_M,61,2.922,0.02715361025926959
BHS,BA:17,2019,SEX_M,62,1.007,0.009357866369296534
BHS,BA:17,2019,SEX_M,71,11.802,0.10967382213548928
BHS,BA:17,2019,SEX_M,72,7,0.0650497165690921
BHS,BA:17,2019,SEX_M,73,0.439,0.004079546510547347
BHS,BA:17,2019,SEX_M,74,3.839,0.03567512312982065
BHS,BA:17,2019,SEX_M,75,1.042,0.009683114952141995
BHS,BA:17,2019,SEX_M,81,0.622,0.0057801319579964695
BHS,BA:17,2019,SEX_M,83,8.864,0.08237152680977607
BHS,BA:17,2019,SEX_M,91,2.465,0.022906793048973147
BHS,BA:17,2019,SEX_M,92,1.551,0.014413158628380263
BHS,BA:17,2019,SEX_M,93,6.192,0.05754112071368833
BHS,BA:17,2019,SEX_M,94,1.939,0.018018771489638513
BHS,BA:17,2019,SEX_M,96,4.838,0.04495864696589537
BIH,BA:493,2024,SEX_F,03,0.461,8.45365891228366e-4
BIH,BA:493,2024,SEX_F,11,1.224,0.0022445289606583944
BIH,BA:493,2024,SEX_F,12,1.252,0.002295874394398946
BIH,BA:493,2024,SEX_F,13,2.297,0.004212159332215958
BIH,BA:493,2024,SEX_F,14,4.195,0.007692646233629057
BIH,BA:493,2024,SEX_F,21,9.267,0.016993504802631815
BIH,BA:493,2024,SEX_F,22,17.827,0.03269053740331471
BIH,BA:493,2024,SEX_F,23,38.782,0.07111709326164531
BIH,BA:493,2024,SEX_F,24,15.552,0.028518720911894894
BIH,BA:493,2024,SEX_F,25,3.492,0.006403509093643067
BIH,BA:493,2024,SEX_F,26,31.434,0.05764258443573201
BIH,BA:493,2024,SEX_F,31,5.882,0.010786208616497284
BIH,BA:493,2024,SEX_F,32,25.278,0.04635392407477361
BIH,BA:493,2024,SEX_F,33,16.988,0.031152008156588893
BIH,BA:493,2024,SEX_F,34,3.786,0.006942636147918858
BIH,BA:493,2024,SEX_F,35,0.605,0.0011094281218940595
BIH,BA:493,2024,SEX_F,41,21.798,0.039972420167019344
BIH,BA:493,2024,SEX_F,42,12.147,0.022274749415945688
BIH,BA:493,2024,SEX_F,43,6.74,0.012359579407547042
BIH,BA:493,2024,SEX_F,44,2.222,0.004074626920410909
BIH,BA:493,2024,SEX_F,51,36.837,0.06755041938216771
BIH,BA:493,2024,SEX_F,52,90.396,0.1657650653003891
BIH,BA:493,2024,SEX_F,53,3.878,0.007111342573066385
BIH,BA:493,2024,SEX_F,54,2.271,0.004164481429456874
BIH,BA:493,2024,SEX_F,61,17.399,0.03190568577328056
BIH,BA:493,2024,SEX_F,63,80.218,0.14710100013569863
BIH,BA:493,2024,SEX_F,71,1.067,0.0019566277786131595
BIH,BA:493,2024,SEX_F,72,1.893,0.003471318073959429
BIH,BA:493,2024,SEX_F,73,2.364,0.004335021620095135
BIH,BA:493,2024,SEX_F,74,0.536,9.828983030334146e-4
BIH,BA:493,2024,SEX_F,75,29.401,0.05391453919306982
BIH,BA:493,2024,SEX_F,81,8.11,0.014871838129852597
BIH,BA:493,2024,SEX_F,82,0.475,8.710386080986416e-4
BIH,BA:493,2024,SEX_F,83,0.592,0.0010855891705145175
BIH,BA:493,2024,SEX_F,91,25.751,0.04722129515189079
BIH,BA:493,2024,SEX_F,92,9.817,0.018002075822535508
BIH,BA:493,2024,SEX_F,93,5.517,0.010116884212379383
BIH,BA:493,2024,SEX_F,94,1.422,0.002607614527823723
BIH,BA:493,2024,SEX_F,96,6.153,0.011283159064486193
BIH,BA:493,2024,SEX_M,01,0.793,9.805352015846835e-4
BIH,BA:493,2024,SEX_M,02,1.449,0.0017916715095790748
BIH,BA:493,2024,SEX_M,03,5.524,0.006830361227684478
BIH,BA:493,2024,SEX_M,11,1.396,0.001726137631036845
BIH,BA:493,2024,SEX_M,12,1.999,0.0024717400604890066
BIH,BA:493,2024,SEX_M,13,7.62,0.00942204065078851
BIH,BA:493,2024,SEX_M,14,15.269,0.018879939461534087
BIH,BA:493,2024,SEX_M,21,19.549,0.024172109275887737
BIH,BA:493,2024,SEX_M,22,12.347,0.015266920723790777
BIH,BA:493,2024,SEX_M,23,12.954,0.016017469106340467
BIH,BA:493,2024,SEX_M,24,10.043,0.012418051739615353
BIH,BA:493,2024,SEX_M,25,16.243,0.020084279040781857
BIH,BA:493,2024,SEX_M,26,26.625,0.032921500305412604
BIH,BA:493,2024,SEX_M,31,28.812,0.03562570016148537
BIH,BA:493,2024,SEX_M,32,6.305,0.0077960585699765805
BIH,BA:493,2024,SEX_M,33,17.772,0.021974869612311466
BIH,BA:493,2024,SEX_M,34,2.567,0.003174065400337809
BIH,BA:493,2024,SEX_M,35,1.247,0.0015419008781539726
BIH,BA:493,2024,SEX_M,41,11.398,0.01409349335140255
BIH,BA:493,2024,SEX_M,42,6.129,0.007578436633685403
BIH,BA:493,2024,SEX_M,43,15.949,0.019720751488113638
BIH,BA:493,2024,SEX_M,44,4.432,0.0054801160320596684
BIH,BA:493,2024,SEX_M,51,30.034,0.0371366888327798
BIH,BA:493,2024,SEX_M,52,43.958,0.054353551565270504
BIH,BA:493,2024,SEX_M,53,0.548,6.775955743611685e-4
BIH,BA:493,2024,SEX_M,54,37.517,0.046389330589978024
BIH,BA:493,2024,SEX_M,61,34.098,0.042161777179867
BIH,BA:493,2024,SEX_M,62,5.715,0.007066530488091381
BIH,BA:493,2024,SEX_M,63,39.212,0.04848517821505499
BIH,BA:493,2024,SEX_M,71,59.846,0.07399887726864686
BIH,BA:493,2024,SEX_M,72,73.326,0.0906667392073121
BIH,BA:493,2024,SEX_M,73,6.577,0.008132383380608402
BIH,BA:493,2024,SEX_M,74,25.197,0.031155795049595546
BIH,BA:493,2024,SEX_M,75,33.252,0.04111570809974009
BIH,BA:493,2024,SEX_M,81,28.821,0.035636828555954805
BIH,BA:493,2024,SEX_M,82,0.538,6.652306916173514e-4
BIH,BA:493,2024,SEX_M,83,87.874,0.10865517062301698
BIH,BA:493,2024,SEX_M,91,2.832,0.0035017347930489575
BIH,BA:493,2024,SEX_M,92,17.643,0.02181536262491623
BIH,BA:493,2024,SEX_M,93,33.103,0.04093147134685722
BIH,BA:493,2024,SEX_M,96,22.229,0.02748589785123068
BLR,BA:13362,2024,SEX_F,11,61.001,0.02516373692693106
BLR,BA:13362,2024,SEX_F,12,68.956,0.0284452819385495
BLR,BA:13362,2024,SEX_F,13,44.428,0.01832715044326639
BLR,BA:13362,2024,SEX_F,14,40.272,0.016612744275034303
BLR,BA:13362,2024,SEX_F,21,86.585,0.03571748269402675
BLR,BA:13362,2024,SEX_F,22,64.627,0.026659510932226904
BLR,BA:13362,2024,SEX_F,23,268.572,0.11078957974360631
BLR,BA:13362,2024,SEX_F,24,174.995,0.07218780255288111
BLR,BA:13362,2024,SEX_F,25,21.822,0.009001869923763374
BLR,BA:13362,2024,SEX_F,26,146.808,0.06056028410630801
BLR,BA:13362,2024,SEX_F,31,34.075,0.014056398022740215
BLR,BA:13362,2024,SEX_F,32,154.092,0.06356503254937888
BLR,BA:13362,2024,SEX_F,33,115.14,0.04749680611411029
BLR,BA:13362,2024,SEX_F,34,39.247,0.01618991792218592
BLR,BA:13362,2024,SEX_F,35,4.181,0.001724719006106437
BLR,BA:13362,2024,SEX_F,41,17.106,0.007056456187145829
BLR,BA:13362,2024,SEX_F,42,20.917,0.008628545192711874
BLR,BA:13362,2024,SEX_F,43,62.881,0.025939262335082244
BLR,BA:13362,2024,SEX_F,44,18.238,0.007523421486096435
BLR,BA:13362,2024,SEX_F,51,131.534,0.05425955267859461
BLR,BA:13362,2024,SEX_F,52,253.997,0.10477719526285977
BLR,BA:13362,2024,SEX_F,53,101.084,0.04169851614763527
BLR,BA:13362,2024,SEX_F,54,43.472,0.017932787522951216
BLR,BA:13362,2024,SEX_F,61,65.951,0.027205678826052525
BLR,BA:13362,2024,SEX_F,62,1.035,4.269514879981253e-4
BLR,BA:13362,2024,SEX_F,71,16.187,0.006677356266884692
BLR,BA:13362,2024,SEX_F,72,9.204,0.0037967743918210107
BLR,BA:13362,2024,SEX_F,73,11.338,0.0046770782327755995
BLR,BA:13362,2024,SEX_F,74,4.578,0.0018884868715511286
BLR,BA:13362,2024,SEX_F,75,98.841,0.04077324833354851
BLR,BA:13362,2024,SEX_F,81,59.417,0.02451031551921219
BLR,BA:13362,2024,SEX_F,82,5.283,0.0021793088996078227
BLR,BA:13362,2024,SEX_F,83,6.655,0.0027452774421521976
BLR,BA:13362,2024,SEX_F,91,108.943,0.044940459861816204
BLR,BA:13362,2024,SEX_F,92,6.785,0.002798904199098822
BLR,BA:13362,2024,SEX_F,93,20.162,0.008317097488906477
BLR,BA:13362,2024,SEX_F,94,15.309,0.006315169400737489
BLR,BA:13362,2024,SEX_F,96,20.445,0.008433838813644129
BLR,BA:13362,2024,SEX_M,11,125.66,0.052977574962678346
BLR,BA:13362,2024,SEX_M,12,34.924,0.014723769123003171
BLR,BA:13362,2024,SEX_M,13,80.454,0.03391897036485217
BLR,BA:13362,2024,SEX_M,14,19.319,0.008144785697150906
BLR,BA:13362,2024,SEX_M,21,146.937,0.061947842848090635
BLR,BA:13362,2024,SEX_M,22,24.114,0.010166331709772606
BLR,BA:13362,2024,SEX_M,23,35.003,0.014757075094848244
BLR,BA:13362,2024,SEX_M,24,31.078,0.01310231636710264
BLR,BA:13362,2024,SEX_M,25,52.474,0.022122754007572683
BLR,BA:13362,2024,SEX_M,26,47.799,0.020151799344589067
BLR,BA:13362,2024,SEX_M,31,59.184,0.02495165364150211
BLR,BA:13362,2024,SEX_M,32,10.161,0.004283822530604605
BLR,BA:13362,2024,SEX_M,33,32.326,0.013628466403338695
BLR,BA:13362,2024,SEX_M,34,18.204,0.007674707740097061
BLR,BA:13362,2024,SEX_M,35,11.271,0.004751792514756865
BLR,BA:13362,2024,SEX_M,41,3.72,0.0015683318387805464
BLR,BA:13362,2024,SEX_M,42,4.285,0.0018065327766598497
BLR,BA:13362,2024,SEX_M,43,21.057,0.008877517077742463
BLR,BA:13362,2024,SEX_M,44,0.78,3.288437726475339e-4
BLR,BA:13362,2024,SEX_M,51,27.39,0.011547475554892248
BLR,BA:13362,2024,SEX_M,52,51.074,0.021532521595128393
BLR,BA:13362,2024,SEX_M,53,7.084,0.0029865760069681157
BLR,BA:13362,2024,SEX_M,54,109.536,0.046179783949641375
BLR,BA:13362,2024,SEX_M,61,48.152,0.020300622231441093
BLR,BA:13362,2024,SEX_M,62,11.307,0.00476696991964829
BLR,BA:13362,2024,SEX_M,71,197.378,0.08321349507387814
BLR,BA:13362,2024,SEX_M,72,232.906,0.09819190732339299
BLR,BA:13362,2024,SEX_M,73,12.153,0.005123638934596769
BLR,BA:13362,2024,SEX_M,74,106.965,0.04509586428364547
BLR,BA:13362,2024,SEX_M,75,57.444,0.024218079071749922
BLR,BA:13362,2024,SEX_M,81,88.471,0.03729889411525637
BLR,BA:13362,2024,SEX_M,82,17.564,0.007404887208693956
BLR,BA:13362,2024,SEX_M,83,485.038,0.20448939204796737
BLR,BA:13362,2024,SEX_M,91,4.51,0.0019013915572312536
BLR,BA:13362,2024,SEX_M,92,18.902,0.007968980757158572
BLR,BA:13362,2024,SEX_M,93,101.095,0.042621104097182616
BLR,BA:13362,2024,SEX_M,96,36.228,0.015273528455736998
BOL,BA:74,2024,SEX_F,02,0.516,1.5839011793003765e-4
BOL,BA:74,2024,SEX_F,11,1.601,4.914391062131593e-4
BOL,BA:74,2024,SEX_F,12,8.77,0.0026920180896248644
BOL,BA:74,2024,SEX_F,13,5.778,0.0017736009717049563
BOL,BA:74,2024,SEX_F,14,19.307,0.005926430245882241
BOL,BA:74,2024,SEX_F,21,11.999,0.0036831841570591503
BOL,BA:74,2024,SEX_F,22,66.73,0.020483280173394208
BOL,BA:74,2024,SEX_F,23,143.69,0.044106736522029275
BOL,BA:74,2024,SEX_F,24,15.721,0.004825680317787058
BOL,BA:74,2024,SEX_F,25,0.639,1.9614590185522104e-4
BOL,BA:74,2024,SEX_F,26,30.547,0.00937663358993965
BOL,BA:74,2024,SEX_F,31,10.762,0.003303477614657103
BOL,BA:74,2024,SEX_F,32,56.362,0.017300743850334848
BOL,BA:74,2024,SEX_F,33,54.149,0.016621446697274434
BOL,BA:74,2024,SEX_F,34,33.316,0.010226599164645609
BOL,BA:74,2024,SEX_F,35,5.192,0.0015937238222727818
BOL,BA:74,2024,SEX_F,41,27.498,0.008440719889225146
BOL,BA:74,2024,SEX_F,42,50.686,0.015558452553104432
BOL,BA:74,2024,SEX_F,43,20.275,0.006223565195797505
BOL,BA:74,2024,SEX_F,44,23.607,0.007246347895299221
BOL,BA:74,2024,SEX_F,51,373.524,0.11465602792577399
BOL,BA:74,2024,SEX_F,52,712.569,0.218728465006374
BOL,BA:74,2024,SEX_F,53,56.303,0.017282633352354474
BOL,BA:74,2024,SEX_F,54,4.18,0.0012830827382704598
BOL,BA:74,2024,SEX_F,61,743.29,0.2281585092174761
BOL,BA:74,2024,SEX_F,62,5.615,0.0017235668840642662
BOL,BA:74,2024,SEX_F,71,8.125,0.0024940304422123175
BOL,BA:74,2024,SEX_F,72,7.117,0.002184617188581546
BOL,BA:74,2024,SEX_F,73,30.064,0.009228373072574906
BOL,BA:74,2024,SEX_F,74,0.248,7.612548303614211e-5
BOL,BA:74,2024,SEX_F,75,382.551,0.11742693411677098
BOL,BA:74,2024,SEX_F,81,8.523,0.00261619956418161
BOL,BA:74,2024,SEX_F,83,6.849,0.002102352553687651
BOL,BA:74,2024,SEX_F,91,207.114,0.06357521489333685
BOL,BA:74,2024,SEX_F,92,10.933,0.0033559673630408943
BOL,BA:74,2024,SEX_F,93,20.99,0.006443039874712189
BOL,BA:74,2024,SEX_F,94,72.774,0.022338531864807283
BOL,BA:74,2024,SEX_F,95,0.59,1.8110497980372518e-4
BOL,BA:74,2024,SEX_F,96,19.275,0.005916607602909836
BOL,BA:74,2024,SEX_M,01,0.557,1.5629638733668155e-4
BOL,BA:74,2024,SEX_M,02,3.68,0.0010326224513446823
BOL,BA:74,2024,SEX_M,11,4.109,0.0011530015360258967
BOL,BA:74,2024,SEX_M,12,23.098,0.006481389505749856
BOL,BA:74,2024,SEX_M,13,29.167,0.008184374738687595
BOL,BA:74,2024,SEX_M,14,21.979,0.0061673937114415135
BOL,BA:74,2024,SEX_M,21,25.293,0.007097315125505719
BOL,BA:74,2024,SEX_M,22,34.487,0.00967718763030545
BOL,BA:74,2024,SEX_M,23,96.883,0.02718575025913773
BOL,BA:74,2024,SEX_M,24,16.397,0.004601062590950748
BOL,BA:74,2024,SEX_M,25,8.158,0.002289166836432043
BOL,BA:74,2024,SEX_M,26,33.582,0.009423241076374218
BOL,BA:74,2024,SEX_M,31,77.048,0.021619971367175295
BOL,BA:74,2024,SEX_M,32,25.048,0.007028567163391739
BOL,BA:74,2024,SEX_M,33,63.129,0.01771424530732023
BOL,BA:74,2024,SEX_M,34,66.32,0.018609652438363947
BOL,BA:74,2024,SEX_M,35,27.098,0.007603805213733206
BOL,BA:74,2024,SEX_M,41,3.669,0.001029535808147728
BOL,BA:74,2024,SEX_M,42,30.834,0.008652141484989656
BOL,BA:74,2024,SEX_M,43,40.928,0.011484557524085639
BOL,BA:74,2024,SEX_M,44,23.753,0.00666518507793213
BOL,BA:74,2024,SEX_M,51,100.824,0.028291610335428326
BOL,BA:74,2024,SEX_M,52,308.275,0.08650317559464182
BOL,BA:74,2024,SEX_M,53,2.663,7.472482575899154e-4
BOL,BA:74,2024,SEX_M,54,48.08,0.01349143680995987
BOL,BA:74,2024,SEX_M,61,761.632,0.21371693012569376
BOL,BA:74,2024,SEX_M,62,23.101,0.006482231317530843
BOL,BA:74,2024,SEX_M,71,419.633,0.1177506676970443
BOL,BA:74,2024,SEX_M,72,208.108,0.058395922039249766
BOL,BA:74,2024,SEX_M,73,18.227,0.005114567777353132
BOL,BA:74,2024,SEX_M,74,14.236,0.003994677504712744
BOL,BA:74,2024,SEX_M,75,210.383,0.0590342959731653
BOL,BA:74,2024,SEX_M,81,99.176,0.02782917506373919
BOL,BA:74,2024,SEX_M,83,489.115,0.1372475897525691
BOL,BA:74,2024,SEX_M,91,20.38,0.00571870803217517
BOL,BA:74,2024,SEX_M,92,37.607,0.010552671882532463
BOL,BA:74,2024,SEX_M,93,71.327,0.020014636300832108
BOL,BA:74,2024,SEX_M,94,31.412,0.00881433055479325
BOL,BA:74,2024,SEX_M,95,1.336,3.7488684646643904e-4
BOL,BA:74,2024,SEX_M,96,43.01,0.012068774900090973
BRA,BX:6355,2024,SEX_F,01,12.361,2.81745717526635e-4
BRA,BX:6355,2024,SEX_F,02,18.05,4.1141575935246035e-4
BRA,BX:6355,2024,SEX_F,03,51.173,0.0011663921691603021
BRA,BX:6355,2024,SEX_F,11,66.063,0.0015057816792300048
BRA,BX:6355,2024,SEX_F,12,500.529,0.011408615989635879
BRA,BX:6355,2024,SEX_F,13,422.987,0.009641192121951199
BRA,BX:6355,2024,SEX_F,14,413.08,0.009415380713203008
BRA,BX:6355,2024,SEX_F,21,437.142,0.0099638286911276
BRA,BX:6355,2024,SEX_F,22,1576.891,0.035942260841055985
BRA,BX:6355,2024,SEX_F,23,3248.11,0.07403455080943601
BRA,BX:6355,2024,SEX_F,24,1027.538,0.023420793713767776
BRA,BX:6355,2024,SEX_F,25,151.73,0.003458399621415446
BRA,BX:6355,2024,SEX_F,26,1276.39,0.029092906431018663
BRA,BX:6355,2024,SEX_F,31,256.506,0.0058465712337098154
BRA,BX:6355,2024,SEX_F,32,1847.776,0.04211657430211921
BRA,BX:6355,2024,SEX_F,33,1212.322,0.02763259701992761
BRA,BX:6355,2024,SEX_F,34,623.838,0.014219212436726877
BRA,BX:6355,2024,SEX_F,35,109.208,0.002489190706225124
BRA,BX:6355,2024,SEX_F,41,3005.714,0.06850959045464382
BRA,BX:6355,2024,SEX_F,42,1628.717,0.03712353691552693
BRA,BX:6355,2024,SEX_F,43,537.32,0.012247197552092188
BRA,BX:6355,2024,SEX_F,44,83.948,0.0019134365743002956
BRA,BX:6355,2024,SEX_F,51,3836.698,0.08745030587679034
BRA,BX:6355,2024,SEX_F,52,6768.086,0.1542657751275765
BRA,BX:6355,2024,SEX_F,53,2156.718,0.04915832541158557
BRA,BX:6355,2024,SEX_F,54,187.473,0.004273093997400765
BRA,BX:6355,2024,SEX_F,61,857.068,0.019535251082365344
BRA,BX:6355,2024,SEX_F,62,7.233,1.6486261426018533e-4
BRA,BX:6355,2024,SEX_F,71,125.88,0.002869197550542255
BRA,BX:6355,2024,SEX_F,72,127.101,0.002897027946230308
BRA,BX:6355,2024,SEX_F,73,344.833,0.0078598188667472
BRA,BX:6355,2024,SEX_F,74,39.552,9.015133581112748e-4
BRA,BX:6355,2024,SEX_F,75,1573.144,0.03585685503217545
BRA,BX:6355,2024,SEX_F,81,903.219,0.02058717621864653
BRA,BX:6355,2024,SEX_F,82,67.148,0.0015305122110248755
BRA,BX:6355,2024,SEX_F,83,292.03,0.006656273917102436
BRA,BX:6355,2024,SEX_F,91,6078.504,0.13854805201589848
BRA,BX:6355,2024,SEX_F,92,395.765,0.009020717894743848
BRA,BX:6355,2024,SEX_F,93,627.764,0.014308698213525645
BRA,BX:6355,2024,SEX_F,94,645.244,0.014707121896266976
BRA,BX:6355,2024,SEX_F,95,135.282,0.0030834984352753206
BRA,BX:6355,2024,SEX_F,96,196.759,0.00448475088057788
BRA,BX:6355,2024,SEX_M,01,55.548,9.591339822009059e-4
BRA,BX:6355,2024,SEX_M,02,270.711,0.0046743018552529245
BRA,BX:6355,2024,SEX_M,03,422.688,0.007298452233537418
BRA,BX:6355,2024,SEX_M,11,178.252,0.0030778344962064503
BRA,BX:6355,2024,SEX_M,12,719.065,0.012415922749897286
BRA,BX:6355,2024,SEX_M,13,708.111,0.01222678266130672
BRA,BX:6355,2024,SEX_M,14,551.586,0.009524103058728828
BRA,BX:6355,2024,SEX_M,21,887.039,0.015316289487245434
BRA,BX:6355,2024,SEX_M,22,703.353,0.012144627417421937
BRA,BX:6355,2024,SEX_M,23,1088.364,0.018792519935985217
BRA,BX:6355,2024,SEX_M,24,954.098,0.01647418114333405
BRA,BX:6355,2024,SEX_M,25,639.839,0.011047946425387872
BRA,BX:6355,2024,SEX_M,26,1106.67,0.019108605243794135
BRA,BX:6355,2024,SEX_M,31,1363.043,0.023535336294755335
BRA,BX:6355,2024,SEX_M,32,645.118,0.011139097651211278
BRA,BX:6355,2024,SEX_M,33,1578.872,0.02726200382994003
BRA,BX:6355,2024,SEX_M,34,665.594,0.011492651828131162
BRA,BX:6355,2024,SEX_M,35,699.619,0.01208015333573514
BRA,BX:6355,2024,SEX_M,41,1515.399,0.026166030775064276
BRA,BX:6355,2024,SEX_M,42,569.605,0.009835232806429521
BRA,BX:6355,2024,SEX_M,43,1145.66,0.019781836214594405
BRA,BX:6355,2024,SEX_M,44,110.978,0.0019162304867266532
BRA,BX:6355,2024,SEX_M,51,2315.33,0.03997824733580369
BRA,BX:6355,2024,SEX_M,52,5568.784,0.09615485659135684
BRA,BX:6355,2024,SEX_M,53,178.324,0.003079077702923496
BRA,BX:6355,2024,SEX_M,54,1572.242,0.027147525211412053
BRA,BX:6355,2024,SEX_M,61,3738.152,0.06454577327414635
BRA,BX:6355,2024,SEX_M,62,81.394,0.0014054106601004634
BRA,BX:6355,2024,SEX_M,71,4808.665,0.08303006427810397
BRA,BX:6355,2024,SEX_M,72,3183.249,0.0549643963726336
BRA,BX:6355,2024,SEX_M,73,350.703,0.0060555045178909105
BRA,BX:6355,2024,SEX_M,74,1276.265,0.022036961399035777
BRA,BX:6355,2024,SEX_M,75,1696.693,0.029296390755065918
BRA,BX:6355,2024,SEX_M,81,1435.008,0.024777938675202664
BRA,BX:6355,2024,SEX_M,82,315.086,0.005440514328432251
BRA,BX:6355,2024,SEX_M,83,6495.673,0.11215922646296725
BRA,BX:6355,2024,SEX_M,91,1411.386,0.02437006327145186
BRA,BX:6355,2024,SEX_M,92,1851.613,0.03197135720790967
BRA,BX:6355,2024,SEX_M,93,3890.573,0.06717759009385262
BRA,BX:6355,2024,SEX_M,94,251.916,0.0043497731018240695
BRA,BX:6355,2024,SEX_M,95,216.773,0.003742967356585961
BRA,BX:6355,2024,SEX_M,96,697.704,0.012047087490413711
BRB,BA:338,2023,SEX_F,11,0.906,0.016593406593406593
BRB,BA:338,2023,SEX_F,12,0.745,0.013644688644688643
BRB,BA:338,2023,SEX_F,13,0.822,0.015054945054945052
BRB,BA:338,2023,SEX_F,14,2.487,0.045549450549450546
BRB,BA:338,2023,SEX_F,21,0.401,0.0073443223443223436
BRB,BA:338,2023,SEX_F,22,3.288,0.06021978021978021
BRB,BA:338,2023,SEX_F,23,2.906,0.05322344322344322
BRB,BA:338,2023,SEX_F,24,2.404,0.04402930402930402
BRB,BA:338,2023,SEX_F,25,0.29,0.00531135531135531
BRB,BA:338,2023,SEX_F,26,0.954,0.01747252747252747
BRB,BA:338,2023,SEX_F,31,0.406,0.007435897435897436
BRB,BA:338,2023,SEX_F,32,0.732,0.013406593406593404
BRB,BA:338,2023,SEX_F,33,2.347,0.04298534798534798
BRB,BA:338,2023,SEX_F,34,2.609,0.04778388278388278
BRB,BA:338,2023,SEX_F,35,0.21,0.0038461538461538455
BRB,BA:338,2023,SEX_F,41,1.524,0.027912087912087907
BRB,BA:338,2023,SEX_F,42,3.108,0.056923076923076917
BRB,BA:338,2023,SEX_F,43,0.468,0.00857142857142857
BRB,BA:338,2023,SEX_F,44,2.283,0.041813186813186805
BRB,BA:338,2023,SEX_F,51,7.873,0.14419413919413918
BRB,BA:338,2023,SEX_F,52,6.585,0.12060439560439558
BRB,BA:338,2023,SEX_F,53,1.156,0.021172161172161166
BRB,BA:338,2023,SEX_F,54,2.136,0.039120879120879117
BRB,BA:338,2023,SEX_F,61,0.474,0.008681318681318679
BRB,BA:338,2023,SEX_F,71,0.196,0.0035897435897435893
BRB,BA:338,2023,SEX_F,73,0.091,0.0016666666666666663
BRB,BA:338,2023,SEX_F,74,0.226,0.0041391941391941385
BRB,BA:338,2023,SEX_F,75,0.585,0.010714285714285713
BRB,BA:338,2023,SEX_F,82,0.121,0.002216117216117216
BRB,BA:338,2023,SEX_F,83,0.371,0.0067948717948717935
BRB,BA:338,2023,SEX_F,91,1.577,0.028882783882783876
BRB,BA:338,2023,SEX_F,93,1.018,0.018644688644688642
BRB,BA:338,2023,SEX_F,94,0.396,0.007252747252747252
BRB,BA:338,2023,SEX_F,95,0.704,0.01289377289377289
BRB,BA:338,2023,SEX_F,96,2.201,0.04031135531135531
BRB,BA:338,2023,SEX_M,11,1.193,0.0204134013209678
BRB,BA:338,2023,SEX_M,12,0.129,0.0022073166558297117
BRB,BA:338,2023,SEX_M,13,1.12,0.019164299647513774
BRB,BA:338,2023,SEX_M,14,2.122,0.03630950343930735
BRB,BA:338,2023,SEX_M,21,1.272,0.021765168885390644
BRB,BA:338,2023,SEX_M,22,0.805,0.013774340371650526
BRB,BA:338,2023,SEX_M,23,1.207,0.020652955066561722
BRB,BA:338,2023,SEX_M,24,0.972,0.016631874336949452
BRB,BA:338,2023,SEX_M,25,0.512,0.008760822696006297
BRB,BA:338,2023,SEX_M,26,0.994,0.017008315937168474
BRB,BA:338,2023,SEX_M,31,2.241,0.03834571027685569
BRB,BA:338,2023,SEX_M,32,0.494,0.008452825023099825
BRB,BA:338,2023,SEX_M,33,1.884,0.03223708976421067
BRB,BA:338,2023,SEX_M,34,1.469,0.02513603230553369
BRB,BA:338,2023,SEX_M,35,0.251,0.004294856438862462
BRB,BA:338,2023,SEX_M,41,0.154,0.002635091201533144
BRB,BA:338,2023,SEX_M,42,0.394,0.006741726840286096
BRB,BA:338,2023,SEX_M,43,0.432,0.0073919441497553124
BRB,BA:338,2023,SEX_M,44,0.798,0.013654563498853564
BRB,BA:338,2023,SEX_M,51,2.843,0.04864652133739434
BRB,BA:338,2023,SEX_M,52,3.454,0.05910133123438623
BRB,BA:338,2023,SEX_M,53,0.493,0.008435714041271688
BRB,BA:338,2023,SEX_M,54,3.347,0.05727045617877554
BRB,BA:338,2023,SEX_M,61,3.002,0.051367167448068164
BRB,BA:338,2023,SEX_M,71,7.615,0.13030012662126553
BRB,BA:338,2023,SEX_M,72,3.274,0.056021354505321516
BRB,BA:338,2023,SEX_M,73,0.272,0.004654187057253346
BRB,BA:338,2023,SEX_M,74,0.67,0.01146435782485199
BRB,BA:338,2023,SEX_M,75,0.513,0.008777933677834434
BRB,BA:338,2023,SEX_M,81,0.444,0.00759727593169296
BRB,BA:338,2023,SEX_M,82,0.374,0.006399507203723349
BRB,BA:338,2023,SEX_M,83,4.515,0.07725608295403989
BRB,BA:338,2023,SEX_M,91,0.391,0.006690393894801684
BRB,BA:338,2023,SEX_M,92,0.137,0.0023442045104548103
BRB,BA:338,2023,SEX_M,93,3.353,0.05737312206974437
BRB,BA:338,2023,SEX_M,94,0.251,0.004294856438862462
BRB,BA:338,2023,SEX_M,95,0.601,0.010283700078710515
BRB,BA:338,2023,SEX_M,96,4.45,0.07614386913521098
BRN,BA:8230,2024,SEX_F,01,0.704,0.007958849132327172
BRN,BA:8230,2024,SEX_F,11,0.828,0.00936069187722571
BRN,BA:8230,2024,SEX_F,12,2.475,0.02798032898083772
BRN,BA:8230,2024,SEX_F,13,1.351,0.015273302809338083
BRN,BA:8230,2024,SEX_F,14,0.679,0.007676219546662147
BRN,BA:8230,2024,SEX_F,21,1.834,0.020733706404386414
BRN,BA:8230,2024,SEX_F,22,2.6,0.029393476909162858
BRN,BA:8230,2024,SEX_F,23,11.799,0.13338985925046637
BRN,BA:8230,2024,SEX_F,24,4.53,0.05121248092250298
BRN,BA:8230,2024,SEX_F,25,0.574,0.00648917528686903
BRN,BA:8230,2024,SEX_F,26,1.133,0.012808772822339045
BRN,BA:8230,2024,SEX_F,31,1.326,0.014990673223673057
BRN,BA:8230,2024,SEX_F,32,2.399,0.027121135040416036
BRN,BA:8230,2024,SEX_F,33,6.147,0.06949296252331695
BRN,BA:8230,2024,SEX_F,34,0.877,0.009914645865129164
BRN,BA:8230,2024,SEX_F,35,0.663,0.0074953366118365285
BRN,BA:8230,2024,SEX_F,41,5.864,0.06629359561358884
BRN,BA:8230,2024,SEX_F,42,2.506,0.028330789667062352
BRN,BA:8230,2024,SEX_F,43,3.15,0.03561132779379346
BRN,BA:8230,2024,SEX_F,44,3.418,0.03864111695212256
BRN,BA:8230,2024,SEX_F,51,6.386,0.07219490136227462
BRN,BA:8230,2024,SEX_F,52,10.803,0.12212989655757167
BRN,BA:8230,2024,SEX_F,53,1.201,0.01357752529534792
BRN,BA:8230,2024,SEX_F,54,1.099,0.012424396585834607
BRN,BA:8230,2024,SEX_F,61,0.308,0.003481996495393138
BRN,BA:8230,2024,SEX_F,72,0.192,0.002170595217907411
BRN,BA:8230,2024,SEX_F,73,0.264,0.0029845684246226903
BRN,BA:8230,2024,SEX_F,75,1.631,0.018438754168786393
BRN,BA:8230,2024,SEX_F,81,0.19,0.002147984851054209
BRN,BA:8230,2024,SEX_F,91,9.03,0.10208580634220792
BRN,BA:8230,2024,SEX_F,92,0.196,0.0022158159516138154
BRN,BA:8230,2024,SEX_F,93,0.43,0.004861228873438472
BRN,BA:8230,2024,SEX_F,94,1.119,0.012650500254366629
BRN,BA:8230,2024,SEX_F,96,0.749,0.008467582386524224
BRN,BA:8230,2024,SEX_M,01,5.58,0.04170808822979811
BRN,BA:8230,2024,SEX_M,11,2.197,0.016421625419510116
BRN,BA:8230,2024,SEX_M,12,2.745,0.02051768856465875
BRN,BA:8230,2024,SEX_M,13,3.178,0.023754176414748817
BRN,BA:8230,2024,SEX_M,14,1.207,0.009021803314223356
BRN,BA:8230,2024,SEX_M,21,4.555,0.034046656252102216
BRN,BA:8230,2024,SEX_M,22,1.339,0.010008446261594922
BRN,BA:8230,2024,SEX_M,23,4.687,0.03503329919947379
BRN,BA:8230,2024,SEX_M,24,3.805,0.028440730414763766
BRN,BA:8230,2024,SEX_M,25,1.32,0.009866429473715682
BRN,BA:8230,2024,SEX_M,26,1.548,0.011570630928266573
BRN,BA:8230,2024,SEX_M,31,11.926,0.08914169538146456
BRN,BA:8230,2024,SEX_M,32,1.349,0.010083191939426103
BRN,BA:8230,2024,SEX_M,33,4.866,0.036371246832651895
BRN,BA:8230,2024,SEX_M,34,1.508,0.011271648216941856
BRN,BA:8230,2024,SEX_M,35,1.899,0.01419420422014097
BRN,BA:8230,2024,SEX_M,41,2.494,0.018641572051096147
BRN,BA:8230,2024,SEX_M,42,1.2,0.008969481339741528
BRN,BA:8230,2024,SEX_M,43,2.848,0.021287569046319895
BRN,BA:8230,2024,SEX_M,44,1.652,0.012347985977710838
BRN,BA:8230,2024,SEX_M,51,7.292,0.05450454827449602
BRN,BA:8230,2024,SEX_M,52,7.002,0.05233692361739182
BRN,BA:8230,2024,SEX_M,53,0.35,0.002616098724091279
BRN,BA:8230,2024,SEX_M,54,10.675,0.07979101108478402
BRN,BA:8230,2024,SEX_M,61,1.165,0.008707871467332401
BRN,BA:8230,2024,SEX_M,62,0.347,0.0025936750207419253
BRN,BA:8230,2024,SEX_M,63,0.204,0.00152481182775606
BRN,BA:8230,2024,SEX_M,71,6.946,0.05191834782153722
BRN,BA:8230,2024,SEX_M,72,4.241,0.031699641968203185
BRN,BA:8230,2024,SEX_M,73,0.177,0.0013229984976118755
BRN,BA:8230,2024,SEX_M,74,3.205,0.023955989744893002
BRN,BA:8230,2024,SEX_M,75,2.958,0.02210977150246287
BRN,BA:8230,2024,SEX_M,81,0.753,0.005628349540687809
BRN,BA:8230,2024,SEX_M,82,0.158,0.0011809817097326346
BRN,BA:8230,2024,SEX_M,83,6.686,0.04997496019792655
BRN,BA:8230,2024,SEX_M,91,2.077,0.015524677285535964
BRN,BA:8230,2024,SEX_M,92,1.632,0.01219849462204848
BRN,BA:8230,2024,SEX_M,93,12.342,0.09225111557924164
BRN,BA:8230,2024,SEX_M,94,1.714,0.01281140918026415
BRN,BA:8230,2024,SEX_M,96,1.96,0.014650152854911164
BTN,BA:625,2024,SEX_F,11,0.541,0.003749991335509853
BTN,BA:625,2024,SEX_F,12,1.225,0.008491200343806968
BTN,BA:625,2024,SEX_F,13,0.203,0.001407113199830869
BTN,BA:625,2024,SEX_F,14,17.054,0.11821137197002776
BTN,BA:625,2024,SEX_F,21,1.132,0.007846562276889377
BTN,BA:625,2024,SEX_F,22,1.027,0.007118745104563065
BTN,BA:625,2024,SEX_F,23,5.782,0.040078465622768886
BTN,BA:625,2024,SEX_F,24,1.346,0.009329922990011575
BTN,BA:625,2024,SEX_F,25,0.261,0.0018091455426396887
BTN,BA:625,2024,SEX_F,26,0.669,0.004637235126536214
BTN,BA:625,2024,SEX_F,31,1.072,0.007430666749845771
BTN,BA:625,2024,SEX_F,32,0.717,0.004969951548171098
BTN,BA:625,2024,SEX_F,33,2.067,0.014327600906652247
BTN,BA:625,2024,SEX_F,34,0.877,0.00607900628695405
BTN,BA:625,2024,SEX_F,35,0.443,0.0030706953080052953
BTN,BA:625,2024,SEX_F,41,2.02,0.014001816077134755
BTN,BA:625,2024,SEX_F,42,2.345,0.016254583515287625
BTN,BA:625,2024,SEX_F,43,1.068,0.007402940381376197
BTN,BA:625,2024,SEX_F,44,0.392,0.00271718411001823
BTN,BA:625,2024,SEX_F,51,4.108,0.02847498041825226
BTN,BA:625,2024,SEX_F,52,6.12,0.042421343758447874
BTN,BA:625,2024,SEX_F,53,0.381,0.002640936596726902
BTN,BA:625,2024,SEX_F,54,1.017,0.0070494291833891306
BTN,BA:625,2024,SEX_F,61,71.044,0.49244803038809976
BTN,BA:625,2024,SEX_F,63,4.789,0.0331953946501972
BTN,BA:625,2024,SEX_F,71,0.385,0.0026686629651964757
BTN,BA:625,2024,SEX_F,72,0.239,0.0016566505160570328
BTN,BA:625,2024,SEX_F,73,7.2,0.04990746324523279
BTN,BA:625,2024,SEX_F,74,0.269,0.0018645982795788363
BTN,BA:625,2024,SEX_F,75,2.1,0.01455634344652623
BTN,BA:625,2024,SEX_F,81,0.282,0.0019547089771049506
BTN,BA:625,2024,SEX_F,83,0.252,0.0017467612135831476
BTN,BA:625,2024,SEX_F,91,2.045,0.01417510588006959
BTN,BA:625,2024,SEX_F,92,0.845,0.005857195339197459
BTN,BA:625,2024,SEX_F,93,1.496,0.01036966180762059
BTN,BA:625,2024,SEX_F,94,1.037,0.007188061025737
BTN,BA:625,2024,SEX_F,95,0.122,8.45654238322e-4
BTN,BA:625,2024,SEX_F,96,0.295,0.0020448196746310657
BTN,BA:625,2024,SEX_M,01,0.232,0.001034818059359305
BTN,BA:625,2024,SEX_M,02,2.872,0.01281033390724105
BTN,BA:625,2024,SEX_M,03,0.196,8.742428432518267e-4
BTN,BA:625,2024,SEX_M,11,4.657,0.020772188372570187
BTN,BA:625,2024,SEX_M,12,3.304,0.01473723650053079
BTN,BA:625,2024,SEX_M,13,2.77,0.012355370794936529
BTN,BA:625,2024,SEX_M,14,12.438,0.055478737165133775
BTN,BA:625,2024,SEX_M,21,4.192,0.018698091831181925
BTN,BA:625,2024,SEX_M,22,1.38,0.006155383284120003
BTN,BA:625,2024,SEX_M,23,8.648,0.03857373524715202
BTN,BA:625,2024,SEX_M,24,2.65,0.011820120074578267
BTN,BA:625,2024,SEX_M,25,0.908,0.004050063784044176
BTN,BA:625,2024,SEX_M,26,2.674,0.01192717021864992
BTN,BA:625,2024,SEX_M,31,5.737,0.025589444855794535
BTN,BA:625,2024,SEX_M,32,1.408,0.006280275118870264
BTN,BA:625,2024,SEX_M,33,3.013,0.013439253503662008
BTN,BA:625,2024,SEX_M,34,5.553,0.024768727084578536
BTN,BA:625,2024,SEX_M,35,0.794,0.003541575599703828
BTN,BA:625,2024,SEX_M,41,1.173,0.005232075791502003
BTN,BA:625,2024,SEX_M,42,1.111,0.004955529585983568
BTN,BA:625,2024,SEX_M,43,1.296,0.005780707779869221
BTN,BA:625,2024,SEX_M,44,0.406,0.0018109316038787838
BTN,BA:625,2024,SEX_M,51,7.099,0.0316645405318608
BTN,BA:625,2024,SEX_M,52,4.91,0.02190067530799219
BTN,BA:625,2024,SEX_M,53,0.284,0.001266760038181218
BTN,BA:625,2024,SEX_M,54,8.095,0.036107121510834374
BTN,BA:625,2024,SEX_M,61,73.057,0.32586509897677907
BTN,BA:625,2024,SEX_M,62,0.412,0.0018376941398966966
BTN,BA:625,2024,SEX_M,63,3.516,0.01568284610649705
BTN,BA:625,2024,SEX_M,71,13.117,0.058507364157827604
BTN,BA:625,2024,SEX_M,72,3.268,0.014576661284423312
BTN,BA:625,2024,SEX_M,73,1.226,0.005468478192993568
BTN,BA:625,2024,SEX_M,74,2.888,0.012881700669955485
BTN,BA:625,2024,SEX_M,75,2.141,0.00954976493572531
BTN,BA:625,2024,SEX_M,81,0.856,0.003818121805222263
BTN,BA:625,2024,SEX_M,83,24.155,0.10774150958544833
BTN,BA:625,2024,SEX_M,91,1.182,0.005272219595528873
BTN,BA:625,2024,SEX_M,92,0.867,0.003867186454588437
BTN,BA:625,2024,SEX_M,93,8.339,0.0371954646422295
BTN,BA:625,2024,SEX_M,94,0.495,0.0022079092214778275
BTN,BA:625,2024,SEX_M,96,0.875,0.0039028698359456545
BWA,BX:15710,2024,SEX_F,11,2.306,0.005568219135742848
BWA,BX:15710,2024,SEX_F,12,1.916,0.004626499507408194
BWA,BX:15710,2024,SEX_F,13,16.111,0.038902679313075894
BWA,BX:15710,2024,SEX_F,14,2.61,0.006302277512701141
BWA,BX:15710,2024,SEX_F,21,1.149,0.0027744509050167095
BWA,BX:15710,2024,SEX_F,22,4.181,0.01009571734889022
BWA,BX:15710,2024,SEX_F,23,23.61,0.0570102574999517
BWA,BX:15710,2024,SEX_F,24,10.24,0.024726176908068845
BWA,BX:15710,2024,SEX_F,25,1.237,0.0029869414878204263
BWA,BX:15710,2024,SEX_F,26,5.282,0.012754264299650356
BWA,BX:15710,2024,SEX_F,31,1.074,0.0025933509764908148
BWA,BX:15710,2024,SEX_F,32,6.789,0.016393165530164
BWA,BX:15710,2024,SEX_F,33,19.187,0.04633019104835127
BWA,BX:15710,2024,SEX_F,34,2.149,0.005189116618695307
BWA,BX:15710,2024,SEX_F,41,5.099,0.012312380474047173
BWA,BX:15710,2024,SEX_F,42,7.433,0.01794821024977302
BWA,BX:15710,2024,SEX_F,43,7.041,0.01700166129001101
BWA,BX:15710,2024,SEX_F,44,1.603,0.003870709139026793
BWA,BX:15710,2024,SEX_F,51,22.767,0.054974694303320644
BWA,BX:15710,2024,SEX_F,52,51.222,0.12368400718604516
BWA,BX:15710,2024,SEX_F,53,10.424,0.025170475399385706
BWA,BX:15710,2024,SEX_F,54,20.822,0.05027816949021577
BWA,BX:15710,2024,SEX_F,61,6.058,0.014628044893464948
BWA,BX:15710,2024,SEX_F,63,45.522,0.10992041261807714
BWA,BX:15710,2024,SEX_F,71,0.958,0.002313249753704097
BWA,BX:15710,2024,SEX_F,73,2.653,0.0064061081383893215
BWA,BX:15710,2024,SEX_F,75,10.158,0.024528174319547198
BWA,BX:15710,2024,SEX_F,81,2.712,0.006548573415496359
BWA,BX:15710,2024,SEX_F,83,2.74,0.00661618405547936
BWA,BX:15710,2024,SEX_F,91,65.119,0.15724061660903663
BWA,BX:15710,2024,SEX_F,92,8.465,0.020440145266289334
BWA,BX:15710,2024,SEX_F,93,4.088,0.009871153437518109
BWA,BX:15710,2024,SEX_F,94,2.168,0.005234995267255202
BWA,BX:15710,2024,SEX_F,96,39.243,0.09475872660188923
BWA,BX:15710,2024,SEX_M,02,1.592,0.003606656909964977
BWA,BX:15710,2024,SEX_M,11,10.005,0.022666207527763563
BWA,BX:15710,2024,SEX_M,12,1.771,0.004012179263535159
BWA,BX:15710,2024,SEX_M,13,10.065,0.022802136808289877
BWA,BX:15710,2024,SEX_M,14,3.682,0.008341526848298393
BWA,BX:15710,2024,SEX_M,21,4.189,0.009490129268745782
BWA,BX:15710,2024,SEX_M,22,3.263,0.007392287372622939
BWA,BX:15710,2024,SEX_M,23,8.691,0.019689356284237194
BWA,BX:15710,2024,SEX_M,24,5.522,0.01251002478443882
BWA,BX:15710,2024,SEX_M,25,1.902,0.004308958192684287
BWA,BX:15710,2024,SEX_M,26,2.222,0.005033914355491317
BWA,BX:15710,2024,SEX_M,31,7.144,0.016184646334666954
BWA,BX:15710,2024,SEX_M,32,7.209,0.016331903055237133
BWA,BX:15710,2024,SEX_M,33,9.278,0.02101919774538634
BWA,BX:15710,2024,SEX_M,34,4.795,0.010863015002061596
BWA,BX:15710,2024,SEX_M,42,2.224,0.005038445331508862
BWA,BX:15710,2024,SEX_M,43,6.508,0.014743795961087982
BWA,BX:15710,2024,SEX_M,44,1.687,0.003821878270798314
BWA,BX:15710,2024,SEX_M,51,9.825,0.022258419686184604
BWA,BX:15710,2024,SEX_M,52,16.836,0.038141756115684884
BWA,BX:15710,2024,SEX_M,53,1.785,0.004043896095657967
BWA,BX:15710,2024,SEX_M,54,33.21,0.07523685677131713
BWA,BX:15710,2024,SEX_M,61,4.266,0.009664571845421225
BWA,BX:15710,2024,SEX_M,63,91.611,0.20754362197160897
BWA,BX:15710,2024,SEX_M,71,27.262,0.06176173409514145
BWA,BX:15710,2024,SEX_M,72,16.458,0.03728540164836908
BWA,BX:15710,2024,SEX_M,73,1.633,0.003699541918324627
BWA,BX:15710,2024,SEX_M,74,4.736,0.01072935120954405
BWA,BX:15710,2024,SEX_M,75,7.265,0.016458770383728363
BWA,BX:15710,2024,SEX_M,81,4.647,0.010527722776763346
BWA,BX:15710,2024,SEX_M,83,26.989,0.0611432558687467
BWA,BX:15710,2024,SEX_M,91,8.415,0.01906408159381613
BWA,BX:15710,2024,SEX_M,92,51.222,0.11604282678531785
BWA,BX:15710,2024,SEX_M,93,25.107,0.05687960743623785
BWA,BX:15710,2024,SEX_M,94,0.79,0.0017897355269298565
BWA,BX:15710,2024,SEX_M,96,17.6,0.039872588954386674
CHE,BA:253,2024,SEX_F,11,38.809,0.01736208507864587
CHE,BA:253,2024,SEX_F,12,61.636,0.027574260504197916
CHE,BA:253,2024,SEX_F,13,32.888,0.014713191632520944
CHE,BA:253,2024,SEX_F,14,16.481,0.007373148604219707
CHE,BA:253,2024,SEX_F,21,79.689,0.03565067891036127
CHE,BA:253,2024,SEX_F,22,180.529,0.08076373668898607
CHE,BA:253,2024,SEX_F,23,164.328,0.07351585242607948
CHE,BA:253,2024,SEX_F,24,90.366,0.04042727666821904
CHE,BA:253,2024,SEX_F,25,29.559,0.013223888088837468
CHE,BA:253,2024,SEX_F,26,94.666,0.04235097905267051
CHE,BA:253,2024,SEX_F,31,50.29,0.022498370445131304
CHE,BA:253,2024,SEX_F,32,134.93,0.06036399133349706
CHE,BA:253,2024,SEX_F,33,127.632,0.057099065751700116
CHE,BA:253,2024,SEX_F,34,81.808,0.03659866155051306
CHE,BA:253,2024,SEX_F,35,7.274,0.0032541886382558183
CHE,BA:253,2024,SEX_F,41,192.098,0.08593939084845563
CHE,BA:253,2024,SEX_F,42,56.699,0.025365581743259095
CHE,BA:253,2024,SEX_F,43,59.995,0.026840121989573525
CHE,BA:253,2024,SEX_F,44,51.895,0.023216403544444007
CHE,BA:253,2024,SEX_F,51,159.477,0.0713456477128297
CHE,BA:253,2024,SEX_F,52,126.128,0.056426217289789644
CHE,BA:253,2024,SEX_F,53,116.362,0.05205717601384706
CHE,BA:253,2024,SEX_F,54,11.174,0.00499894196368855
CHE,BA:253,2024,SEX_F,61,24.073,0.010769601744395424
CHE,BA:253,2024,SEX_F,71,8.445,0.003778062008533185
CHE,BA:253,2024,SEX_F,72,5.169,0.00231246921516969
CHE,BA:253,2024,SEX_F,73,18.329,0.008199893256886293
CHE,BA:253,2024,SEX_F,74,2.344,0.0010486414858498264
CHE,BA:253,2024,SEX_F,75,25.705,0.01149971390519189
CHE,BA:253,2024,SEX_F,81,19.825,0.008869162737616386
CHE,BA:253,2024,SEX_F,82,1.684,7.533755384689026e-4
CHE,BA:253,2024,SEX_F,83,9.471,0.004237066344916257
CHE,BA:253,2024,SEX_F,91,102.567,0.045885670340938205
CHE,BA:253,2024,SEX_F,92,8.389,0.0037530091402705607
CHE,BA:253,2024,SEX_F,93,26.752,0.011968113067173446
CHE,BA:253,2024,SEX_F,94,13.822,0.00618358473439262
CHE,BA:253,2024,SEX_F,96,3.985,0.0017827800004742145
CHE,BA:253,2024,SEX_M,01,1.306,5.168936354799593e-4
CHE,BA:253,2024,SEX_M,02,2.091,8.27583914080088e-4
CHE,BA:253,2024,SEX_M,03,1.286,5.089779595920579e-4
CHE,BA:253,2024,SEX_M,11,95.079,0.037630727387288704
CHE,BA:253,2024,SEX_M,12,75.669,0.029948563938080427
CHE,BA:253,2024,SEX_M,13,82.188,0.03252867849374188
CHE,BA:253,2024,SEX_M,14,19.136,0.007573718689544028
CHE,BA:253,2024,SEX_M,21,178.705,0.07072854297737069
CHE,BA:253,2024,SEX_M,22,60.644,0.024001912427294523
CHE,BA:253,2024,SEX_M,23,65.12,0.025773440691006854
CHE,BA:253,2024,SEX_M,24,118.064,0.04672781790145935
CHE,BA:253,2024,SEX_M,25,162.776,0.06442410291645165
CHE,BA:253,2024,SEX_M,26,65.535,0.025937690965680802
CHE,BA:253,2024,SEX_M,31,197.275,0.0780782480392871
CHE,BA:253,2024,SEX_M,32,24.326,0.009627836582454433
CHE,BA:253,2024,SEX_M,33,111.076,0.04396208074622661
CHE,BA:253,2024,SEX_M,34,55.509,0.021969562643075848
CHE,BA:253,2024,SEX_M,35,28.455,0.011262027869511668
CHE,BA:253,2024,SEX_M,41,56.528,0.022372866329564423
CHE,BA:253,2024,SEX_M,42,45.11,0.017853806965161534
CHE,BA:253,2024,SEX_M,43,82.426,0.032622875036807907
CHE,BA:253,2024,SEX_M,44,34.574,0.013683828907415093
CHE,BA:253,2024,SEX_M,51,110.549,0.04375350268658041
CHE,BA:253,2024,SEX_M,52,51.214,0.02026967124614903
CHE,BA:253,2024,SEX_M,53,20.037,0.007930319888293983
CHE,BA:253,2024,SEX_M,54,35.318,0.013978292050445023
CHE,BA:253,2024,SEX_M,61,74.296,0.029405152788376
CHE,BA:253,2024,SEX_M,62,4.474,0.001770736696123536
CHE,BA:253,2024,SEX_M,71,143.164,0.05666199114077556
CHE,BA:253,2024,SEX_M,72,127.816,0.05058750146440006
CHE,BA:253,2024,SEX_M,73,18.707,0.007403927441748544
CHE,BA:253,2024,SEX_M,74,72.287,0.028610023145436307
CHE,BA:253,2024,SEX_M,75,27.899,0.011041972079828013
CHE,BA:253,2024,SEX_M,81,39.227,0.015525410902735345
CHE,BA:253,2024,SEX_M,82,7.549,0.002987771863888371
CHE,BA:253,2024,SEX_M,83,100.301,0.03969751036161975
CHE,BA:253,2024,SEX_M,91,23.087,0.009137460461198944
CHE,BA:253,2024,SEX_M,92,17.087,0.006762757694828533
CHE,BA:253,2024,SEX_M,93,66.558,0.02634257778734696
CHE,BA:253,2024,SEX_M,94,14.978,0.0059280496724493335
CHE,BA:253,2024,SEX_M,96,9.206,0.003643585611200999
CHL,BX:138,2022,SEX_F,02,0.577,1.5238338709447398e-4
CHL,BX:138,2022,SEX_F,11,5.636,0.0014884450080839783
CHL,BX:138,2022,SEX_F,12,16.184,0.004274129526407222
CHL,BX:138,2022,SEX_F,13,47.129,0.012446579983319698
CHL,BX:138,2022,SEX_F,14,55.416,0.01463514346486546
CHL,BX:138,2022,SEX_F,21,118.737,0.03135796574252436
CHL,BX:138,2022,SEX_F,22,163.48,0.0431744126901293
CHL,BX:138,2022,SEX_F,23,268.288,0.07085378536707494
CHL,BX:138,2022,SEX_F,24,129.075,0.03408819010263298
CHL,BX:138,2022,SEX_F,25,18.086,0.0047764401022368395
CHL,BX:138,2022,SEX_F,26,144.226,0.03808950846982254
CHL,BX:138,2022,SEX_F,31,21.509,0.005680440681135253
CHL,BX:138,2022,SEX_F,32,152.963,0.040396915147542505
CHL,BX:138,2022,SEX_F,33,273.651,0.0722701321694799
CHL,BX:138,2022,SEX_F,34,34.593,0.00913587263389799
CHL,BX:138,2022,SEX_F,35,7.495,0.0019793994562791726
CHL,BX:138,2022,SEX_F,41,78.457,0.02072017920497599
CHL,BX:138,2022,SEX_F,42,82.653,0.021828325985302533
CHL,BX:138,2022,SEX_F,43,49.615,0.013103122618184278
CHL,BX:138,2022,SEX_F,44,27.392,0.007234117399119292
CHL,BX:138,2022,SEX_F,51,262.629,0.06935926615118651
CHL,BX:138,2022,SEX_F,52,632.908,0.16714846578715659
CHL,BX:138,2022,SEX_F,53,146.338,0.038647279203866784
CHL,BX:138,2022,SEX_F,54,37.341,0.009861608418535102
CHL,BX:138,2022,SEX_F,61,34.69,0.009161489945073315
CHL,BX:138,2022,SEX_F,62,2.91,7.685193352598256e-4
CHL,BX:138,2022,SEX_F,63,0.731,1.9305416978520015e-4
CHL,BX:138,2022,SEX_F,71,15.356,0.004055458045446695
CHL,BX:138,2022,SEX_F,72,7.292,0.0019257879700050337
CHL,BX:138,2022,SEX_F,73,39.639,0.010468501006998017
CHL,BX:138,2022,SEX_F,74,2.278,6.016106686329494e-4
CHL,BX:138,2022,SEX_F,75,135.538,0.035795042495686
CHL,BX:138,2022,SEX_F,81,40.804,0.010776172837093445
CHL,BX:138,2022,SEX_F,82,0.441,1.1646633225071584e-4
CHL,BX:138,2022,SEX_F,83,33.472,0.008839821027428483
CHL,BX:138,2022,SEX_F,91,434.035,0.11462690366993072
CHL,BX:138,2022,SEX_F,92,99.403,0.026251933842897746
CHL,BX:138,2022,SEX_F,93,60.442,0.015962489918135526
CHL,BX:138,2022,SEX_F,94,62.432,0.016488040941216985
CHL,BX:138,2022,SEX_F,95,25.07,0.006620886506860422
CHL,BX:138,2022,SEX_F,96,17.591,0.004645712586445221
CHL,BX:138,2022,SEX_M,01,4.966,9.319500087452419e-4
CHL,BX:138,2022,SEX_M,02,6.265,0.0011757283134895167
CHL,BX:138,2022,SEX_M,03,10.061,0.0018881089484466126
CHL,BX:138,2022,SEX_M,11,8.784,0.0016484592985940808
CHL,BX:138,2022,SEX_M,12,23.766,0.004460073279871006
CHL,BX:138,2022,SEX_M,13,116.674,0.02189575821996423
CHL,BX:138,2022,SEX_M,14,95.357,0.017895279295996783
CHL,BX:138,2022,SEX_M,21,288.211,0.054087443409278076
CHL,BX:138,2022,SEX_M,22,81.035,0.015207524961472145
CHL,BX:138,2022,SEX_M,23,131.509,0.02467978527991905
CHL,BX:138,2022,SEX_M,24,129.995,0.024395658756914563
CHL,BX:138,2022,SEX_M,25,110.789,0.020791343036422997
CHL,BX:138,2022,SEX_M,26,118.51,0.022240313237293318
CHL,BX:138,2022,SEX_M,31,170.207,0.03194208923449484
CHL,BX:138,2022,SEX_M,32,40.494,0.007599352326647165
CHL,BX:138,2022,SEX_M,33,161.761,0.030357061088328446
CHL,BX:138,2022,SEX_M,34,53.889,0.010113140157324273
CHL,BX:138,2022,SEX_M,35,51.078,0.009585610661838394
CHL,BX:138,2022,SEX_M,41,30.846,0.005788749490486454
CHL,BX:138,2022,SEX_M,42,39.735,0.0074569137328820345
CHL,BX:138,2022,SEX_M,43,143.739,0.02697494206746523
CHL,BX:138,2022,SEX_M,44,24.048,0.004512995128937893
CHL,BX:138,2022,SEX_M,51,170.026,0.031908121664703686
CHL,BX:138,2022,SEX_M,52,397.735,0.07464138878942585
CHL,BX:138,2022,SEX_M,53,19.51,0.0036613662244501955
CHL,BX:138,2022,SEX_M,54,204.562,0.03838935918021429
CHL,BX:138,2022,SEX_M,61,170.615,0.03201865701612353
CHL,BX:138,2022,SEX_M,62,42.93,0.008056507022841972
CHL,BX:138,2022,SEX_M,63,3.906,7.330239094158105e-4
CHL,BX:138,2022,SEX_M,71,437.394,0.08208403989631823
CHL,BX:138,2022,SEX_M,72,311.939,0.058540385376154254
CHL,BX:138,2022,SEX_M,73,32.188,0.006040597438882772
CHL,BX:138,2022,SEX_M,74,135.558,0.02543964544613119
CHL,BX:138,2022,SEX_M,75,144.948,0.027201830420379648
CHL,BX:138,2022,SEX_M,81,138.82,0.026051812366897797
CHL,BX:138,2022,SEX_M,82,4.175,7.835060987739398e-4
CHL,BX:138,2022,SEX_M,83,598.364,0.11229265707467538
CHL,BX:138,2022,SEX_M,91,82.297,0.015444359619353034
CHL,BX:138,2022,SEX_M,92,211.764,0.03974093065886577
CHL,BX:138,2022,SEX_M,93,239.386,0.04492464454158044
CHL,BX:138,2022,SEX_M,94,31.518,0.005914861130816056
CHL,BX:138,2022,SEX_M,95,34.713,0.006514454420775993
CHL,BX:138,2022,SEX_M,96,74.545,0.013989571768407986
CIV,BA:7345,2019,SEX_F,14,10.248,0.0029064771217027735
CIV,BA:7345,2019,SEX_F,22,8.585,0.002434826901816775
CIV,BA:7345,2019,SEX_F,23,61.66,0.01748764435247785
CIV,BA:7345,2019,SEX_F,32,35.861,0.010170684627379308
CIV,BA:7345,2019,SEX_F,33,23.687,0.0067179667819841525
CIV,BA:7345,2019,SEX_F,41,7.375,0.002091653861490823
CIV,BA:7345,2019,SEX_F,42,8.868,0.00251508968728144
CIV,BA:7345,2019,SEX_F,51,189.198,0.053659217259164844
CIV,BA:7345,2019,SEX_F,52,1487.092,0.4217602337887608
CIV,BA:7345,2019,SEX_F,53,17.604,0.00499274231561823
CIV,BA:7345,2019,SEX_F,61,1285.706,0.36464432808704
CIV,BA:7345,2019,SEX_F,75,143.612,0.04073038567544679
CIV,BA:7345,2019,SEX_F,81,6.164,0.001748197207081957
CIV,BA:7345,2019,SEX_F,91,127.332,0.036113148405606706
CIV,BA:7345,2019,SEX_F,93,10.236,0.0029030737527078057
CIV,BA:7345,2019,SEX_F,95,13.357,0.00378823330548243
CIV,BA:7345,2019,SEX_F,96,89.333,0.025336096868957245
CIV,BA:7345,2019,SEX_M,03,9.623,0.0019006739363543834
CIV,BA:7345,2019,SEX_M,11,13.354,0.0026375973964539575
CIV,BA:7345,2019,SEX_M,14,16.018,0.0031637737828665194
CIV,BA:7345,2019,SEX_M,21,14.535,0.0028708610272171844
CIV,BA:7345,2019,SEX_M,22,5.413,0.001069141433803001
CIV,BA:7345,2019,SEX_M,23,195.507,0.038615302844729964
CIV,BA:7345,2019,SEX_M,24,9.77,0.0019297084441631846
CIV,BA:7345,2019,SEX_M,25,11.882,0.0023468572910488187
CIV,BA:7345,2019,SEX_M,26,35.875,0.007085802500957446
CIV,BA:7345,2019,SEX_M,31,36.525,0.007214186379023574
CIV,BA:7345,2019,SEX_M,32,39.441,0.0077901362073940815
CIV,BA:7345,2019,SEX_M,33,81.321,0.016062008228023984
CIV,BA:7345,2019,SEX_M,34,29.863,0.005898350385675044
CIV,BA:7345,2019,SEX_M,41,9.204,0.0018179157134163718
CIV,BA:7345,2019,SEX_M,42,7.134,0.0014090624401903952
CIV,BA:7345,2019,SEX_M,43,15.422,0.003046055642362808
CIV,BA:7345,2019,SEX_M,44,5.199,0.0010268735108704603
CIV,BA:7345,2019,SEX_M,51,61.313,0.012110154947490005
CIV,BA:7345,2019,SEX_M,52,574.282,0.113428538867034
CIV,BA:7345,2019,SEX_M,53,9.08,0.0017934240197545258
CIV,BA:7345,2019,SEX_M,54,61.596,0.012166051312863411
CIV,BA:7345,2019,SEX_M,61,2399.195,0.47387378205671365
CIV,BA:7345,2019,SEX_M,62,59.733,0.011798083366960031
CIV,BA:7345,2019,SEX_M,63,5.576,0.0011013361601488144
CIV,BA:7345,2019,SEX_M,71,149.05,0.029439410808855957
CIV,BA:7345,2019,SEX_M,72,189.429,0.03741481482798239
CIV,BA:7345,2019,SEX_M,73,18.783,0.0037098990487939715
CIV,BA:7345,2019,SEX_M,74,53.894,0.010644801114609076
CIV,BA:7345,2019,SEX_M,75,277.511,0.05481221290155267
CIV,BA:7345,2019,SEX_M,81,30.838,0.006090926202774237
CIV,BA:7345,2019,SEX_M,83,358.616,0.07083155817932699
CIV,BA:7345,2019,SEX_M,91,42.33,0.008360753166983379
CIV,BA:7345,2019,SEX_M,92,32.601,0.006439142782821288
CIV,BA:7345,2019,SEX_M,93,112.561,0.02223233492154066
CIV,BA:7345,2019,SEX_M,95,36.328,0.00717527618828661
CIV,BA:7345,2019,SEX_M,96,54.139,0.010693191960957079
COD,BB:7091,2020,SEX_F,11,107.411,0.00720345558773306
COD,BB:7091,2020,SEX_F,14,227.449,0.015253733509364003
COD,BB:7091,2020,SEX_F,21,43.578,0.0029225329584700943
COD,BB:7091,2020,SEX_F,22,95.83,0.006426782629083233
COD,BB:7091,2020,SEX_F,23,155.224,0.010410006332221807
COD,BB:7091,2020,SEX_F,24,54.468,0.0036528644082323447
COD,BB:7091,2020,SEX_F,26,37.064,0.0024856753768584053
COD,BB:7091,2020,SEX_F,31,137.578,0.009226587713075374
COD,BB:7091,2020,SEX_F,32,68.951,0.004624158291327538
COD,BB:7091,2020,SEX_F,33,90.12,0.006043844834947104
COD,BB:7091,2020,SEX_F,34,20.304,0.0013616758269947402
COD,BB:7091,2020,SEX_F,41,15.52,0.0010408396786327015
COD,BB:7091,2020,SEX_F,43,15.061,0.0010100571133947885
COD,BB:7091,2020,SEX_F,51,207.781,0.013934710648581273
COD,BB:7091,2020,SEX_F,52,1444.019,0.09684228556053576
COD,BB:7091,2020,SEX_F,53,10.528,7.060541325157913e-4
COD,BB:7091,2020,SEX_F,54,12.003,8.049741406332678e-4
COD,BB:7091,2020,SEX_F,61,6511.807,0.43671050935555256
COD,BB:7091,2020,SEX_F,62,56.281,0.0037744521877014865
COD,BB:7091,2020,SEX_F,63,5087.016,0.341157738314395
COD,BB:7091,2020,SEX_F,71,9.07,6.082742194071265e-4
COD,BB:7091,2020,SEX_F,73,13.731,9.208614450583521e-4
COD,BB:7091,2020,SEX_F,75,193.679,0.012988968306565915
COD,BB:7091,2020,SEX_F,81,9.011,6.043174190824273e-4
COD,BB:7091,2020,SEX_F,83,3.996,2.679893914830074e-4
COD,BB:7091,2020,SEX_F,91,156.121,0.01047016311003969
COD,BB:7091,2020,SEX_F,93,4.627,3.103070356336024e-4
COD,BB:7091,2020,SEX_F,94,8.395,5.630057411160779e-4
COD,BB:7091,2020,SEX_F,95,36.28,0.002433096877628506
COD,BB:7091,2020,SEX_F,96,78.135,0.005240077853734931
COD,BB:7091,2020,SEX_M,03,8.706,5.566308959174391e-4
COD,BB:7091,2020,SEX_M,11,255.699,0.01634849109294662
COD,BB:7091,2020,SEX_M,14,207.789,0.013285294880747617
COD,BB:7091,2020,SEX_M,21,200.307,0.012806922222436764
COD,BB:7091,2020,SEX_M,22,134.969,0.008629441234904759
COD,BB:7091,2020,SEX_M,23,496.408,0.03173857452108708
COD,BB:7091,2020,SEX_M,24,102.868,0.006577016655322206
COD,BB:7091,2020,SEX_M,25,22.291,0.0014252078222944677
COD,BB:7091,2020,SEX_M,26,101.543,0.006492300834383703
COD,BB:7091,2020,SEX_M,31,265.212,0.016956718719050752
COD,BB:7091,2020,SEX_M,32,106.706,0.006822404821935017
COD,BB:7091,2020,SEX_M,33,156.348,0.009996338997806085
COD,BB:7091,2020,SEX_M,34,27.541,0.0017608742826168379
COD,BB:7091,2020,SEX_M,35,20.393,0.0013038564048293516
COD,BB:7091,2020,SEX_M,41,39.97,0.002555540651254312
COD,BB:7091,2020,SEX_M,42,12.053,7.706262564315293e-4
COD,BB:7091,2020,SEX_M,43,66.117,0.004227287496596982
COD,BB:7091,2020,SEX_M,51,134.474,0.008597792682931506
COD,BB:7091,2020,SEX_M,52,856.248,0.0547454733939255
COD,BB:7091,2020,SEX_M,53,19.724,0.0012610829073139867
COD,BB:7091,2020,SEX_M,54,135.911,0.008689669388356887
COD,BB:7091,2020,SEX_M,61,5694.745,0.36410188506447927
COD,BB:7091,2020,SEX_M,62,396.707,0.025364044661925052
COD,BB:7091,2020,SEX_M,63,4861.774,0.3108446608509203
COD,BB:7091,2020,SEX_M,71,153.774,0.009831766527545173
COD,BB:7091,2020,SEX_M,72,81.414,0.005205323657273419
COD,BB:7091,2020,SEX_M,73,23.305,0.0014900394014881596
COD,BB:7091,2020,SEX_M,74,32.894,0.0021031261992083897
COD,BB:7091,2020,SEX_M,75,195.399,0.012493122034386824
COD,BB:7091,2020,SEX_M,81,150.067,0.009594754038323263
COD,BB:7091,2020,SEX_M,82,10.407,6.653868290618871e-4
COD,BB:7091,2020,SEX_M,83,366.316,0.02342095144370464
COD,BB:7091,2020,SEX_M,91,29.612,0.0018932867091554337
COD,BB:7091,2020,SEX_M,93,133.973,0.00856576051214646
COD,BB:7091,2020,SEX_M,95,60.09,0.0038419424001469005
COD,BB:7091,2020,SEX_M,96,78.772,0.005036403507145476
COK,BA:15665,2023,SEX_F,11,0.1,0.02497502497502497
COK,BA:15665,2023,SEX_F,12,0.367,0.09165834165834162
COK,BA:15665,2023,SEX_F,13,0.099,0.024725274725274717
COK,BA:15665,2023,SEX_F,14,0.198,0.049450549450549434
COK,BA:15665,2023,SEX_F,22,0.146,0.03646353646353645
COK,BA:15665,2023,SEX_F,23,0.204,0.05094905094905093
COK,BA:15665,2023,SEX_F,24,0.138,0.03446553446553446
COK,BA:15665,2023,SEX_F,26,0.074,0.018481518481518473
COK,BA:15665,2023,SEX_F,31,0.059,0.014735264735264729
COK,BA:15665,2023,SEX_F,32,0.083,0.020729270729270725
COK,BA:15665,2023,SEX_F,33,0.329,0.08216783216783215
COK,BA:15665,2023,SEX_F,34,0.143,0.0357142857142857
COK,BA:15665,2023,SEX_F,41,0.109,0.027222777222777213
COK,BA:15665,2023,SEX_F,42,0.22,0.05494505494505493
COK,BA:15665,2023,SEX_F,51,0.558,0.13936063936063933
COK,BA:15665,2023,SEX_F,52,0.641,0.16008991008991005
COK,BA:15665,2023,SEX_F,53,0.149,0.0372127872127872
COK,BA:15665,2023,SEX_F,61,0.045,0.011238761238761235
COK,BA:15665,2023,SEX_F,73,0.062,0.015484515484515479
COK,BA:15665,2023,SEX_F,75,0.071,0.017732267732267725
COK,BA:15665,2023,SEX_F,91,0.055,0.013736263736263733
COK,BA:15665,2023,SEX_F,92,0.019,0.004745254745254743
COK,BA:15665,2023,SEX_F,94,0.085,0.021228771228771225
COK,BA:15665,2023,SEX_F,96,0.05,0.012487512487512484
COK,BA:15665,2023,SEX_M,11,0.1,0.025138260432378077
COK,BA:15665,2023,SEX_M,12,0.117,0.02941176470588235
COK,BA:15665,2023,SEX_M,13,0.065,0.01633986928104575
COK,BA:15665,2023,SEX_M,14,0.169,0.04248366013071895
COK,BA:15665,2023,SEX_M,21,0.174,0.04374057315233785
COK,BA:15665,2023,SEX_M,23,0.05,0.012569130216189038
COK,BA:15665,2023,SEX_M,24,0.111,0.027903469079939663
COK,BA:15665,2023,SEX_M,26,0.102,0.025641025641025637
COK,BA:15665,2023,SEX_M,31,0.145,0.036450477626948204
COK,BA:15665,2023,SEX_M,33,0.132,0.03318250377073906
COK,BA:15665,2023,SEX_M,34,0.132,0.03318250377073906
COK,BA:15665,2023,SEX_M,51,0.5,0.12569130216189037
COK,BA:15665,2023,SEX_M,52,0.145,0.036450477626948204
COK,BA:15665,2023,SEX_M,54,0.169,0.04248366013071895
COK,BA:15665,2023,SEX_M,61,0.108,0.02714932126696832
COK,BA:15665,2023,SEX_M,63,0.139,0.03494218200100553
COK,BA:15665,2023,SEX_M,71,0.478,0.1201608848667672
COK,BA:15665,2023,SEX_M,72,0.225,0.05656108597285067
COK,BA:15665,2023,SEX_M,74,0.071,0.017848164906988432
COK,BA:15665,2023,SEX_M,75,0.091,0.022875816993464047
COK,BA:15665,2023,SEX_M,83,0.213,0.0535444947209653
COK,BA:15665,2023,SEX_M,91,0.046,0.011563599798893914
COK,BA:15665,2023,SEX_M,92,0.141,0.035444947209653084
COK,BA:15665,2023,SEX_M,93,0.103,0.025892408245349417
COK,BA:15665,2023,SEX_M,96,0.252,0.06334841628959276
COL,BA:358,2024,SEX_F,02,0.201,2.1054530290712782e-5
COL,BA:358,2024,SEX_F,03,1.085,1.1365256400708142e-4
COL,BA:358,2024,SEX_F,11,50.606,0.005300923183541349
COL,BA:358,2024,SEX_F,12,176.469,0.01848493485508355
COL,BA:358,2024,SEX_F,13,128.394,0.013449131154954115
COL,BA:358,2024,SEX_F,14,283.71,0.02971831238198071
COL,BA:358,2024,SEX_F,21,139.508,0.014613310506451538
COL,BA:358,2024,SEX_F,22,185.359,0.01941615263759319
COL,BA:358,2024,SEX_F,23,408.159,0.04275420909913949
COL,BA:358,2024,SEX_F,24,261.342,0.02737528883201721
COL,BA:358,2024,SEX_F,25,48.742,0.005105671221044389
COL,BA:358,2024,SEX_F,26,236.839,0.024808626365781714
COL,BA:358,2024,SEX_F,31,35.569,0.003725813870200811
COL,BA:358,2024,SEX_F,32,75.837,0.007943842854013857
COL,BA:358,2024,SEX_F,33,511.254,0.05355329765795061
COL,BA:358,2024,SEX_F,34,59.4,0.006222085070986762
COL,BA:358,2024,SEX_F,35,18.658,0.0019544051052941248
COL,BA:358,2024,SEX_F,41,382.041,0.04001837714822986
COL,BA:358,2024,SEX_F,42,245.27,0.025691764400015544
COL,BA:358,2024,SEX_F,43,161.484,0.0169152724849028
COL,BA:358,2024,SEX_F,44,42.914,0.004495194591520638
COL,BA:358,2024,SEX_F,51,887.174,0.09293050674692946
COL,BA:358,2024,SEX_F,52,1527.611,0.16001558244739325
COL,BA:358,2024,SEX_F,53,435.577,0.04562621462904379
COL,BA:358,2024,SEX_F,54,79.837,0.008362838481689734
COL,BA:358,2024,SEX_F,61,205.67,0.021543707686024365
COL,BA:358,2024,SEX_F,62,14.758,0.0015458843683101454
COL,BA:358,2024,SEX_F,71,8.359,8.755961129356624e-4
COL,BA:358,2024,SEX_F,72,8.048,8.43019202883863e-4
COL,BA:358,2024,SEX_F,73,181.077,0.018967617818166162
COL,BA:358,2024,SEX_F,74,6.154,6.446247731793356e-4
COL,BA:358,2024,SEX_F,75,319.348,0.03345135392675894
COL,BA:358,2024,SEX_F,81,237.688,0.02489755818775592
COL,BA:358,2024,SEX_F,82,3.999,4.188908787689573e-4
COL,BA:358,2024,SEX_F,83,26.775,0.0028046519827553966
COL,BA:358,2024,SEX_F,91,1296.016,0.13575625934949462
COL,BA:358,2024,SEX_F,92,280.12,0.029342263806141616
COL,BA:358,2024,SEX_F,93,101.863,0.010670037905486946
COL,BA:358,2024,SEX_F,94,304.76,0.03192327687262501
COL,BA:358,2024,SEX_F,95,90.654,0.00949590740783222
COL,BA:358,2024,SEX_F,96,78.31,0.008202886900824468
COL,BA:358,2024,SEX_M,01,2.19,1.6235770070358708e-4
COL,BA:358,2024,SEX_M,02,7.895,5.853032178332511e-4
COL,BA:358,2024,SEX_M,03,10.721,7.948113740836334e-4
COL,BA:358,2024,SEX_M,11,76.016,0.005635517340951542
COL,BA:358,2024,SEX_M,12,146.19,0.010837932541487395
COL,BA:358,2024,SEX_M,13,239.661,0.017767492652202
COL,BA:358,2024,SEX_M,14,338.054,0.025061949841849507
COL,BA:358,2024,SEX_M,21,275.664,0.020436608770207136
COL,BA:358,2024,SEX_M,22,113.669,0.008426957754007324
COL,BA:358,2024,SEX_M,23,246.242,0.0182553812496131
COL,BA:358,2024,SEX_M,24,183.87,0.013631374624825825
COL,BA:358,2024,SEX_M,25,180.138,0.013354699310202178
COL,BA:358,2024,SEX_M,26,239.11,0.017726643751248727
COL,BA:358,2024,SEX_M,31,280.006,0.020758507006031324
COL,BA:358,2024,SEX_M,32,37.828,0.002804414201924791
COL,BA:358,2024,SEX_M,33,340.199,0.025220971425415354
COL,BA:358,2024,SEX_M,34,122.72,0.009097962114312423
COL,BA:358,2024,SEX_M,35,62.589,0.004640094122984845
COL,BA:358,2024,SEX_M,41,142.889,0.010593209815449705
COL,BA:358,2024,SEX_M,42,156.163,0.011577290235148068
COL,BA:358,2024,SEX_M,43,263.463,0.019532076210259892
COL,BA:358,2024,SEX_M,44,31.075,0.0023037742234538667
COL,BA:358,2024,SEX_M,51,352.652,0.026144186241333967
COL,BA:358,2024,SEX_M,52,1088.9,0.08072662113978812
COL,BA:358,2024,SEX_M,53,43.547,0.0032283976221639753
COL,BA:358,2024,SEX_M,54,497.137,0.036855717011269024
COL,BA:358,2024,SEX_M,61,893.748,0.06625884488056144
COL,BA:358,2024,SEX_M,62,159.997,0.011861527415283938
COL,BA:358,2024,SEX_M,71,570.498,0.04229440344109362
COL,BA:358,2024,SEX_M,72,523.383,0.038801488797874664
COL,BA:358,2024,SEX_M,73,100.271,0.007433684478196064
COL,BA:358,2024,SEX_M,74,280.06,0.02076251034659662
COL,BA:358,2024,SEX_M,75,420.635,0.03118416960522984
COL,BA:358,2024,SEX_M,81,309.26,0.022927279689311113
COL,BA:358,2024,SEX_M,82,15.416,0.0011428795954550222
COL,BA:358,2024,SEX_M,83,1392.655,0.10324578249924843
COL,BA:358,2024,SEX_M,91,188.288,0.013958907191815985
COL,BA:358,2024,SEX_M,92,1481.152,0.10980659046233764
COL,BA:358,2024,SEX_M,93,1089.136,0.08074411722077718
COL,BA:358,2024,SEX_M,94,95.518,0.0070813163725138035
COL,BA:358,2024,SEX_M,95,160.635,0.01190882614270352
COL,BA:358,2024,SEX_M,96,329.495,0.024427420362250422
CRI,BA:12883,2024,SEX_F,11,1.097,0.0012841764179789383
CRI,BA:12883,2024,SEX_F,12,3.832,0.004485837770004823
CRI,BA:12883,2024,SEX_F,13,4.354,0.005096904397338466
CRI,BA:12883,2024,SEX_F,14,1.858,0.0021750225930764516
CRI,BA:12883,2024,SEX_F,21,14.915,0.017459882656477542
CRI,BA:12883,2024,SEX_F,22,23.097,0.027037942320929386
CRI,BA:12883,2024,SEX_F,23,66.771,0.07816385014117747
CRI,BA:12883,2024,SEX_F,24,18.059,0.021140329929153736
CRI,BA:12883,2024,SEX_F,25,5.468,0.006400981452606047
CRI,BA:12883,2024,SEX_F,26,20.989,0.02457026329713759
CRI,BA:12883,2024,SEX_F,31,4.348,0.005089880643001298
CRI,BA:12883,2024,SEX_F,32,15.732,0.01841628387205529
CRI,BA:12883,2024,SEX_F,33,50.751,0.0594104260609381
CRI,BA:12883,2024,SEX_F,34,12.505,0.014638674664381608
CRI,BA:12883,2024,SEX_F,35,3.21,0.0037577085703850424
CRI,BA:12883,2024,SEX_F,41,38.614,0.04520254166256948
CRI,BA:12883,2024,SEX_F,42,32.767,0.038357893060998974
CRI,BA:12883,2024,SEX_F,43,13.086,0.015318808209364071
CRI,BA:12883,2024,SEX_F,44,2.26,0.0026456141336667276
CRI,BA:12883,2024,SEX_F,51,76.809,0.08991459114726004
CRI,BA:12883,2024,SEX_F,52,133.502,0.1562808752534405
CRI,BA:12883,2024,SEX_F,53,38.628,0.04521893042268954
CRI,BA:12883,2024,SEX_F,54,10.004,0.011710939731505285
CRI,BA:12883,2024,SEX_F,61,4.686,0.005485552137328445
CRI,BA:12883,2024,SEX_F,62,1.097,0.0012841764179789383
CRI,BA:12883,2024,SEX_F,71,0.458,5.361465810705139e-4
CRI,BA:12883,2024,SEX_F,72,0.405,4.7410341775886057e-4
CRI,BA:12883,2024,SEX_F,73,13.911,0.016284574430724712
CRI,BA:12883,2024,SEX_F,74,0.56,6.555504048023751e-4
CRI,BA:12883,2024,SEX_F,75,34.375,0.040240259223360074
CRI,BA:12883,2024,SEX_F,81,23.181,0.027136274881649745
CRI,BA:12883,2024,SEX_F,82,1.204,0.0014094333703251062
CRI,BA:12883,2024,SEX_F,83,4.018,0.00470357415445704
CRI,BA:12883,2024,SEX_F,91,123.548,0.14462846680807828
CRI,BA:12883,2024,SEX_F,92,12.756,0.014932501720819814
CRI,BA:12883,2024,SEX_F,93,18.663,0.02184738786576201
CRI,BA:12883,2024,SEX_F,94,17.15,0.020076231147072732
CRI,BA:12883,2024,SEX_F,95,2.709,0.003171225083231489
CRI,BA:12883,2024,SEX_F,96,2.867,0.003356183947443588
CRI,BA:12883,2024,SEX_M,11,0.813,6.080887016670457e-4
CRI,BA:12883,2024,SEX_M,12,3.337,0.002495931116190568
CRI,BA:12883,2024,SEX_M,13,5.108,0.003820562224004021
CRI,BA:12883,2024,SEX_M,14,5.012,0.003748758392072857
CRI,BA:12883,2024,SEX_M,21,23.331,0.017450575029020716
CRI,BA:12883,2024,SEX_M,22,14.934,0.01116998360479171
CRI,BA:12883,2024,SEX_M,23,23.776,0.017783415708284966
CRI,BA:12883,2024,SEX_M,24,32.794,0.02452848817031869
CRI,BA:12883,2024,SEX_M,25,23.358,0.017470769856751358
CRI,BA:12883,2024,SEX_M,26,21.042,0.015738502411412024
CRI,BA:12883,2024,SEX_M,31,23.096,0.017274805232105887
CRI,BA:12883,2024,SEX_M,32,11.729,0.008772782757506493
CRI,BA:12883,2024,SEX_M,33,68.223,0.05102784193583131
CRI,BA:12883,2024,SEX_M,34,18.049,0.01349986835964146
CRI,BA:12883,2024,SEX_M,35,17.729,0.013260522253204246
CRI,BA:12883,2024,SEX_M,41,12.88,0.009633680784097846
CRI,BA:12883,2024,SEX_M,42,37.478,0.028031916803293404
CRI,BA:12883,2024,SEX_M,43,42.822,0.03202899678079487
CRI,BA:12883,2024,SEX_M,44,1.36,0.0010172209523581577
CRI,BA:12883,2024,SEX_M,51,32.878,0.02459131652325846
CRI,BA:12883,2024,SEX_M,52,111.78,0.08360658680484916
CRI,BA:12883,2024,SEX_M,53,3.608,0.002698627350079583
CRI,BA:12883,2024,SEX_M,54,68.633,0.05133450413470399
CRI,BA:12883,2024,SEX_M,61,49.287,0.0368645360874092
CRI,BA:12883,2024,SEX_M,62,5.438,0.0040673878962673975
CRI,BA:12883,2024,SEX_M,71,65.684,0.04912878017256855
CRI,BA:12883,2024,SEX_M,72,49.67,0.03715100345855124
CRI,BA:12883,2024,SEX_M,73,11.352,0.00849080312586015
CRI,BA:12883,2024,SEX_M,74,32.154,0.02404979595744427
CRI,BA:12883,2024,SEX_M,75,38.396,0.02871854094613516
CRI,BA:12883,2024,SEX_M,81,27.806,0.020797680736228626
CRI,BA:12883,2024,SEX_M,82,1.034,7.733871064252463e-4
CRI,BA:12883,2024,SEX_M,83,143.584,0.10739459795837772
CRI,BA:12883,2024,SEX_M,91,20.67,0.015460262562678764
CRI,BA:12883,2024,SEX_M,92,120.542,0.09016018238173311
CRI,BA:12883,2024,SEX_M,93,106.726,0.07982641423630642
CRI,BA:12883,2024,SEX_M,94,9.082,0.006792941683321168
CRI,BA:12883,2024,SEX_M,95,10.663,0.007975461040437526
CRI,BA:12883,2024,SEX_M,96,41.118,0.03075447876401671
CYP,BA:36,2024,SEX_F,02,0.565,0.0024109238318754007
CYP,BA:36,2024,SEX_F,03,0.706,0.003012588009387669
CYP,BA:36,2024,SEX_F,12,2.469,0.010535523789204186
CYP,BA:36,2024,SEX_F,13,2.129,0.009084702368252618
CYP,BA:36,2024,SEX_F,14,1.073,0.004578621719650098
CYP,BA:36,2024,SEX_F,21,6.79,0.028973757200768092
CYP,BA:36,2024,SEX_F,22,10.656,0.0454704501813527
CYP,BA:36,2024,SEX_F,23,20.759,0.08858118199274592
CYP,BA:36,2024,SEX_F,24,11.329,0.048342223170471536
CYP,BA:36,2024,SEX_F,25,3.243,0.013838276082782168
CYP,BA:36,2024,SEX_F,26,6.869,0.029310859825048014
CYP,BA:36,2024,SEX_F,31,1.51,0.006443353957755496
CYP,BA:36,2024,SEX_F,32,2.13,0.009088969490078945
CYP,BA:36,2024,SEX_F,33,31.643,0.13502453595050143
CYP,BA:36,2024,SEX_F,34,2.435,0.01039044164710903
CYP,BA:36,2024,SEX_F,35,0.755,0.003221676978877748
CYP,BA:36,2024,SEX_F,41,19.8,0.08448901216129724
CYP,BA:36,2024,SEX_F,42,6.15,0.026242799231918083
CYP,BA:36,2024,SEX_F,43,7.695,0.03283550245359507
CYP,BA:36,2024,SEX_F,44,1.533,0.006541497759761043
CYP,BA:36,2024,SEX_F,51,17.624,0.0752037550672072
CYP,BA:36,2024,SEX_F,52,22.058,0.09412417324514619
CYP,BA:36,2024,SEX_F,53,6.406,0.027335182419458086
CYP,BA:36,2024,SEX_F,54,3.242,0.013834008960955841
CYP,BA:36,2024,SEX_F,61,0.751,0.003204608491572436
CYP,BA:36,2024,SEX_F,71,0.127,5.419244719436742e-4
CYP,BA:36,2024,SEX_F,73,0.481,0.002052485598463837
CYP,BA:36,2024,SEX_F,75,1.771,0.007557072754427141
CYP,BA:36,2024,SEX_F,81,0.789,0.0033667591209729053
CYP,BA:36,2024,SEX_F,83,0.431,0.0018391295071474298
CYP,BA:36,2024,SEX_F,91,33.187,0.1416129720503521
CYP,BA:36,2024,SEX_F,92,0.957,0.004083635587796033
CYP,BA:36,2024,SEX_F,93,2.338,0.009976530829955199
CYP,BA:36,2024,SEX_F,94,3.243,0.013838276082782168
CYP,BA:36,2024,SEX_F,96,0.706,0.003012588009387669
CYP,BA:36,2024,SEX_M,01,1.578,0.006256169939460257
CYP,BA:36,2024,SEX_M,02,2.204,0.00873802189263017
CYP,BA:36,2024,SEX_M,03,1.675,0.006640738053609588
CYP,BA:36,2024,SEX_M,11,2.637,0.010454702237234915
CYP,BA:36,2024,SEX_M,12,3.637,0.014419321970733177
CYP,BA:36,2024,SEX_M,13,5.974,0.023684638287918617
CYP,BA:36,2024,SEX_M,14,4.574,0.01813417066102105
CYP,BA:36,2024,SEX_M,21,11.241,0.04456629042425396
CYP,BA:36,2024,SEX_M,22,6.122,0.024271402008476356
CYP,BA:36,2024,SEX_M,23,5.642,0.022368384536397192
CYP,BA:36,2024,SEX_M,24,10.16,0.04028053649234234
CYP,BA:36,2024,SEX_M,25,11.072,0.04389626968929275
CYP,BA:36,2024,SEX_M,26,6.167,0.02444980989648378
CYP,BA:36,2024,SEX_M,31,8.233,0.03264071426589119
CYP,BA:36,2024,SEX_M,32,1.175,0.004658428186860458
CYP,BA:36,2024,SEX_M,33,20.231,0.08020822182840334
CYP,BA:36,2024,SEX_M,34,3.162,0.012536127597321502
CYP,BA:36,2024,SEX_M,35,2.308,0.009150342344913987
CYP,BA:36,2024,SEX_M,41,2.586,0.010252506630826504
CYP,BA:36,2024,SEX_M,42,3.218,0.012758146302397405
CYP,BA:36,2024,SEX_M,43,6.434,0.025508363365327816
CYP,BA:36,2024,SEX_M,44,0.885,0.0035086884641459615
CYP,BA:36,2024,SEX_M,51,14.975,0.059370180509136464
CYP,BA:36,2024,SEX_M,52,12.678,0.05026344898129096
CYP,BA:36,2024,SEX_M,53,0.453,0.0017959727392747125
CYP,BA:36,2024,SEX_M,54,7.749,0.030721838314878028
CYP,BA:36,2024,SEX_M,61,6.324,0.025072255194643005
CYP,BA:36,2024,SEX_M,62,0.352,0.001395546146191388
CYP,BA:36,2024,SEX_M,71,24.497,0.09712128961150691
CYP,BA:36,2024,SEX_M,72,9.314,0.036926468197802806
CYP,BA:36,2024,SEX_M,73,0.884,0.003504723844412463
CYP,BA:36,2024,SEX_M,74,7.73,0.030646510539941565
CYP,BA:36,2024,SEX_M,75,3.2,0.012686783147194437
CYP,BA:36,2024,SEX_M,81,2.464,0.009768823023339717
CYP,BA:36,2024,SEX_M,83,19.049,0.07552204130340838
CYP,BA:36,2024,SEX_M,91,3.623,0.014363817294464202
CYP,BA:36,2024,SEX_M,92,3.778,0.014978333353156433
CYP,BA:36,2024,SEX_M,93,6.781,0.02688408641285171
CYP,BA:36,2024,SEX_M,94,3.804,0.015081413466227387
CYP,BA:36,2024,SEX_M,96,3.661,0.014514472844337135
CZE,BA:149,2024,SEX_F,11,9.588,0.004090012699173763
CZE,BA:149,2024,SEX_F,12,27.876,0.011891238423254884
CZE,BA:149,2024,SEX_F,13,28.766,0.012270891249940808
CZE,BA:149,2024,SEX_F,14,6.811,0.0029054105646717254
CZE,BA:149,2024,SEX_F,21,48.881,0.020851471709252473
CZE,BA:149,2024,SEX_F,22,107.119,0.04569441701322428
CZE,BA:149,2024,SEX_F,23,198.681,0.08475258793122054
CZE,BA:149,2024,SEX_F,24,120.525,0.051413097681259685
CZE,BA:149,2024,SEX_F,25,18.028,0.007690315909543659
CZE,BA:149,2024,SEX_F,26,73.738,0.03145487655524353
CZE,BA:149,2024,SEX_F,31,53.244,0.022712623712433027
CZE,BA:149,2024,SEX_F,32,94.943,0.040500425083193015
CZE,BA:149,2024,SEX_F,33,248.436,0.10597688724780278
CZE,BA:149,2024,SEX_F,34,27.834,0.011873322222444986
CZE,BA:149,2024,SEX_F,35,5.883,0.0025095478420149404
CZE,BA:149,2024,SEX_F,41,85.796,0.03659853249252318
CZE,BA:149,2024,SEX_F,42,48.787,0.020811373545535083
CZE,BA:149,2024,SEX_F,43,123.668,0.05275382670853369
CZE,BA:149,2024,SEX_F,44,24.335,0.010380732064496613
CZE,BA:149,2024,SEX_F,51,169.958,0.07250003945829937
CZE,BA:149,2024,SEX_F,52,211.519,0.09022897331211256
CZE,BA:149,2024,SEX_F,53,145.674,0.0621410627805005
CZE,BA:149,2024,SEX_F,54,21.064,0.0089854012823734
CZE,BA:149,2024,SEX_F,61,20.039,0.008548160667369947
CZE,BA:149,2024,SEX_F,71,2.891,0.001233231822414617
CZE,BA:149,2024,SEX_F,72,13.964,0.005956710193081188
CZE,BA:149,2024,SEX_F,73,8.214,0.0035038969869642567
CZE,BA:149,2024,SEX_F,74,3.418,0.001458037484957856
CZE,BA:149,2024,SEX_F,75,57.823,0.024665916176921623
CZE,BA:149,2024,SEX_F,81,77.929,0.03324265745034545
CZE,BA:149,2024,SEX_F,82,55.931,0.02385883398805671
CZE,BA:149,2024,SEX_F,83,34.681,0.014794089530668051
CZE,BA:149,2024,SEX_F,91,89.253,0.038073206449661647
CZE,BA:149,2024,SEX_F,92,3.438,0.0014665690091530453
CZE,BA:149,2024,SEX_F,93,61.161,0.02608982756509872
CZE,BA:149,2024,SEX_F,94,7.319,0.003122111279229534
CZE,BA:149,2024,SEX_F,96,7.032,0.0029996839070285672
CZE,BA:149,2024,SEX_M,03,1.857,6.530548513324323e-4
CZE,BA:149,2024,SEX_M,11,32.848,0.01155172092437681
CZE,BA:149,2024,SEX_M,12,83.452,0.02934772937716432
CZE,BA:149,2024,SEX_M,13,63.907,0.022474300691492595
CZE,BA:149,2024,SEX_M,14,13.771,0.004842874721431839
CZE,BA:149,2024,SEX_M,21,126.114,0.044350759031199984
CZE,BA:149,2024,SEX_M,22,30.698,0.010795626185354339
CZE,BA:149,2024,SEX_M,23,72.114,0.02536047256272861
CZE,BA:149,2024,SEX_M,24,88.398,0.03108709894888764
CZE,BA:149,2024,SEX_M,25,114.043,0.040105726661553355
CZE,BA:149,2024,SEX_M,26,48.528,0.017065937439666275
CZE,BA:149,2024,SEX_M,31,206.338,0.07256329128391567
CZE,BA:149,2024,SEX_M,32,7.968,0.002802122270014443
CZE,BA:149,2024,SEX_M,33,144.935,0.05096957720940554
CZE,BA:149,2024,SEX_M,34,28.943,0.01017844187512902
CZE,BA:149,2024,SEX_M,35,48.386,0.01701600001969363
CZE,BA:149,2024,SEX_M,41,11.598,0.004078691527061686
CZE,BA:149,2024,SEX_M,42,9.846,0.0034625622327512807
CZE,BA:149,2024,SEX_M,43,46.952,0.016511702412364222
CZE,BA:149,2024,SEX_M,44,7.455,0.002621714548563965
CZE,BA:149,2024,SEX_M,51,72.888,0.0256326666687767
CZE,BA:149,2024,SEX_M,52,63.014,0.022160257620819544
CZE,BA:149,2024,SEX_M,53,18.278,0.006427860297605922
CZE,BA:149,2024,SEX_M,54,83.862,0.029491914885536045
CZE,BA:149,2024,SEX_M,61,33.09,0.011636825541513294
CZE,BA:149,2024,SEX_M,62,15.108,0.005313060147512325
CZE,BA:149,2024,SEX_M,63,3.296,0.0011591108185200305
CZE,BA:149,2024,SEX_M,71,255.213,0.08975125889774047
CZE,BA:149,2024,SEX_M,72,326.159,0.11470097859759547
CZE,BA:149,2024,SEX_M,73,13.288,0.0046730171591305115
CZE,BA:149,2024,SEX_M,74,103.454,0.03638187215387477
CZE,BA:149,2024,SEX_M,75,57.803,0.020327694976612052
CZE,BA:149,2024,SEX_M,81,106.425,0.037426689581612334
CZE,BA:149,2024,SEX_M,82,56.352,0.019817418945764793
CZE,BA:149,2024,SEX_M,83,345.078,0.12135426062902158
CZE,BA:149,2024,SEX_M,91,7.333,0.002578810568024085
CZE,BA:149,2024,SEX_M,92,6.264,0.0022028732303426795
CZE,BA:149,2024,SEX_M,93,63.132,0.022201754913472867
CZE,BA:149,2024,SEX_M,94,2.465,8.668714100885544e-4
CZE,BA:149,2024,SEX_M,96,22.906,0.008055398182348246
DEU,BA:2242,2024,SEX_F,03,20.182,0.0010161634537835954
DEU,BA:2242,2024,SEX_F,11,151.936,0.007649975746410879
DEU,BA:2242,2024,SEX_F,12,159.315,0.00802150830638854
DEU,BA:2242,2024,SEX_F,13,147.188,0.007410914004335538
DEU,BA:2242,2024,SEX_F,14,100.632,0.005066819972309522
DEU,BA:2242,2024,SEX_F,21,481.722,0.024254696823086966
DEU,BA:2242,2024,SEX_F,22,710.472,0.03577225653238225
DEU,BA:2242,2024,SEX_F,23,1863.661,0.09383530861370475
DEU,BA:2242,2024,SEX_F,24,839.598,0.04227374905707061
DEU,BA:2242,2024,SEX_F,25,195.085,0.00982252737000162
DEU,BA:2242,2024,SEX_F,26,901.129,0.0453718341564046
DEU,BA:2242,2024,SEX_F,31,359.026,0.018076954719953877
DEU,BA:2242,2024,SEX_F,32,2214.108,0.11148031078832073
DEU,BA:2242,2024,SEX_F,33,1606.828,0.0809037701970165
DEU,BA:2242,2024,SEX_F,34,325.731,0.016400551876146283
DEU,BA:2242,2024,SEX_F,35,43.074,0.002168775374505727
DEU,BA:2242,2024,SEX_F,41,2184.461,0.10998758470000825
DEU,BA:2242,2024,SEX_F,42,383.005,0.019284297077414823
DEU,BA:2242,2024,SEX_F,43,686.57,0.03456879112398192
DEU,BA:2242,2024,SEX_F,44,260.908,0.013136714616974052
DEU,BA:2242,2024,SEX_F,51,1133.779,0.05708575881812065
DEU,BA:2242,2024,SEX_F,52,1642.314,0.08269048986409433
DEU,BA:2242,2024,SEX_F,53,714.446,0.03597234738390024
DEU,BA:2242,2024,SEX_F,54,124.34,0.006260517483076615
DEU,BA:2242,2024,SEX_F,61,109.448,0.005510705464756066
DEU,BA:2242,2024,SEX_F,62,3.512,1.7682915715429526e-4
DEU,BA:2242,2024,SEX_F,71,36.132,0.001819245759196753
DEU,BA:2242,2024,SEX_F,72,95.99,0.004833095328941003
DEU,BA:2242,2024,SEX_F,73,64.533,0.0032492357627101755
DEU,BA:2242,2024,SEX_F,74,65.196,0.0032826178046217068
DEU,BA:2242,2024,SEX_F,75,196.217,0.009879523556191445
DEU,BA:2242,2024,SEX_F,81,211.292,0.010638549622279428
DEU,BA:2242,2024,SEX_F,82,107.248,0.005399935491595632
DEU,BA:2242,2024,SEX_F,83,90.708,0.004567146693380357
DEU,BA:2242,2024,SEX_F,91,942.1,0.04743472350656651
DEU,BA:2242,2024,SEX_F,92,43.588,0.002194655268235029
DEU,BA:2242,2024,SEX_F,93,328.375,0.01653367724389001
DEU,BA:2242,2024,SEX_F,94,231.904,0.01167636357081711
DEU,BA:2242,2024,SEX_F,96,85.225,0.004291077710271872
DEU,BA:2242,2024,SEX_M,01,8.26,3.660055304055993e-4
DEU,BA:2242,2024,SEX_M,02,2.935,1.3005160190562154e-4
DEU,BA:2242,2024,SEX_M,03,133.532,0.005916882625438317
DEU,BA:2242,2024,SEX_M,11,500.83,0.0221920762461303
DEU,BA:2242,2024,SEX_M,12,339.171,0.015028869461646189
DEU,BA:2242,2024,SEX_M,13,356.966,0.01581737653350668
DEU,BA:2242,2024,SEX_M,14,140.678,0.00623352615089575
DEU,BA:2242,2024,SEX_M,21,1348.146,0.05973715397024057
DEU,BA:2242,2024,SEX_M,22,376.875,0.016699556207216738
DEU,BA:2242,2024,SEX_M,23,730.368,0.03236304203768484
DEU,BA:2242,2024,SEX_M,24,1000.232,0.0443208769598854
DEU,BA:2242,2024,SEX_M,25,940.015,0.04165262574627354
DEU,BA:2242,2024,SEX_M,26,587.706,0.026041603662536703
DEU,BA:2242,2024,SEX_M,31,1485.731,0.06583362744492027
DEU,BA:2242,2024,SEX_M,32,487.804,0.02161488641089261
DEU,BA:2242,2024,SEX_M,33,1426.063,0.06318970274900729
DEU,BA:2242,2024,SEX_M,34,260.357,0.011536574077458915
DEU,BA:2242,2024,SEX_M,35,279.75,0.012395889483167846
DEU,BA:2242,2024,SEX_M,41,591.279,0.02619992542526542
DEU,BA:2242,2024,SEX_M,42,211.223,0.009359417209305316
DEU,BA:2242,2024,SEX_M,43,897.285,0.039759233940676535
DEU,BA:2242,2024,SEX_M,44,180.768,0.008009937980673048
DEU,BA:2242,2024,SEX_M,51,880.923,0.03903422395417576
DEU,BA:2242,2024,SEX_M,52,813.053,0.036026863742477454
DEU,BA:2242,2024,SEX_M,53,133.332,0.005908020506058035
DEU,BA:2242,2024,SEX_M,54,418.704,0.018553024165005576
DEU,BA:2242,2024,SEX_M,61,419.199,0.01857495791047177
DEU,BA:2242,2024,SEX_M,62,23.537,0.0010429385192683525
DEU,BA:2242,2024,SEX_M,71,974.874,0.043197248843659594
DEU,BA:2242,2024,SEX_M,72,1750.71,0.07757500510125748
DEU,BA:2242,2024,SEX_M,73,126.655,0.005612158650547359
DEU,BA:2242,2024,SEX_M,74,670.606,0.029714952145663116
DEU,BA:2242,2024,SEX_M,75,445.773,0.01975246771252969
DEU,BA:2242,2024,SEX_M,81,762.627,0.03379245758312724
DEU,BA:2242,2024,SEX_M,82,254.496,0.011276869669019782
DEU,BA:2242,2024,SEX_M,83,1203.278,0.053317966418327936
DEU,BA:2242,2024,SEX_M,91,198.194,0.008782094442276919
DEU,BA:2242,2024,SEX_M,92,94.316,0.004179198257352846
DEU,BA:2242,2024,SEX_M,93,821.818,0.036415246124318255
DEU,BA:2242,2024,SEX_M,94,126.627,0.005610917953834119
DEU,BA:2242,2024,SEX_M,96,163.269,0.007234546845495375
DNK,BA:2487,2024,SEX_F,03,0.844,6.017876801797949e-4
DNK,BA:2487,2024,SEX_F,11,1.497,0.0010673888118828828
DNK,BA:2487,2024,SEX_F,12,7.992,0.005698444478669338
DNK,BA:2487,2024,SEX_F,13,11.037,0.00786958604993412
DNK,BA:2487,2024,SEX_F,14,3.735,0.002663124390369116
DNK,BA:2487,2024,SEX_F,21,40.092,0.028586340845697084
DNK,BA:2487,2024,SEX_F,22,119.338,0.08509021111054071
DNK,BA:2487,2024,SEX_F,23,135.756,0.09679655013091024
DNK,BA:2487,2024,SEX_F,24,106.033,0.075603498924768
DNK,BA:2487,2024,SEX_F,25,19.77,0.014096377295206807
DNK,BA:2487,2024,SEX_F,26,63.981,0.045619641665383244
DNK,BA:2487,2024,SEX_F,31,21.051,0.01500975409415268
DNK,BA:2487,2024,SEX_F,32,24.842,0.017712807524912874
DNK,BA:2487,2024,SEX_F,33,137.927,0.09834451346464286
DNK,BA:2487,2024,SEX_F,34,30.31,0.021611593111670123
DNK,BA:2487,2024,SEX_F,35,10.075,0.007183662177501699
DNK,BA:2487,2024,SEX_F,41,70.337,0.050151587749770424
DNK,BA:2487,2024,SEX_F,42,25.922,0.01848286758959792
DNK,BA:2487,2024,SEX_F,43,33.062,0.023573820239460166
DNK,BA:2487,2024,SEX_F,44,14.92,0.010638237189908223
DNK,BA:2487,2024,SEX_F,51,52.543,0.03746413516550588
DNK,BA:2487,2024,SEX_F,52,112.051,0.0798944447296519
DNK,BA:2487,2024,SEX_F,53,179.913,0.12828131149785243
DNK,BA:2487,2024,SEX_F,54,6.628,0.004725887137715262
DNK,BA:2487,2024,SEX_F,61,10.597,0.007555857875432804
DNK,BA:2487,2024,SEX_F,71,4.205,0.0029982431222227933
DNK,BA:2487,2024,SEX_F,72,1.658,0.0011821848030072275
DNK,BA:2487,2024,SEX_F,73,3.013,0.002148324976755595
DNK,BA:2487,2024,SEX_F,74,1.077,7.679210089498094e-4
DNK,BA:2487,2024,SEX_F,75,4.665,0.00332623166829235
DNK,BA:2487,2024,SEX_F,81,9.61,0.0068521085385400814
DNK,BA:2487,2024,SEX_F,82,3.19,0.0022745292651345328
DNK,BA:2487,2024,SEX_F,83,5.298,0.0037775724284271964
DNK,BA:2487,2024,SEX_F,91,43.251,0.03083876653490084
DNK,BA:2487,2024,SEX_F,92,5.95,0.004242460541551872
DNK,BA:2487,2024,SEX_F,93,31.247,0.022279691519642243
DNK,BA:2487,2024,SEX_F,94,39.437,0.02811931367683717
DNK,BA:2487,2024,SEX_F,96,9.634,0.006869220984421972
DNK,BA:2487,2024,SEX_M,01,2.684,0.001685171744366227
DNK,BA:2487,2024,SEX_M,02,3.199,0.002008518781753934
DNK,BA:2487,2024,SEX_M,03,5.536,0.003475823687336599
DNK,BA:2487,2024,SEX_M,11,10.975,0.0068907451171458045
DNK,BA:2487,2024,SEX_M,12,23.124,0.014518595907870576
DNK,BA:2487,2024,SEX_M,13,21.554,0.013532858337581838
DNK,BA:2487,2024,SEX_M,14,6.281,0.003943578139479982
DNK,BA:2487,2024,SEX_M,21,74.473,0.046758493039562594
DNK,BA:2487,2024,SEX_M,22,30.946,0.019429703726213585
DNK,BA:2487,2024,SEX_M,23,72.501,0.04552035642261394
DNK,BA:2487,2024,SEX_M,24,97.788,0.061397009887512885
DNK,BA:2487,2024,SEX_M,25,83.488,0.05241863583966004
DNK,BA:2487,2024,SEX_M,26,39.185,0.02460262846609188
DNK,BA:2487,2024,SEX_M,31,114.879,0.0721277365205096
DNK,BA:2487,2024,SEX_M,32,9.561,0.006002953445560915
DNK,BA:2487,2024,SEX_M,33,115.893,0.07276438486208463
DNK,BA:2487,2024,SEX_M,34,25.143,0.015786241866095396
DNK,BA:2487,2024,SEX_M,35,34.309,0.021541191273271563
DNK,BA:2487,2024,SEX_M,41,22.701,0.014253011836385141
DNK,BA:2487,2024,SEX_M,42,10.357,0.006502728672280555
DNK,BA:2487,2024,SEX_M,43,29.845,0.018738431710361415
DNK,BA:2487,2024,SEX_M,44,7.094,0.004454026957725042
DNK,BA:2487,2024,SEX_M,51,67.868,0.04261148880277462
DNK,BA:2487,2024,SEX_M,52,85.321,0.053569500149430266
DNK,BA:2487,2024,SEX_M,53,51.485,0.032325285863895374
DNK,BA:2487,2024,SEX_M,54,22.99,0.01443446289231727
DNK,BA:2487,2024,SEX_M,61,32.204,0.020219549499094623
DNK,BA:2487,2024,SEX_M,62,2.441,0.0015326021713852308
DNK,BA:2487,2024,SEX_M,71,80.552,0.0505752437973876
DNK,BA:2487,2024,SEX_M,72,66.259,0.04160126475780992
DNK,BA:2487,2024,SEX_M,73,4.765,0.002991744918742575
DNK,BA:2487,2024,SEX_M,74,31.52,0.019790094404777747
DNK,BA:2487,2024,SEX_M,75,12.999,0.008161530366995746
DNK,BA:2487,2024,SEX_M,81,33.439,0.0209949545305001
DNK,BA:2487,2024,SEX_M,82,8.889,0.0055810326511443326
DNK,BA:2487,2024,SEX_M,83,74.309,0.04665552427425855
DNK,BA:2487,2024,SEX_M,91,24.954,0.015667576642665732
DNK,BA:2487,2024,SEX_M,92,11.536,0.007242973637484647
DNK,BA:2487,2024,SEX_M,93,91.563,0.05748859181423429
DNK,BA:2487,2024,SEX_M,94,22.782,0.014303868360712138
DNK,BA:2487,2024,SEX_M,96,25.324,0.015899884222924862
DOM,BA:13413,2024,SEX_F,01,2.174,0.001041152834914538
DOM,BA:13413,2024,SEX_F,02,1.677,8.031339945499909e-4
DOM,BA:13413,2024,SEX_F,03,2.172,0.0010401950126193084
DOM,BA:13413,2024,SEX_F,11,5.583,0.002673760937133333
DOM,BA:13413,2024,SEX_F,12,8.182,0.003918451009784153
DOM,BA:13413,2024,SEX_F,13,13.671,0.006547194299041697
DOM,BA:13413,2024,SEX_F,14,18.932,0.00906674584664307
DOM,BA:13413,2024,SEX_F,21,5.564,0.002664661625328652
DOM,BA:13413,2024,SEX_F,22,41.972,0.020100858687687666
DOM,BA:13413,2024,SEX_F,23,137.166,0.06569032647372931
DOM,BA:13413,2024,SEX_F,24,41.099,0.01968276925581996
DOM,BA:13413,2024,SEX_F,25,1.219,5.837926889424203e-4
DOM,BA:13413,2024,SEX_F,26,39.836,0.01907790447638249
DOM,BA:13413,2024,SEX_F,31,15.967,0.007646774293965239
DOM,BA:13413,2024,SEX_F,32,35.515,0.017008529407539014
DOM,BA:13413,2024,SEX_F,33,101.493,0.048606129104867155
DOM,BA:13413,2024,SEX_F,34,19.7,0.009434549608011223
DOM,BA:13413,2024,SEX_F,35,2.429,0.0011632751775563076
DOM,BA:13413,2024,SEX_F,41,68.026,0.03257840972764322
DOM,BA:13413,2024,SEX_F,42,202.734,0.0970915726005354
DOM,BA:13413,2024,SEX_F,43,18.156,0.008695110796093997
DOM,BA:13413,2024,SEX_F,44,8.764,0.004197177297695957
DOM,BA:13413,2024,SEX_F,51,249.224,0.11935615185314664
DOM,BA:13413,2024,SEX_F,52,385.527,0.1846331780064844
DOM,BA:13413,2024,SEX_F,53,64.347,0.030816495615568432
DOM,BA:13413,2024,SEX_F,54,11.959,0.005727298414325188
DOM,BA:13413,2024,SEX_F,61,10.172,0.004871484193537572
DOM,BA:13413,2024,SEX_F,71,1.411,6.757436292844587e-4
DOM,BA:13413,2024,SEX_F,72,1.221,5.8475051123765e-4
DOM,BA:13413,2024,SEX_F,73,7.075,0.003388296369374589
DOM,BA:13413,2024,SEX_F,74,0.749,3.587044495634724e-4
DOM,BA:13413,2024,SEX_F,75,54.191,0.0259526740003927
DOM,BA:13413,2024,SEX_F,81,26.386,0.012636549540963661
DOM,BA:13413,2024,SEX_F,82,14.92,0.007145354322412561
DOM,BA:13413,2024,SEX_F,83,3.381,0.0016191985900855807
DOM,BA:13413,2024,SEX_F,91,339.908,0.16278573036344562
DOM,BA:13413,2024,SEX_F,92,9.716,0.0046531007102252305
DOM,BA:13413,2024,SEX_F,93,14.219,0.006809637607934598
DOM,BA:13413,2024,SEX_F,94,77.934,0.037323461378210486
DOM,BA:13413,2024,SEX_F,95,6.886,0.003297782162475395
DOM,BA:13413,2024,SEX_F,96,16.813,0.008051933124847345
DOM,BA:13413,2024,SEX_M,01,12.592,0.0043155462137353775
DOM,BA:13413,2024,SEX_M,02,13.483,0.004620910864024309
DOM,BA:13413,2024,SEX_M,03,12.849,0.004403625579755866
DOM,BA:13413,2024,SEX_M,11,7.997,0.002740741984692012
DOM,BA:13413,2024,SEX_M,12,7.191,0.0024645086422308685
DOM,BA:13413,2024,SEX_M,13,15.24,0.005223072132888116
DOM,BA:13413,2024,SEX_M,14,47.957,0.016435883876438018
DOM,BA:13413,2024,SEX_M,21,27.865,0.009549928148486046
DOM,BA:13413,2024,SEX_M,22,9.291,0.003184223306211515
DOM,BA:13413,2024,SEX_M,23,38.037,0.01303608889230087
DOM,BA:13413,2024,SEX_M,24,22.734,0.007791425319493336
DOM,BA:13413,2024,SEX_M,25,14.751,0.005055481432561194
DOM,BA:13413,2024,SEX_M,26,45.404,0.015560916477798689
DOM,BA:13413,2024,SEX_M,31,34.587,0.01185370051576124
DOM,BA:13413,2024,SEX_M,32,19.345,0.006629942940335997
DOM,BA:13413,2024,SEX_M,33,48.829,0.016734736822624267
DOM,BA:13413,2024,SEX_M,34,34.315,0.011760480330712315
DOM,BA:13413,2024,SEX_M,35,16.931,0.005802613798026817
DOM,BA:13413,2024,SEX_M,41,9.053,0.0031026556442937084
DOM,BA:13413,2024,SEX_M,42,66.616,0.022830720026540335
DOM,BA:13413,2024,SEX_M,43,59.024,0.020228780155616022
DOM,BA:13413,2024,SEX_M,44,6.574,0.0022530496195279836
DOM,BA:13413,2024,SEX_M,51,115.889,0.03971762509240622
DOM,BA:13413,2024,SEX_M,52,311.716,0.10683170295113859
DOM,BA:13413,2024,SEX_M,53,1.694,5.805698289443877e-4
DOM,BA:13413,2024,SEX_M,54,150.531,0.05159017527793838
DOM,BA:13413,2024,SEX_M,61,202.285,0.06932737181110712
DOM,BA:13413,2024,SEX_M,62,9.71,0.003327823517739082
DOM,BA:13413,2024,SEX_M,71,315.941,0.10827970031081391
DOM,BA:13413,2024,SEX_M,72,185.091,0.06343462231944845
DOM,BA:13413,2024,SEX_M,73,13.633,0.00467231905430864
DOM,BA:13413,2024,SEX_M,74,80.898,0.027725465184145853
DOM,BA:13413,2024,SEX_M,75,109.862,0.037652044006781765
DOM,BA:13413,2024,SEX_M,81,44.184,0.015142796530152788
DOM,BA:13413,2024,SEX_M,82,7.202,0.002468278576185053
DOM,BA:13413,2024,SEX_M,83,382.013,0.1309239799672564
DOM,BA:13413,2024,SEX_M,91,54.531,0.018688933495966
DOM,BA:13413,2024,SEX_M,92,132.667,0.04546780253634302
DOM,BA:13413,2024,SEX_M,93,145.401,0.04983201517021424
DOM,BA:13413,2024,SEX_M,94,39.039,0.013379495603400208
DOM,BA:13413,2024,SEX_M,95,15.508,0.005314921432862788
DOM,BA:13413,2024,SEX_M,96,29.363,0.01006332460879224
ECU,BA:19,2024,SEX_F,01,0.439,1.2939428442750102e-4
ECU,BA:19,2024,SEX_F,02,1.716,5.05787225689275e-4
ECU,BA:19,2024,SEX_F,11,8.325,0.0024537754393142274
ECU,BA:19,2024,SEX_F,12,4.657,0.0013726405070133764
ECU,BA:19,2024,SEX_F,13,10.096,0.002975773794032005
ECU,BA:19,2024,SEX_F,14,7.305,0.002153132682785638
ECU,BA:19,2024,SEX_F,21,19.158,0.005646778362328166
ECU,BA:19,2024,SEX_F,22,56.647,0.01669657865595592
ECU,BA:19,2024,SEX_F,23,171.57,0.05056988013491196
ECU,BA:19,2024,SEX_F,24,51.49,0.015176564248683435
ECU,BA:19,2024,SEX_F,25,3.274,9.650042988966705e-4
ECU,BA:19,2024,SEX_F,26,31.89,0.009399507358526214
ECU,BA:19,2024,SEX_F,31,10.602,0.0031249161810942274
ECU,BA:19,2024,SEX_F,32,35.641,0.010505106358270077
ECU,BA:19,2024,SEX_F,33,103.488,0.03050286038003013
ECU,BA:19,2024,SEX_F,34,16.404,0.004835042919700972
ECU,BA:19,2024,SEX_F,35,3.751,0.001105598999743864
ECU,BA:19,2024,SEX_F,41,20.224,0.005960979517680594
ECU,BA:19,2024,SEX_F,42,40.01,0.011792859498734204
ECU,BA:19,2024,SEX_F,43,40.035,0.01180022819374716
ECU,BA:19,2024,SEX_F,44,12.889,0.003799004400879409
ECU,BA:19,2024,SEX_F,51,253.203,0.07463102733461627
ECU,BA:19,2024,SEX_F,52,591.901,0.1744615178745382
ECU,BA:19,2024,SEX_F,53,44.772,0.013196448524801995
ECU,BA:19,2024,SEX_F,54,14.608,0.004305675869970239
ECU,BA:19,2024,SEX_F,61,306.463,0.09032929519021697
ECU,BA:19,2024,SEX_F,62,3.442,0.0010145219293837325
ECU,BA:19,2024,SEX_F,63,144.296,0.04253092862357787
ECU,BA:19,2024,SEX_F,71,1.68,4.951763048706189e-4
ECU,BA:19,2024,SEX_F,72,1.817,5.355567535416158e-4
ECU,BA:19,2024,SEX_F,73,27.858,0.008211084226836729
ECU,BA:19,2024,SEX_F,74,1.222,3.6018181223327163e-4
ECU,BA:19,2024,SEX_F,75,159.923,0.04713695250227619
ECU,BA:19,2024,SEX_F,81,18.123,0.005341714388791803
ECU,BA:19,2024,SEX_F,83,11.282,0.003325344685446621
ECU,BA:19,2024,SEX_F,91,280.284,0.08261309252045033
ECU,BA:19,2024,SEX_F,92,589.217,0.1736704147779473
ECU,BA:19,2024,SEX_F,93,61.891,0.0182422361218735
ECU,BA:19,2024,SEX_F,94,152.035,0.044811981851788425
ECU,BA:19,2024,SEX_F,95,47.933,0.014128146322240106
ECU,BA:19,2024,SEX_F,96,31.17,0.009187288942153092
ECU,BA:19,2024,SEX_M,01,3.068,6.329462554771617e-4
ECU,BA:19,2024,SEX_M,02,23.066,0.00475865004199355
ECU,BA:19,2024,SEX_M,03,1.536,3.1688573937839644e-4
ECU,BA:19,2024,SEX_M,11,9.603,0.0019811547885747014
ECU,BA:19,2024,SEX_M,12,6.122,0.001263004229475614
ECU,BA:19,2024,SEX_M,13,20.199,0.004167171256317858
ECU,BA:19,2024,SEX_M,14,9.759,0.00201333849648032
ECU,BA:19,2024,SEX_M,21,64.943,0.013398118862272917
ECU,BA:19,2024,SEX_M,22,34.724,0.007163763290478801
ECU,BA:19,2024,SEX_M,23,81.214,0.016754920857992895
ECU,BA:19,2024,SEX_M,24,23.734,0.004896462329691967
ECU,BA:19,2024,SEX_M,25,19.932,0.004112087602402472
ECU,BA:19,2024,SEX_M,26,54.027,0.011146084532159262
ECU,BA:19,2024,SEX_M,31,67.409,0.013906869014165579
ECU,BA:19,2024,SEX_M,32,16.866,0.003479553958565127
ECU,BA:19,2024,SEX_M,33,78.819,0.01626081841931369
ECU,BA:19,2024,SEX_M,34,28.584,0.005897045556244846
ECU,BA:19,2024,SEX_M,35,23.769,0.00490368303338874
ECU,BA:19,2024,SEX_M,41,7.059,0.001456312782729232
ECU,BA:19,2024,SEX_M,42,23.798,0.004909665902166066
ECU,BA:19,2024,SEX_M,43,77.732,0.0160365639930739
ECU,BA:19,2024,SEX_M,44,10.239,0.0021123652900360687
ECU,BA:19,2024,SEX_M,51,146.321,0.030186873874730694
ECU,BA:19,2024,SEX_M,52,351.615,0.07254022086688468
ECU,BA:19,2024,SEX_M,53,4.08,8.417277452238656e-4
ECU,BA:19,2024,SEX_M,54,137.172,0.028299381928394138
ECU,BA:19,2024,SEX_M,61,1013.458,0.2090822836321295
ECU,BA:19,2024,SEX_M,62,100.258,0.020683808892317232
ECU,BA:19,2024,SEX_M,63,131.655,0.02716119271996275
ECU,BA:19,2024,SEX_M,71,248.845,0.05133817175495903
ECU,BA:19,2024,SEX_M,72,180.837,0.03730772555466867
ECU,BA:19,2024,SEX_M,73,28.657,0.005912105881098116
ECU,BA:19,2024,SEX_M,74,89.795,0.018525231098621815
ECU,BA:19,2024,SEX_M,75,168.471,0.03475654778568869
ECU,BA:19,2024,SEX_M,81,56.029,0.011559108783614698
ECU,BA:19,2024,SEX_M,82,0.881,1.817554273387808e-4
ECU,BA:19,2024,SEX_M,83,420.093,0.0866676308025317
ECU,BA:19,2024,SEX_M,91,64.304,0.013266289443351826
ECU,BA:19,2024,SEX_M,92,397.139,0.08193208701236783
ECU,BA:19,2024,SEX_M,93,381.569,0.07871990539640324
ECU,BA:19,2024,SEX_M,94,47.316,0.009761566174757947
ECU,BA:19,2024,SEX_M,95,110.887,0.022876633452117347
ECU,BA:19,2024,SEX_M,96,81.589,0.016832285540458326
EGY,BA:582,2024,SEX_F,11,23.425,0.004746189777082054
EGY,BA:582,2024,SEX_F,12,36.43,0.007381160878510105
EGY,BA:582,2024,SEX_F,13,51.777,0.010490649651567877
EGY,BA:582,2024,SEX_F,14,26.122,0.005292634764437029
EGY,BA:582,2024,SEX_F,21,58.951,0.011944189265688972
EGY,BA:582,2024,SEX_F,22,181.433,0.03676053147600121
EGY,BA:582,2024,SEX_F,23,929.182,0.18826356924007073
EGY,BA:582,2024,SEX_F,24,119.686,0.02424983861941698
EGY,BA:582,2024,SEX_F,25,8.195,0.0016604066263900719
EGY,BA:582,2024,SEX_F,26,147.735,0.02993290701034012
EGY,BA:582,2024,SEX_F,31,29.145,0.005905131314965057
EGY,BA:582,2024,SEX_F,32,302.454,0.06128085732497655
EGY,BA:582,2024,SEX_F,33,158.434,0.03210065447778946
EGY,BA:582,2024,SEX_F,34,40.938,0.008294536482142375
EGY,BA:582,2024,SEX_F,35,1.694,3.4322499391150474e-4
EGY,BA:582,2024,SEX_F,41,77.008,0.01560275698414236
EGY,BA:582,2024,SEX_F,42,78.717,0.015949021160408455
EGY,BA:582,2024,SEX_F,43,20.493,0.004152130932838528
EGY,BA:582,2024,SEX_F,44,226.148,0.04582033407502892
EGY,BA:582,2024,SEX_F,51,179.229,0.0363139742820337
EGY,BA:582,2024,SEX_F,52,682.222,0.13822647095412904
EGY,BA:582,2024,SEX_F,53,51.188,0.010371311091111043
EGY,BA:582,2024,SEX_F,54,8.539,0.00173010520838863
EGY,BA:582,2024,SEX_F,61,911.612,0.18470367364206297
EGY,BA:582,2024,SEX_F,71,3.212,6.507902481958402e-4
EGY,BA:582,2024,SEX_F,73,12.667,0.002566488192371329
EGY,BA:582,2024,SEX_F,74,2.157,4.370344225897968e-4
EGY,BA:582,2024,SEX_F,75,82.105,0.016635471148231464
EGY,BA:582,2024,SEX_F,81,228.344,0.04626527037174064
EGY,BA:582,2024,SEX_F,82,4.339,8.791341491039076e-4
EGY,BA:582,2024,SEX_F,91,151.834,0.030763414241770613
EGY,BA:582,2024,SEX_F,92,10.025,0.002031186873649844
EGY,BA:582,2024,SEX_F,93,10.071,0.0020405070328705813
EGY,BA:582,2024,SEX_F,94,11.538,0.0023377390671493166
EGY,BA:582,2024,SEX_F,95,30.937,0.006268212300259872
EGY,BA:582,2024,SEX_F,96,37.552,0.00760849171863331
EGY,BA:582,2024,SEX_M,11,86.591,0.003465245933575457
EGY,BA:582,2024,SEX_M,12,170.051,0.006805193799014216
EGY,BA:582,2024,SEX_M,13,132.021,0.005283288487216517
EGY,BA:582,2024,SEX_M,14,568.265,0.022741139153529318
EGY,BA:582,2024,SEX_M,21,384.975,0.015406139821438852
EGY,BA:582,2024,SEX_M,22,159.451,0.006380997209346701
EGY,BA:582,2024,SEX_M,23,638.886,0.025567288904369847
EGY,BA:582,2024,SEX_M,24,521.373,0.0208645894853511
EGY,BA:582,2024,SEX_M,25,41.591,0.0016644113547982682
EGY,BA:582,2024,SEX_M,26,398.654,0.015953553514840922
EGY,BA:582,2024,SEX_M,31,668.802,0.026764483732340923
EGY,BA:582,2024,SEX_M,32,140.359,0.005616963125390833
EGY,BA:582,2024,SEX_M,33,409.627,0.01639267702223919
EGY,BA:582,2024,SEX_M,34,216.452,0.00866209436101067
EGY,BA:582,2024,SEX_M,35,30.114,0.001205118500117695
EGY,BA:582,2024,SEX_M,41,78.543,0.0031431766737977057
EGY,BA:582,2024,SEX_M,42,149.606,0.005987014622056447
EGY,BA:582,2024,SEX_M,43,139.927,0.005599675113434571
EGY,BA:582,2024,SEX_M,44,632.409,0.02530808878066452
EGY,BA:582,2024,SEX_M,51,1218.792,0.04877428395415572
EGY,BA:582,2024,SEX_M,52,2738.681,0.10959803211200202
EGY,BA:582,2024,SEX_M,53,36.019,0.0014414280153994571
EGY,BA:582,2024,SEX_M,54,548.504,0.02195033266216896
EGY,BA:582,2024,SEX_M,61,4098.154,0.1640021651634234
EGY,BA:582,2024,SEX_M,62,120.013,0.004802745784506373
EGY,BA:582,2024,SEX_M,63,7.094,2.838915667076751e-4
EGY,BA:582,2024,SEX_M,71,3408.023,0.13638412585928827
EGY,BA:582,2024,SEX_M,72,731.766,0.029284211474965963
EGY,BA:582,2024,SEX_M,73,189.831,0.007596760642752279
EGY,BA:582,2024,SEX_M,74,420.606,0.01683204064091463
EGY,BA:582,2024,SEX_M,75,916.285,0.03666839360033015
EGY,BA:582,2024,SEX_M,81,794.767,0.03180541990380023
EGY,BA:582,2024,SEX_M,82,70.355,0.0028155048175526475
EGY,BA:582,2024,SEX_M,83,2682.87,0.10736455703031016
EGY,BA:582,2024,SEX_M,91,250.348,0.010018563002838038
EGY,BA:582,2024,SEX_M,92,77.93,0.003118645304980141
EGY,BA:582,2024,SEX_M,93,211.849,0.00847788899287486
EGY,BA:582,2024,SEX_M,94,85.236,0.0034110208034811664
EGY,BA:582,2024,SEX_M,95,210.388,0.008419421896883895
EGY,BA:582,2024,SEX_M,96,603.206,0.024139427176130514
ESP,BA:2244,2024,SEX_F,03,10.712,0.0010659229353240911
ESP,BA:2244,2024,SEX_F,11,20.62,0.002051841946077554
ESP,BA:2244,2024,SEX_F,12,103.96,0.010344786067615058
ESP,BA:2244,2024,SEX_F,13,72.636,0.007227817245164365
ESP,BA:2244,2024,SEX_F,14,103.12,0.010261199877765149
ESP,BA:2244,2024,SEX_F,21,242.074,0.024088146811579912
ESP,BA:2244,2024,SEX_F,22,551.364,0.05486478092905454
ESP,BA:2244,2024,SEX_F,23,848.64,0.0844459335169377
ESP,BA:2244,2024,SEX_F,24,338.236,0.03365697441675497
ESP,BA:2244,2024,SEX_F,25,67.082,0.006675153318466269
ESP,BA:2244,2024,SEX_F,26,398.385,0.03964224314685288
ESP,BA:2244,2024,SEX_F,31,119.135,0.011854810390201231
ESP,BA:2244,2024,SEX_F,32,196.348,0.019538072862678738
ESP,BA:2244,2024,SEX_F,33,523.902,0.052132109565175694
ESP,BA:2244,2024,SEX_F,34,184.002,0.018309554886622798
ESP,BA:2244,2024,SEX_F,35,67.674,0.0067340616808366826
ESP,BA:2244,2024,SEX_F,41,402.177,0.0400195750896039
ESP,BA:2244,2024,SEX_F,42,681.6,0.06782422262106988
ESP,BA:2244,2024,SEX_F,43,318.171,0.03166035906039968
ESP,BA:2244,2024,SEX_F,44,48.097,0.004786005920489433
ESP,BA:2244,2024,SEX_F,51,572.3,0.05694806720369466
ESP,BA:2244,2024,SEX_F,52,1301.205,0.12947948590910976
ESP,BA:2244,2024,SEX_F,53,755.929,0.07522050584172935
ESP,BA:2244,2024,SEX_F,54,73.39,0.007302845801291547
ESP,BA:2244,2024,SEX_F,61,70.844,0.007049500040151223
ESP,BA:2244,2024,SEX_F,62,6.494,6.462008534348999e-4
ESP,BA:2244,2024,SEX_F,71,16.927,0.0016843612328445565
ESP,BA:2244,2024,SEX_F,72,8.202,8.161594394630503e-4
ESP,BA:2244,2024,SEX_F,73,20.924,0.0020820921862137118
ESP,BA:2244,2024,SEX_F,74,4.887,4.8629251166251237e-4
ESP,BA:2244,2024,SEX_F,75,110.049,0.010950686436658039
ESP,BA:2244,2024,SEX_F,81,137.719,0.013704055333261621
ESP,BA:2244,2024,SEX_F,82,39.027,0.0038834740848481424
ESP,BA:2244,2024,SEX_F,83,67.607,0.006727394687122463
ESP,BA:2244,2024,SEX_F,91,1054.591,0.10493957564286487
ESP,BA:2244,2024,SEX_F,92,90.9,0.009045219830186696
ESP,BA:2244,2024,SEX_F,93,212.007,0.021096258751797478
ESP,BA:2244,2024,SEX_F,94,162.036,0.016123776022047648
ESP,BA:2244,2024,SEX_F,96,46.534,0.004630475902947279
ESP,BA:2244,2024,SEX_M,01,12.251,0.0010559912396945822
ESP,BA:2244,2024,SEX_M,02,20.125,0.0017347011426702692
ESP,BA:2244,2024,SEX_M,03,50.084,0.004317056995254548
ESP,BA:2244,2024,SEX_M,11,28.473,0.0024542681060994074
ESP,BA:2244,2024,SEX_M,12,139.906,0.012059383754853499
ESP,BA:2244,2024,SEX_M,13,168.084,0.014488223943582089
ESP,BA:2244,2024,SEX_M,14,193.502,0.016679162261315897
ESP,BA:2244,2024,SEX_M,21,513.654,0.044275089726069784
ESP,BA:2244,2024,SEX_M,22,245.972,0.02120188370011883
ESP,BA:2244,2024,SEX_M,23,401.111,0.03457429615093736
ESP,BA:2244,2024,SEX_M,24,254.564,0.021942482568085186
ESP,BA:2244,2024,SEX_M,25,184.86,0.01593425357684601
ESP,BA:2244,2024,SEX_M,26,266.779,0.022995370739897228
ESP,BA:2244,2024,SEX_M,31,379.928,0.03274839929105242
ESP,BA:2244,2024,SEX_M,32,98.113,0.008456980532214067
ESP,BA:2244,2024,SEX_M,33,584.524,0.05038382363817125
ESP,BA:2244,2024,SEX_M,34,177.33,0.0152851952114146
ESP,BA:2244,2024,SEX_M,35,347.273,0.029933658132597882
ESP,BA:2244,2024,SEX_M,41,127.247,0.010968224412490124
ESP,BA:2244,2024,SEX_M,42,254.912,0.021972478890949748
ESP,BA:2244,2024,SEX_M,43,289.599,0.02496237099210769
ESP,BA:2244,2024,SEX_M,44,24.136,0.002080434622583335
ESP,BA:2244,2024,SEX_M,51,459.111,0.039573683295030554
ESP,BA:2244,2024,SEX_M,52,819.235,0.07061505046536537
ESP,BA:2244,2024,SEX_M,53,117.079,0.010091780128332542
ESP,BA:2244,2024,SEX_M,54,421.157,0.03630218778353205
ESP,BA:2244,2024,SEX_M,61,328.934,0.028352903635433656
ESP,BA:2244,2024,SEX_M,62,25.767,0.0022210208369284386
ESP,BA:2244,2024,SEX_M,71,945.704,0.08151621413306058
ESP,BA:2244,2024,SEX_M,72,553.307,0.04769303280235819
ESP,BA:2244,2024,SEX_M,73,57.272,0.004936636215801821
ESP,BA:2244,2024,SEX_M,74,363.303,0.03131538530362916
ESP,BA:2244,2024,SEX_M,75,179.651,0.0154852568935084
ESP,BA:2244,2024,SEX_M,81,314.511,0.02710969396682579
ESP,BA:2244,2024,SEX_M,82,110.25,0.009503145390280604
ESP,BA:2244,2024,SEX_M,83,1013.478,0.08735808420726356
ESP,BA:2244,2024,SEX_M,91,150.096,0.012937724358272631
ESP,BA:2244,2024,SEX_M,92,242.392,0.02089330083846618
ESP,BA:2244,2024,SEX_M,93,542.547,0.046765560290798834
ESP,BA:2244,2024,SEX_M,94,73.825,0.0063634440674600065
ESP,BA:2244,2024,SEX_M,95,2.508,2.1618039581699553e-4
ESP,BA:2244,2024,SEX_M,96,118.868,0.010245985362828797
EST,BA:42,2024,SEX_F,11,0.42,0.001187964225305901
EST,BA:42,2024,SEX_F,12,2.745,0.007764194758249282
EST,BA:42,2024,SEX_F,13,10.823,0.03061270669163278
EST,BA:42,2024,SEX_F,14,6.548,0.018520927969769143
EST,BA:42,2024,SEX_F,21,10.4,0.029416257007574692
EST,BA:42,2024,SEX_F,22,18.237,0.05158310375453266
EST,BA:42,2024,SEX_F,23,33.66,0.09520684719951578
EST,BA:42,2024,SEX_F,24,29.429,0.08323952187268419
EST,BA:42,2024,SEX_F,25,7.735,0.021878341149383678
EST,BA:42,2024,SEX_F,26,13.412,0.03793565759476844
EST,BA:42,2024,SEX_F,31,4.616,0.013056292533361998
EST,BA:42,2024,SEX_F,32,5.988,0.016936975669361275
EST,BA:42,2024,SEX_F,33,33.397,0.09446295531557422
EST,BA:42,2024,SEX_F,34,9.435,0.026686767775621848
EST,BA:42,2024,SEX_F,35,1.336,0.003778857630973057
EST,BA:42,2024,SEX_F,41,3.747,0.010598337981479074
EST,BA:42,2024,SEX_F,42,12.216,0.034552788038897345
EST,BA:42,2024,SEX_F,43,12.296,0.03477906693895561
EST,BA:42,2024,SEX_F,44,2.663,0.007532258885689557
EST,BA:42,2024,SEX_F,51,23.842,0.06743676918986498
EST,BA:42,2024,SEX_F,52,25.609,0.07243470439490196
EST,BA:42,2024,SEX_F,53,18.067,0.051102261091908845
EST,BA:42,2024,SEX_F,54,1.302,0.003682689098448293
EST,BA:42,2024,SEX_F,61,2.932,0.008293121687135481
EST,BA:42,2024,SEX_F,71,1.499,0.004239900889841775
EST,BA:42,2024,SEX_F,72,1.164,0.0032923579958477824
EST,BA:42,2024,SEX_F,73,0.871,0.00246361152438438
EST,BA:42,2024,SEX_F,74,0.714,0.0020195391830200317
EST,BA:42,2024,SEX_F,75,7.707,0.021799143534363283
EST,BA:42,2024,SEX_F,81,8.471,0.02396010702991973
EST,BA:42,2024,SEX_F,82,6.118,0.01730467888195596
EST,BA:42,2024,SEX_F,83,1.205,0.003408325932127645
EST,BA:42,2024,SEX_F,91,14.933,0.04223778518212624
EST,BA:42,2024,SEX_F,92,1.429,0.004041906852290792
EST,BA:42,2024,SEX_F,93,6.808,0.01925633439495851
EST,BA:42,2024,SEX_F,94,5.591,0.015814066627822126
EST,BA:42,2024,SEX_F,96,6.181,0.017482873515751843
EST,BA:42,2024,SEX_M,02,1.2,0.0034300904686361097
EST,BA:42,2024,SEX_M,03,0.795,0.002272434935471423
EST,BA:42,2024,SEX_M,11,0.658,0.0018808329403021337
EST,BA:42,2024,SEX_M,12,4.025,0.011505095113550287
EST,BA:42,2024,SEX_M,13,20.149,0.05759407737712415
EST,BA:42,2024,SEX_M,14,6.276,0.017939373150966855
EST,BA:42,2024,SEX_M,21,15.537,0.04441109634266604
EST,BA:42,2024,SEX_M,22,2.878,0.008226500307278938
EST,BA:42,2024,SEX_M,23,7.001,0.02001171947576784
EST,BA:42,2024,SEX_M,24,11.215,0.03205705383812831
EST,BA:42,2024,SEX_M,25,21.048,0.060163786819877364
EST,BA:42,2024,SEX_M,26,4.863,0.013900441624147837
EST,BA:42,2024,SEX_M,31,16.955,0.04846431991310437
EST,BA:42,2024,SEX_M,32,1.75,0.0050022152667609935
EST,BA:42,2024,SEX_M,33,16.975,0.048521488087581645
EST,BA:42,2024,SEX_M,34,4.462,0.012754219725878601
EST,BA:42,2024,SEX_M,35,4.934,0.01410338864354214
EST,BA:42,2024,SEX_M,41,0.398,0.0011376466720976431
EST,BA:42,2024,SEX_M,42,1.672,0.004779259386299646
EST,BA:42,2024,SEX_M,43,12.162,0.03476396689962698
EST,BA:42,2024,SEX_M,44,2.777,0.007937801026168732
EST,BA:42,2024,SEX_M,51,6.858,0.01960296702825537
EST,BA:42,2024,SEX_M,52,6.292,0.01798510769054867
EST,BA:42,2024,SEX_M,53,0.539,0.001540682302162386
EST,BA:42,2024,SEX_M,54,6.204,0.01773356772284869
EST,BA:42,2024,SEX_M,61,3.876,0.011079192213694635
EST,BA:42,2024,SEX_M,62,2.498,0.007140304992210836
EST,BA:42,2024,SEX_M,71,33.585,0.09599965699095313
EST,BA:42,2024,SEX_M,72,31.406,0.08977118438165473
EST,BA:42,2024,SEX_M,73,1.283,0.003667338392716774
EST,BA:42,2024,SEX_M,74,13.182,0.03767954379796767
EST,BA:42,2024,SEX_M,75,6.96,0.01989452471808944
EST,BA:42,2024,SEX_M,81,10.401,0.02973030913690348
EST,BA:42,2024,SEX_M,82,3.29,0.009404164701510669
EST,BA:42,2024,SEX_M,83,39.733,0.11357315382526546
EST,BA:42,2024,SEX_M,91,3.123,0.008926810444625477
EST,BA:42,2024,SEX_M,92,1.616,0.004619188497763295
EST,BA:42,2024,SEX_M,93,8.946,0.025571324443682198
EST,BA:42,2024,SEX_M,94,1.16,0.003315754119681573
EST,BA:42,2024,SEX_M,96,11.163,0.03190841658448741
ETH,BA:1126,2021,SEX_F,01,1.684,1.090526170458695e-4
ETH,BA:1126,2021,SEX_F,02,1.993,1.2906286566058073e-4
ETH,BA:1126,2021,SEX_F,03,4.237,2.7438001094023105e-4
ETH,BA:1126,2021,SEX_F,11,14.881,9.636650797265939e-4
ETH,BA:1126,2021,SEX_F,12,15.993,0.0010356760715051015
ETH,BA:1126,2021,SEX_F,13,13.193,8.543534303361973e-4
ETH,BA:1126,2021,SEX_F,14,5.514,3.570760869304777e-4
ETH,BA:1126,2021,SEX_F,21,21.739,0.0014077760344181455
ETH,BA:1126,2021,SEX_F,22,55.219,0.003575876758109185
ETH,BA:1126,2021,SEX_F,23,97.42,0.0063087327509552295
ETH,BA:1126,2021,SEX_F,24,112.657,0.007295451709344727
ETH,BA:1126,2021,SEX_F,25,7.372,4.7739661096327194e-4
ETH,BA:1126,2021,SEX_F,26,16.286,0.0010546501907417048
ETH,BA:1126,2021,SEX_F,31,9.977,6.460914253364846e-4
ETH,BA:1126,2021,SEX_F,32,85.167,0.005515251921582879
ETH,BA:1126,2021,SEX_F,33,59.155,0.0038307645851237593
ETH,BA:1126,2021,SEX_F,34,17.416,0.0011278268280705838
ETH,BA:1126,2021,SEX_F,35,8.428,5.457811499184015e-4
ETH,BA:1126,2021,SEX_F,41,49.259,0.0031899185647639465
ETH,BA:1126,2021,SEX_F,42,34.557,0.002237845182454936
ETH,BA:1126,2021,SEX_F,43,11.168,7.232183059194006e-4
ETH,BA:1126,2021,SEX_F,44,28.556,0.0018492319075782955
ETH,BA:1126,2021,SEX_F,51,680.75,0.044084067134189824
ETH,BA:1126,2021,SEX_F,52,1840.294,0.11917391735974547
ETH,BA:1126,2021,SEX_F,53,16.005,0.0010364531685386825
ETH,BA:1126,2021,SEX_F,54,24.794,0.0016056119875506464
ETH,BA:1126,2021,SEX_F,61,1292.638,0.08370876294117498
ETH,BA:1126,2021,SEX_F,62,66.121,0.00428186941311754
ETH,BA:1126,2021,SEX_F,63,5044.942,0.3267007885656906
ETH,BA:1126,2021,SEX_F,71,10.3,6.670082871570403e-4
ETH,BA:1126,2021,SEX_F,72,4.272,2.7664654395484234e-4
ETH,BA:1126,2021,SEX_F,73,190.975,0.01236717549901124
ETH,BA:1126,2021,SEX_F,74,3.348,2.1681007236910396e-4
ETH,BA:1126,2021,SEX_F,75,271.12,0.017557212312040462
ETH,BA:1126,2021,SEX_F,81,29.83,0.0019317337093101468
ETH,BA:1126,2021,SEX_F,82,6.943,4.4961539201275055e-4
ETH,BA:1126,2021,SEX_F,83,2.887,1.8695659466236655e-4
ETH,BA:1126,2021,SEX_F,91,270.632,0.01752561036600817
ETH,BA:1126,2021,SEX_F,92,1944.564,0.1259262430007032
ETH,BA:1126,2021,SEX_F,93,119.702,0.007751672426142916
ETH,BA:1126,2021,SEX_F,94,476.699,0.0308701149009198
ETH,BA:1126,2021,SEX_F,95,445.669,0.02886067148825155
ETH,BA:1126,2021,SEX_F,96,2027.731,0.13131197875002257
ETH,BA:1126,2021,SEX_M,01,4.564,2.1610499255564705e-4
ETH,BA:1126,2021,SEX_M,02,18.796,8.899889220148865e-4
ETH,BA:1126,2021,SEX_M,03,38.652,0.0018301687493998402
ETH,BA:1126,2021,SEX_M,11,52.553,0.0024883798584086152
ETH,BA:1126,2021,SEX_M,12,31.516,0.0014922797864556907
ETH,BA:1126,2021,SEX_M,13,35.078,0.0016609401684634067
ETH,BA:1126,2021,SEX_M,14,26.255,0.0012431719061236882
ETH,BA:1126,2021,SEX_M,21,100.286,0.004748533147115605
ETH,BA:1126,2021,SEX_M,22,70.496,0.0033379793065738154
ETH,BA:1126,2021,SEX_M,23,220.579,0.010444395958135863
ETH,BA:1126,2021,SEX_M,24,194.008,0.009186261480222606
ETH,BA:1126,2021,SEX_M,25,13.93,6.59584256419843e-4
ETH,BA:1126,2021,SEX_M,26,49.663,0.002351538616409093
ETH,BA:1126,2021,SEX_M,31,58.461,0.002768123130980649
ETH,BA:1126,2021,SEX_M,32,43.841,0.0020758674361595363
ETH,BA:1126,2021,SEX_M,33,95.375,0.00451599773553787
ETH,BA:1126,2021,SEX_M,34,75.171,0.0035593401392201023
ETH,BA:1126,2021,SEX_M,35,20.414,9.666010775703285e-4
ETH,BA:1126,2021,SEX_M,41,22.312,0.0010564712081291843
ETH,BA:1126,2021,SEX_M,42,30.091,0.0014248061636704592
ETH,BA:1126,2021,SEX_M,43,4.75,2.2491207595077203e-4
ETH,BA:1126,2021,SEX_M,44,18.872,8.935875152300989e-4
ETH,BA:1126,2021,SEX_M,51,504.489,0.02388750911249032
ETH,BA:1126,2021,SEX_M,52,1122.727,0.053161023220206834
ETH,BA:1126,2021,SEX_M,53,9.271,4.389810223451806e-4
ETH,BA:1126,2021,SEX_M,54,202.535,0.009590014168987287
ETH,BA:1126,2021,SEX_M,61,2482.532,0.1175476685756257
ETH,BA:1126,2021,SEX_M,62,114.196,0.0054071704053209185
ETH,BA:1126,2021,SEX_M,63,9776.7,0.46292587219956066
ETH,BA:1126,2021,SEX_M,71,138.707,0.006567764067137628
ETH,BA:1126,2021,SEX_M,72,52.684,0.002494582696713784
ETH,BA:1126,2021,SEX_M,73,156.521,0.007411255376819113
ETH,BA:1126,2021,SEX_M,74,21.173,0.0010025396598117254
ETH,BA:1126,2021,SEX_M,75,171.894,0.008139165554417264
ETH,BA:1126,2021,SEX_M,81,97.513,0.004617231844671081
ETH,BA:1126,2021,SEX_M,82,123.947,0.005868879384814809
ETH,BA:1126,2021,SEX_M,83,360.027,0.01704724630912181
ETH,BA:1126,2021,SEX_M,91,49.374,0.002337854492209141
ETH,BA:1126,2021,SEX_M,92,2458.961,0.11643158382989185
ETH,BA:1126,2021,SEX_M,93,642.354,0.030415404554796258
ETH,BA:1126,2021,SEX_M,94,40.638,0.001924205672102626
ETH,BA:1126,2021,SEX_M,95,494.617,0.023420070793798528
ETH,BA:1126,2021,SEX_M,96,872.841,0.041328943428410064
FIN,BA:2486,2024,SEX_F,11,4.048,0.003219313335098865
FIN,BA:2486,2024,SEX_F,12,12.686,0.01008898442911665
FIN,BA:2486,2024,SEX_F,13,13.733,0.010921647734909268
FIN,BA:2486,2024,SEX_F,14,1.338,0.0010640912159985874
FIN,BA:2486,2024,SEX_F,21,37.437,0.02977308135526092
FIN,BA:2486,2024,SEX_F,22,30.993,0.024648265364308083
FIN,BA:2486,2024,SEX_F,23,100.067,0.07958177556900645
FIN,BA:2486,2024,SEX_F,24,81.579,0.06487854806423674
FIN,BA:2486,2024,SEX_F,25,25.924,0.020616966131201328
FIN,BA:2486,2024,SEX_F,26,64.248,0.05109546520588733
FIN,BA:2486,2024,SEX_F,31,21.676,0.01723859581314303
FIN,BA:2486,2024,SEX_F,32,95.367,0.07584393646945985
FIN,BA:2486,2024,SEX_F,33,94.412,0.07508443937582858
FIN,BA:2486,2024,SEX_F,34,58.57,0.0465798374596691
FIN,BA:2486,2024,SEX_F,35,6.273,0.004988822270522525
FIN,BA:2486,2024,SEX_F,41,25.601,0.02036008910372185
FIN,BA:2486,2024,SEX_F,42,27.909,0.022195606687073672
FIN,BA:2486,2024,SEX_F,43,23.275,0.018510256391903675
FIN,BA:2486,2024,SEX_F,44,10.815,0.008601006353531181
FIN,BA:2486,2024,SEX_F,51,68.672,0.05461380566894992
FIN,BA:2486,2024,SEX_F,52,100.825,0.0801846015344227
FIN,BA:2486,2024,SEX_F,53,179.189,0.1425063085975866
FIN,BA:2486,2024,SEX_F,54,3.68,0.0029266484864535138
FIN,BA:2486,2024,SEX_F,61,20.507,0.016308907747745165
FIN,BA:2486,2024,SEX_F,71,5.085,0.00404402379174351
FIN,BA:2486,2024,SEX_F,72,4.99,0.003968471724837781
FIN,BA:2486,2024,SEX_F,73,2.34,0.001860966700625332
FIN,BA:2486,2024,SEX_F,74,1.495,0.00118895094762174
FIN,BA:2486,2024,SEX_F,75,9.623,0.007653026735092978
FIN,BA:2486,2024,SEX_F,81,14.926,0.011870422638262268
FIN,BA:2486,2024,SEX_F,82,6.232,0.004956215589015842
FIN,BA:2486,2024,SEX_F,83,10.25,0.008151670376670792
FIN,BA:2486,2024,SEX_F,91,53.534,0.042574782628750654
FIN,BA:2486,2024,SEX_F,92,1.475,0.001173045249325797
FIN,BA:2486,2024,SEX_F,93,14.451,0.011492662303733622
FIN,BA:2486,2024,SEX_F,94,19.462,0.015477835011782142
FIN,BA:2486,2024,SEX_F,95,1.007,8.008519092007304e-4
FIN,BA:2486,2024,SEX_F,96,3.717,0.002956074028301008
FIN,BA:2486,2024,SEX_M,01,3.091,0.0023299533557057097
FIN,BA:2486,2024,SEX_M,02,4.612,0.0034764622699821196
FIN,BA:2486,2024,SEX_M,11,4.943,0.0037259655248312266
FIN,BA:2486,2024,SEX_M,12,22.302,0.01681094135844346
FIN,BA:2486,2024,SEX_M,13,19.962,0.015047081490325905
FIN,BA:2486,2024,SEX_M,14,4.802,0.0036196816609831172
FIN,BA:2486,2024,SEX_M,21,112.282,0.0846366297914424
FIN,BA:2486,2024,SEX_M,22,15.125,0.011401017309947867
FIN,BA:2486,2024,SEX_M,23,43.286,0.03262839241510105
FIN,BA:2486,2024,SEX_M,24,70.5,0.05314193192405452
FIN,BA:2486,2024,SEX_M,25,81.423,0.06137553933407505
FIN,BA:2486,2024,SEX_M,26,26.536,0.020002472418960436
FIN,BA:2486,2024,SEX_M,31,81.062,0.061103422491173155
FIN,BA:2486,2024,SEX_M,32,14.047,0.01058843571258431
FIN,BA:2486,2024,SEX_M,33,65.755,0.0495652160803717
FIN,BA:2486,2024,SEX_M,34,23.458,0.017682318284744265
FIN,BA:2486,2024,SEX_M,35,20.87,0.01573151942205699
FIN,BA:2486,2024,SEX_M,41,4.762,0.003589530210246065
FIN,BA:2486,2024,SEX_M,42,8.336,0.0062835623336016805
FIN,BA:2486,2024,SEX_M,43,12.997,0.00979696013073669
FIN,BA:2486,2024,SEX_M,44,10.893,0.008210993821967744
FIN,BA:2486,2024,SEX_M,51,57.772,0.043547740299524504
FIN,BA:2486,2024,SEX_M,52,54.913,0.041392665358093696
FIN,BA:2486,2024,SEX_M,53,29.83,0.022485444387156682
FIN,BA:2486,2024,SEX_M,54,19.299,0.014547321194359263
FIN,BA:2486,2024,SEX_M,61,36.422,0.027454403468622886
FIN,BA:2486,2024,SEX_M,62,8.976,0.006765985545394516
FIN,BA:2486,2024,SEX_M,71,88.661,0.06683144434494465
FIN,BA:2486,2024,SEX_M,72,92.328,0.0695955785912639
FIN,BA:2486,2024,SEX_M,73,3.41,0.002570411175333701
FIN,BA:2486,2024,SEX_M,74,35.593,0.026829514652097486
FIN,BA:2486,2024,SEX_M,75,10.4,0.007839377191633575
FIN,BA:2486,2024,SEX_M,81,40.094,0.030222306646284284
FIN,BA:2486,2024,SEX_M,82,11.699,0.008818545554319344
FIN,BA:2486,2024,SEX_M,83,103.984,0.07838171133604092
FIN,BA:2486,2024,SEX_M,91,11.011,0.008299940601642046
FIN,BA:2486,2024,SEX_M,92,3.913,0.0029495656683521322
FIN,BA:2486,2024,SEX_M,93,45.934,0.0346244184538939
FIN,BA:2486,2024,SEX_M,94,9.175,0.006915989012811351
FIN,BA:2486,2024,SEX_M,95,2.925,0.0022048248351469427
FIN,BA:2486,2024,SEX_M,96,9.253,0.006974784341748602
FJI,BA:1135,2024,SEX_F,11,0.99,0.009322297240035029
FJI,BA:1135,2024,SEX_F,12,2.248,0.021168206258180552
FJI,BA:1135,2024,SEX_F,13,1.544,0.014539017109711196
FJI,BA:1135,2024,SEX_F,14,1.244,0.011714078552124824
FJI,BA:1135,2024,SEX_F,21,1.603,0.01509458835936985
FJI,BA:1135,2024,SEX_F,22,1.824,0.017175626430125143
FJI,BA:1135,2024,SEX_F,23,7.442,0.07007730915185928
FJI,BA:1135,2024,SEX_F,24,4.151,0.03908773317513677
FJI,BA:1135,2024,SEX_F,31,1.823,0.017166209968266524
FJI,BA:1135,2024,SEX_F,32,1.209,0.011384502387073081
FJI,BA:1135,2024,SEX_F,33,7.04,0.06629189148469354
FJI,BA:1135,2024,SEX_F,41,4.02,0.037854176671657386
FJI,BA:1135,2024,SEX_F,42,5.697,0.05364558320856521
FJI,BA:1135,2024,SEX_F,43,0.241,0.002269367307927719
FJI,BA:1135,2024,SEX_F,51,14.257,0.13425049671836303
FJI,BA:1135,2024,SEX_F,52,8.848,0.08331685452508075
FJI,BA:1135,2024,SEX_F,61,8.821,0.08306261005489797
FJI,BA:1135,2024,SEX_F,63,4.911,0.04624424418768891
FJI,BA:1135,2024,SEX_F,71,3.43,0.03229846417507086
FJI,BA:1135,2024,SEX_F,72,1.291,0.012156652259480021
FJI,BA:1135,2024,SEX_F,73,0.347,0.0032675122649415706
FJI,BA:1135,2024,SEX_F,74,3.762,0.03542472951213311
FJI,BA:1135,2024,SEX_F,81,0.202,0.0019021252954414909
FJI,BA:1135,2024,SEX_F,82,2.234,0.021036375792159855
FJI,BA:1135,2024,SEX_F,83,3.421,0.03221371601834327
FJI,BA:1135,2024,SEX_F,91,8.516,0.0801905891880185
FJI,BA:1135,2024,SEX_F,92,2.095,0.019727487593811502
FJI,BA:1135,2024,SEX_F,93,2.986,0.02811755510984303
FJI,BA:1135,2024,SEX_M,11,2.582,0.012149216088535883
FJI,BA:1135,2024,SEX_M,12,4.398,0.02069413336846662
FJI,BA:1135,2024,SEX_M,13,1.947,0.009161318251115168
FJI,BA:1135,2024,SEX_M,14,1.975,0.009293068077017184
FJI,BA:1135,2024,SEX_M,21,3.058,0.01438896312887015
FJI,BA:1135,2024,SEX_M,22,1.792,0.008431988857729009
FJI,BA:1135,2024,SEX_M,23,6.646,0.03127176224802846
FJI,BA:1135,2024,SEX_M,24,6.473,0.030457736537991
FJI,BA:1135,2024,SEX_M,31,4.236,0.019931866518604957
FJI,BA:1135,2024,SEX_M,32,1.579,0.007429749110688675
FJI,BA:1135,2024,SEX_M,33,7.653,0.03601005062957595
FJI,BA:1135,2024,SEX_M,41,5.363,0.025234797011161093
FJI,BA:1135,2024,SEX_M,42,4.468,0.02102350793322166
FJI,BA:1135,2024,SEX_M,43,0.182,8.563738683631025e-4
FJI,BA:1135,2024,SEX_M,51,17.898,0.0842163708569385
FJI,BA:1135,2024,SEX_M,52,12.467,0.05866160998287252
FJI,BA:1135,2024,SEX_M,61,45.357,0.21342060190849033
FJI,BA:1135,2024,SEX_M,62,0.513,0.002413845024561932
FJI,BA:1135,2024,SEX_M,63,17.304,0.08142139240744574
FJI,BA:1135,2024,SEX_M,71,13.091,0.061597748960117445
FJI,BA:1135,2024,SEX_M,72,6.428,0.030245995746362764
FJI,BA:1135,2024,SEX_M,73,0.469,0.002206809583858764
FJI,BA:1135,2024,SEX_M,74,4.608,0.021682257062731736
FJI,BA:1135,2024,SEX_M,81,1.72,0.008093203591123825
FJI,BA:1135,2024,SEX_M,82,3.207,0.015090060416705877
FJI,BA:1135,2024,SEX_M,83,15.611,0.07345523329129887
FJI,BA:1135,2024,SEX_M,91,8.188,0.03852741337448947
FJI,BA:1135,2024,SEX_M,92,6.762,0.03181758295533681
FJI,BA:1135,2024,SEX_M,93,6.549,0.030815343208296476
FRA,BA:148,2024,SEX_F,01,7.922,5.645292088638354e-4
FRA,BA:148,2024,SEX_F,02,14.531,0.0010354927965160808
FRA,BA:148,2024,SEX_F,03,10.76,7.667677716958936e-4
FRA,BA:148,2024,SEX_F,11,83.867,0.005976441701563151
FRA,BA:148,2024,SEX_F,12,334.47,0.02383464838281836
FRA,BA:148,2024,SEX_F,13,207.395,0.01477916375565705
FRA,BA:148,2024,SEX_F,14,211.455,0.015068483193676133
FRA,BA:148,2024,SEX_F,21,485.404,0.03459034790448639
FRA,BA:148,2024,SEX_F,22,567.38,0.040432035158440155
FRA,BA:148,2024,SEX_F,23,894.989,0.0637777621953844
FRA,BA:148,2024,SEX_F,24,865.4,0.06166922208416601
FRA,BA:148,2024,SEX_F,25,160.046,0.011405029255468492
FRA,BA:148,2024,SEX_F,26,601.388,0.042855477387049264
FRA,BA:148,2024,SEX_F,31,180.323,0.012849987443821433
FRA,BA:148,2024,SEX_F,32,757.062,0.0539489537895573
FRA,BA:148,2024,SEX_F,33,1330.274,0.09479658278113226
FRA,BA:148,2024,SEX_F,34,652.412,0.04649149586130682
FRA,BA:148,2024,SEX_F,35,31.188,0.002222486362792893
FRA,BA:148,2024,SEX_F,41,852.97,0.06078344853377755
FRA,BA:148,2024,SEX_F,42,248.981,0.017742621427938223
FRA,BA:148,2024,SEX_F,43,383.99,0.027363490395307267
FRA,BA:148,2024,SEX_F,44,178.116,0.012692714537489385
FRA,BA:148,2024,SEX_F,51,601.922,0.04289353073185276
FRA,BA:148,2024,SEX_F,52,796.123,0.056732477574893116
FRA,BA:148,2024,SEX_F,53,1308.644,0.09325520853375474
FRA,BA:148,2024,SEX_F,54,95.336,0.006793733483494397
FRA,BA:148,2024,SEX_F,61,158.04,0.011262079799146748
FRA,BA:148,2024,SEX_F,62,1.806,1.286972672567643e-4
FRA,BA:148,2024,SEX_F,71,25.403,0.0018102417940883628
FRA,BA:148,2024,SEX_F,72,34.553,0.002462279443811172
FRA,BA:148,2024,SEX_F,73,55.621,0.003963605039916106
FRA,BA:148,2024,SEX_F,74,12.32,8.779348464027332e-4
FRA,BA:148,2024,SEX_F,75,142.172,0.01013131111873128
FRA,BA:148,2024,SEX_F,81,207.726,0.01480275112855959
FRA,BA:148,2024,SEX_F,82,30.107,0.002145453280896679
FRA,BA:148,2024,SEX_F,83,78.486,0.00559298655476988
FRA,BA:148,2024,SEX_F,91,951.211,0.06778419506344077
FRA,BA:148,2024,SEX_F,92,22.437,0.001598881830254718
FRA,BA:148,2024,SEX_F,93,247.417,0.017631169309450086
FRA,BA:148,2024,SEX_F,94,165.057,0.011762117852491552
FRA,BA:148,2024,SEX_F,96,38.228,0.002724163417880169
FRA,BA:148,2024,SEX_M,01,33.449,0.0022749633512511047
FRA,BA:148,2024,SEX_M,02,77.031,0.005239101375533614
FRA,BA:148,2024,SEX_M,03,46.849,0.003186336154825645
FRA,BA:148,2024,SEX_M,11,170.78,0.01161524234287015
FRA,BA:148,2024,SEX_M,12,309.626,0.02105856087160975
FRA,BA:148,2024,SEX_M,13,510.433,0.03471602643634055
FRA,BA:148,2024,SEX_M,14,290.658,0.019768492264281252
FRA,BA:148,2024,SEX_M,21,875.487,0.05954440609575102
FRA,BA:148,2024,SEX_M,22,347.738,0.023650668355925636
FRA,BA:148,2024,SEX_M,23,442.588,0.030101691521526024
FRA,BA:148,2024,SEX_M,24,849.591,0.05778314414639533
FRA,BA:148,2024,SEX_M,25,719.567,0.048939835384307566
FRA,BA:148,2024,SEX_M,26,308.557,0.020985855086011154
FRA,BA:148,2024,SEX_M,31,788.303,0.05361476978927022
FRA,BA:148,2024,SEX_M,32,205.79,0.01399637382444811
FRA,BA:148,2024,SEX_M,33,672.26,0.04572234932321049
FRA,BA:148,2024,SEX_M,34,377.536,0.025677316624650573
FRA,BA:148,2024,SEX_M,35,178.312,0.01212751547395399
FRA,BA:148,2024,SEX_M,41,119.52,0.008128901304718588
FRA,BA:148,2024,SEX_M,42,92.752,0.006308332110234759
FRA,BA:148,2024,SEX_M,43,359.534,0.02445294847465439
FRA,BA:148,2024,SEX_M,44,80.556,0.005478846833190349
FRA,BA:148,2024,SEX_M,51,442.769,0.030114001855663857
FRA,BA:148,2024,SEX_M,52,444.444,0.030227923456110677
FRA,BA:148,2024,SEX_M,53,100.505,0.006835636091287999
FRA,BA:148,2024,SEX_M,54,358.479,0.02438119486959684
FRA,BA:148,2024,SEX_M,61,521.794,0.03548872094540102
FRA,BA:148,2024,SEX_M,62,33.557,0.0022823087439963327
FRA,BA:148,2024,SEX_M,71,965.576,0.06567161986449929
FRA,BA:148,2024,SEX_M,72,806.675,0.054864302710708385
FRA,BA:148,2024,SEX_M,73,60.901,0.004142053366454708
FRA,BA:148,2024,SEX_M,74,300.044,0.020406861304158162
FRA,BA:148,2024,SEX_M,75,326.384,0.022198320979244242
FRA,BA:148,2024,SEX_M,81,368.072,0.02503364257890211
FRA,BA:148,2024,SEX_M,82,92.695,0.006304455375174778
FRA,BA:148,2024,SEX_M,83,1024.32,0.06966696941473681
FRA,BA:148,2024,SEX_M,91,182.594,0.012418746693723106
FRA,BA:148,2024,SEX_M,92,122.932,0.00836096130515115
FRA,BA:148,2024,SEX_M,93,420.496,0.028599150627752236
FRA,BA:148,2024,SEX_M,94,77.41,0.005264878263037699
FRA,BA:148,2024,SEX_M,96,196.53,0.01336657440944063
GBR,BA:666,2024,SEX_F,01,3.837,2.3682673652263304e-4
GBR,BA:666,2024,SEX_F,11,45.422,0.0028035298478840337
GBR,BA:666,2024,SEX_F,12,1049.617,0.06478430250421592
GBR,BA:666,2024,SEX_F,13,650.021,0.040120498332337357
GBR,BA:666,2024,SEX_F,14,455.524,0.028115783770585327
GBR,BA:666,2024,SEX_F,21,317.455,0.01959390973228889
GBR,BA:666,2024,SEX_F,22,1180.611,0.07286949445731622
GBR,BA:666,2024,SEX_F,23,1208.38,0.07458344849601754
GBR,BA:666,2024,SEX_F,24,822.128,0.05074326068383614
GBR,BA:666,2024,SEX_F,25,278.799,0.01720798991810622
GBR,BA:666,2024,SEX_F,26,646.638,0.03991169331548668
GBR,BA:666,2024,SEX_F,31,124.267,0.00766998907152933
GBR,BA:666,2024,SEX_F,32,336.106,0.020745083947270287
GBR,BA:666,2024,SEX_F,33,1243.631,0.07675920541266058
GBR,BA:666,2024,SEX_F,34,637.036,0.03931904011660987
GBR,BA:666,2024,SEX_F,35,83.478,0.00515241655236809
GBR,BA:666,2024,SEX_F,41,145.49,0.008979911883418786
GBR,BA:666,2024,SEX_F,42,809.703,0.049976366703827345
GBR,BA:666,2024,SEX_F,43,419.969,0.02592126341169499
GBR,BA:666,2024,SEX_F,44,599.122,0.03697891791475448
GBR,BA:666,2024,SEX_F,51,481.222,0.02970191185897694
GBR,BA:666,2024,SEX_F,52,920.269,0.05680070471538884
GBR,BA:666,2024,SEX_F,53,1716.94,0.10597271227656231
GBR,BA:666,2024,SEX_F,54,151.335,0.00934067609373278
GBR,BA:666,2024,SEX_F,61,48.473,0.0029918432107014833
GBR,BA:666,2024,SEX_F,62,4.696,2.8984580524114796e-4
GBR,BA:666,2024,SEX_F,71,21.816,0.0013465238686415852
GBR,BA:666,2024,SEX_F,72,26.439,0.0016318639788694019
GBR,BA:666,2024,SEX_F,73,30.015,0.001852581312673138
GBR,BA:666,2024,SEX_F,74,14.895,9.19346948268079e-4
GBR,BA:666,2024,SEX_F,75,80.474,0.004967004116477032
GBR,BA:666,2024,SEX_F,81,83.702,0.005166242246655572
GBR,BA:666,2024,SEX_F,82,26.368,0.0016274817275550657
GBR,BA:666,2024,SEX_F,83,68.725,0.004241834106728682
GBR,BA:666,2024,SEX_F,91,442.576,0.027316609263289247
GBR,BA:666,2024,SEX_F,92,171.428,0.010580853215689846
GBR,BA:666,2024,SEX_F,93,206.139,0.012723280333604132
GBR,BA:666,2024,SEX_F,94,497.604,0.03071303919744808
GBR,BA:666,2024,SEX_F,95,22.01,0.001358497907444137
GBR,BA:666,2024,SEX_F,96,129.358,0.007984215007322066
GBR,BA:666,2024,SEX_M,01,26.698,0.0015560412348013068
GBR,BA:666,2024,SEX_M,11,113.132,0.006593679563096167
GBR,BA:666,2024,SEX_M,12,1140.555,0.06647503972427915
GBR,BA:666,2024,SEX_M,13,1268.225,0.07391603846752144
GBR,BA:666,2024,SEX_M,14,660.855,0.03851665406489691
GBR,BA:666,2024,SEX_M,21,892.038,0.051990707581455096
GBR,BA:666,2024,SEX_M,22,352.203,0.020527469886160936
GBR,BA:666,2024,SEX_M,23,506.246,0.02950556786850035
GBR,BA:666,2024,SEX_M,24,759.462,0.04426377212767511
GBR,BA:666,2024,SEX_M,25,950.055,0.055372116088439415
GBR,BA:666,2024,SEX_M,26,438.324,0.02554686561551607
GBR,BA:666,2024,SEX_M,31,505.861,0.029483128888973854
GBR,BA:666,2024,SEX_M,32,167.865,0.009783686488872628
GBR,BA:666,2024,SEX_M,33,835.814,0.04871380060769419
GBR,BA:666,2024,SEX_M,34,538.045,0.031358911011261856
GBR,BA:666,2024,SEX_M,35,218.007,0.012706115869178535
GBR,BA:666,2024,SEX_M,41,64.595,0.003764794500037097
GBR,BA:666,2024,SEX_M,42,402.602,0.023464878013839077
GBR,BA:666,2024,SEX_M,43,227.38,0.01325240302528733
GBR,BA:666,2024,SEX_M,44,306.005,0.01783490890910832
GBR,BA:666,2024,SEX_M,51,216.323,0.012607967189898987
GBR,BA:666,2024,SEX_M,52,597.634,0.03483194049439075
GBR,BA:666,2024,SEX_M,53,371.913,0.02167622907179034
GBR,BA:666,2024,SEX_M,54,462.242,0.026940879933216935
GBR,BA:666,2024,SEX_M,61,265.121,0.01545206413258511
GBR,BA:666,2024,SEX_M,62,43.834,0.0025547798144535355
GBR,BA:666,2024,SEX_M,71,896.839,0.05227052457030375
GBR,BA:666,2024,SEX_M,72,572.438,0.03336344042127465
GBR,BA:666,2024,SEX_M,73,65.013,0.003789156820665869
GBR,BA:666,2024,SEX_M,74,318.017,0.018535005070335127
GBR,BA:666,2024,SEX_M,75,147.365,0.008588883682916122
GBR,BA:666,2024,SEX_M,81,218.186,0.012716548537581765
GBR,BA:666,2024,SEX_M,82,63.432,0.003697011296947955
GBR,BA:666,2024,SEX_M,83,1006.38,0.05865490965163455
GBR,BA:666,2024,SEX_M,91,174.244,0.010155474152248068
GBR,BA:666,2024,SEX_M,92,193.412,0.011272643917349254
GBR,BA:666,2024,SEX_M,93,701.202,0.04086820083621043
GBR,BA:666,2024,SEX_M,94,268.236,0.015633615876026793
GBR,BA:666,2024,SEX_M,95,17.868,0.0010414017822844314
GBR,BA:666,2024,SEX_M,96,183.977,0.010722743211290735
GEO,BA:13950,2024,SEX_F,03,0.157,1.7814147383135793e-4
GEO,BA:13950,2024,SEX_F,11,1.796,0.0020378476879052156
GEO,BA:13950,2024,SEX_F,12,2.292,0.0026006385861240275
GEO,BA:13950,2024,SEX_F,13,13.882,0.015751337195712804
GEO,BA:13950,2024,SEX_F,14,18.134,0.020575907557056333
GEO,BA:13950,2024,SEX_F,21,5.036,0.0057141430714313275
GEO,BA:13950,2024,SEX_F,22,17.859,0.02026387631308421
GEO,BA:13950,2024,SEX_F,23,95.995,0.10892159732765098
GEO,BA:13950,2024,SEX_F,24,28.724,0.032591947097655574
GEO,BA:13950,2024,SEX_F,25,2.649,0.0030057118737532936
GEO,BA:13950,2024,SEX_F,26,20.952,0.02377337681346886
GEO,BA:13950,2024,SEX_F,31,3.673,0.004167602760398584
GEO,BA:13950,2024,SEX_F,32,37.986,0.0431011593946367
GEO,BA:13950,2024,SEX_F,33,21.823,0.02476166486255875
GEO,BA:13950,2024,SEX_F,34,2.944,0.003340436299105208
GEO,BA:13950,2024,SEX_F,35,0.732,8.305704385003439e-4
GEO,BA:13950,2024,SEX_F,41,0.523,5.934266930815299e-4
GEO,BA:13950,2024,SEX_F,42,24.013,0.027246568223645847
GEO,BA:13950,2024,SEX_F,43,3.106,0.0035242510682815136
GEO,BA:13950,2024,SEX_F,44,10.765,0.012214604877672407
GEO,BA:13950,2024,SEX_F,51,34.068,0.038655565162335676
GEO,BA:13950,2024,SEX_F,52,79.142,0.08979918803797024
GEO,BA:13950,2024,SEX_F,53,21.12,0.023963999537059105
GEO,BA:13950,2024,SEX_F,54,6.004,0.006812493050213203
GEO,BA:13950,2024,SEX_F,61,74.5,0.08453210063972079
GEO,BA:13950,2024,SEX_F,63,244.831,0.27779971451977825
GEO,BA:13950,2024,SEX_F,73,1.512,0.0017156045123121859
GEO,BA:13950,2024,SEX_F,75,19.965,0.022653468312376183
GEO,BA:13950,2024,SEX_F,81,8.357,0.009482345839545592
GEO,BA:13950,2024,SEX_F,83,0.55,6.240624879442475e-4
GEO,BA:13950,2024,SEX_F,91,41.758,0.04738109340286525
GEO,BA:13950,2024,SEX_F,92,9.922,0.011258087282514226
GEO,BA:13950,2024,SEX_F,93,5.617,0.006373379990514251
GEO,BA:13950,2024,SEX_F,94,6.581,0.0074671913330201685
GEO,BA:13950,2024,SEX_F,95,0.348,3.948613560083602e-4
GEO,BA:13950,2024,SEX_F,96,14.006,0.01589203492026751
GEO,BA:13950,2024,SEX_M,01,1.46,0.001553827897596356
GEO,BA:13950,2024,SEX_M,02,3.263,0.003472698924559527
GEO,BA:13950,2024,SEX_M,03,5.437,0.005786412520021498
GEO,BA:13950,2024,SEX_M,11,4.374,0.004655098098689356
GEO,BA:13950,2024,SEX_M,12,4.357,0.004637005582073509
GEO,BA:13950,2024,SEX_M,13,21.202,0.022564561017012288
GEO,BA:13950,2024,SEX_M,14,24.922,0.02652362935883314
GEO,BA:13950,2024,SEX_M,21,16.349,0.017399679656029333
GEO,BA:13950,2024,SEX_M,22,5.783,0.006154648446438169
GEO,BA:13950,2024,SEX_M,23,8.135,0.0086578013335249
GEO,BA:13950,2024,SEX_M,24,14.465,0.01539460310872006
GEO,BA:13950,2024,SEX_M,25,7.036,0.007488173347594493
GEO,BA:13950,2024,SEX_M,26,15.264,0.016244951389664915
GEO,BA:13950,2024,SEX_M,31,19.674,0.02093836305295254
GEO,BA:13950,2024,SEX_M,32,3.946,0.004199592386243302
GEO,BA:13950,2024,SEX_M,33,33.934,0.03611479169659913
GEO,BA:13950,2024,SEX_M,34,7.569,0.008055426956785492
GEO,BA:13950,2024,SEX_M,35,1.375,0.001463365314517116
GEO,BA:13950,2024,SEX_M,42,7.208,0.007671227045119544
GEO,BA:13950,2024,SEX_M,43,13.712,0.014593211049206323
GEO,BA:13950,2024,SEX_M,44,4.556,0.004848794453047259
GEO,BA:13950,2024,SEX_M,51,10.081,0.010728862353197852
GEO,BA:13950,2024,SEX_M,52,51.361,0.054661749759209885
GEO,BA:13950,2024,SEX_M,54,45.568,0.048496458655938865
GEO,BA:13950,2024,SEX_M,61,118.638,0.12626235213358664
GEO,BA:13950,2024,SEX_M,62,0.399,4.24642007630785e-4
GEO,BA:13950,2024,SEX_M,63,173.969,0.18514923665543864
GEO,BA:13950,2024,SEX_M,71,73.367,0.07808198038558346
GEO,BA:13950,2024,SEX_M,72,26.658,0.028371194585016205
GEO,BA:13950,2024,SEX_M,73,2.278,0.0024243972265236293
GEO,BA:13950,2024,SEX_M,74,14.735,0.015681954843207058
GEO,BA:13950,2024,SEX_M,75,14.404,0.015329682902039664
GEO,BA:13950,2024,SEX_M,81,11.94,0.012707332258424993
GEO,BA:13950,2024,SEX_M,82,4.156,0.004423088179733188
GEO,BA:13950,2024,SEX_M,83,84.607,0.09004432666570883
GEO,BA:13950,2024,SEX_M,91,4.547,0.004839216061897692
GEO,BA:13950,2024,SEX_M,92,16.392,0.017445443080410593
GEO,BA:13950,2024,SEX_M,93,39.711,0.0422630545489376
GEO,BA:13950,2024,SEX_M,94,0.978,0.0010408518382529015
GEO,BA:13950,2024,SEX_M,95,0.685,7.290219930503451e-4
GEO,BA:13950,2024,SEX_M,96,21.12,0.022477291230982903
GIN,BA:15631,2019,SEX_F,21,1.958,0.0013899675295634308
GIN,BA:15631,2019,SEX_F,22,12.758,0.009056795578227911
GIN,BA:15631,2019,SEX_F,23,31.068,0.022054908686658155
GIN,BA:15631,2019,SEX_F,25,2.45,0.0017392341406692572
GIN,BA:15631,2019,SEX_F,26,3.096,0.0021978240406171513
GIN,BA:15631,2019,SEX_F,32,4.787,0.0033982505434219322
GIN,BA:15631,2019,SEX_F,33,3.122,0.0022162812192528247
GIN,BA:15631,2019,SEX_F,41,4.307,0.0030575026301479557
GIN,BA:15631,2019,SEX_F,42,2.319,0.0016462383560049009
GIN,BA:15631,2019,SEX_F,51,85.984,0.06103930953114506
GIN,BA:15631,2019,SEX_F,52,553.852,0.39317481929712217
GIN,BA:15631,2019,SEX_F,53,0.818,5.806912355377356e-4
GIN,BA:15631,2019,SEX_F,61,74.518,0.05289969375281294
GIN,BA:15631,2019,SEX_F,63,468.74,0.3327545351417582
GIN,BA:15631,2019,SEX_F,72,1.715,0.00121746389846848
GIN,BA:15631,2019,SEX_F,73,9.863,0.007001659726294238
GIN,BA:15631,2019,SEX_F,75,56.808,0.04032751553597517
GIN,BA:15631,2019,SEX_F,83,3.083,0.002188595451299314
GIN,BA:15631,2019,SEX_F,91,25.067,0.017794849879247458
GIN,BA:15631,2019,SEX_F,92,0.924,6.559397330524056e-4
GIN,BA:15631,2019,SEX_F,93,11.527,0.008182919158977358
GIN,BA:15631,2019,SEX_F,94,6.04,0.004287744575364209
GIN,BA:15631,2019,SEX_F,95,24.124,0.01712542220796129
GIN,BA:15631,2019,SEX_F,96,19.738,0.014011838150420324
GIN,BA:15631,2019,SEX_M,01,6.482,0.003684941482651726
GIN,BA:15631,2019,SEX_M,02,15.624,0.008882061975462908
GIN,BA:15631,2019,SEX_M,03,7.616,0.004329607271193388
GIN,BA:15631,2019,SEX_M,11,13.913,0.007909378409153574
GIN,BA:15631,2019,SEX_M,12,1.735,9.863272867017502e-4
GIN,BA:15631,2019,SEX_M,13,1.682,9.561974041684978e-4
GIN,BA:15631,2019,SEX_M,21,14.496,0.008240807117019348
GIN,BA:15631,2019,SEX_M,22,15.818,0.008992348715301605
GIN,BA:15631,2019,SEX_M,23,71.713,0.040768005020889106
GIN,BA:15631,2019,SEX_M,24,4.533,0.002576957689117599
GIN,BA:15631,2019,SEX_M,25,10.138,0.005763334889096451
GIN,BA:15631,2019,SEX_M,26,4.728,0.0026878129173059794
GIN,BA:15631,2019,SEX_M,31,4.303,0.002446205368690277
GIN,BA:15631,2019,SEX_M,32,10.658,0.006058948830932134
GIN,BA:15631,2019,SEX_M,33,5.909,0.0033591976582827907
GIN,BA:15631,2019,SEX_M,34,3.837,0.0021812897977375304
GIN,BA:15631,2019,SEX_M,35,2.842,0.0016156438898019447
GIN,BA:15631,2019,SEX_M,41,12.62,0.007174322973012153
GIN,BA:15631,2019,SEX_M,42,6.425,0.0036525376467197376
GIN,BA:15631,2019,SEX_M,44,7.108,0.004040815189553913
GIN,BA:15631,2019,SEX_M,51,81.739,0.046467669214820956
GIN,BA:15631,2019,SEX_M,52,273.786,0.15564415130658524
GIN,BA:15631,2019,SEX_M,54,13.47,0.007657538070243559
GIN,BA:15631,2019,SEX_M,61,125.261,0.07120941916976825
GIN,BA:15631,2019,SEX_M,62,10.018,0.005695116287134371
GIN,BA:15631,2019,SEX_M,63,574.425,0.326553920267235
GIN,BA:15631,2019,SEX_M,71,67.868,0.0385821673163541
GIN,BA:15631,2019,SEX_M,72,76.645,0.04357178956153063
GIN,BA:15631,2019,SEX_M,73,13.386,0.0076097850488701015
GIN,BA:15631,2019,SEX_M,74,20.141,0.01144992385098556
GIN,BA:15631,2019,SEX_M,75,97.451,0.05539975816505605
GIN,BA:15631,2019,SEX_M,81,21.543,0.012246944517242538
GIN,BA:15631,2019,SEX_M,82,3.951,0.0022460974696015073
GIN,BA:15631,2019,SEX_M,83,73.673,0.041882242186269764
GIN,BA:15631,2019,SEX_M,92,7.591,0.004315395062451289
GIN,BA:15631,2019,SEX_M,93,33.094,0.01881355344444249
GIN,BA:15631,2019,SEX_M,95,18.657,0.010606287140054496
GIN,BA:15631,2019,SEX_M,96,24.172,0.013741500388561789
GMB,BA:7014,2023,SEX_F,11,0.416,0.0012941842594839438
GMB,BA:7014,2023,SEX_F,12,1.101,0.003425232859836111
GMB,BA:7014,2023,SEX_F,13,0.882,0.0027439195116943232
GMB,BA:7014,2023,SEX_F,14,1.32,0.004106546207977899
GMB,BA:7014,2023,SEX_F,21,0.507,0.0015772870662460565
GMB,BA:7014,2023,SEX_F,22,1.695,0.0052731786534261655
GMB,BA:7014,2023,SEX_F,23,10.571,0.032886590882223
GMB,BA:7014,2023,SEX_F,24,0.998,0.003104797814819654
GMB,BA:7014,2023,SEX_F,25,0.637,0.001981719647334789
GMB,BA:7014,2023,SEX_F,26,1.247,0.003879441758597303
GMB,BA:7014,2023,SEX_F,31,0.25,7.777549636321778e-4
GMB,BA:7014,2023,SEX_F,32,1.651,0.005136293779826902
GMB,BA:7014,2023,SEX_F,33,2.21,0.006875353878508452
GMB,BA:7014,2023,SEX_F,34,0.696,0.002165269818751983
GMB,BA:7014,2023,SEX_F,41,0.759,0.0023612640695872917
GMB,BA:7014,2023,SEX_F,42,1.769,0.00550339412266129
GMB,BA:7014,2023,SEX_F,43,0.234,7.279786459597184e-4
GMB,BA:7014,2023,SEX_F,44,0.235,7.31089665814247e-4
GMB,BA:7014,2023,SEX_F,51,18.083,0.05625657202944268
GMB,BA:7014,2023,SEX_F,52,106.657,0.3318120446244687
GMB,BA:7014,2023,SEX_F,53,0.617,0.0019194992502442147
GMB,BA:7014,2023,SEX_F,54,1.419,0.0044145371735762415
GMB,BA:7014,2023,SEX_F,61,64.077,0.19934481921863623
GMB,BA:7014,2023,SEX_F,62,0.951,0.0029585798816568042
GMB,BA:7014,2023,SEX_F,63,51.226,0.15936510306808777
GMB,BA:7014,2023,SEX_F,71,1.331,0.0041407674263777144
GMB,BA:7014,2023,SEX_F,72,0.407,0.0012661850807931853
GMB,BA:7014,2023,SEX_F,73,2.47,0.007684219040685917
GMB,BA:7014,2023,SEX_F,74,0.18,5.59983573815168e-4
GMB,BA:7014,2023,SEX_F,75,8.963,0.027884070956140837
GMB,BA:7014,2023,SEX_F,81,1.69,0.005257623554153522
GMB,BA:7014,2023,SEX_F,91,12.028,0.03741934681027134
GMB,BA:7014,2023,SEX_F,92,7.285,0.02266377964024166
GMB,BA:7014,2023,SEX_F,93,1.999,0.006218928689202894
GMB,BA:7014,2023,SEX_F,94,1.601,0.004980742787100466
GMB,BA:7014,2023,SEX_F,95,10.924,0.03398478089087164
GMB,BA:7014,2023,SEX_F,96,2.352,0.007317118697851528
GMB,BA:7014,2023,SEX_M,01,0.903,0.002998167233319168
GMB,BA:7014,2023,SEX_M,02,0.595,0.0019755365490862734
GMB,BA:7014,2023,SEX_M,03,0.487,0.0016169517637059077
GMB,BA:7014,2023,SEX_M,11,0.754,0.0025034530386740337
GMB,BA:7014,2023,SEX_M,12,1.719,0.005707474500637486
GMB,BA:7014,2023,SEX_M,13,2.774,0.009210316617084576
GMB,BA:7014,2023,SEX_M,14,3.165,0.01050852634934127
GMB,BA:7014,2023,SEX_M,21,2.761,0.009167153633659162
GMB,BA:7014,2023,SEX_M,22,2.747,0.009120670420739484
GMB,BA:7014,2023,SEX_M,23,11.754,0.03902597747556312
GMB,BA:7014,2023,SEX_M,24,1.702,0.005651030599235021
GMB,BA:7014,2023,SEX_M,25,0.898,0.0029815660858478546
GMB,BA:7014,2023,SEX_M,26,2.323,0.007712893115172123
GMB,BA:7014,2023,SEX_M,31,2.452,0.008141202719932005
GMB,BA:7014,2023,SEX_M,32,1.411,0.004684843816404592
GMB,BA:7014,2023,SEX_M,33,5.234,0.01737808117297068
GMB,BA:7014,2023,SEX_M,34,2.496,0.008287292817679561
GMB,BA:7014,2023,SEX_M,35,0.839,0.0027856725456863584
GMB,BA:7014,2023,SEX_M,41,0.286,9.495856353591162e-4
GMB,BA:7014,2023,SEX_M,42,1.204,0.003997556311092223
GMB,BA:7014,2023,SEX_M,43,0.987,0.00327706651083723
GMB,BA:7014,2023,SEX_M,51,10.446,0.034683117297067585
GMB,BA:7014,2023,SEX_M,52,39.078,0.12974792817679562
GMB,BA:7014,2023,SEX_M,53,0.894,0.0029682851678708043
GMB,BA:7014,2023,SEX_M,54,9.011,0.029918587972800687
GMB,BA:7014,2023,SEX_M,61,14.543,0.048286097535061634
GMB,BA:7014,2023,SEX_M,62,4.687,0.015561915639609016
GMB,BA:7014,2023,SEX_M,63,22.823,0.07577759774755634
GMB,BA:7014,2023,SEX_M,71,42.41,0.14081093285167873
GMB,BA:7014,2023,SEX_M,72,13.632,0.04526136846578837
GMB,BA:7014,2023,SEX_M,73,1.791,0.005946531024224396
GMB,BA:7014,2023,SEX_M,74,6.405,0.02126606991075224
GMB,BA:7014,2023,SEX_M,75,18.279,0.060690474925626875
GMB,BA:7014,2023,SEX_M,81,4.045,0.013430328304292397
GMB,BA:7014,2023,SEX_M,82,0.321,0.0010657936676583088
GMB,BA:7014,2023,SEX_M,83,23.751,0.07885877071823207
GMB,BA:7014,2023,SEX_M,91,2.333,0.00774609541011475
GMB,BA:7014,2023,SEX_M,92,4.169,0.013842036761580963
GMB,BA:7014,2023,SEX_M,93,25.13,0.08343736719082025
GMB,BA:7014,2023,SEX_M,94,0.256,8.49978750531237e-4
GMB,BA:7014,2023,SEX_M,95,5.489,0.018224739694007654
GMB,BA:7014,2023,SEX_M,96,4.2,0.013944963875903106
GNB,BB:15952,2022,SEX_F,03,0.716,0.002035901241729151
GNB,BB:15952,2022,SEX_F,22,2.509,0.007134184658517374
GNB,BB:15952,2022,SEX_F,23,5.555,0.015795295248331613
GNB,BB:15952,2022,SEX_F,26,0.262,7.449806219735162e-4
GNB,BB:15952,2022,SEX_F,32,0.25,7.108593721121337e-4
GNB,BB:15952,2022,SEX_F,33,0.591,0.0016804715556730842
GNB,BB:15952,2022,SEX_F,34,0.39,0.0011089406204949288
GNB,BB:15952,2022,SEX_F,41,1.415,0.004023464046154677
GNB,BB:15952,2022,SEX_F,42,0.52,0.0014785874939932382
GNB,BB:15952,2022,SEX_F,44,1.15,0.003269953111715815
GNB,BB:15952,2022,SEX_F,51,6.607,0.018786591486179473
GNB,BB:15952,2022,SEX_F,52,68.898,0.19590715607912715
GNB,BB:15952,2022,SEX_F,54,0.64,0.0018197999926070625
GNB,BB:15952,2022,SEX_F,61,2.858,0.008126544341985913
GNB,BB:15952,2022,SEX_F,62,3.509,0.00997762214696591
GNB,BB:15952,2022,SEX_F,63,137.435,0.39078783122492444
GNB,BB:15952,2022,SEX_F,71,0.527,0.001498491556412378
GNB,BB:15952,2022,SEX_F,73,1.543,0.004387424044676089
GNB,BB:15952,2022,SEX_F,75,5.74,0.016321331183694592
GNB,BB:15952,2022,SEX_F,91,6.026,0.017134554305390872
GNB,BB:15952,2022,SEX_F,92,95.198,0.2706895620253236
GNB,BB:15952,2022,SEX_F,93,0.372,0.0010577587457028552
GNB,BB:15952,2022,SEX_F,94,1.384,0.003935317484012772
GNB,BB:15952,2022,SEX_F,95,4.015,0.011416401516120868
GNB,BB:15952,2022,SEX_F,96,3.577,0.01017097589618041
GNB,BB:15952,2022,SEX_M,01,2.104,0.005885199450640128
GNB,BB:15952,2022,SEX_M,02,1.401,0.003918804387046968
GNB,BB:15952,2022,SEX_M,03,2.422,0.0067746925235030375
GNB,BB:15952,2022,SEX_M,11,0.434,0.00121396224409592
GNB,BB:15952,2022,SEX_M,12,0.332,9.286531452531001e-4
GNB,BB:15952,2022,SEX_M,13,0.314,8.78304480751426e-4
GNB,BB:15952,2022,SEX_M,14,0.578,0.0016167515601093127
GNB,BB:15952,2022,SEX_M,21,0.758,0.0021202382051260537
GNB,BB:15952,2022,SEX_M,22,2.264,0.0063327431350994525
GNB,BB:15952,2022,SEX_M,23,14.732,0.04120758474659238
GNB,BB:15952,2022,SEX_M,24,0.386,0.0010796991387581223
GNB,BB:15952,2022,SEX_M,25,0.62,0.0017342317772798856
GNB,BB:15952,2022,SEX_M,26,1.031,0.0028838596167347773
GNB,BB:15952,2022,SEX_M,31,0.426,0.0011915850598729536
GNB,BB:15952,2022,SEX_M,32,1.484,0.004150967673360243
GNB,BB:15952,2022,SEX_M,33,2.146,0.006002679667810701
GNB,BB:15952,2022,SEX_M,34,1.313,0.0036726553605943386
GNB,BB:15952,2022,SEX_M,35,0.518,0.001448922678437066
GNB,BB:15952,2022,SEX_M,41,1.468,0.00410621330491431
GNB,BB:15952,2022,SEX_M,42,1.241,0.0034712607025876425
GNB,BB:15952,2022,SEX_M,43,0.884,0.0024726788566377727
GNB,BB:15952,2022,SEX_M,44,2.957,0.008271166718413906
GNB,BB:15952,2022,SEX_M,51,6.951,0.019442975941729813
GNB,BB:15952,2022,SEX_M,52,24.542,0.06864760690000477
GNB,BB:15952,2022,SEX_M,54,6.745,0.018866763447988433
GNB,BB:15952,2022,SEX_M,61,2.49,0.006964898589398251
GNB,BB:15952,2022,SEX_M,62,2.985,0.008349486863194288
GNB,BB:15952,2022,SEX_M,63,132.328,0.370141004232085
GNB,BB:15952,2022,SEX_M,71,12.842,0.0359209749739166
GNB,BB:15952,2022,SEX_M,72,8.808,0.02463727982948586
GNB,BB:15952,2022,SEX_M,73,6.748,0.018875154892072046
GNB,BB:15952,2022,SEX_M,74,1.99,0.005566324575462859
GNB,BB:15952,2022,SEX_M,75,6.408,0.01792412456259598
GNB,BB:15952,2022,SEX_M,81,0.474,0.0013258481652107512
GNB,BB:15952,2022,SEX_M,82,2.296,0.006422251871991318
GNB,BB:15952,2022,SEX_M,83,15.543,0.043476071797195585
GNB,BB:15952,2022,SEX_M,91,0.733,0.002050309504429284
GNB,BB:15952,2022,SEX_M,92,68.551,0.19174729445857008
GNB,BB:15952,2022,SEX_M,93,12.125,0.033915419837933246
GNB,BB:15952,2022,SEX_M,94,0.257,7.188670431627914e-4
GNB,BB:15952,2022,SEX_M,95,2.08,0.005818067897971229
GNB,BB:15952,2022,SEX_M,96,2.798,0.007826420181982452
GRC,BA:317,2024,SEX_F,11,1.543,8.423220137555603e-4
GRC,BA:317,2024,SEX_F,12,13.375,0.007301397883331575
GRC,BA:317,2024,SEX_F,13,9.982,0.005449162891320806
GRC,BA:317,2024,SEX_F,14,18.566,0.010135159110424972
GRC,BA:317,2024,SEX_F,21,44.51,0.02429796035791315
GRC,BA:317,2024,SEX_F,22,107.201,0.058520908746992756
GRC,BA:317,2024,SEX_F,23,204.49,0.11163086752616627
GRC,BA:317,2024,SEX_F,24,65.867,0.03595672331823558
GRC,BA:317,2024,SEX_F,25,8.169,0.004459448172630702
GRC,BA:317,2024,SEX_F,26,84.439,0.046095157822103536
GRC,BA:317,2024,SEX_F,31,9.099,0.004967134156294131
GRC,BA:317,2024,SEX_F,32,14.585,0.007961935561001198
GRC,BA:317,2024,SEX_F,33,65.263,0.03562700037830793
GRC,BA:317,2024,SEX_F,34,20.042,0.010940905897400481
GRC,BA:317,2024,SEX_F,35,3.628,0.0019805212351945386
GRC,BA:317,2024,SEX_F,41,192.57,0.10512375255275973
GRC,BA:317,2024,SEX_F,42,53.34,0.029118247708179907
GRC,BA:317,2024,SEX_F,43,23.039,0.012576964922173918
GRC,BA:317,2024,SEX_F,44,11.774,0.006427413732960446
GRC,BA:317,2024,SEX_F,51,149.216,0.0814568513315293
GRC,BA:317,2024,SEX_F,52,303.139,0.16548324881908413
GRC,BA:317,2024,SEX_F,53,34.329,0.018740163584066515
GRC,BA:317,2024,SEX_F,54,21.377,0.011669680938465725
GRC,BA:317,2024,SEX_F,61,158.536,0.08654462914630688
GRC,BA:317,2024,SEX_F,62,1.145,6.250542487038994e-4
GRC,BA:317,2024,SEX_F,71,1.427,7.789977405244231e-4
GRC,BA:317,2024,SEX_F,72,1.651,9.01279095729378e-4
GRC,BA:317,2024,SEX_F,73,2.981,0.001627324642258798
GRC,BA:317,2024,SEX_F,74,1.718,9.378543225094315e-4
GRC,BA:317,2024,SEX_F,75,23.913,0.013054080567036108
GRC,BA:317,2024,SEX_F,81,22.723,0.012404460867509785
GRC,BA:317,2024,SEX_F,82,0.38,2.0744158472269148e-4
GRC,BA:317,2024,SEX_F,83,8.772,0.004788625213651183
GRC,BA:317,2024,SEX_F,91,92.26,0.050364633175040835
GRC,BA:317,2024,SEX_F,92,11.515,0.006286025916004717
GRC,BA:317,2024,SEX_F,93,9.596,0.005238445913155125
GRC,BA:317,2024,SEX_F,94,23.774,0.012978200618940177
GRC,BA:317,2024,SEX_F,96,11.907,0.006500018287613388
GRC,BA:317,2024,SEX_M,11,5.84,0.002457485294012447
GRC,BA:317,2024,SEX_M,12,11.094,0.004668380454070905
GRC,BA:317,2024,SEX_M,13,25.39,0.010684169797084937
GRC,BA:317,2024,SEX_M,14,39.278,0.016528271811339194
GRC,BA:317,2024,SEX_M,21,113.788,0.04788224942381649
GRC,BA:317,2024,SEX_M,22,64.957,0.027334053466295635
GRC,BA:317,2024,SEX_M,23,86.395,0.03635521266715845
GRC,BA:317,2024,SEX_M,24,63.242,0.026612377562317664
GRC,BA:317,2024,SEX_M,25,43.844,0.01844965500525372
GRC,BA:317,2024,SEX_M,26,64.126,0.02698436677463051
GRC,BA:317,2024,SEX_M,31,53.193,0.022383735487055495
GRC,BA:317,2024,SEX_M,32,9.986,0.004202131531850736
GRC,BA:317,2024,SEX_M,33,60.904,0.025628541840159946
GRC,BA:317,2024,SEX_M,34,24.937,0.010493546365888423
GRC,BA:317,2024,SEX_M,35,14.169,0.005962347453914788
GRC,BA:317,2024,SEX_M,41,102.973,0.043331272804853375
GRC,BA:317,2024,SEX_M,42,27.001,0.01136208226432022
GRC,BA:317,2024,SEX_M,43,46.466,0.01955299857390109
GRC,BA:317,2024,SEX_M,44,11.223,0.0047226639477228926
GRC,BA:317,2024,SEX_M,51,127.994,0.053860166561957044
GRC,BA:317,2024,SEX_M,52,251.806,0.10596053800412641
GRC,BA:317,2024,SEX_M,53,8.633,0.003632786051919427
GRC,BA:317,2024,SEX_M,54,76.966,0.03238746800324691
GRC,BA:317,2024,SEX_M,61,258.146,0.10862842443632485
GRC,BA:317,2024,SEX_M,62,8.782,0.0036954855910988544
GRC,BA:317,2024,SEX_M,71,138.747,0.0583850534397851
GRC,BA:317,2024,SEX_M,72,102.76,0.04324164191998614
GRC,BA:317,2024,SEX_M,73,11.462,0.004823235691775799
GRC,BA:317,2024,SEX_M,74,74.505,0.03135187360109544
GRC,BA:317,2024,SEX_M,75,58.122,0.024457869907293053
GRC,BA:317,2024,SEX_M,81,46.101,0.01939940574302531
GRC,BA:317,2024,SEX_M,82,3.495,0.0014707039559201203
GRC,BA:317,2024,SEX_M,83,214.992,0.0904691230017678
GRC,BA:317,2024,SEX_M,91,12.003,0.005050889723293048
GRC,BA:317,2024,SEX_M,92,26.591,0.011189553331007702
GRC,BA:317,2024,SEX_M,93,48.001,0.0201989300681321
GRC,BA:317,2024,SEX_M,94,10.091,0.004246315770869795
GRC,BA:317,2024,SEX_M,96,28.41,0.01195499267172836
GRD,BA:1193,2023,SEX_F,01,0.112,0.008080225091984706
GRD,BA:1193,2023,SEX_F,02,0.135,0.00973955703051728
GRD,BA:1193,2023,SEX_F,12,0.157,0.011326744102157133
GRD,BA:1193,2023,SEX_F,13,0.132,0.009523122429839118
GRD,BA:1193,2023,SEX_F,14,0.162,0.011687468436620736
GRD,BA:1193,2023,SEX_F,21,0.085,0.006132313685881251
GRD,BA:1193,2023,SEX_F,22,0.358,0.02582786234759397
GRD,BA:1193,2023,SEX_F,23,1.193,0.08606882620301566
GRD,BA:1193,2023,SEX_F,24,0.25,0.01803621672318015
GRD,BA:1193,2023,SEX_F,26,0.222,0.01601616045018397
GRD,BA:1193,2023,SEX_F,32,0.284,0.020489142197532645
GRD,BA:1193,2023,SEX_F,33,0.782,0.0564172859101075
GRD,BA:1193,2023,SEX_F,34,0.202,0.01457326311232956
GRD,BA:1193,2023,SEX_F,41,0.46,0.03318663877065147
GRD,BA:1193,2023,SEX_F,42,0.737,0.05317076689993507
GRD,BA:1193,2023,SEX_F,43,0.433,0.031238727364548014
GRD,BA:1193,2023,SEX_F,51,2.015,0.145371906788832
GRD,BA:1193,2023,SEX_F,52,2.004,0.14457831325301207
GRD,BA:1193,2023,SEX_F,53,1.347,0.09717913570449463
GRD,BA:1193,2023,SEX_F,54,0.576,0.041555443330207054
GRD,BA:1193,2023,SEX_F,61,0.083,0.00598802395209581
GRD,BA:1193,2023,SEX_F,63,0.139,0.010028136498088163
GRD,BA:1193,2023,SEX_F,75,0.168,0.01212033763797706
GRD,BA:1193,2023,SEX_F,91,1.161,0.0837601904624486
GRD,BA:1193,2023,SEX_F,92,0.32,0.02308635740567059
GRD,BA:1193,2023,SEX_F,93,0.13,0.009378832696053677
GRD,BA:1193,2023,SEX_F,95,0.084,0.00606016881898853
GRD,BA:1193,2023,SEX_F,96,0.13,0.009378832696053677
GRD,BA:1193,2023,SEX_M,01,0.085,0.0044755686604886265
GRD,BA:1193,2023,SEX_M,12,0.096,0.005054759898904802
GRD,BA:1193,2023,SEX_M,13,0.301,0.01584877843302443
GRD,BA:1193,2023,SEX_M,14,0.166,0.008740522325189553
GRD,BA:1193,2023,SEX_M,21,0.148,0.007792754844144902
GRD,BA:1193,2023,SEX_M,22,0.114,0.006002527379949453
GRD,BA:1193,2023,SEX_M,23,0.361,0.019008003369839932
GRD,BA:1193,2023,SEX_M,24,0.152,0.008003369839932602
GRD,BA:1193,2023,SEX_M,26,0.337,0.01774431339511373
GRD,BA:1193,2023,SEX_M,31,0.488,0.02569502948609941
GRD,BA:1193,2023,SEX_M,33,0.546,0.02874894692502106
GRD,BA:1193,2023,SEX_M,34,0.281,0.014795703454085932
GRD,BA:1193,2023,SEX_M,35,0.168,0.008845829823083403
GRD,BA:1193,2023,SEX_M,42,0.075,0.003949031171019376
GRD,BA:1193,2023,SEX_M,43,0.362,0.019060657118786857
GRD,BA:1193,2023,SEX_M,51,0.975,0.05133740522325189
GRD,BA:1193,2023,SEX_M,52,1.197,0.06302653748946925
GRD,BA:1193,2023,SEX_M,54,1.275,0.06713352990732939
GRD,BA:1193,2023,SEX_M,61,0.958,0.050442291491154166
GRD,BA:1193,2023,SEX_M,62,0.966,0.050863521482729566
GRD,BA:1193,2023,SEX_M,63,0.724,0.038121314237573714
GRD,BA:1193,2023,SEX_M,71,3.082,0.1622788542544229
GRD,BA:1193,2023,SEX_M,72,1.207,0.0635530749789385
GRD,BA:1193,2023,SEX_M,74,0.313,0.01648062342038753
GRD,BA:1193,2023,SEX_M,75,0.262,0.013795282224094355
GRD,BA:1193,2023,SEX_M,81,0.109,0.005739258635214827
GRD,BA:1193,2023,SEX_M,83,1.122,0.05907750631844988
GRD,BA:1193,2023,SEX_M,91,0.09,0.004738837405223252
GRD,BA:1193,2023,SEX_M,92,1.094,0.05760320134793597
GRD,BA:1193,2023,SEX_M,93,1.326,0.06981887110362257
GRD,BA:1193,2023,SEX_M,96,0.612,0.03222409435551811
GTM,BA:660,2024,SEX_F,11,1.084,3.313290574360754e-4
GTM,BA:660,2024,SEX_F,12,6.142,0.0018773275560630767
GTM,BA:660,2024,SEX_F,13,13.306,0.004067033614616623
GTM,BA:660,2024,SEX_F,14,2.804,8.57054130120623e-4
GTM,BA:660,2024,SEX_F,21,9.219,0.00281782525876677
GTM,BA:660,2024,SEX_F,22,29.502,0.009017407612988096
GTM,BA:660,2024,SEX_F,23,150.532,0.04601072479148276
GTM,BA:660,2024,SEX_F,24,30.147,0.009214554515244801
GTM,BA:660,2024,SEX_F,25,1.678,5.128875999794598e-4
GTM,BA:660,2024,SEX_F,26,27.662,0.008455004046860441
GTM,BA:660,2024,SEX_F,31,6.523,0.0019937817727449444
GTM,BA:660,2024,SEX_F,32,52.295,0.015984181788394433
GTM,BA:660,2024,SEX_F,33,78.678,0.024048254225973745
GTM,BA:660,2024,SEX_F,34,21.009,0.006421487239552129
GTM,BA:660,2024,SEX_F,35,7.582,0.0023174694773803726
GTM,BA:660,2024,SEX_F,41,56.95,0.017407001679874995
GTM,BA:660,2024,SEX_F,42,35.018,0.01070339569492296
GTM,BA:660,2024,SEX_F,43,35.654,0.010897791710171432
GTM,BA:660,2024,SEX_F,44,11.38,0.0034783437948547402
GTM,BA:660,2024,SEX_F,51,151.342,0.04625830462222374
GTM,BA:660,2024,SEX_F,52,896.112,0.2739003176357531
GTM,BA:660,2024,SEX_F,53,64.401,0.019684430468579973
GTM,BA:660,2024,SEX_F,54,12.376,0.003782775290432536
GTM,BA:660,2024,SEX_F,61,132.272,0.040429480705889816
GTM,BA:660,2024,SEX_F,63,63.183,0.01931214376013243
GTM,BA:660,2024,SEX_F,71,5.169,0.001579926105061876
GTM,BA:660,2024,SEX_F,72,2.66,8.130399379888936e-4
GTM,BA:660,2024,SEX_F,73,318.073,0.09722032037441403
GTM,BA:660,2024,SEX_F,74,2.081,6.360662071258975e-4
GTM,BA:660,2024,SEX_F,75,289.548,0.08850153682887524
GTM,BA:660,2024,SEX_F,81,49.103,0.015008533862807759
GTM,BA:660,2024,SEX_F,83,8.55,0.002613342657821444
GTM,BA:660,2024,SEX_F,91,402.031,0.12288242831188453
GTM,BA:660,2024,SEX_F,92,176.009,0.053797874603566595
GTM,BA:660,2024,SEX_F,93,39.02,0.011926623451250612
GTM,BA:660,2024,SEX_F,94,40.063,0.012245420690093625
GTM,BA:660,2024,SEX_F,95,31.549,0.009643081580305113
GTM,BA:660,2024,SEX_F,96,10.965,0.0033514973383639915
GTM,BA:660,2024,SEX_M,11,3.836,8.917272077222272e-4
GTM,BA:660,2024,SEX_M,12,5.395,0.0012541366750942167
GTM,BA:660,2024,SEX_M,13,21.809,0.005069780676020348
GTM,BA:660,2024,SEX_M,14,2.454,5.704636516554603e-4
GTM,BA:660,2024,SEX_M,21,24.221,0.005630480891094907
GTM,BA:660,2024,SEX_M,22,15.695,0.0036485032651721473
GTM,BA:660,2024,SEX_M,23,68.165,0.01584582510802545
GTM,BA:660,2024,SEX_M,24,39.504,0.009183209492663937
GTM,BA:660,2024,SEX_M,25,13.669,0.0031775336815315757
GTM,BA:660,2024,SEX_M,26,36.646,0.008518830879611246
GTM,BA:660,2024,SEX_M,31,50.566,0.011754712717852488
GTM,BA:660,2024,SEX_M,32,19.608,0.004558130106626025
GTM,BA:660,2024,SEX_M,33,74.591,0.017339630904903192
GTM,BA:660,2024,SEX_M,34,26.669,0.0061995497660959535
GTM,BA:660,2024,SEX_M,35,20.244,0.004705976431993944
GTM,BA:660,2024,SEX_M,41,28.436,0.006610311490820973
GTM,BA:660,2024,SEX_M,42,30.382,0.007062684052402688
GTM,BA:660,2024,SEX_M,43,87.529,0.020347234297371956
GTM,BA:660,2024,SEX_M,44,10.356,0.0024073845055191307
GTM,BA:660,2024,SEX_M,51,91.604,0.021294520108495023
GTM,BA:660,2024,SEX_M,52,443.676,0.10313815448732191
GTM,BA:660,2024,SEX_M,53,2.825,6.567073414534129e-4
GTM,BA:660,2024,SEX_M,54,129.832,0.030181107099320176
GTM,BA:660,2024,SEX_M,61,525.849,0.12224031815785337
GTM,BA:660,2024,SEX_M,62,9.918,0.0023055658097468844
GTM,BA:660,2024,SEX_M,63,180.963,0.042067161285463346
GTM,BA:660,2024,SEX_M,71,384.968,0.0894907298494292
GTM,BA:660,2024,SEX_M,72,192.954,0.04485462242931038
GTM,BA:660,2024,SEX_M,73,68.358,0.015890690423742443
GTM,BA:660,2024,SEX_M,74,57.331,0.013327323395704643
GTM,BA:660,2024,SEX_M,75,183.375,0.042627861500537906
GTM,BA:660,2024,SEX_M,81,75.248,0.017492358948561562
GTM,BA:660,2024,SEX_M,83,305.593,0.07103899702540631
GTM,BA:660,2024,SEX_M,91,50.398,0.011715658971528887
GTM,BA:660,2024,SEX_M,92,612.193,0.14231208406597848
GTM,BA:660,2024,SEX_M,93,295.171,0.06861626997668861
GTM,BA:660,2024,SEX_M,94,8.662,0.0020135925634228186
GTM,BA:660,2024,SEX_M,95,39.205,0.009113703122718956
GTM,BA:660,2024,SEX_M,96,63.866,0.014846467635137582
GUY,BA:1214,2019,SEX_F,02,0.065,6.723627862713861e-4
GUY,BA:1214,2019,SEX_F,03,0.083,8.585555578542314e-4
GUY,BA:1214,2019,SEX_F,11,0.238,0.0024618822020398444
GUY,BA:1214,2019,SEX_F,12,2.414,0.024970519477832707
GUY,BA:1214,2019,SEX_F,13,1.585,0.016395307942156104
GUY,BA:1214,2019,SEX_F,14,1,0.010344042865713632
GUY,BA:1214,2019,SEX_F,21,0.395,0.004085896931956884
GUY,BA:1214,2019,SEX_F,22,3.375,0.03491114467178351
GUY,BA:1214,2019,SEX_F,23,9.916,0.10257152905641638
GUY,BA:1214,2019,SEX_F,24,1.078,0.011150878209239296
GUY,BA:1214,2019,SEX_F,25,0.15,0.0015516064298570448
GUY,BA:1214,2019,SEX_F,26,0.5,0.005172021432856816
GUY,BA:1214,2019,SEX_F,31,0.733,0.007582183420568092
GUY,BA:1214,2019,SEX_F,32,1.226,0.012681796553364912
GUY,BA:1214,2019,SEX_F,33,2.225,0.023015495376212832
GUY,BA:1214,2019,SEX_F,34,1.002,0.010364730951445059
GUY,BA:1214,2019,SEX_F,35,0.126,0.0013033494010799176
GUY,BA:1214,2019,SEX_F,41,3.357,0.03472495190020066
GUY,BA:1214,2019,SEX_F,42,1.73,0.017895194157684584
GUY,BA:1214,2019,SEX_F,43,1.918,0.019839874216438746
GUY,BA:1214,2019,SEX_F,44,0.987,0.010209570308459355
GUY,BA:1214,2019,SEX_F,51,9.678,0.10010964685437654
GUY,BA:1214,2019,SEX_F,52,21.444,0.2218176552123631
GUY,BA:1214,2019,SEX_F,53,1.757,0.01817448331505885
GUY,BA:1214,2019,SEX_F,54,5.716,0.05912654902041912
GUY,BA:1214,2019,SEX_F,61,1.561,0.01614705091337898
GUY,BA:1214,2019,SEX_F,62,0.168,0.0017377992014398903
GUY,BA:1214,2019,SEX_F,63,2.284,0.023625793905289932
GUY,BA:1214,2019,SEX_F,71,0.585,0.006051265076442474
GUY,BA:1214,2019,SEX_F,72,0.116,0.0011999089724227814
GUY,BA:1214,2019,SEX_F,73,0.623,0.006444338705339592
GUY,BA:1214,2019,SEX_F,75,2.626,0.027163456565363994
GUY,BA:1214,2019,SEX_F,81,0.415,0.004292777789271157
GUY,BA:1214,2019,SEX_F,83,0.502,0.005192709518588243
GUY,BA:1214,2019,SEX_F,91,6.819,0.07053602830130125
GUY,BA:1214,2019,SEX_F,92,1.796,0.018577900986821685
GUY,BA:1214,2019,SEX_F,93,1.042,0.010778492666073605
GUY,BA:1214,2019,SEX_F,94,1.779,0.01840205225810455
GUY,BA:1214,2019,SEX_F,95,2.856,0.029542586424478132
GUY,BA:1214,2019,SEX_F,96,0.804,0.00831661046403376
GUY,BA:1214,2019,SEX_M,01,0.08,5.568355038317243e-4
GUY,BA:1214,2019,SEX_M,02,0.227,0.0015800207421225176
GUY,BA:1214,2019,SEX_M,03,1.27,0.008839763623328624
GUY,BA:1214,2019,SEX_M,11,0.79,0.0054987506003382775
GUY,BA:1214,2019,SEX_M,12,1.71,0.011902358894403105
GUY,BA:1214,2019,SEX_M,13,2.501,0.01740806993853928
GUY,BA:1214,2019,SEX_M,14,0.956,0.006654184270789104
GUY,BA:1214,2019,SEX_M,21,2.255,0.015695800764256727
GUY,BA:1214,2019,SEX_M,22,0.653,0.0045451698000264495
GUY,BA:1214,2019,SEX_M,23,1.967,0.01369119295046252
GUY,BA:1214,2019,SEX_M,24,0.797,0.005547473706923553
GUY,BA:1214,2019,SEX_M,25,0.262,0.001823636275048897
GUY,BA:1214,2019,SEX_M,26,1.062,0.00739199131336614
GUY,BA:1214,2019,SEX_M,31,3.888,0.027062205486221798
GUY,BA:1214,2019,SEX_M,32,0.697,0.004851429327133897
GUY,BA:1214,2019,SEX_M,33,2.46,0.017122691742825522
GUY,BA:1214,2019,SEX_M,34,0.678,0.004719180894973863
GUY,BA:1214,2019,SEX_M,35,0.52,0.0036194307749062076
GUY,BA:1214,2019,SEX_M,41,1.3,0.00904857693726552
GUY,BA:1214,2019,SEX_M,42,0.578,0.004023136515184208
GUY,BA:1214,2019,SEX_M,43,1.269,0.008832803179530726
GUY,BA:1214,2019,SEX_M,44,0.491,0.0034175779047672075
GUY,BA:1214,2019,SEX_M,51,3.542,0.02465389193214959
GUY,BA:1214,2019,SEX_M,52,10.174,0.07081555519979953
GUY,BA:1214,2019,SEX_M,53,0.142,9.883830193013106e-4
GUY,BA:1214,2019,SEX_M,54,9.872,0.06871350117283477
GUY,BA:1214,2019,SEX_M,61,4.58,0.03187883259436621
GUY,BA:1214,2019,SEX_M,62,4.254,0.029609727916251934
GUY,BA:1214,2019,SEX_M,63,8.446,0.05878790831703429
GUY,BA:1214,2019,SEX_M,71,13.71,0.09542768446916175
GUY,BA:1214,2019,SEX_M,72,5.486,0.03818499467526049
GUY,BA:1214,2019,SEX_M,73,0.906,0.006306162080894277
GUY,BA:1214,2019,SEX_M,74,1.384,0.00963325421628883
GUY,BA:1214,2019,SEX_M,75,1.562,0.010872213212314416
GUY,BA:1214,2019,SEX_M,81,2.828,0.01968413506045145
GUY,BA:1214,2019,SEX_M,82,0.7,0.004872310658527587
GUY,BA:1214,2019,SEX_M,83,17.016,0.11843891166500774
GUY,BA:1214,2019,SEX_M,91,1.45,0.010092643506950001
GUY,BA:1214,2019,SEX_M,92,9.462,0.06585971921569718
GUY,BA:1214,2019,SEX_M,93,13,0.09048576937265519
GUY,BA:1214,2019,SEX_M,94,0.464,0.003229645922224001
GUY,BA:1214,2019,SEX_M,95,2.091,0.014554287981401695
GUY,BA:1214,2019,SEX_M,96,6.189,0.04307818666518177
HND,BX:504,2024,SEX_F,11,8.866,0.006081921409721607
HND,BX:504,2024,SEX_F,12,9.038,0.006199910410677181
HND,BX:504,2024,SEX_F,13,14.044,0.009633939124535333
HND,BX:504,2024,SEX_F,14,11.906,0.008167308403355004
HND,BX:504,2024,SEX_F,21,3.458,0.0023721277052579878
HND,BX:504,2024,SEX_F,22,12.17,0.008348407800170534
HND,BX:504,2024,SEX_F,23,63.81,0.04377254738939045
HND,BX:504,2024,SEX_F,24,10.893,0.00747240806633177
HND,BX:504,2024,SEX_F,26,12.887,0.00884025729833999
HND,BX:504,2024,SEX_F,31,6.061,0.004157740318556582
HND,BX:504,2024,SEX_F,32,27.591,0.018926944914914152
HND,BX:504,2024,SEX_F,33,42.134,0.028903189338733384
HND,BX:504,2024,SEX_F,34,18.719,0.012840907609810373
HND,BX:504,2024,SEX_F,41,9.581,0.006572398942763672
HND,BX:504,2024,SEX_F,42,22.779,0.01562599681841287
HND,BX:504,2024,SEX_F,43,12.299,0.008436899550887214
HND,BX:504,2024,SEX_F,44,5.154,0.00353555413328504
HND,BX:504,2024,SEX_F,51,173.482,0.11900562711496998
HND,BX:504,2024,SEX_F,52,431.165,0.29577167207563915
HND,BX:504,2024,SEX_F,53,59.391,0.04074119044042138
HND,BX:504,2024,SEX_F,54,3.969,0.0027226647953062324
HND,BX:504,2024,SEX_F,61,33.62,0.023062733791432484
HND,BX:504,2024,SEX_F,72,6.737,0.004621464531614535
HND,BX:504,2024,SEX_F,73,14.102,0.009673726113229654
HND,BX:504,2024,SEX_F,75,144.578,0.09917798709392404
HND,BX:504,2024,SEX_F,81,35.812,0.024566407571052353
HND,BX:504,2024,SEX_F,82,8.874,0.006087409270231169
HND,BX:504,2024,SEX_F,91,165.132,0.11327767270811509
HND,BX:504,2024,SEX_F,92,29.969,0.020558211451381328
HND,BX:504,2024,SEX_F,93,12.065,0.00827637963098254
HND,BX:504,2024,SEX_F,94,28.597,0.01961704337399152
HND,BX:504,2024,SEX_F,95,7.726,0.005299901287109084
HND,BX:504,2024,SEX_F,96,11.154,0.007651449515456215
HND,BX:504,2024,SEX_M,01,4.455,0.001994171915076477
HND,BX:504,2024,SEX_M,11,15.85,0.00709486528708466
HND,BX:504,2024,SEX_M,12,6.868,0.003074292415879965
HND,BX:504,2024,SEX_M,13,8.237,0.003687091821433208
HND,BX:504,2024,SEX_M,14,10.943,0.004898366614294475
HND,BX:504,2024,SEX_M,21,7.618,0.003410011593502268
HND,BX:504,2024,SEX_M,22,7.907,0.0035393753832793948
HND,BX:504,2024,SEX_M,23,32.942,0.014745681532311853
HND,BX:504,2024,SEX_M,24,15.883,0.007109636930900041
HND,BX:504,2024,SEX_M,25,2.883,0.0012905045187801309
HND,BX:504,2024,SEX_M,26,17.711,0.007927896473158133
HND,BX:504,2024,SEX_M,31,42.374,0.018967685910089932
HND,BX:504,2024,SEX_M,32,3.222,0.0014422495870654117
HND,BX:504,2024,SEX_M,33,59.617,0.026686093616411746
HND,BX:504,2024,SEX_M,34,26.374,0.011805676787480809
HND,BX:504,2024,SEX_M,35,5.316,0.0023795775309868802
HND,BX:504,2024,SEX_M,41,4.152,0.001858541367317067
HND,BX:504,2024,SEX_M,42,16.432,0.007355383368919566
HND,BX:504,2024,SEX_M,43,33.351,0.014928760390508548
HND,BX:504,2024,SEX_M,44,2.08,9.310611859391858e-4
HND,BX:504,2024,SEX_M,51,49.063,0.021961853348910706
HND,BX:504,2024,SEX_M,52,216.888,0.09708461466152794
HND,BX:504,2024,SEX_M,54,80.849,0.03619007972211405
HND,BX:504,2024,SEX_M,61,296.515,0.1327276959369027
HND,BX:504,2024,SEX_M,62,13.837,0.0061937950143464
HND,BX:504,2024,SEX_M,71,167.407,0.07493565382428907
HND,BX:504,2024,SEX_M,72,125.579,0.05621237147550817
HND,BX:504,2024,SEX_M,73,7.716,0.0034538788993782486
HND,BX:504,2024,SEX_M,74,28.353,0.012691527790833526
HND,BX:504,2024,SEX_M,75,53.592,0.02398914955617925
HND,BX:504,2024,SEX_M,81,45.491,0.02036293481228822
HND,BX:504,2024,SEX_M,82,11.724,0.005247962184591833
HND,BX:504,2024,SEX_M,83,146.667,0.06565189949910699
HND,BX:504,2024,SEX_M,91,15.369,0.006879557387836224
HND,BX:504,2024,SEX_M,92,411.648,0.18426417070648746
HND,BX:504,2024,SEX_M,93,186.925,0.08367240970273188
HND,BX:504,2024,SEX_M,94,5.735,0.002567132644885207
HND,BX:504,2024,SEX_M,95,10.47,0.004686639719607344
HND,BX:504,2024,SEX_M,96,35.967,0.01609974888205514
HRV,BA:2251,2024,SEX_F,01,0.77,9.734144090616033e-4
HRV,BA:2251,2024,SEX_F,03,3.176,0.004015018393739808
HRV,BA:2251,2024,SEX_F,11,2.894,0.003658521168602961
HRV,BA:2251,2024,SEX_F,12,6.953,0.008789805696370556
HRV,BA:2251,2024,SEX_F,13,11.374,0.014378721413852826
HRV,BA:2251,2024,SEX_F,14,11.152,0.01409807466214935
HRV,BA:2251,2024,SEX_F,21,20.578,0.02601418403853204
HRV,BA:2251,2024,SEX_F,22,29.771,0.037635740743081805
HRV,BA:2251,2024,SEX_F,23,74.471,0.09414434345094372
HRV,BA:2251,2024,SEX_F,24,35.981,0.04548626474343578
HRV,BA:2251,2024,SEX_F,25,10.913,0.013795936942973087
HRV,BA:2251,2024,SEX_F,26,49.164,0.06215187793130476
HRV,BA:2251,2024,SEX_F,31,13.402,0.01694246741590079
HRV,BA:2251,2024,SEX_F,32,38.977,0.04927373171687546
HRV,BA:2251,2024,SEX_F,33,57.702,0.07294540030087354
HRV,BA:2251,2024,SEX_F,34,6.889,0.008708898524708292
HRV,BA:2251,2024,SEX_F,35,2.862,0.0036180675827718295
HRV,BA:2251,2024,SEX_F,41,35.806,0.045265034195921774
HRV,BA:2251,2024,SEX_F,42,22.14,0.02798882469691415
HRV,BA:2251,2024,SEX_F,43,41.584,0.05256943478755547
HRV,BA:2251,2024,SEX_F,44,2.526,0.0031933049315449476
HRV,BA:2251,2024,SEX_F,51,58.636,0.07412613933731971
HRV,BA:2251,2024,SEX_F,52,98.239,0.12419124432701668
HRV,BA:2251,2024,SEX_F,53,27.348,0.03457264579093081
HRV,BA:2251,2024,SEX_F,54,5.758,0.007279117100489236
HRV,BA:2251,2024,SEX_F,61,11.844,0.01497288345574757
HRV,BA:2251,2024,SEX_F,71,0.636,8.040150183937398e-4
HRV,BA:2251,2024,SEX_F,72,2.366,0.00299103700238929
HRV,BA:2251,2024,SEX_F,73,2.475,0.003128832029126582
HRV,BA:2251,2024,SEX_F,75,10.032,0.012682199158059746
HRV,BA:2251,2024,SEX_F,81,28.896,0.0365295880055118
HRV,BA:2251,2024,SEX_F,82,2.008,0.0025384625109035057
HRV,BA:2251,2024,SEX_F,83,0.694,8.773371427126657e-4
HRV,BA:2251,2024,SEX_F,91,42.01,0.053107973148932404
HRV,BA:2251,2024,SEX_F,92,6.531,0.008256324033222507
HRV,BA:2251,2024,SEX_F,93,7.433,0.009396609483837528
HRV,BA:2251,2024,SEX_F,94,4.199,0.005308268965778795
HRV,BA:2251,2024,SEX_F,96,2.84,0.0035902557425129262
HRV,BA:2251,2024,SEX_M,01,2.664,0.003013786034767145
HRV,BA:2251,2024,SEX_M,02,1.651,0.0018677780568320407
HRV,BA:2251,2024,SEX_M,03,7.079,0.008008480232776508
HRV,BA:2251,2024,SEX_M,11,3.222,0.0036450520285359386
HRV,BA:2251,2024,SEX_M,12,12.495,0.014135606795951753
HRV,BA:2251,2024,SEX_M,13,46.203,0.05226950306469459
HRV,BA:2251,2024,SEX_M,14,23.227,0.026276729815892068
HRV,BA:2251,2024,SEX_M,21,32.622,0.0369053033131283
HRV,BA:2251,2024,SEX_M,22,10.663,0.012063063246517292
HRV,BA:2251,2024,SEX_M,23,18.432,0.020852141213524026
HRV,BA:2251,2024,SEX_M,24,13.665,0.015459229040950838
HRV,BA:2251,2024,SEX_M,25,28.039,0.03172055053634984
HRV,BA:2251,2024,SEX_M,26,25.354,0.028683007179236556
HRV,BA:2251,2024,SEX_M,31,60.111,0.06800363826422216
HRV,BA:2251,2024,SEX_M,32,5.132,0.00580583706097034
HRV,BA:2251,2024,SEX_M,33,35.335,0.039974523100036435
HRV,BA:2251,2024,SEX_M,34,8.286,0.009373960617147358
HRV,BA:2251,2024,SEX_M,35,15.799,0.017873425511744038
HRV,BA:2251,2024,SEX_M,41,8.628,0.009760865581070166
HRV,BA:2251,2024,SEX_M,42,5.907,0.00668259538564922
HRV,BA:2251,2024,SEX_M,43,26.715,0.03022270792747908
HRV,BA:2251,2024,SEX_M,44,3.76,0.004253692001022697
HRV,BA:2251,2024,SEX_M,51,39.285,0.04444316230323846
HRV,BA:2251,2024,SEX_M,52,29.573,0.03345596636868197
HRV,BA:2251,2024,SEX_M,53,1.356,0.0015340442429220152
HRV,BA:2251,2024,SEX_M,54,32.932,0.037256006642999856
HRV,BA:2251,2024,SEX_M,61,22.779,0.02576990693917447
HRV,BA:2251,2024,SEX_M,62,4.521,0.0051146121108041525
HRV,BA:2251,2024,SEX_M,71,45.202,0.051137070699528706
HRV,BA:2251,2024,SEX_M,72,77.077,0.08719729211777298
HRV,BA:2251,2024,SEX_M,73,4.645,0.005254893442752773
HRV,BA:2251,2024,SEX_M,74,34.854,0.039430367288203476
HRV,BA:2251,2024,SEX_M,75,15.296,0.01730438107650084
HRV,BA:2251,2024,SEX_M,81,23.395,0.026466788394661166
HRV,BA:2251,2024,SEX_M,82,7.69,0.008699705182942696
HRV,BA:2251,2024,SEX_M,83,94.02,0.10636492604684945
HRV,BA:2251,2024,SEX_M,91,2.513,0.0028429595740877755
HRV,BA:2251,2024,SEX_M,92,12.842,0.014528168265195074
HRV,BA:2251,2024,SEX_M,93,27.665,0.031297443938375774
HRV,BA:2251,2024,SEX_M,94,0.75,8.484757980763358e-4
HRV,BA:2251,2024,SEX_M,95,0.317,3.586224373202646e-4
HRV,BA:2251,2024,SEX_M,96,12.237,0.013843731121413495
HUN,BA:656,2024,SEX_F,01,1.452,6.548292302780048e-4
HUN,BA:656,2024,SEX_F,02,2.562,0.0011554218236723474
HUN,BA:656,2024,SEX_F,03,0.422,1.903153823535248e-4
HUN,BA:656,2024,SEX_F,11,4.277,0.0019288599296825252
HUN,BA:656,2024,SEX_F,12,30.88,0.013926395751366933
HUN,BA:656,2024,SEX_F,13,31.003,0.013981866822526848
HUN,BA:656,2024,SEX_F,14,15.56,0.007017315993888261
HUN,BA:656,2024,SEX_F,21,41.728,0.018818673637080292
HUN,BA:656,2024,SEX_F,22,54.311,0.024493409315171296
HUN,BA:656,2024,SEX_F,23,188.761,0.085128250920459
HUN,BA:656,2024,SEX_F,24,119.463,0.05387593962582733
HUN,BA:656,2024,SEX_F,25,22.793,0.010279285568682206
HUN,BA:656,2024,SEX_F,26,94.804,0.042755117319060586
HUN,BA:656,2024,SEX_F,31,29.35,0.013236389744255814
HUN,BA:656,2024,SEX_F,32,108.32,0.04885062136619386
HUN,BA:656,2024,SEX_F,33,263.606,0.11888217222910726
HUN,BA:656,2024,SEX_F,34,57.42,0.025895519560993827
HUN,BA:656,2024,SEX_F,35,5.094,0.0022973141177934963
HUN,BA:656,2024,SEX_F,41,123.216,0.05556848377268226
HUN,BA:656,2024,SEX_F,42,49.01,0.022102741443474527
HUN,BA:656,2024,SEX_F,43,74.306,0.03351084076104506
HUN,BA:656,2024,SEX_F,44,25.131,0.011333686905038939
HUN,BA:656,2024,SEX_F,51,107.779,0.04860663884995391
HUN,BA:656,2024,SEX_F,52,208.265,0.09392424906601148
HUN,BA:656,2024,SEX_F,53,71.617,0.03229814392893931
HUN,BA:656,2024,SEX_F,54,21.386,0.009644750632730998
HUN,BA:656,2024,SEX_F,61,32.133,0.014491479102288658
HUN,BA:656,2024,SEX_F,62,0.218,9.831458140537538e-5
HUN,BA:656,2024,SEX_F,71,2.234,0.001007498967245911
HUN,BA:656,2024,SEX_F,72,5.396,0.002433511381942227
HUN,BA:656,2024,SEX_F,73,12.894,0.005814991801105092
HUN,BA:656,2024,SEX_F,74,1.352,6.097307984406767e-4
HUN,BA:656,2024,SEX_F,75,51.186,0.02308408332025479
HUN,BA:656,2024,SEX_F,81,69.144,0.031182859709602183
HUN,BA:656,2024,SEX_F,82,68.363,0.03083064095695265
HUN,BA:656,2024,SEX_F,83,6.7,0.0030215949331009865
HUN,BA:656,2024,SEX_F,91,109.183,0.049239820832950004
HUN,BA:656,2024,SEX_F,92,19.5,0.00879419420827899
HUN,BA:656,2024,SEX_F,93,26.773,0.012074203155807867
HUN,BA:656,2024,SEX_F,94,41.691,0.018801987217300482
HUN,BA:656,2024,SEX_F,95,0.132,5.952993002527317e-5
HUN,BA:656,2024,SEX_F,96,17.957,0.008098325405029017
HUN,BA:656,2024,SEX_M,01,6.326,0.002533226067000346
HUN,BA:656,2024,SEX_M,02,11.64,0.004661200034758778
HUN,BA:656,2024,SEX_M,03,0.423,1.693889703353061e-4
HUN,BA:656,2024,SEX_M,11,6.461,0.002587286376681827
HUN,BA:656,2024,SEX_M,12,20.801,0.008329692605070218
HUN,BA:656,2024,SEX_M,13,63.54,0.025444385756750235
HUN,BA:656,2024,SEX_M,14,29.223,0.011702255035717849
HUN,BA:656,2024,SEX_M,21,129.269,0.05176534942381723
HUN,BA:656,2024,SEX_M,22,21.964,0.008795412161807714
HUN,BA:656,2024,SEX_M,23,45.707,0.018303219071195833
HUN,BA:656,2024,SEX_M,24,75.734,0.030327433284572276
HUN,BA:656,2024,SEX_M,25,104.608,0.041889932408595044
HUN,BA:656,2024,SEX_M,26,57.954,0.02320749027615208
HUN,BA:656,2024,SEX_M,31,109.118,0.04369594719869487
HUN,BA:656,2024,SEX_M,32,14.82,0.005934620662811434
HUN,BA:656,2024,SEX_M,33,129.384,0.051811400798731075
HUN,BA:656,2024,SEX_M,34,27.973,0.011201696612741176
HUN,BA:656,2024,SEX_M,35,28.018,0.011219716715968338
HUN,BA:656,2024,SEX_M,41,11.398,0.0045642919240704944
HUN,BA:656,2024,SEX_M,42,17.792,0.007124748369280772
HUN,BA:656,2024,SEX_M,43,67.377,0.02698089989191943
HUN,BA:656,2024,SEX_M,44,10.334,0.0041382165944327505
HUN,BA:656,2024,SEX_M,51,86.27,0.03454654012015806
HUN,BA:656,2024,SEX_M,52,79.099,0.03167493655922548
HUN,BA:656,2024,SEX_M,53,8.078,0.0032348087526444507
HUN,BA:656,2024,SEX_M,54,90.622,0.03628928432559364
HUN,BA:656,2024,SEX_M,61,75.975,0.030423940948522177
HUN,BA:656,2024,SEX_M,62,10.779,0.004316415393012446
HUN,BA:656,2024,SEX_M,71,191.212,0.07657022173937246
HUN,BA:656,2024,SEX_M,72,211.226,0.08458476276133657
HUN,BA:656,2024,SEX_M,73,12.194,0.00488304752782204
HUN,BA:656,2024,SEX_M,74,84.682,0.03391063069960849
HUN,BA:656,2024,SEX_M,75,61.439,0.024603047159411046
HUN,BA:656,2024,SEX_M,81,103.259,0.04134972975851862
HUN,BA:656,2024,SEX_M,82,57.258,0.02292877934623867
HUN,BA:656,2024,SEX_M,83,245.83,0.0984418216962844
HUN,BA:656,2024,SEX_M,91,15.31,0.00613083956461829
HUN,BA:656,2024,SEX_M,92,32.304,0.012936031436670754
HUN,BA:656,2024,SEX_M,93,107.24,0.04294390822401472
HUN,BA:656,2024,SEX_M,94,5.737,0.002297362938093738
HUN,BA:656,2024,SEX_M,95,0.414,1.6578494968987406e-4
HUN,BA:656,2024,SEX_M,96,28.419,0.011380295858059254
IDN,BA:510,2023,SEX_F,01,5.44,9.978832767860029e-5
IDN,BA:510,2023,SEX_F,02,18.856,3.4588395343891306e-4
IDN,BA:510,2023,SEX_F,03,8.23,1.509665324990589e-4
IDN,BA:510,2023,SEX_F,11,72.025,0.0013211864523991151
IDN,BA:510,2023,SEX_F,12,170.699,0.003131207306325256
IDN,BA:510,2023,SEX_F,13,205.888,0.0037766947075536135
IDN,BA:510,2023,SEX_F,14,541.886,0.009940054730229042
IDN,BA:510,2023,SEX_F,21,101.406,0.0018601351390764966
IDN,BA:510,2023,SEX_F,22,813.614,0.014924481697775127
IDN,BA:510,2023,SEX_F,23,3746.771,0.0687286787288009
IDN,BA:510,2023,SEX_F,24,224.11,0.004110948918391749
IDN,BA:510,2023,SEX_F,25,26.639,4.886509671011458e-4
IDN,BA:510,2023,SEX_F,26,163.456,0.0029983457516605306
IDN,BA:510,2023,SEX_F,31,150.424,0.002759294007854002
IDN,BA:510,2023,SEX_F,32,519.68,0.009532720244120402
IDN,BA:510,2023,SEX_F,33,431.353,0.007912498990652071
IDN,BA:510,2023,SEX_F,34,158.67,0.002910554035434468
IDN,BA:510,2023,SEX_F,35,32.986,6.050767972070421e-4
IDN,BA:510,2023,SEX_F,41,1303.151,0.02390427555196611
IDN,BA:510,2023,SEX_F,42,400.474,0.0073460718269778985
IDN,BA:510,2023,SEX_F,43,602.747,0.011056454989575972
IDN,BA:510,2023,SEX_F,44,267.359,0.004904284466879208
IDN,BA:510,2023,SEX_F,51,3388.709,0.06216058898886432
IDN,BA:510,2023,SEX_F,52,14649.779,0.2687273800130657
IDN,BA:510,2023,SEX_F,53,438.454,0.008042755776469304
IDN,BA:510,2023,SEX_F,54,79.896,0.0014655676890090899
IDN,BA:510,2023,SEX_F,61,8959.476,0.16434763362436675
IDN,BA:510,2023,SEX_F,62,168.527,0.003091365349024167
IDN,BA:510,2023,SEX_F,63,1424.437,0.026129078329691607
IDN,BA:510,2023,SEX_F,71,28.895,5.300337735796241e-4
IDN,BA:510,2023,SEX_F,72,42.385,7.774868140914472e-4
IDN,BA:510,2023,SEX_F,73,1097.651,0.020134698100136635
IDN,BA:510,2023,SEX_F,74,24.215,4.441864622678871e-4
IDN,BA:510,2023,SEX_F,75,4271.023,0.07834526519243354
IDN,BA:510,2023,SEX_F,81,1009.62,0.018519906505674342
IDN,BA:510,2023,SEX_F,82,51.427,9.433482219719443e-4
IDN,BA:510,2023,SEX_F,83,103.469,0.001897977661135495
IDN,BA:510,2023,SEX_F,91,2067.707,0.03792886464326021
IDN,BA:510,2023,SEX_F,92,3777.816,0.06929815090394467
IDN,BA:510,2023,SEX_F,93,1488.643,0.027306837404495327
IDN,BA:510,2023,SEX_F,94,474.488,0.008703743386684502
IDN,BA:510,2023,SEX_F,95,262.878,0.004822087500642479
IDN,BA:510,2023,SEX_F,96,740.035,0.013574789535594295
IDN,BA:510,2023,SEX_M,01,88.234,0.001041391137288609
IDN,BA:510,2023,SEX_M,02,322.905,0.003811120488543853
IDN,BA:510,2023,SEX_M,03,96.304,0.0011366381676614708
IDN,BA:510,2023,SEX_M,11,367.076,0.004332453397911842
IDN,BA:510,2023,SEX_M,12,361.061,0.004261460722856977
IDN,BA:510,2023,SEX_M,13,630.513,0.00744169651319506
IDN,BA:510,2023,SEX_M,14,644.42,0.0076058353547558254
IDN,BA:510,2023,SEX_M,21,411.979,0.0048624258148675555
IDN,BA:510,2023,SEX_M,22,342.484,0.004042203711303489
IDN,BA:510,2023,SEX_M,23,1810.004,0.021362764059851436
IDN,BA:510,2023,SEX_M,24,296.948,0.0035047602447534727
IDN,BA:510,2023,SEX_M,25,100.913,0.0011910363786885488
IDN,BA:510,2023,SEX_M,26,342.875,0.004046818530247205
IDN,BA:510,2023,SEX_M,31,1171.571,0.01382759090718264
IDN,BA:510,2023,SEX_M,32,322.21,0.0038029176773779127
IDN,BA:510,2023,SEX_M,33,744.073,0.008782000449891735
IDN,BA:510,2023,SEX_M,34,325.872,0.0038461388205285225
IDN,BA:510,2023,SEX_M,35,269.196,0.0031772143232035774
IDN,BA:510,2023,SEX_M,41,1589.605,0.01876148150134483
IDN,BA:510,2023,SEX_M,42,556.163,0.006564172757529351
IDN,BA:510,2023,SEX_M,43,725.293,0.008560347509321432
IDN,BA:510,2023,SEX_M,44,338.56,0.00399589028538241
IDN,BA:510,2023,SEX_M,51,2883.218,0.034029486049266595
IDN,BA:510,2023,SEX_M,52,11505.867,0.13579921482219415
IDN,BA:510,2023,SEX_M,53,114.353,0.0013496634032500432
IDN,BA:510,2023,SEX_M,54,1783.774,0.02105318170462465
IDN,BA:510,2023,SEX_M,61,16003.156,0.18887894493105867
IDN,BA:510,2023,SEX_M,62,1323.476,0.015620465770725338
IDN,BA:510,2023,SEX_M,63,2227.758,0.026293349924335258
IDN,BA:510,2023,SEX_M,71,3256.546,0.038435729339853925
IDN,BA:510,2023,SEX_M,72,2262.492,0.026703301640936376
IDN,BA:510,2023,SEX_M,73,979.796,0.011564146142652835
IDN,BA:510,2023,SEX_M,74,620.077,0.0073185245170400174
IDN,BA:510,2023,SEX_M,75,3556.696,0.04197828152900069
IDN,BA:510,2023,SEX_M,81,2243.697,0.026481471661276162
IDN,BA:510,2023,SEX_M,82,276.388,0.003262098665513567
IDN,BA:510,2023,SEX_M,83,5631.454,0.06646583273622965
IDN,BA:510,2023,SEX_M,91,1500.905,0.01771459034966294
IDN,BA:510,2023,SEX_M,92,5022.633,0.05928015835225989
IDN,BA:510,2023,SEX_M,93,8059.011,0.09511733153559186
IDN,BA:510,2023,SEX_M,94,222.097,0.002621323383484691
IDN,BA:510,2023,SEX_M,95,775.609,0.009154207432523527
IDN,BA:510,2023,SEX_M,96,2619.789,0.03092033735483134
IND,BA:14121,2024,SEX_F,11,1210.852,0.008076907103801665
IND,BA:14121,2024,SEX_F,12,387.755,0.002586493736670224
IND,BA:14121,2024,SEX_F,13,266.402,0.0017770166843404237
IND,BA:14121,2024,SEX_F,14,125.066,8.342443699511244e-4
IND,BA:14121,2024,SEX_F,21,212.93,0.0014203352925150953
IND,BA:14121,2024,SEX_F,22,901.691,0.0060146693760542375
IND,BA:14121,2024,SEX_F,23,5962.558,0.03977284347470165
IND,BA:14121,2024,SEX_F,24,756.721,0.005047656708248323
IND,BA:14121,2024,SEX_F,25,1077.82,0.0071895260648035504
IND,BA:14121,2024,SEX_F,26,400.993,0.002674796928340326
IND,BA:14121,2024,SEX_F,31,176.358,0.0011763842178996722
IND,BA:14121,2024,SEX_F,32,1955.585,0.013044598661593635
IND,BA:14121,2024,SEX_F,33,562.208,0.0037501707797601403
IND,BA:14121,2024,SEX_F,34,146.366,9.76324592233431e-4
IND,BA:14121,2024,SEX_F,35,93.034,6.205770610240426e-4
IND,BA:14121,2024,SEX_F,41,1278.784,0.008530042956387656
IND,BA:14121,2024,SEX_F,42,536.435,0.0035782537107985493
IND,BA:14121,2024,SEX_F,43,301.726,0.0020126430586080387
IND,BA:14121,2024,SEX_F,44,429.111,0.0028623561626189126
IND,BA:14121,2024,SEX_F,51,4103.675,0.027373289022269685
IND,BA:14121,2024,SEX_F,52,7791.255,0.051971044237470995
IND,BA:14121,2024,SEX_F,53,825.041,0.005503380688827064
IND,BA:14121,2024,SEX_F,54,301.183,0.0020090210135047856
IND,BA:14121,2024,SEX_F,61,63422.414,0.42305496144603144
IND,BA:14121,2024,SEX_F,62,764.249,0.005097871727654014
IND,BA:14121,2024,SEX_F,63,9221.43,0.06151093071177136
IND,BA:14121,2024,SEX_F,71,146.92,9.80020012099365e-4
IND,BA:14121,2024,SEX_F,72,81.28,5.421727918829049e-4
IND,BA:14121,2024,SEX_F,73,2520.63,0.016813693459692504
IND,BA:14121,2024,SEX_F,74,24.118,1.6087750239458538e-4
IND,BA:14121,2024,SEX_F,75,11495.256,0.0766783346324891
IND,BA:14121,2024,SEX_F,81,975.706,0.006508381472402826
IND,BA:14121,2024,SEX_F,82,39.041,2.6042037362082295e-4
IND,BA:14121,2024,SEX_F,83,56.742,3.784937076404994e-4
IND,BA:14121,2024,SEX_F,91,5866.114,0.039129520237246494
IND,BA:14121,2024,SEX_F,92,16413.513,0.10948523828514216
IND,BA:14121,2024,SEX_F,93,7731.61,0.05157318626291568
IND,BA:14121,2024,SEX_F,94,328.931,0.0021941121875841017
IND,BA:14121,2024,SEX_F,95,204.645,0.001365070755350358
IND,BA:14121,2024,SEX_F,96,819.158,0.00546413853165867
IND,BA:14121,2024,SEX_M,11,9131.904,0.027433248447485466
IND,BA:14121,2024,SEX_M,12,3107.354,0.009334834695621828
IND,BA:14121,2024,SEX_M,13,1588.403,0.004771738088106408
IND,BA:14121,2024,SEX_M,14,1244.251,0.003737867460502458
IND,BA:14121,2024,SEX_M,21,2002.36,0.006015310647298416
IND,BA:14121,2024,SEX_M,22,1317.723,0.003958585465196074
IND,BA:14121,2024,SEX_M,23,6012.232,0.018061409119053642
IND,BA:14121,2024,SEX_M,24,3063.822,0.009204059758498537
IND,BA:14121,2024,SEX_M,25,2862.398,0.008598959810526425
IND,BA:14121,2024,SEX_M,26,2775.755,0.008338674666789097
IND,BA:14121,2024,SEX_M,31,3361.459,0.010098194187437367
IND,BA:14121,2024,SEX_M,32,916.785,0.0027541234202558373
IND,BA:14121,2024,SEX_M,33,3129.988,0.00940282973207429
IND,BA:14121,2024,SEX_M,34,918.302,0.0027586806558438197
IND,BA:14121,2024,SEX_M,35,416.473,0.0012511309011428082
IND,BA:14121,2024,SEX_M,41,4373.277,0.013137807238301442
IND,BA:14121,2024,SEX_M,42,1004.846,0.003018668392644292
IND,BA:14121,2024,SEX_M,43,1344.065,0.0040377197432834985
IND,BA:14121,2024,SEX_M,44,1726.316,0.005186043975809351
IND,BA:14121,2024,SEX_M,51,6929.611,0.020817316980930613
IND,BA:14121,2024,SEX_M,52,35389.996,0.10631545763331686
IND,BA:14121,2024,SEX_M,53,175.804,5.281346376464027e-4
IND,BA:14121,2024,SEX_M,54,4879.142,0.014657481582872655
IND,BA:14121,2024,SEX_M,61,89948.913,0.27021647160441625
IND,BA:14121,2024,SEX_M,62,1532.73,0.004604490245726893
IND,BA:14121,2024,SEX_M,63,5198.015,0.01561541130182229
IND,BA:14121,2024,SEX_M,71,15993.731,0.04804693480409454
IND,BA:14121,2024,SEX_M,72,8111.818,0.024368797411228223
IND,BA:14121,2024,SEX_M,73,3771.551,0.011330155859650108
IND,BA:14121,2024,SEX_M,74,4653.977,0.013981061048154149
IND,BA:14121,2024,SEX_M,75,7819.01,0.023489169831764915
IND,BA:14121,2024,SEX_M,81,5420.036,0.01628238691321277
IND,BA:14121,2024,SEX_M,82,328.815,9.877965852750897e-4
IND,BA:14121,2024,SEX_M,83,21634.115,0.06499127145187598
IND,BA:14121,2024,SEX_M,91,2582.758,0.007758890357775406
IND,BA:14121,2024,SEX_M,92,16979.764,0.05100908686640481
IND,BA:14121,2024,SEX_M,93,47926.142,0.1439754251266185
IND,BA:14121,2024,SEX_M,94,375.75,0.00112879451033899
IND,BA:14121,2024,SEX_M,95,1106.027,0.003322627294442321
IND,BA:14121,2024,SEX_M,96,1821.821,0.005472951546560982
IRL,BA:772,2024,SEX_F,11,2.732,0.0021169843047155593
IRL,BA:772,2024,SEX_F,12,25.634,0.019863387872283544
IRL,BA:772,2024,SEX_F,13,35.167,0.027250361289872647
IRL,BA:772,2024,SEX_F,14,35.654,0.02762773001476155
IRL,BA:772,2024,SEX_F,21,37.692,0.02920694451439929
IRL,BA:772,2024,SEX_F,22,115.251,0.08930620721184954
IRL,BA:772,2024,SEX_F,23,93.918,0.07277559733904682
IRL,BA:772,2024,SEX_F,24,109.771,0.0850598404512927
IRL,BA:772,2024,SEX_F,25,30.381,0.02354176433439363
IRL,BA:772,2024,SEX_F,26,34.837,0.02699464942290481
IRL,BA:772,2024,SEX_F,31,13.685,0.010604293634711723
IRL,BA:772,2024,SEX_F,32,21.801,0.016893255793229832
IRL,BA:772,2024,SEX_F,33,100.089,0.07755740925134538
IRL,BA:772,2024,SEX_F,34,26.169,0.020277951050549584
IRL,BA:772,2024,SEX_F,35,8.975,0.006954587897079847
IRL,BA:772,2024,SEX_F,41,31.188,0.0241670960817968
IRL,BA:772,2024,SEX_F,42,33.792,0.026184895177506655
IRL,BA:772,2024,SEX_F,43,45.749,0.035450188490641334
IRL,BA:772,2024,SEX_F,44,62.243,0.04823113253236111
IRL,BA:772,2024,SEX_F,51,67.723,0.05247749929291794
IRL,BA:772,2024,SEX_F,52,97.456,0.07551713850672018
IRL,BA:772,2024,SEX_F,53,118.709,0.09198575762389433
IRL,BA:772,2024,SEX_F,54,4.713,0.0036520303909679465
IRL,BA:772,2024,SEX_F,61,6.712,0.005201024397236761
IRL,BA:772,2024,SEX_F,72,2.324,0.0018008314510098678
IRL,BA:772,2024,SEX_F,73,2.03,0.0015730154240748845
IRL,BA:772,2024,SEX_F,74,3.063,0.0023734710561287547
IRL,BA:772,2024,SEX_F,75,13.35,0.0103447073455171
IRL,BA:772,2024,SEX_F,81,8.273,0.006410619016439173
IRL,BA:772,2024,SEX_F,82,11.766,0.009117290384071474
IRL,BA:772,2024,SEX_F,83,1.388,0.0010755396101556354
IRL,BA:772,2024,SEX_F,91,31.07,0.024075659717244666
IRL,BA:772,2024,SEX_F,92,5.634,0.0043656989651418236
IRL,BA:772,2024,SEX_F,93,13.44,0.010414446945599237
IRL,BA:772,2024,SEX_F,94,32.84,0.02544720518552671
IRL,BA:772,2024,SEX_F,96,5.296,0.004103788022611128
IRL,BA:772,2024,SEX_M,01,1.523,0.0010580452076387667
IRL,BA:772,2024,SEX_M,03,2.999,0.00208343898733333
IRL,BA:772,2024,SEX_M,11,5.442,0.0037806185291990604
IRL,BA:772,2024,SEX_M,12,33.609,0.023348549825036976
IRL,BA:772,2024,SEX_M,13,65.524,0.04552025882161691
IRL,BA:772,2024,SEX_M,14,44.821,0.031137652167811662
IRL,BA:772,2024,SEX_M,21,83.206,0.05780414284096601
IRL,BA:772,2024,SEX_M,22,29.322,0.020370322769785894
IRL,BA:772,2024,SEX_M,23,39.34,0.027329939900531244
IRL,BA:772,2024,SEX_M,24,99.155,0.0688840922937767
IRL,BA:772,2024,SEX_M,25,90.28,0.06271853010218507
IRL,BA:772,2024,SEX_M,26,28.845,0.02003894551171387
IRL,BA:772,2024,SEX_M,31,38.278,0.026592156571238812
IRL,BA:772,2024,SEX_M,32,10.886,0.007562626480863831
IRL,BA:772,2024,SEX_M,33,73.301,0.05092302807953332
IRL,BA:772,2024,SEX_M,34,39.153,0.027200028899987284
IRL,BA:772,2024,SEX_M,35,19.32,0.013421821018766234
IRL,BA:772,2024,SEX_M,41,6.761,0.004696942645335327
IRL,BA:772,2024,SEX_M,42,18.41,0.012789633796867823
IRL,BA:772,2024,SEX_M,43,21.025,0.01460630367078468
IRL,BA:772,2024,SEX_M,44,15.231,0.010581146787620522
IRL,BA:772,2024,SEX_M,51,40.274,0.027978800192018184
IRL,BA:772,2024,SEX_M,52,61.952,0.043038750297857434
IRL,BA:772,2024,SEX_M,53,21.396,0.014864041538174035
IRL,BA:772,2024,SEX_M,54,17.87,0.01241448973112591
IRL,BA:772,2024,SEX_M,61,77.286,0.053691452342462066
IRL,BA:772,2024,SEX_M,62,3.291,0.0022862946673271054
IRL,BA:772,2024,SEX_M,71,71.31,0.049539858014918225
IRL,BA:772,2024,SEX_M,72,56.968,0.03957630951330615
IRL,BA:772,2024,SEX_M,73,4.603,0.0031977558048333836
IRL,BA:772,2024,SEX_M,74,42.395,0.029452282716904477
IRL,BA:772,2024,SEX_M,75,23.236,0.01614231020662796
IRL,BA:772,2024,SEX_M,81,24.817,0.01724064866577234
IRL,BA:772,2024,SEX_M,82,18.542,0.012881335679604738
IRL,BA:772,2024,SEX_M,83,76.197,0.052934911809882544
IRL,BA:772,2024,SEX_M,91,16.593,0.011527343486769571
IRL,BA:772,2024,SEX_M,92,18.197,0.012641660304269624
IRL,BA:772,2024,SEX_M,93,53.608,0.03724207977091202
IRL,BA:772,2024,SEX_M,94,24.301,0.016882177669618956
IRL,BA:772,2024,SEX_M,96,20.18,0.014019272679021873
IRN,BA:675,2024,SEX_F,11,16.506,0.004175969579632724
IRN,BA:675,2024,SEX_F,12,21.41,0.005416667193743888
IRN,BA:675,2024,SEX_F,13,103.182,0.026104743315501257
IRN,BA:675,2024,SEX_F,14,14.927,0.003776487211630781
IRN,BA:675,2024,SEX_F,21,102.577,0.025951680090269352
IRN,BA:675,2024,SEX_F,22,209.69,0.05305095487417823
IRN,BA:675,2024,SEX_F,23,580.936,0.14697510382367115
IRN,BA:675,2024,SEX_F,24,258.803,0.0654763998011443
IRN,BA:675,2024,SEX_F,25,23.309,0.005897108623025516
IRN,BA:675,2024,SEX_F,26,103.756,0.02624996363167169
IRN,BA:675,2024,SEX_F,31,9.332,0.0023609686245687983
IRN,BA:675,2024,SEX_F,32,116.148,0.02938510327972747
IRN,BA:675,2024,SEX_F,33,106.684,0.0269907390423808
IRN,BA:675,2024,SEX_F,34,83.811,0.021203937140348857
IRN,BA:675,2024,SEX_F,35,13.059,0.003303888691410623
IRN,BA:675,2024,SEX_F,41,125.569,0.03176858864321468
IRN,BA:675,2024,SEX_F,42,81.362,0.02058434732449277
IRN,BA:675,2024,SEX_F,43,15.755,0.0039859687826919645
IRN,BA:675,2024,SEX_F,44,9.935,0.0025135258556677033
IRN,BA:675,2024,SEX_F,51,231.304,0.05851923346948792
IRN,BA:675,2024,SEX_F,52,325.446,0.0823368833038381
IRN,BA:675,2024,SEX_F,53,36.539,0.00924425981280747
IRN,BA:675,2024,SEX_F,54,2.731,6.90934988608807e-4
IRN,BA:675,2024,SEX_F,61,363.415,0.09194292892173915
IRN,BA:675,2024,SEX_F,63,2.001,5.062471300645269e-4
IRN,BA:675,2024,SEX_F,71,3.292,8.328663429147538e-4
IRN,BA:675,2024,SEX_F,72,7.87,0.00199108691334724
IRN,BA:675,2024,SEX_F,73,220.358,0.055749927579589714
IRN,BA:675,2024,SEX_F,74,2.097,5.305348484484322e-4
IRN,BA:675,2024,SEX_F,75,427.112,0.10805808306652684
IRN,BA:675,2024,SEX_F,81,71.29,0.018036160870714704
IRN,BA:675,2024,SEX_F,82,8.956,0.0022658417275651685
IRN,BA:675,2024,SEX_F,83,26.37,0.006671532643578997
IRN,BA:675,2024,SEX_F,91,73.812,0.018674219472425216
IRN,BA:675,2024,SEX_F,92,94.259,0.023847250491130553
IRN,BA:675,2024,SEX_F,93,37.648,0.009524833559554878
IRN,BA:675,2024,SEX_F,94,10.375,0.0026248445649272693
IRN,BA:675,2024,SEX_F,95,7.566,0.0019141758051315393
IRN,BA:675,2024,SEX_F,96,3.423,8.660089586261247e-4
IRN,BA:675,2024,SEX_M,11,130.375,0.00647895753858949
IRN,BA:675,2024,SEX_M,12,69.982,0.0034777404139257504
IRN,BA:675,2024,SEX_M,13,319.11,0.01585810270480761
IRN,BA:675,2024,SEX_M,14,91.224,0.004533357027806617
IRN,BA:675,2024,SEX_M,21,385.107,0.019137809402213483
IRN,BA:675,2024,SEX_M,22,129.463,0.006433635895059721
IRN,BA:675,2024,SEX_M,23,405.09,0.020130860282318055
IRN,BA:675,2024,SEX_M,24,537.358,0.026703890048102558
IRN,BA:675,2024,SEX_M,25,71.961,0.0035760863925939656
IRN,BA:675,2024,SEX_M,26,205.474,0.010210986165170752
IRN,BA:675,2024,SEX_M,31,194.035,0.00964252752445033
IRN,BA:675,2024,SEX_M,32,108.948,0.0054141473895627824
IRN,BA:675,2024,SEX_M,33,650.493,0.03232610950066879
IRN,BA:675,2024,SEX_M,34,104.86,0.005210995110231977
IRN,BA:675,2024,SEX_M,35,43.231,0.0021483552318371027
IRN,BA:675,2024,SEX_M,41,268.62,0.013349013031761526
IRN,BA:675,2024,SEX_M,42,163.715,0.008135781656223804
IRN,BA:675,2024,SEX_M,43,145.745,0.007242766377462897
IRN,BA:675,2024,SEX_M,44,33.14,0.0016468851607198904
IRN,BA:675,2024,SEX_M,51,582.476,0.028946019338427244
IRN,BA:675,2024,SEX_M,52,2550.033,0.12672334058678406
IRN,BA:675,2024,SEX_M,53,10.683,5.308893835839043e-4
IRN,BA:675,2024,SEX_M,54,308.692,0.015340382439135316
IRN,BA:675,2024,SEX_M,61,2074.648,0.1030991854229692
IRN,BA:675,2024,SEX_M,62,88.003,0.004373290126699834
IRN,BA:675,2024,SEX_M,63,6.724,3.341477314629011e-4
IRN,BA:675,2024,SEX_M,71,1304.929,0.06484816553690542
IRN,BA:675,2024,SEX_M,72,1278.324,0.06352603579336431
IRN,BA:675,2024,SEX_M,73,170.537,0.008474799476574773
IRN,BA:675,2024,SEX_M,74,443.193,0.02202438065886935
IRN,BA:675,2024,SEX_M,75,714.647,0.03551422871010825
IRN,BA:675,2024,SEX_M,81,695.597,0.034567543064009464
IRN,BA:675,2024,SEX_M,82,75.181,0.003736103598916176
IRN,BA:675,2024,SEX_M,83,2570.995,0.12776504266098473
IRN,BA:675,2024,SEX_M,91,212.378,0.010554078957856634
IRN,BA:675,2024,SEX_M,92,540.86,0.026877921183674106
IRN,BA:675,2024,SEX_M,93,2041.378,0.10144583994025493
IRN,BA:675,2024,SEX_M,94,28.616,0.0014220659553156423
IRN,BA:675,2024,SEX_M,95,139.335,0.006924222808355641
IRN,BA:675,2024,SEX_M,96,227.676,0.01131430977224085
IRQ,BA:16073,2021,SEX_F,03,5.613,0.005770482230554052
IRQ,BA:16073,2021,SEX_F,13,6.337,0.006514795277929988
IRQ,BA:16073,2021,SEX_F,21,18.473,0.018991291331734366
IRQ,BA:16073,2021,SEX_F,22,72.824,0.07486720077638842
IRQ,BA:16073,2021,SEX_F,23,346.983,0.35671819629508933
IRQ,BA:16073,2021,SEX_F,24,101.23,0.10407017926224597
IRQ,BA:16073,2021,SEX_F,25,5.536,0.0056913218650182125
IRQ,BA:16073,2021,SEX_F,26,14.62,0.015030188884856624
IRQ,BA:16073,2021,SEX_F,31,6.343,0.006520963618101612
IRQ,BA:16073,2021,SEX_F,32,13.194,0.013564180037400706
IRQ,BA:16073,2021,SEX_F,33,9.042,0.009295688638637044
IRQ,BA:16073,2021,SEX_F,34,3.28,0.0033720259604876693
IRQ,BA:16073,2021,SEX_F,41,32.646,0.03356193887380502
IRQ,BA:16073,2021,SEX_F,42,3.77,0.0038757737411702787
IRQ,BA:16073,2021,SEX_F,43,14.297,0.014698126572284212
IRQ,BA:16073,2021,SEX_F,51,25.208,0.025915253174382064
IRQ,BA:16073,2021,SEX_F,52,19.845,0.02040178511764567
IRQ,BA:16073,2021,SEX_F,53,15.753,0.01619497712059825
IRQ,BA:16073,2021,SEX_F,54,3.739,0.003843903983616889
IRQ,BA:16073,2021,SEX_F,61,121.096,0.12449355357049233
IRQ,BA:16073,2021,SEX_F,62,21.953,0.022568928631276162
IRQ,BA:16073,2021,SEX_F,63,16.821,0.017292941671147286
IRQ,BA:16073,2021,SEX_F,71,4.117,0.004232509414429188
IRQ,BA:16073,2021,SEX_F,75,48.94,0.050313094666544676
IRQ,BA:16073,2021,SEX_F,91,23.02,0.023665865125129925
IRQ,BA:16073,2021,SEX_F,92,3.433,0.003529318634864076
IRQ,BA:16073,2021,SEX_F,93,1.878,0.0019306904737182448
IRQ,BA:16073,2021,SEX_F,96,12.718,0.013074825050451884
IRQ,BA:16073,2021,SEX_M,01,23.198,0.003100875083577125
IRQ,BA:16073,2021,SEX_M,02,25.329,0.0033857257087647643
IRQ,BA:16073,2021,SEX_M,03,388.75,0.05196418608244708
IRQ,BA:16073,2021,SEX_M,11,10.874,0.0014535268410560246
IRQ,BA:16073,2021,SEX_M,12,17.736,0.002370769914747991
IRQ,BA:16073,2021,SEX_M,13,15.391,0.0020573139241027473
IRQ,BA:16073,2021,SEX_M,14,8.978,0.0012000886498989322
IRQ,BA:16073,2021,SEX_M,21,81.398,0.010880465128589138
IRQ,BA:16073,2021,SEX_M,22,96.687,0.012924144719623307
IRQ,BA:16073,2021,SEX_M,23,346.651,0.04633681561328968
IRQ,BA:16073,2021,SEX_M,24,254.059,0.03396004926539015
IRQ,BA:16073,2021,SEX_M,25,9.969,0.0013325555525554081
IRQ,BA:16073,2021,SEX_M,26,56.586,0.007563846774691577
IRQ,BA:16073,2021,SEX_M,31,326.647,0.0436628822926639
IRQ,BA:16073,2021,SEX_M,32,30.443,0.004069313741242281
IRQ,BA:16073,2021,SEX_M,33,59.091,0.007898689954464001
IRQ,BA:16073,2021,SEX_M,34,20.904,0.0027942362594661706
IRQ,BA:16073,2021,SEX_M,35,9.477,0.0012667899459893274
IRQ,BA:16073,2021,SEX_M,41,47.058,0.006290239662167961
IRQ,BA:16073,2021,SEX_M,42,36.185,0.004836846491043981
IRQ,BA:16073,2021,SEX_M,43,16.999,0.002272255174830914
IRQ,BA:16073,2021,SEX_M,44,6.186,8.268821996296274e-4
IRQ,BA:16073,2021,SEX_M,51,238.242,0.03184579195023629
IRQ,BA:16073,2021,SEX_M,52,929.992,0.124311967442282
IRQ,BA:16073,2021,SEX_M,53,8.297,0.001109059426176369
IRQ,BA:16073,2021,SEX_M,54,748.321,0.10002801721775662
IRQ,BA:16073,2021,SEX_M,61,362.493,0.04845441467674467
IRQ,BA:16073,2021,SEX_M,62,43.668,0.005837098592535818
IRQ,BA:16073,2021,SEX_M,63,163.913,0.02191023957127241
IRQ,BA:16073,2021,SEX_M,71,1308.764,0.17494239494278527
IRQ,BA:16073,2021,SEX_M,72,205.576,0.02747932995005824
IRQ,BA:16073,2021,SEX_M,73,27.694,0.0037018550980509055
IRQ,BA:16073,2021,SEX_M,74,45.8,0.006122082887655501
IRQ,BA:16073,2021,SEX_M,75,147.345,0.019695596137152837
IRQ,BA:16073,2021,SEX_M,81,37.612,0.005027593484072025
IRQ,BA:16073,2021,SEX_M,82,6.169,8.246098107848644e-4
IRQ,BA:16073,2021,SEX_M,83,870.205,0.11632024321511476
IRQ,BA:16073,2021,SEX_M,91,83.873,0.011211298210400218
IRQ,BA:16073,2021,SEX_M,92,34.321,0.004587685737712325
IRQ,BA:16073,2021,SEX_M,93,157.665,0.021075069835855997
IRQ,BA:16073,2021,SEX_M,94,18.535,0.00247757219045185
IRQ,BA:16073,2021,SEX_M,95,31.192,0.004169432520343895
IRQ,BA:16073,2021,SEX_M,96,122.841,0.016420148122325097
ISL,BA:2255,2023,SEX_F,11,3.237,0.03248467088823548
ISL,BA:2255,2023,SEX_F,12,3.046,0.030567904703603727
ISL,BA:2255,2023,SEX_F,13,2.99,0.03000592090077976
ISL,BA:2255,2023,SEX_F,14,1.034,0.010376629502142565
ISL,BA:2255,2023,SEX_F,21,3.556,0.035685971479322016
ISL,BA:2255,2023,SEX_F,22,6.337,0.06359448854456232
ISL,BA:2255,2023,SEX_F,23,15.412,0.15466597087719655
ISL,BA:2255,2023,SEX_F,24,3.891,0.0390478388712154
ISL,BA:2255,2023,SEX_F,25,1.032,0.01035655865204171
ISL,BA:2255,2023,SEX_F,26,5.248,0.052665910664646216
ISL,BA:2255,2023,SEX_F,31,1.01,0.010135779300932294
ISL,BA:2255,2023,SEX_F,32,2.984,0.02994570835047719
ISL,BA:2255,2023,SEX_F,33,6.614,0.06637430128353088
ISL,BA:2255,2023,SEX_F,34,3.212,0.03223378526197478
ISL,BA:2255,2023,SEX_F,35,0.223,0.002237899786245447
ISL,BA:2255,2023,SEX_F,41,1.734,0.017401427037442175
ISL,BA:2255,2023,SEX_F,42,2.831,0.028410288317761705
ISL,BA:2255,2023,SEX_F,43,1.256,0.012604493863337585
ISL,BA:2255,2023,SEX_F,44,0.334,0.0033518319668429564
ISL,BA:2255,2023,SEX_F,51,5.963,0.05984123957570224
ISL,BA:2255,2023,SEX_F,52,8.319,0.08348470099451065
ISL,BA:2255,2023,SEX_F,53,9.994,0.10029403795397757
ISL,BA:2255,2023,SEX_F,54,0.832,0.008349473641956106
ISL,BA:2255,2023,SEX_F,61,0.871,0.008740855218922799
ISL,BA:2255,2023,SEX_F,71,0.359,0.0036027175931036565
ISL,BA:2255,2023,SEX_F,73,0.266,0.0026694230634138516
ISL,BA:2255,2023,SEX_F,75,1.028,0.010316416951839998
ISL,BA:2255,2023,SEX_F,81,0.632,0.006342388631870505
ISL,BA:2255,2023,SEX_F,83,0.207,0.0020773329854385987
ISL,BA:2255,2023,SEX_F,91,2.397,0.024054913845875946
ISL,BA:2255,2023,SEX_F,92,0.493,0.00494746454986101
ISL,BA:2255,2023,SEX_F,93,0.901,0.00904191797043564
ISL,BA:2255,2023,SEX_F,94,1.158,0.01162102220839564
ISL,BA:2255,2023,SEX_F,96,0.246,0.002468714562405291
ISL,BA:2255,2023,SEX_M,11,8.583,0.07174561777465709
ISL,BA:2255,2023,SEX_M,12,3.312,0.027685131780224193
ISL,BA:2255,2023,SEX_M,13,3.663,0.03061915389823708
ISL,BA:2255,2023,SEX_M,14,2.144,0.017921776128261072
ISL,BA:2255,2023,SEX_M,21,4.831,0.04038250955020021
ISL,BA:2255,2023,SEX_M,22,1.896,0.01584873485969356
ISL,BA:2255,2023,SEX_M,23,4.682,0.03913701298158505
ISL,BA:2255,2023,SEX_M,24,3.52,0.02942381155386146
ISL,BA:2255,2023,SEX_M,25,4.3,0.03594386070500122
ISL,BA:2255,2023,SEX_M,26,3.488,0.029156322357917267
ISL,BA:2255,2023,SEX_M,31,4.305,0.035985655891867495
ISL,BA:2255,2023,SEX_M,32,0.708,0.005918198460265316
ISL,BA:2255,2023,SEX_M,33,5.853,0.048925445745667935
ISL,BA:2255,2023,SEX_M,34,3.115,0.026038401417692744
ISL,BA:2255,2023,SEX_M,35,2.43,0.020312460817012316
ISL,BA:2255,2023,SEX_M,41,0.699,0.0058429671239060114
ISL,BA:2255,2023,SEX_M,42,1.142,0.009546020680258461
ISL,BA:2255,2023,SEX_M,43,0.367,0.0030677667159849874
ISL,BA:2255,2023,SEX_M,44,0.13,0.0010866748585232925
ISL,BA:2255,2023,SEX_M,51,4.809,0.04019861072798857
ISL,BA:2255,2023,SEX_M,52,7.822,0.0653843903336092
ISL,BA:2255,2023,SEX_M,53,3.174,0.026531584622714852
ISL,BA:2255,2023,SEX_M,54,2.891,0.024165977046083375
ISL,BA:2255,2023,SEX_M,61,2.614,0.021850523693691434
ISL,BA:2255,2023,SEX_M,62,2.678,0.022385502085579826
ISL,BA:2255,2023,SEX_M,71,7.976,0.06667168208909063
ISL,BA:2255,2023,SEX_M,72,5.472,0.04574065250645736
ISL,BA:2255,2023,SEX_M,73,0.324,0.0027083281089349755
ISL,BA:2255,2023,SEX_M,74,4.089,0.03418010381924418
ISL,BA:2255,2023,SEX_M,75,1.139,0.009520943568138695
ISL,BA:2255,2023,SEX_M,81,2.147,0.01794685324038084
ISL,BA:2255,2023,SEX_M,83,8.478,0.07086791885046519
ISL,BA:2255,2023,SEX_M,91,0.511,0.004271468097733866
ISL,BA:2255,2023,SEX_M,92,0.539,0.0045055211441850365
ISL,BA:2255,2023,SEX_M,93,4.276,0.03574324380804307
ISL,BA:2255,2023,SEX_M,94,0.548,0.004580752480544342
ISL,BA:2255,2023,SEX_M,96,0.976,0.00815842047629795
ISR,BA:706,2024,SEX_F,11,8.826,0.004453648449397652
ISR,BA:706,2024,SEX_F,12,14.372,0.007252190744928966
ISR,BA:706,2024,SEX_F,13,58.928,0.029735394949705965
ISR,BA:706,2024,SEX_F,14,11.479,0.005792366932997467
ISR,BA:706,2024,SEX_F,21,83.973,0.04237324056665183
ISR,BA:706,2024,SEX_F,22,115.858,0.058462588041050666
ISR,BA:706,2024,SEX_F,23,266.126,0.13428865253165642
ISR,BA:706,2024,SEX_F,24,84.652,0.04271586772472355
ISR,BA:706,2024,SEX_F,25,66.828,0.03372177867395721
ISR,BA:706,2024,SEX_F,26,120.372,0.06074037742475574
ISR,BA:706,2024,SEX_F,31,13.986,0.007057413008528843
ISR,BA:706,2024,SEX_F,32,18.415,0.009292310921783113
ISR,BA:706,2024,SEX_F,33,249.063,0.12567856829280846
ISR,BA:706,2024,SEX_F,34,59.416,0.029981642450647054
ISR,BA:706,2024,SEX_F,35,9.325,0.00470544661122061
ISR,BA:706,2024,SEX_F,41,70.39,0.03551918358861327
ISR,BA:706,2024,SEX_F,42,54.537,0.027519672046770877
ISR,BA:706,2024,SEX_F,43,37.534,0.01893986414000583
ISR,BA:706,2024,SEX_F,44,13.467,0.006795522736011577
ISR,BA:706,2024,SEX_F,51,90.48,0.045656708781044594
ISR,BA:706,2024,SEX_F,52,120.765,0.060938687399898876
ISR,BA:706,2024,SEX_F,53,282.152,0.14237546083100455
ISR,BA:706,2024,SEX_F,54,10.938,0.0055193753387164654
ISR,BA:706,2024,SEX_F,61,2.177,0.0010985262490753103
ISR,BA:706,2024,SEX_F,71,0.908,4.58181825521535e-4
ISR,BA:706,2024,SEX_F,72,1.274,6.42867451227352e-4
ISR,BA:706,2024,SEX_F,73,3.537,0.0017847897762881821
ISR,BA:706,2024,SEX_F,74,1.6,8.073688555445552e-4
ISR,BA:706,2024,SEX_F,75,14.921,0.007529219183487691
ISR,BA:706,2024,SEX_F,81,12.435,0.006274769824185339
ISR,BA:706,2024,SEX_F,82,5.233,0.0026406007631654105
ISR,BA:706,2024,SEX_F,83,2.375,0.001198438144948949
ISR,BA:706,2024,SEX_F,91,45.963,0.02319318419212149
ISR,BA:706,2024,SEX_F,92,1.997,0.001007697252826548
ISR,BA:706,2024,SEX_F,93,17.762,0.008962803507613993
ISR,BA:706,2024,SEX_F,94,6.863,0.003463107784751426
ISR,BA:706,2024,SEX_F,95,0.152,7.670004127673273e-5
ISR,BA:706,2024,SEX_F,96,2.667,0.0013457829610858303
ISR,BA:706,2024,SEX_M,11,34.638,0.01695847137774483
ISR,BA:706,2024,SEX_M,12,24.066,0.011782509734303571
ISR,BA:706,2024,SEX_M,13,109.866,0.05378946291319688
ISR,BA:706,2024,SEX_M,14,32.231,0.01578002456770292
ISR,BA:706,2024,SEX_M,21,117.092,0.05732725130096708
ISR,BA:706,2024,SEX_M,22,52.404,0.025656554480031762
ISR,BA:706,2024,SEX_M,23,85.059,0.04164416585598469
ISR,BA:706,2024,SEX_M,24,74.183,0.036319368387760405
ISR,BA:706,2024,SEX_M,25,160.577,0.07861713893481528
ISR,BA:706,2024,SEX_M,26,91.522,0.044808395907210655
ISR,BA:706,2024,SEX_M,31,45.229,0.02214373526023503
ISR,BA:706,2024,SEX_M,32,14.508,0.0071029939011583235
ISR,BA:706,2024,SEX_M,33,132.68,0.06495900405332826
ISR,BA:706,2024,SEX_M,34,48.067,0.023533196019229194
ISR,BA:706,2024,SEX_M,35,27.575,0.013500486409183951
ISR,BA:706,2024,SEX_M,41,7.011,0.00343252620905852
ISR,BA:706,2024,SEX_M,42,20.992,0.010277505374491007
ISR,BA:706,2024,SEX_M,43,50.447,0.024698423857991036
ISR,BA:706,2024,SEX_M,44,6.185,0.0030281236061941155
ISR,BA:706,2024,SEX_M,51,96.459,0.04722550928534814
ISR,BA:706,2024,SEX_M,52,90.222,0.04417192691965166
ISR,BA:706,2024,SEX_M,53,31.756,0.015547468591479442
ISR,BA:706,2024,SEX_M,54,73.884,0.03617298052062184
ISR,BA:706,2024,SEX_M,61,26.479,0.012963894093518835
ISR,BA:706,2024,SEX_M,62,0.747,3.6572487208197326e-4
ISR,BA:706,2024,SEX_M,71,106.452,0.0521179974335612
ISR,BA:706,2024,SEX_M,72,81.346,0.03982631250921044
ISR,BA:706,2024,SEX_M,73,8.376,0.0041008186459954585
ISR,BA:706,2024,SEX_M,74,58.87,0.028822253305844397
ISR,BA:706,2024,SEX_M,75,28.553,0.013979306924439869
ISR,BA:706,2024,SEX_M,81,30.861,0.015109284173121521
ISR,BA:706,2024,SEX_M,82,12.841,0.006286844822496142
ISR,BA:706,2024,SEX_M,83,165.065,0.08081442571648047
ISR,BA:706,2024,SEX_M,91,20.593,0.010082158354463286
ISR,BA:706,2024,SEX_M,92,4.952,0.0024244572510708586
ISR,BA:706,2024,SEX_M,93,45.7,0.022374332870342944
ISR,BA:706,2024,SEX_M,94,13.26,0.006491983673101694
ISR,BA:706,2024,SEX_M,96,11.771,0.005762981886582206
ITA,BA:2238,2024,SEX_F,01,2.414,2.374227650664366e-4
ITA,BA:2238,2024,SEX_F,02,3.188,3.1354754558069587e-4
ITA,BA:2238,2024,SEX_F,03,6.781,6.669278251514111e-4
ITA,BA:2238,2024,SEX_F,11,30.964,0.003045384630288791
ITA,BA:2238,2024,SEX_F,12,18.265,0.0017964071267350722
ITA,BA:2238,2024,SEX_F,13,78.917,0.007761678687136692
ITA,BA:2238,2024,SEX_F,14,134.432,0.013221713816657498
ITA,BA:2238,2024,SEX_F,21,207.858,0.020443339312833212
ITA,BA:2238,2024,SEX_F,22,195.756,0.01925307820975367
ITA,BA:2238,2024,SEX_F,23,1045.409,0.10281851508091898
ITA,BA:2238,2024,SEX_F,24,285.622,0.028091617648635357
ITA,BA:2238,2024,SEX_F,25,38.791,0.0038151890968070178
ITA,BA:2238,2024,SEX_F,26,305.81,0.030077156497500816
ITA,BA:2238,2024,SEX_F,31,159.295,0.01566705027392627
ITA,BA:2238,2024,SEX_F,32,548.42,0.0539384394439665
ITA,BA:2238,2024,SEX_F,33,793.28,0.07802101535704341
ITA,BA:2238,2024,SEX_F,34,142.544,0.014019548725613147
ITA,BA:2238,2024,SEX_F,35,64.854,0.006378548469601772
ITA,BA:2238,2024,SEX_F,41,1038.362,0.10212542550949265
ITA,BA:2238,2024,SEX_F,42,332.504,0.03270257625337632
ITA,BA:2238,2024,SEX_F,43,361.94,0.03559767837122869
ITA,BA:2238,2024,SEX_F,44,116.802,0.011487760482721593
ITA,BA:2238,2024,SEX_F,51,776.607,0.07638118529823948
ITA,BA:2238,2024,SEX_F,52,1023.367,0.10065063082756587
ITA,BA:2238,2024,SEX_F,53,657.175,0.06463475792565677
ITA,BA:2238,2024,SEX_F,54,39.609,0.0038956413842238967
ITA,BA:2238,2024,SEX_F,61,107.485,0.010571410896091937
ITA,BA:2238,2024,SEX_F,62,0.793,7.799347667675403e-5
ITA,BA:2238,2024,SEX_F,71,7.706,7.579038225360233e-4
ITA,BA:2238,2024,SEX_F,72,30.876,0.0030367296164835527
ITA,BA:2238,2024,SEX_F,73,59.273,0.005829643559976345
ITA,BA:2238,2024,SEX_F,74,3.583,3.523967552746654e-4
ITA,BA:2238,2024,SEX_F,75,208.483,0.02050480958133633
ITA,BA:2238,2024,SEX_F,81,189.567,0.01864437502292841
ITA,BA:2238,2024,SEX_F,82,60.447,0.005945109312332599
ITA,BA:2238,2024,SEX_F,83,20.955,0.002060975162372485
ITA,BA:2238,2024,SEX_F,91,749.397,0.07370501568868781
ITA,BA:2238,2024,SEX_F,92,85.222,0.008381790755796129
ITA,BA:2238,2024,SEX_F,93,115.621,0.011371606263358104
ITA,BA:2238,2024,SEX_F,94,47.53,0.0046746909791249925
ITA,BA:2238,2024,SEX_F,95,15.293,0.0015041037059490532
ITA,BA:2238,2024,SEX_F,96,56.32,0.00553920883535282
ITA,BA:2238,2024,SEX_M,01,36.8,0.002673496287291005
ITA,BA:2238,2024,SEX_M,02,79.034,0.0057417691730912305
ITA,BA:2238,2024,SEX_M,03,106.297,0.007722408555711194
ITA,BA:2238,2024,SEX_M,11,71.458,0.0051913776548163214
ITA,BA:2238,2024,SEX_M,12,39.858,0.0028956580168164364
ITA,BA:2238,2024,SEX_M,13,267.955,0.019466758088615792
ITA,BA:2238,2024,SEX_M,14,299.166,0.021734217127274476
ITA,BA:2238,2024,SEX_M,21,460.047,0.03342211811085231
ITA,BA:2238,2024,SEX_M,22,181.056,0.013153601733471744
ITA,BA:2238,2024,SEX_M,23,295.655,0.021479145239647335
ITA,BA:2238,2024,SEX_M,24,340.162,0.02471255011080116
ITA,BA:2238,2024,SEX_M,25,177.257,0.012877606831422328
ITA,BA:2238,2024,SEX_M,26,264.162,0.019191199082700172
ITA,BA:2238,2024,SEX_M,31,772.881,0.05614930663091736
ITA,BA:2238,2024,SEX_M,32,283.372,0.020586793204408333
ITA,BA:2238,2024,SEX_M,33,995.064,0.0722907584135037
ITA,BA:2238,2024,SEX_M,34,127.921,0.009293378221917191
ITA,BA:2238,2024,SEX_M,35,338.034,0.024557952282014333
ITA,BA:2238,2024,SEX_M,41,391.87,0.028469102991867556
ITA,BA:2238,2024,SEX_M,42,175.776,0.012770013135729992
ITA,BA:2238,2024,SEX_M,43,383.985,0.027896262822702078
ITA,BA:2238,2024,SEX_M,44,94.646,0.006875970913232186
ITA,BA:2238,2024,SEX_M,51,587.056,0.04264924012043229
ITA,BA:2238,2024,SEX_M,52,710.208,0.05159615356533614
ITA,BA:2238,2024,SEX_M,53,106.705,0.0077520494928094204
ITA,BA:2238,2024,SEX_M,54,258.441,0.01877557211912431
ITA,BA:2238,2024,SEX_M,61,377.415,0.027418956556193877
ITA,BA:2238,2024,SEX_M,62,26.205,0.0019037763643603473
ITA,BA:2238,2024,SEX_M,71,1004.252,0.07295826069305886
ITA,BA:2238,2024,SEX_M,72,925.101,0.06720799154535859
ITA,BA:2238,2024,SEX_M,73,170.795,0.012408146695322477
ITA,BA:2238,2024,SEX_M,74,377.269,0.027408349750271472
ITA,BA:2238,2024,SEX_M,75,378.26,0.02748034526170368
ITA,BA:2238,2024,SEX_M,81,449.576,0.03266140670802013
ITA,BA:2238,2024,SEX_M,82,102.43,0.00744147349747874
ITA,BA:2238,2024,SEX_M,83,681.118,0.04948278380997486
ITA,BA:2238,2024,SEX_M,91,192.438,0.0139804966992855
ITA,BA:2238,2024,SEX_M,92,292.054,0.021217534910013235
ITA,BA:2238,2024,SEX_M,93,402.739,0.02925872883824163
ITA,BA:2238,2024,SEX_M,94,48.535,0.003526036475643177
ITA,BA:2238,2024,SEX_M,95,67.082,0.004873464074566717
ITA,BA:2238,2024,SEX_M,96,424.612,0.030847788194000223
JOR,BA:682,2023,SEX_F,11,0.287,6.092422257932354e-4
JOR,BA:682,2023,SEX_F,13,3.081,0.006540332047627034
JOR,BA:682,2023,SEX_F,21,11.863,0.025182719597857676
JOR,BA:682,2023,SEX_F,22,29.551,0.06273072130458503
JOR,BA:682,2023,SEX_F,23,91.752,0.1947707062751949
JOR,BA:682,2023,SEX_F,24,46.546,0.09880762592951896
JOR,BA:682,2023,SEX_F,25,2.049,0.004349607389025573
JOR,BA:682,2023,SEX_F,26,8.948,0.01899477155539328
JOR,BA:682,2023,SEX_F,31,1.147,0.002434846107961119
JOR,BA:682,2023,SEX_F,32,9.031,0.0191709635579746
JOR,BA:682,2023,SEX_F,33,16.202,0.0343935280219582
JOR,BA:682,2023,SEX_F,34,1.917,0.004069398421064922
JOR,BA:682,2023,SEX_F,35,0.405,8.597320607883637e-4
JOR,BA:682,2023,SEX_F,41,20.81,0.044175368358039126
JOR,BA:682,2023,SEX_F,42,3.4,0.007217503720198608
JOR,BA:682,2023,SEX_F,43,0.217,4.606465609656171e-4
JOR,BA:682,2023,SEX_F,51,12.804,0.027180269892183233
JOR,BA:682,2023,SEX_F,52,10.18,0.021610055256359364
JOR,BA:682,2023,SEX_F,53,5.94,0.012609403558229334
JOR,BA:682,2023,SEX_F,54,4.752,0.010087522846583466
JOR,BA:682,2023,SEX_F,61,0.843,0.0017895163635668902
JOR,BA:682,2023,SEX_F,63,0.102,2.1652511160595824e-4
JOR,BA:682,2023,SEX_F,73,0.346,7.344871432907995e-4
JOR,BA:682,2023,SEX_F,75,12.754,0.027074130131592076
JOR,BA:682,2023,SEX_F,91,169.232,0.3592448792872503
JOR,BA:682,2023,SEX_F,92,0.971,0.00206123415068025
JOR,BA:682,2023,SEX_F,93,5.722,0.012146634202051894
JOR,BA:682,2023,SEX_F,95,0.225,4.7762892266020205e-4
JOR,BA:682,2023,SEX_M,11,0.608,2.6636396971686994e-4
JOR,BA:682,2023,SEX_M,13,2.387,0.0010457414403193563
JOR,BA:682,2023,SEX_M,21,41.216,0.018056673315543607
JOR,BA:682,2023,SEX_M,22,31.199,0.013668239294731294
JOR,BA:682,2023,SEX_M,23,51.169,0.022417069023754142
JOR,BA:682,2023,SEX_M,24,121.287,0.053135669070805934
JOR,BA:682,2023,SEX_M,25,10.437,0.004572435447261466
JOR,BA:682,2023,SEX_M,26,20.009,0.008765915575764558
JOR,BA:682,2023,SEX_M,31,18.201,0.007973833244764392
JOR,BA:682,2023,SEX_M,32,7.688,0.003368102301288316
JOR,BA:682,2023,SEX_M,33,48.402,0.021204850102361745
JOR,BA:682,2023,SEX_M,34,8.526,0.0037352289569178177
JOR,BA:682,2023,SEX_M,35,0.796,3.4872651298458634e-4
JOR,BA:682,2023,SEX_M,41,57.03,0.02498476511998864
JOR,BA:682,2023,SEX_M,42,7.283,0.003190672354355204
JOR,BA:682,2023,SEX_M,43,11.095,0.004860704348698474
JOR,BA:682,2023,SEX_M,51,619.729,0.2715024285997798
JOR,BA:682,2023,SEX_M,52,185.84,0.08141625021740644
JOR,BA:682,2023,SEX_M,53,0.853,3.7369813514554287e-4
JOR,BA:682,2023,SEX_M,54,282.868,0.12392408451623613
JOR,BA:682,2023,SEX_M,61,39.704,0.017394268180326654
JOR,BA:682,2023,SEX_M,62,0.186,8.148634599891088e-5
JOR,BA:682,2023,SEX_M,63,10.007,0.004384053034468286
JOR,BA:682,2023,SEX_M,71,163.194,0.07149506854272183
JOR,BA:682,2023,SEX_M,72,79.724,0.034926975529124576
JOR,BA:682,2023,SEX_M,73,3.217,0.001409363306873636
JOR,BA:682,2023,SEX_M,74,39.462,0.01728824831080119
JOR,BA:682,2023,SEX_M,75,78.745,0.03449807696604429
JOR,BA:682,2023,SEX_M,81,26.424,0.011576318315458177
JOR,BA:682,2023,SEX_M,83,131.605,0.05765597078057347
JOR,BA:682,2023,SEX_M,91,52.407,0.022959435133144742
JOR,BA:682,2023,SEX_M,92,18.662,0.008175796715224058
JOR,BA:682,2023,SEX_M,93,11.437,0.005010534081664213
JOR,BA:682,2023,SEX_M,94,1.181,5.173944872296438e-4
JOR,BA:682,2023,SEX_M,95,4.849,0.0021243402782189186
JOR,BA:682,2023,SEX_M,96,95.164,0.04169121844430298
JPN,BA:259,2023,SEX_F,12,179.818,0.006012650111866563
JPN,BA:259,2023,SEX_F,21,513.727,0.01717770581376099
JPN,BA:259,2023,SEX_F,22,2565.783,0.08579316554502511
JPN,BA:259,2023,SEX_F,23,906.825,0.030321889008293922
JPN,BA:259,2023,SEX_F,26,2183.792,0.07302037178198682
JPN,BA:259,2023,SEX_F,41,6062.119,0.2027016232162432
JPN,BA:259,2023,SEX_F,43,1185.514,0.039640530340229435
JPN,BA:259,2023,SEX_F,44,1194.747,0.03994925804536944
JPN,BA:259,2023,SEX_F,51,6700.577,0.22405001194886232
JPN,BA:259,2023,SEX_F,52,628.617,0.021019331075705566
JPN,BA:259,2023,SEX_F,53,2028.413,0.0678248987941229
JPN,BA:259,2023,SEX_F,54,86.986,0.0029085874752851487
JPN,BA:259,2023,SEX_F,61,660.103,0.022072141703241354
JPN,BA:259,2023,SEX_F,71,1869.384,0.06250737922077636
JPN,BA:259,2023,SEX_F,72,107.875,0.0036070617558731912
JPN,BA:259,2023,SEX_F,73,260.57,0.00871278870663154
JPN,BA:259,2023,SEX_F,81,39.855,0.0013326484012081208
JPN,BA:259,2023,SEX_F,82,349.519,0.01168701383871186
JPN,BA:259,2023,SEX_F,83,87.279,0.002918384639544438
JPN,BA:259,2023,SEX_F,91,752.862,0.025173763408113115
JPN,BA:259,2023,SEX_F,93,697.042,0.023307286585746104
JPN,BA:259,2023,SEX_F,96,845.206,0.02826150858340261
JPN,BA:259,2023,SEX_M,12,1060.815,0.029314037998060788
JPN,BA:259,2023,SEX_M,21,3178.759,0.08784025688991738
JPN,BA:259,2023,SEX_M,22,1118.773,0.0309156207568751
JPN,BA:259,2023,SEX_M,23,793.822,0.021936085247377356
JPN,BA:259,2023,SEX_M,26,1558.25,0.043059911210228195
JPN,BA:259,2023,SEX_M,41,4041.354,0.11167678126687024
JPN,BA:259,2023,SEX_M,43,420.781,0.011627654419349289
JPN,BA:259,2023,SEX_M,44,1100.384,0.030407468209308994
JPN,BA:259,2023,SEX_M,51,3826.782,0.10574740455055318
JPN,BA:259,2023,SEX_M,52,2494.213,0.06892385067825889
JPN,BA:259,2023,SEX_M,53,743.041,0.020532828163362216
JPN,BA:259,2023,SEX_M,54,1075.502,0.02971989130526093
JPN,BA:259,2023,SEX_M,61,1254.313,0.03466106620236481
JPN,BA:259,2023,SEX_M,71,2614.128,0.07223752258762806
JPN,BA:259,2023,SEX_M,72,1086,0.030009987854521303
JPN,BA:259,2023,SEX_M,73,199.584,0.005515205723717108
JPN,BA:259,2023,SEX_M,81,1096.561,0.03030182531467931
JPN,BA:259,2023,SEX_M,82,1101.798,0.030446541987233757
JPN,BA:259,2023,SEX_M,83,2101.63,0.0580754058698873
JPN,BA:259,2023,SEX_M,91,577.704,0.01596398713030237
JPN,BA:259,2023,SEX_M,93,4106.732,0.11348340464251747
JPN,BA:259,2023,SEX_M,96,637.026,0.01760326199172586
KEN,BX:3465,2022,SEX_F,11,8.306,0.0011783611133455423
KEN,BX:3465,2022,SEX_F,12,11.565,0.0016407110854612568
KEN,BX:3465,2022,SEX_F,13,23.744,0.0033685295298912306
KEN,BX:3465,2022,SEX_F,14,526.378,0.07467654299549724
KEN,BX:3465,2022,SEX_F,22,15.409,0.0021860542253240387
KEN,BX:3465,2022,SEX_F,23,13.272,0.0018828808928873153
KEN,BX:3465,2022,SEX_F,24,59.392,0.008425863621938173
KEN,BX:3465,2022,SEX_F,25,71.361,0.010123889647176892
KEN,BX:3465,2022,SEX_F,26,7.744,0.0010986309248432315
KEN,BX:3465,2022,SEX_F,32,37.897,0.005376396714719001
KEN,BX:3465,2022,SEX_F,33,20.976,0.002975837071217927
KEN,BX:3465,2022,SEX_F,35,43.749,0.006206612129515308
KEN,BX:3465,2022,SEX_F,41,62.594,0.008880127080273404
KEN,BX:3465,2022,SEX_F,42,16.371,0.0023225318789525493
KEN,BX:3465,2022,SEX_F,51,179.438,0.025456629118287676
KEN,BX:3465,2022,SEX_F,52,270.452,0.03836866359577759
KEN,BX:3465,2022,SEX_F,53,370.146,0.05251211806650605
KEN,BX:3465,2022,SEX_F,61,2981.786,0.4230219926219783
KEN,BX:3465,2022,SEX_F,63,265.956,0.0377308220877591
KEN,BX:3465,2022,SEX_F,71,7.106,0.0010081187179669425
KEN,BX:3465,2022,SEX_F,72,9.707,0.001377119109950058
KEN,BX:3465,2022,SEX_F,73,10.63,0.0015080638857287644
KEN,BX:3465,2022,SEX_F,74,3.081,4.370973501345553e-4
KEN,BX:3465,2022,SEX_F,75,81.562,0.011571091876557806
KEN,BX:3465,2022,SEX_F,91,1060.621,0.15046888302403838
KEN,BX:3465,2022,SEX_F,92,835.419,0.11851977642066215
KEN,BX:3465,2022,SEX_F,93,54.111,0.007676655213609517
KEN,BX:3465,2022,SEX_M,11,21.85,0.00292141747978339
KEN,BX:3465,2022,SEX_M,12,42.452,0.005675973219760387
KEN,BX:3465,2022,SEX_M,13,38.925,0.005204401620163316
KEN,BX:3465,2022,SEX_M,14,292.87,0.03915769049446963
KEN,BX:3465,2022,SEX_M,22,56.682,0.007578571422841286
KEN,BX:3465,2022,SEX_M,23,84.307,0.0112721255591807
KEN,BX:3465,2022,SEX_M,24,43.743,0.00584858420220434
KEN,BX:3465,2022,SEX_M,25,116.049,0.015516136252237191
KEN,BX:3465,2022,SEX_M,26,8.147,0.0010892809248418892
KEN,BX:3465,2022,SEX_M,31,100.49,0.013435846340660541
KEN,BX:3465,2022,SEX_M,32,64.049,0.00856356376030418
KEN,BX:3465,2022,SEX_M,33,20.493,0.0027399820784073685
KEN,BX:3465,2022,SEX_M,35,56.437,0.007545814110138909
KEN,BX:3465,2022,SEX_M,41,60.526,0.008092526973975719
KEN,BX:3465,2022,SEX_M,42,24.297,0.003248589496855699
KEN,BX:3465,2022,SEX_M,51,144.876,0.019370401775793977
KEN,BX:3465,2022,SEX_M,52,295.266,0.039478043642367164
KEN,BX:3465,2022,SEX_M,53,199.857,0.026721543856158762
KEN,BX:3465,2022,SEX_M,54,55.501,0.007420667805284115
KEN,BX:3465,2022,SEX_M,61,2456.78,0.3284796355140612
KEN,BX:3465,2022,SEX_M,62,7.175,9.593213005696028e-4
KEN,BX:3465,2022,SEX_M,63,154.198,0.02061678409829012
KEN,BX:3465,2022,SEX_M,71,150.8,0.02016246022660573
KEN,BX:3465,2022,SEX_M,72,266.89,0.03568407831484617
KEN,BX:3465,2022,SEX_M,73,15.792,0.002111442784473194
KEN,BX:3465,2022,SEX_M,74,24.843,0.0033215915080209955
KEN,BX:3465,2022,SEX_M,75,77.102,0.010308793159096519
KEN,BX:3465,2022,SEX_M,81,14.222,0.0019015285765436782
KEN,BX:3465,2022,SEX_M,82,9.262,0.0012383601234669912
KEN,BX:3465,2022,SEX_M,83,26.397,0.0035293664628760703
KEN,BX:3465,2022,SEX_M,91,948.909,0.12687228097591655
KEN,BX:3465,2022,SEX_M,92,892.554,0.11933743053778414
KEN,BX:3465,2022,SEX_M,93,707.505,0.09459576540202047
KGZ,BA:496,2023,SEX_F,11,0.824,8.134680294230597e-4
KGZ,BA:496,2023,SEX_F,12,8.606,0.008496002258755889
KGZ,BA:496,2023,SEX_F,13,6.923,0.0068345135530289355
KGZ,BA:496,2023,SEX_F,14,8.636,0.008525618813225173
KGZ,BA:496,2023,SEX_F,21,4.962,0.00489857810921993
KGZ,BA:496,2023,SEX_F,22,26.57,0.026230395074964438
KGZ,BA:496,2023,SEX_F,23,140.295,0.1385018169756167
KGZ,BA:496,2023,SEX_F,24,22.832,0.022540172388091383
KGZ,BA:496,2023,SEX_F,25,2.247,0.002218279929749533
KGZ,BA:496,2023,SEX_F,26,21.715,0.02143744934335163
KGZ,BA:496,2023,SEX_F,31,7.286,0.007192873862107297
KGZ,BA:496,2023,SEX_F,32,33.959,0.03352495244074962
KGZ,BA:496,2023,SEX_F,33,25.097,0.02477622225052249
KGZ,BA:496,2023,SEX_F,34,6.469,0.006386316362060405
KGZ,BA:496,2023,SEX_F,35,1.834,0.0018105586965556936
KGZ,BA:496,2023,SEX_F,41,5.425,0.0053556602665292465
KGZ,BA:496,2023,SEX_F,42,17.942,0.01771267400959774
KGZ,BA:496,2023,SEX_F,43,2.461,0.002429544684963774
KGZ,BA:496,2023,SEX_F,44,3.993,0.003941963399861987
KGZ,BA:496,2023,SEX_F,51,92.615,0.0914312397390979
KGZ,BA:496,2023,SEX_F,52,128.366,0.12672528770014624
KGZ,BA:496,2023,SEX_F,53,26.008,0.025675578287906477
KGZ,BA:496,2023,SEX_F,54,6.812,0.006724932301492577
KGZ,BA:496,2023,SEX_F,61,188.759,0.18634637350226615
KGZ,BA:496,2023,SEX_F,63,4.28,0.004225295104284825
KGZ,BA:496,2023,SEX_F,71,0.608,6.002288372441994e-4
KGZ,BA:496,2023,SEX_F,72,0.956,9.437808690879188e-4
KGZ,BA:496,2023,SEX_F,73,0.505,4.985453335663169e-4
KGZ,BA:496,2023,SEX_F,74,0.627,6.189859884080806e-4
KGZ,BA:496,2023,SEX_F,75,100.526,0.09924112515264867
KGZ,BA:496,2023,SEX_F,81,7.659,0.007561106356008755
KGZ,BA:496,2023,SEX_F,83,1.196,0.001180713304842208
KGZ,BA:496,2023,SEX_F,91,54.328,0.05363360570691261
KGZ,BA:496,2023,SEX_F,92,3.047,0.003008054715597164
KGZ,BA:496,2023,SEX_F,93,5.693,0.005620234819788203
KGZ,BA:496,2023,SEX_F,94,25.628,0.025300435264628853
KGZ,BA:496,2023,SEX_F,95,1.448,0.0014294923623842117
KGZ,BA:496,2023,SEX_F,96,15.81,0.015607924205313805
KGZ,BA:496,2023,SEX_M,11,3.807,0.0024112288399943498
KGZ,BA:496,2023,SEX_M,12,11.493,0.007279288956673249
KGZ,BA:496,2023,SEX_M,13,18.178,0.011513348529923112
KGZ,BA:496,2023,SEX_M,14,4.295,0.0027203120220057084
KGZ,BA:496,2023,SEX_M,21,26.93,0.01705657805648748
KGZ,BA:496,2023,SEX_M,22,10.643,0.006740926856858383
KGZ,BA:496,2023,SEX_M,23,24.997,0.015832279304790847
KGZ,BA:496,2023,SEX_M,24,18.837,0.011930737499073696
KGZ,BA:496,2023,SEX_M,25,9.282,0.005878914129978343
KGZ,BA:496,2023,SEX_M,26,18.37,0.011634955027763646
KGZ,BA:496,2023,SEX_M,31,38.272,0.02424022856954656
KGZ,BA:496,2023,SEX_M,32,4.562,0.002889421058065202
KGZ,BA:496,2023,SEX_M,33,31.42,0.019900396677862482
KGZ,BA:496,2023,SEX_M,34,3.874,0.002453664440803286
KGZ,BA:496,2023,SEX_M,35,8.466,0.005362086514156071
KGZ,BA:496,2023,SEX_M,41,1.248,7.904422359634747e-4
KGZ,BA:496,2023,SEX_M,42,9.302,0.005891581473503399
KGZ,BA:496,2023,SEX_M,43,10.967,0.006946137821964285
KGZ,BA:496,2023,SEX_M,44,3.402,0.002154715133611972
KGZ,BA:496,2023,SEX_M,51,76.504,0.04845512245204301
KGZ,BA:496,2023,SEX_M,52,117.053,0.07413752808191715
KGZ,BA:496,2023,SEX_M,53,0.596,3.7748683704665937e-4
KGZ,BA:496,2023,SEX_M,54,68.704,0.04351485847727128
KGZ,BA:496,2023,SEX_M,61,172.774,0.10942938050989855
KGZ,BA:496,2023,SEX_M,62,0.899,5.693970914512531e-4
KGZ,BA:496,2023,SEX_M,63,49.325,0.031240835968668584
KGZ,BA:496,2023,SEX_M,71,217.876,0.13799550689325163
KGZ,BA:496,2023,SEX_M,72,63.027,0.039919233017684234
KGZ,BA:496,2023,SEX_M,73,2.67,0.0016910903605949338
KGZ,BA:496,2023,SEX_M,74,37.403,0.023689832493382888
KGZ,BA:496,2023,SEX_M,75,27.573,0.01746383315081802
KGZ,BA:496,2023,SEX_M,81,21.403,0.01355595767333834
KGZ,BA:496,2023,SEX_M,82,17.256,0.010929383993418045
KGZ,BA:496,2023,SEX_M,83,242.993,0.1539037902591928
KGZ,BA:496,2023,SEX_M,91,6.996,0.004431036765064479
KGZ,BA:496,2023,SEX_M,92,6.198,0.003925609758414757
KGZ,BA:496,2023,SEX_M,93,78.459,0.0496933552816172
KGZ,BA:496,2023,SEX_M,94,5.336,0.0033796472524848568
KGZ,BA:496,2023,SEX_M,95,4.085,0.0025873049149926237
KGZ,BA:496,2023,SEX_M,96,103.388,0.06548256561842286
KHM,BB:3064,2023,SEX_F,01,1.651,3.5048487278842663e-4
KHM,BB:3064,2023,SEX_F,03,2.723,5.780559107225232e-4
KHM,BB:3064,2023,SEX_F,11,17.843,0.003787826520390004
KHM,BB:3064,2023,SEX_F,12,11.322,0.002403506801762911
KHM,BB:3064,2023,SEX_F,14,7.209,0.0015303727728236023
KHM,BB:3064,2023,SEX_F,21,5.516,0.0011709718705638773
KHM,BB:3064,2023,SEX_F,22,18.317,0.0038884502815660876
KHM,BB:3064,2023,SEX_F,23,88.153,0.018713684428175757
KHM,BB:3064,2023,SEX_F,24,49.232,0.010451284831689776
KHM,BB:3064,2023,SEX_F,26,10.412,0.0022103261632181095
KHM,BB:3064,2023,SEX_F,31,16.732,0.0035519763122325585
KHM,BB:3064,2023,SEX_F,32,8.357,0.0017740775783724296
KHM,BB:3064,2023,SEX_F,33,37.888,0.008043107728775232
KHM,BB:3064,2023,SEX_F,34,24.746,0.005253239649922717
KHM,BB:3064,2023,SEX_F,41,25.703,0.005456397750018734
KHM,BB:3064,2023,SEX_F,42,65.165,0.01383364429755168
KHM,BB:3064,2023,SEX_F,43,19.416,0.004121753052731734
KHM,BB:3064,2023,SEX_F,44,7.696,0.001633756257407469
KHM,BB:3064,2023,SEX_F,51,176.497,0.03746791556180432
KHM,BB:3064,2023,SEX_F,52,1132.376,0.24038804258550417
KHM,BB:3064,2023,SEX_F,53,10.515,0.002232191664064389
KHM,BB:3064,2023,SEX_F,54,11.065,0.002348949192855203
KHM,BB:3064,2023,SEX_F,61,889.245,0.18877463398106872
KHM,BB:3064,2023,SEX_F,62,53.816,0.011424405762557219
KHM,BB:3064,2023,SEX_F,63,537.94,0.11419735461405588
KHM,BB:3064,2023,SEX_F,71,50.209,0.01065868866010546
KHM,BB:3064,2023,SEX_F,72,11.338,0.002406903384418644
KHM,BB:3064,2023,SEX_F,73,42.333,0.008986720847820996
KHM,BB:3064,2023,SEX_F,74,4.234,8.988206852732879e-4
KHM,BB:3064,2023,SEX_F,75,820.475,0.17417569715389725
KHM,BB:3064,2023,SEX_F,81,37.303,0.007918920175425002
KHM,BB:3064,2023,SEX_F,82,11.569,0.0024559415465107864
KHM,BB:3064,2023,SEX_F,83,10.351,0.002197376691843128
KHM,BB:3064,2023,SEX_F,91,64.127,0.013613290997761013
KHM,BB:3064,2023,SEX_F,92,265.16,0.056289866062131565
KHM,BB:3064,2023,SEX_F,93,134.755,0.028606655985829454
KHM,BB:3064,2023,SEX_F,94,16.663,0.0035373285495297114
KHM,BB:3064,2023,SEX_F,95,1.712,3.634343441634079e-4
KHM,BB:3064,2023,SEX_F,96,10.853,0.002303944472666744
KHM,BB:3064,2023,SEX_M,01,18.323,0.003634550265316417
KHM,BB:3064,2023,SEX_M,02,20.297,0.004026112903734504
KHM,BB:3064,2023,SEX_M,03,10.988,0.002179579671194498
KHM,BB:3064,2023,SEX_M,11,57.334,0.011372772194054002
KHM,BB:3064,2023,SEX_M,12,22.545,0.004472026181933014
KHM,BB:3064,2023,SEX_M,13,16.291,0.0032314827469448098
KHM,BB:3064,2023,SEX_M,14,6.47,0.0012833891948151076
KHM,BB:3064,2023,SEX_M,21,9.942,0.0019720951120327356
KHM,BB:3064,2023,SEX_M,22,23.805,0.004721959780923282
KHM,BB:3064,2023,SEX_M,23,71.407,0.014164292462776258
KHM,BB:3064,2023,SEX_M,24,22.554,0.004473811421925802
KHM,BB:3064,2023,SEX_M,25,10.233,0.002029817871799536
KHM,BB:3064,2023,SEX_M,26,27.023,0.00536028225834446
KHM,BB:3064,2023,SEX_M,31,26.73,0.005302162778579263
KHM,BB:3064,2023,SEX_M,32,4.386,8.70006956485172e-4
KHM,BB:3064,2023,SEX_M,33,89.904,0.017833357367953235
KHM,BB:3064,2023,SEX_M,34,44.792,0.008884941084104838
KHM,BB:3064,2023,SEX_M,35,9.055,0.0017961497927435548
KHM,BB:3064,2023,SEX_M,41,68.308,0.01354957482525972
KHM,BB:3064,2023,SEX_M,42,40.071,0.007948483527888127
KHM,BB:3064,2023,SEX_M,43,9.836,0.0019510689521176816
KHM,BB:3064,2023,SEX_M,44,14.603,0.0028966510682975296
KHM,BB:3064,2023,SEX_M,51,79.27,0.01572399713647505
KHM,BB:3064,2023,SEX_M,52,523.398,0.10382122686056225
KHM,BB:3064,2023,SEX_M,53,3.162,6.272143174660542e-4
KHM,BB:3064,2023,SEX_M,54,133.236,0.02642869285322808
KHM,BB:3064,2023,SEX_M,61,783.842,0.1554828984918491
KHM,BB:3064,2023,SEX_M,62,108.754,0.02157244335284733
KHM,BB:3064,2023,SEX_M,63,439.31,0.08714153124794821
KHM,BB:3064,2023,SEX_M,71,704.52,0.1397485866354157
KHM,BB:3064,2023,SEX_M,72,206.428,0.040947057914573884
KHM,BB:3064,2023,SEX_M,73,49.284,0.009775974200505064
KHM,BB:3064,2023,SEX_M,74,39.653,0.0078655690482231
KHM,BB:3064,2023,SEX_M,75,326.666,0.06479746749821823
KHM,BB:3064,2023,SEX_M,81,27.8,0.005514407977721792
KHM,BB:3064,2023,SEX_M,82,10.003,0.001984195071983852
KHM,BB:3064,2023,SEX_M,83,321.575,0.06378761674229802
KHM,BB:3064,2023,SEX_M,91,32.03,0.006353470774331979
KHM,BB:3064,2023,SEX_M,92,317.294,0.06293843758572872
KHM,BB:3064,2023,SEX_M,93,286.472,0.05682458569042867
KHM,BB:3064,2023,SEX_M,96,23.745,0.004710058180971365
KIR,BB:15723,2023,SEX_F,11,0.179,0.009917446949969525
KIR,BB:15723,2023,SEX_F,12,0.13,0.007202615103329824
KIR,BB:15723,2023,SEX_F,13,0.115,0.00637154412986869
KIR,BB:15723,2023,SEX_F,14,0.441,0.024433486619757323
KIR,BB:15723,2023,SEX_F,22,0.422,0.023380796720039888
KIR,BB:15723,2023,SEX_F,23,1.512,0.08377195412488225
KIR,BB:15723,2023,SEX_F,24,0.385,0.021330821652169093
KIR,BB:15723,2023,SEX_F,26,0.46,0.02548617651947476
KIR,BB:15723,2023,SEX_F,32,0.098,0.005429663693279406
KIR,BB:15723,2023,SEX_F,33,0.403,0.022328106820322453
KIR,BB:15723,2023,SEX_F,34,0.222,0.012299850407224776
KIR,BB:15723,2023,SEX_F,41,0.302,0.01673222893235082
KIR,BB:15723,2023,SEX_F,42,0.409,0.022660535209706904
KIR,BB:15723,2023,SEX_F,43,0.267,0.014793063327608175
KIR,BB:15723,2023,SEX_F,51,0.688,0.03811845531608398
KIR,BB:15723,2023,SEX_F,52,3.033,0.16804255083384118
KIR,BB:15723,2023,SEX_F,53,0.3,0.01662141946922267
KIR,BB:15723,2023,SEX_F,54,0.112,0.006205329935176463
KIR,BB:15723,2023,SEX_F,61,0.06,0.0033242838938445335
KIR,BB:15723,2023,SEX_F,62,0.094,0.005208044767023103
KIR,BB:15723,2023,SEX_F,63,0.301,0.016676824200786745
KIR,BB:15723,2023,SEX_F,73,1.394,0.07723419580032133
KIR,BB:15723,2023,SEX_F,75,3.817,0.21147986038007643
KIR,BB:15723,2023,SEX_F,81,0.139,0.007701257687406504
KIR,BB:15723,2023,SEX_F,91,0.464,0.025707795445731062
KIR,BB:15723,2023,SEX_F,92,1.213,0.06720593938722366
KIR,BB:15723,2023,SEX_F,93,0.312,0.017286276247991575
KIR,BB:15723,2023,SEX_F,94,0.733,0.040611668236467384
KIR,BB:15723,2023,SEX_F,96,0.044,0.002437808188819325
KIR,BB:15723,2023,SEX_M,11,0.31,0.013532981184790675
KIR,BB:15723,2023,SEX_M,12,0.111,0.004845680359715371
KIR,BB:15723,2023,SEX_M,13,0.288,0.012572576068450692
KIR,BB:15723,2023,SEX_M,14,0.235,0.01025887283363164
KIR,BB:15723,2023,SEX_M,21,0.296,0.012921814292574321
KIR,BB:15723,2023,SEX_M,22,0.179,0.00781420526476623
KIR,BB:15723,2023,SEX_M,23,0.443,0.01933906666084603
KIR,BB:15723,2023,SEX_M,24,0.102,0.004452787357576286
KIR,BB:15723,2023,SEX_M,26,0.428,0.018684244990614222
KIR,BB:15723,2023,SEX_M,31,0.327,0.01427511241105339
KIR,BB:15723,2023,SEX_M,33,0.464,0.02025581699917056
KIR,BB:15723,2023,SEX_M,34,0.225,0.009822325053477103
KIR,BB:15723,2023,SEX_M,35,0.059,0.0025756319029117737
KIR,BB:15723,2023,SEX_M,41,0.076,0.003317763129174488
KIR,BB:15723,2023,SEX_M,43,0.239,0.010433491945693455
KIR,BB:15723,2023,SEX_M,51,0.733,0.03199895228532763
KIR,BB:15723,2023,SEX_M,52,1.162,0.0507268520539573
KIR,BB:15723,2023,SEX_M,53,0.058,0.00253197712489632
KIR,BB:15723,2023,SEX_M,54,2.267,0.09896538176103374
KIR,BB:15723,2023,SEX_M,61,0.118,0.005151263805823547
KIR,BB:15723,2023,SEX_M,62,0.805,0.03514209630244031
KIR,BB:15723,2023,SEX_M,63,1.597,0.06971668049067971
KIR,BB:15723,2023,SEX_M,71,1.555,0.06788317981403064
KIR,BB:15723,2023,SEX_M,72,0.611,0.026673069367442265
KIR,BB:15723,2023,SEX_M,73,0.368,0.016064958309686996
KIR,BB:15723,2023,SEX_M,74,0.17,0.007421312262627145
KIR,BB:15723,2023,SEX_M,75,0.995,0.04343650412537652
KIR,BB:15723,2023,SEX_M,81,0.083,0.0036233465752826648
KIR,BB:15723,2023,SEX_M,83,1.163,0.05077050683197276
KIR,BB:15723,2023,SEX_M,91,0.065,0.0028375605710044965
KIR,BB:15723,2023,SEX_M,92,6.083,0.26555201466800543
KIR,BB:15723,2023,SEX_M,93,0.604,0.02636748592133409
KIR,BB:15723,2023,SEX_M,94,0.116,0.00506395424979264
KIR,BB:15723,2023,SEX_M,96,0.572,0.024970533024839568
KOS,BA:700,2024,SEX_F,11,0.691,0.005965948335405442
KOS,BA:700,2024,SEX_F,12,3.99,0.034448818897637797
KOS,BA:700,2024,SEX_F,13,1.993,0.01720714187042409
KOS,BA:700,2024,SEX_F,14,0.869,0.007502762812543168
KOS,BA:700,2024,SEX_F,21,2.512,0.021688078463876225
KOS,BA:700,2024,SEX_F,22,11.988,0.10350186489846662
KOS,BA:700,2024,SEX_F,23,17.933,0.1548297416770272
KOS,BA:700,2024,SEX_F,24,3.453,0.029812474098632403
KOS,BA:700,2024,SEX_F,25,0.911,0.007865381958834093
KOS,BA:700,2024,SEX_F,26,3.878,0.03348183450752866
KOS,BA:700,2024,SEX_F,31,0.503,0.0043427959662936865
KOS,BA:700,2024,SEX_F,32,2.096,0.018096422157756593
KOS,BA:700,2024,SEX_F,33,4.092,0.03532946539577289
KOS,BA:700,2024,SEX_F,34,2.263,0.01953826495372289
KOS,BA:700,2024,SEX_F,35,0.368,0.0031772344246442873
KOS,BA:700,2024,SEX_F,41,5.312,0.045862688216604504
KOS,BA:700,2024,SEX_F,42,6.234,0.05382304185661002
KOS,BA:700,2024,SEX_F,43,1.238,0.010688631026384858
KOS,BA:700,2024,SEX_F,44,0.631,0.005447920983561265
KOS,BA:700,2024,SEX_F,51,6.348,0.054807293825113956
KOS,BA:700,2024,SEX_F,52,18.894,0.16312681309573143
KOS,BA:700,2024,SEX_F,53,0.896,0.007735875120873048
KOS,BA:700,2024,SEX_F,54,1.343,0.011595178892112168
KOS,BA:700,2024,SEX_F,61,0.875,0.007554565547727586
KOS,BA:700,2024,SEX_F,63,1.356,0.011707418151678408
KOS,BA:700,2024,SEX_F,71,0.828,0.007148777455449647
KOS,BA:700,2024,SEX_F,72,0.272,0.002348390661693604
KOS,BA:700,2024,SEX_F,73,0.525,0.004532739328636552
KOS,BA:700,2024,SEX_F,75,4.896,0.04227103191048487
KOS,BA:700,2024,SEX_F,81,0.637,0.0054997237187456825
KOS,BA:700,2024,SEX_F,91,5.918,0.05109476447023069
KOS,BA:700,2024,SEX_F,92,0.25,0.0021584472993507386
KOS,BA:700,2024,SEX_F,93,0.976,0.008426578256665283
KOS,BA:700,2024,SEX_F,94,0.633,0.00546518856195607
KOS,BA:700,2024,SEX_F,96,0.222,0.0019167012018234562
KOS,BA:700,2024,SEX_M,11,2.909,0.009454290180733266
KOS,BA:700,2024,SEX_M,12,9.149,0.02973437637109957
KOS,BA:700,2024,SEX_M,13,6.286,0.020429586825744007
KOS,BA:700,2024,SEX_M,14,4.17,0.013552557598369791
KOS,BA:700,2024,SEX_M,21,6.045,0.01964633349691736
KOS,BA:700,2024,SEX_M,22,5.849,0.019009330789655856
KOS,BA:700,2024,SEX_M,23,9.956,0.03235713751783444
KOS,BA:700,2024,SEX_M,24,3.594,0.011680549642335978
KOS,BA:700,2024,SEX_M,25,4.378,0.014228560471382002
KOS,BA:700,2024,SEX_M,26,6.027,0.019587833248291303
KOS,BA:700,2024,SEX_M,31,5.106,0.016594570526924736
KOS,BA:700,2024,SEX_M,32,1.691,0.005495773357036767
KOS,BA:700,2024,SEX_M,33,9.033,0.029357374768842762
KOS,BA:700,2024,SEX_M,34,4.521,0.014693312446577896
KOS,BA:700,2024,SEX_M,35,1.964,0.0063830271278652925
KOS,BA:700,2024,SEX_M,41,6.813,0.022142344104962443
KOS,BA:700,2024,SEX_M,42,5.024,0.016328069394294924
KOS,BA:700,2024,SEX_M,43,5.529,0.017969326369637068
KOS,BA:700,2024,SEX_M,44,0.616,0.002002008508536161
KOS,BA:700,2024,SEX_M,51,21.785,0.07080155090659135
KOS,BA:700,2024,SEX_M,52,41.376,0.1344725715084289
KOS,BA:700,2024,SEX_M,54,20.049,0.06515952692798943
KOS,BA:700,2024,SEX_M,61,6.489,0.021089339629693424
KOS,BA:700,2024,SEX_M,62,0.192,6.24002652011271e-4
KOS,BA:700,2024,SEX_M,63,3.219,0.010461794462626465
KOS,BA:700,2024,SEX_M,71,38.178,0.12407902733586616
KOS,BA:700,2024,SEX_M,72,11.48,0.037310158568173914
KOS,BA:700,2024,SEX_M,73,1.032,0.0033540142545605816
KOS,BA:700,2024,SEX_M,74,4.609,0.014979313662083063
KOS,BA:700,2024,SEX_M,75,5.039,0.016376819601483305
KOS,BA:700,2024,SEX_M,81,4.564,0.014833063040517921
KOS,BA:700,2024,SEX_M,82,2.152,0.006994029724626329
KOS,BA:700,2024,SEX_M,83,17.284,0.05617323873626462
KOS,BA:700,2024,SEX_M,91,8.91,0.028957623069898044
KOS,BA:700,2024,SEX_M,92,2.891,0.00939578993210721
KOS,BA:700,2024,SEX_M,93,16.659,0.05414198010341543
KOS,BA:700,2024,SEX_M,94,0.932,0.0030290128733047113
KOS,BA:700,2024,SEX_M,95,0.289,9.392539918294652e-4
KOS,BA:700,2024,SEX_M,96,1.902,0.006181526271486653
LAO,BA:6651,2022,SEX_F,02,12.873,0.007679619151024158
LAO,BA:6651,2022,SEX_F,11,5.569,0.003322286883558886
LAO,BA:6651,2022,SEX_F,13,1.476,8.805342862511969e-4
LAO,BA:6651,2022,SEX_F,21,1.12,6.68156097968388e-4
LAO,BA:6651,2022,SEX_F,22,6.901,0.004116915385785576
LAO,BA:6651,2022,SEX_F,23,25.454,0.015185040462220845
LAO,BA:6651,2022,SEX_F,24,0.796,4.7486808391324715e-4
LAO,BA:6651,2022,SEX_F,33,100.115,0.05972539977509388
LAO,BA:6651,2022,SEX_F,43,4.697,0.0028020796358549267
LAO,BA:6651,2022,SEX_F,51,10.162,0.006062323453173891
LAO,BA:6651,2022,SEX_F,52,264.154,0.1575858088417335
LAO,BA:6651,2022,SEX_F,54,4.2,0.002505585367381455
LAO,BA:6651,2022,SEX_F,61,555.119,0.33116620084653
LAO,BA:6651,2022,SEX_F,62,3.246,0.0019364595482190957
LAO,BA:6651,2022,SEX_F,63,546.405,0.325967707777158
LAO,BA:6651,2022,SEX_F,73,36.005,0.02147942884584983
LAO,BA:6651,2022,SEX_F,75,25.927,0.015467217100023566
LAO,BA:6651,2022,SEX_F,81,5.47,0.0032632266570420372
LAO,BA:6651,2022,SEX_F,83,7.614,0.004542268330295808
LAO,BA:6651,2022,SEX_F,92,1.902,0.0011346722306570301
LAO,BA:6651,2022,SEX_F,93,57.05,0.03403420124026476
LAO,BA:6651,2022,SEX_M,02,52.143,0.02850108963661835
LAO,BA:6651,2022,SEX_M,11,17.468,0.009547916954767645
LAO,BA:6651,2022,SEX_M,13,2.92,0.0015960566468926909
LAO,BA:6651,2022,SEX_M,21,5.909,0.003229828330989353
LAO,BA:6651,2022,SEX_M,22,2.925,0.0015987896206031236
LAO,BA:6651,2022,SEX_M,23,15.834,0.008654781146198241
LAO,BA:6651,2022,SEX_M,24,0.934,5.105194891088265e-4
LAO,BA:6651,2022,SEX_M,26,1.362,7.444620387218648e-4
LAO,BA:6651,2022,SEX_M,33,124.29,0.06793626049393581
LAO,BA:6651,2022,SEX_M,43,0.898,4.908420783937111e-4
LAO,BA:6651,2022,SEX_M,51,2.855,0.0015605279886570659
LAO,BA:6651,2022,SEX_M,52,104.577,0.05716123834318388
LAO,BA:6651,2022,SEX_M,54,24.174,0.013213381295199968
LAO,BA:6651,2022,SEX_M,61,651.244,0.35596654621540536
LAO,BA:6651,2022,SEX_M,62,15.537,0.00849244250779854
LAO,BA:6651,2022,SEX_M,63,488.936,0.2672498468168235
LAO,BA:6651,2022,SEX_M,72,10.522,0.005751269876234553
LAO,BA:6651,2022,SEX_M,73,4.013,0.0021934846999932768
LAO,BA:6651,2022,SEX_M,74,12.509,0.006837353628760504
LAO,BA:6651,2022,SEX_M,75,17.682,0.009664888229574163
LAO,BA:6651,2022,SEX_M,81,3.197,0.001747463390450662
LAO,BA:6651,2022,SEX_M,83,46.439,0.025383313227756738
LAO,BA:6651,2022,SEX_M,92,2.17,0.0011861105903277873
LAO,BA:6651,2022,SEX_M,93,220.971,0.12078158675360438
LBN,BA:14074,2019,SEX_F,02,1.626,0.0033624427960800445
LBN,BA:14074,2019,SEX_F,03,1.78,0.003680902937898204
LBN,BA:14074,2019,SEX_F,11,1.365,0.0028227148933882293
LBN,BA:14074,2019,SEX_F,12,5.965,0.012335160687956622
LBN,BA:14074,2019,SEX_F,13,7.584,0.01568312802304493
LBN,BA:14074,2019,SEX_F,14,8.199,0.01695490066731875
LBN,BA:14074,2019,SEX_F,21,8.297,0.017157557121203034
LBN,BA:14074,2019,SEX_F,22,23.056,0.04767803266077584
LBN,BA:14074,2019,SEX_F,23,77.013,0.15925695390806427
LBN,BA:14074,2019,SEX_F,24,23.557,0.04871406208318426
LBN,BA:14074,2019,SEX_F,25,1.937,0.004005566848712821
LBN,BA:14074,2019,SEX_F,26,11.303,0.023373733655653598
LBN,BA:14074,2019,SEX_F,31,1.419,0.0029343827353244673
LBN,BA:14074,2019,SEX_F,32,6.428,0.013292609036409919
LBN,BA:14074,2019,SEX_F,33,19.477,0.04027693624800187
LBN,BA:14074,2019,SEX_F,34,5.205,0.010763539208854018
LBN,BA:14074,2019,SEX_F,35,0.292,6.038335156552109e-4
LBN,BA:14074,2019,SEX_F,41,15.116,0.03125872405015127
LBN,BA:14074,2019,SEX_F,42,13.656,0.02823955647187521
LBN,BA:14074,2019,SEX_F,43,1.913,0.00395593669674116
LBN,BA:14074,2019,SEX_F,44,1.231,0.002545613211546455
LBN,BA:14074,2019,SEX_F,51,19.84,0.04102759229657324
LBN,BA:14074,2019,SEX_F,52,54.195,0.1120710869210074
LBN,BA:14074,2019,SEX_F,53,14.763,0.030528747231568083
LBN,BA:14074,2019,SEX_F,54,2.623,0.005424162025902803
LBN,BA:14074,2019,SEX_F,61,4.771,0.009866060627366478
LBN,BA:14074,2019,SEX_F,73,2.156,0.004458441985454229
LBN,BA:14074,2019,SEX_F,75,12.969,0.026818893371686407
LBN,BA:14074,2019,SEX_F,81,2.395,0.004952675582172022
LBN,BA:14074,2019,SEX_F,83,0.557,0.0011518331103423033
LBN,BA:14074,2019,SEX_F,91,123.274,0.25492113975644
LBN,BA:14074,2019,SEX_F,92,2.56,0.005293882876977192
LBN,BA:14074,2019,SEX_F,93,3.016,0.006236855764438755
LBN,BA:14074,2019,SEX_F,94,3.718,0.007688537709609844
LBN,BA:14074,2019,SEX_F,96,0.321,6.638032826209682e-4
LBN,BA:14074,2019,SEX_M,01,2.983,0.0027097489190073027
LBN,BA:14074,2019,SEX_M,02,33.443,0.03037952836016132
LBN,BA:14074,2019,SEX_M,03,31.275,0.028410123178663555
LBN,BA:14074,2019,SEX_M,11,5.529,0.005022528251153663
LBN,BA:14074,2019,SEX_M,12,7.341,0.00666854402092947
LBN,BA:14074,2019,SEX_M,13,23.874,0.0216870753242978
LBN,BA:14074,2019,SEX_M,14,49.136,0.04463500599542167
LBN,BA:14074,2019,SEX_M,21,27.728,0.025188038225355175
LBN,BA:14074,2019,SEX_M,22,15.073,0.01369227135641873
LBN,BA:14074,2019,SEX_M,23,19.526,0.017737364194615014
LBN,BA:14074,2019,SEX_M,24,20.708,0.018811089713309827
LBN,BA:14074,2019,SEX_M,25,8.12,0.007376185458377236
LBN,BA:14074,2019,SEX_M,26,15.003,0.013628683550743065
LBN,BA:14074,2019,SEX_M,31,10.547,0.009580865520874966
LBN,BA:14074,2019,SEX_M,32,4.4,0.003996947785327567
LBN,BA:14074,2019,SEX_M,33,21.009,0.019084517277715193
LBN,BA:14074,2019,SEX_M,34,8.652,0.007859452781512297
LBN,BA:14074,2019,SEX_M,35,0.853,7.748628320191851e-4
LBN,BA:14074,2019,SEX_M,41,11.021,0.010011445805021618
LBN,BA:14074,2019,SEX_M,42,16.536,0.015021256495040148
LBN,BA:14074,2019,SEX_M,43,5.814,0.005281421459976016
LBN,BA:14074,2019,SEX_M,44,3.252,0.002954107772246647
LBN,BA:14074,2019,SEX_M,51,67.659,0.06146124777442678
LBN,BA:14074,2019,SEX_M,52,103.085,0.09364212782965732
LBN,BA:14074,2019,SEX_M,53,4.734,0.004300352458122886
LBN,BA:14074,2019,SEX_M,54,55.306,0.05023981686711963
LBN,BA:14074,2019,SEX_M,61,31.426,0.028547291159478204
LBN,BA:14074,2019,SEX_M,62,1.869,0.0016977944115402779
LBN,BA:14074,2019,SEX_M,71,85.272,0.07746084807964825
LBN,BA:14074,2019,SEX_M,72,60.114,0.054607390719813936
LBN,BA:14074,2019,SEX_M,73,7.336,0.00666400203480978
LBN,BA:14074,2019,SEX_M,74,39.05,0.03547291159478215
LBN,BA:14074,2019,SEX_M,75,56.642,0.05145343555830092
LBN,BA:14074,2019,SEX_M,81,9.547,0.008672468296936882
LBN,BA:14074,2019,SEX_M,82,0.185,1.680534864285454e-4
LBN,BA:14074,2019,SEX_M,83,128.04,0.11631118055303219
LBN,BA:14074,2019,SEX_M,91,15.012,0.013636859125758507
LBN,BA:14074,2019,SEX_M,92,15.659,0.014224592129646448
LBN,BA:14074,2019,SEX_M,93,52.586,0.04776897641800805
LBN,BA:14074,2019,SEX_M,94,8.134,0.0073889030195123705
LBN,BA:14074,2019,SEX_M,95,3.015,0.0027388176301733212
LBN,BA:14074,2019,SEX_M,96,14.346,0.013031866574615743
LKA,BA:1359,2024,SEX_F,01,2.939,0.0011484672319516953
LKA,BA:1359,2024,SEX_F,11,8.013,0.003131224201983305
LKA,BA:1359,2024,SEX_F,12,27.898,0.010901646422929021
LKA,BA:1359,2024,SEX_F,13,31.299,0.012230648483448828
LKA,BA:1359,2024,SEX_F,14,22.764,0.008895443371265188
LKA,BA:1359,2024,SEX_F,21,14.856,0.005805249812138273
LKA,BA:1359,2024,SEX_F,22,76.963,0.030074679677678906
LKA,BA:1359,2024,SEX_F,23,246.184,0.09620083600911743
LKA,BA:1359,2024,SEX_F,24,10.649,0.004161288721692276
LKA,BA:1359,2024,SEX_F,25,5.201,0.0020323845094864807
LKA,BA:1359,2024,SEX_F,26,15.204,0.005941237085605163
LKA,BA:1359,2024,SEX_F,31,57.762,0.02257154278734053
LKA,BA:1359,2024,SEX_F,32,9.947,0.0038869695665952743
LKA,BA:1359,2024,SEX_F,33,151.794,0.05931624192135952
LKA,BA:1359,2024,SEX_F,34,6.015,0.002350469683630298
LKA,BA:1359,2024,SEX_F,35,9.916,0.0038748557577519597
LKA,BA:1359,2024,SEX_F,41,88.27,0.03449309376127122
LKA,BA:1359,2024,SEX_F,42,13.967,0.005457857035954177
LKA,BA:1359,2024,SEX_F,43,39.324,0.015366561901758577
LKA,BA:1359,2024,SEX_F,44,6.147,0.0024020510632211875
LKA,BA:1359,2024,SEX_F,51,39.68,0.015505675319443097
LKA,BA:1359,2024,SEX_F,52,218.92,0.08554693651543556
LKA,BA:1359,2024,SEX_F,53,32.734,0.01279140060248615
LKA,BA:1359,2024,SEX_F,54,12.578,0.004915080246168228
LKA,BA:1359,2024,SEX_F,61,232.637,0.09090710154458881
LKA,BA:1359,2024,SEX_F,62,1.305,5.099522755008378e-4
LKA,BA:1359,2024,SEX_F,71,4.375,0.0017096101190162186
LKA,BA:1359,2024,SEX_F,72,4.125,0.001611918112215292
LKA,BA:1359,2024,SEX_F,73,51.971,0.02030860514180386
LKA,BA:1359,2024,SEX_F,75,253.098,0.09890260614920386
LKA,BA:1359,2024,SEX_F,81,161.495,0.06310708255326268
LKA,BA:1359,2024,SEX_F,83,4.107,0.0016048842877256252
LKA,BA:1359,2024,SEX_F,91,170.061,0.06645440147428963
LKA,BA:1359,2024,SEX_F,92,371.498,0.14516954057012277
LKA,BA:1359,2024,SEX_F,93,94.899,0.0370834950136046
LKA,BA:1359,2024,SEX_F,94,10.928,0.004270313001282112
LKA,BA:1359,2024,SEX_F,95,16.907,0.006606715035933076
LKA,BA:1359,2024,SEX_F,96,32.633,0.012751933031738575
LKA,BA:1359,2024,SEX_M,01,36.339,0.006904747020702081
LKA,BA:1359,2024,SEX_M,11,15.363,0.0029191124818802408
LKA,BA:1359,2024,SEX_M,12,61.295,0.011646618471447592
LKA,BA:1359,2024,SEX_M,13,86.483,0.016432572073842924
LKA,BA:1359,2024,SEX_M,14,86.672,0.016468483826695583
LKA,BA:1359,2024,SEX_M,21,43.048,0.008179519242334218
LKA,BA:1359,2024,SEX_M,22,25.281,0.004803624464910132
LKA,BA:1359,2024,SEX_M,23,85.409,0.016228502113188145
LKA,BA:1359,2024,SEX_M,24,22.93,0.0043569126609069786
LKA,BA:1359,2024,SEX_M,25,17.902,0.0034015460294616984
LKA,BA:1359,2024,SEX_M,26,25.79,0.004900339185555647
LKA,BA:1359,2024,SEX_M,31,133.265,0.02532158594661005
LKA,BA:1359,2024,SEX_M,32,12.938,0.002458339991574989
LKA,BA:1359,2024,SEX_M,33,246.343,0.046807454671862536
LKA,BA:1359,2024,SEX_M,34,42.524,0.008079954382573414
LKA,BA:1359,2024,SEX_M,35,15.517,0.0029483739101305536
LKA,BA:1359,2024,SEX_M,41,50.934,0.009677932379879461
LKA,BA:1359,2024,SEX_M,42,19.332,0.0036732592917860323
LKA,BA:1359,2024,SEX_M,43,52.057,0.009891312794977524
LKA,BA:1359,2024,SEX_M,44,13.261,0.002519712987190905
LKA,BA:1359,2024,SEX_M,51,91.099,0.017309654884254903
LKA,BA:1359,2024,SEX_M,52,452.666,0.08601073818413077
LKA,BA:1359,2024,SEX_M,53,10.675,0.0020283490037148713
LKA,BA:1359,2024,SEX_M,54,120.504,0.02289687759659549
LKA,BA:1359,2024,SEX_M,61,776.846,0.14760794474378294
LKA,BA:1359,2024,SEX_M,62,73.729,0.01400919378874883
LKA,BA:1359,2024,SEX_M,63,2.604,4.947841504143818e-4
LKA,BA:1359,2024,SEX_M,71,349.279,0.06636624933663013
LKA,BA:1359,2024,SEX_M,72,141.773,0.026938184852802666
LKA,BA:1359,2024,SEX_M,73,54.46,0.010347905081247015
LKA,BA:1359,2024,SEX_M,74,75.488,0.014343420102335195
LKA,BA:1359,2024,SEX_M,75,142.681,0.027110713273914903
LKA,BA:1359,2024,SEX_M,81,121.162,0.023021903699119557
LKA,BA:1359,2024,SEX_M,82,2.916,5.540670440124183e-4
LKA,BA:1359,2024,SEX_M,83,493.851,0.09383627014834595
LKA,BA:1359,2024,SEX_M,91,152.95,0.02906191851224258
LKA,BA:1359,2024,SEX_M,92,516.739,0.09818520241973011
LKA,BA:1359,2024,SEX_M,93,333.22,0.06331489039980043
LKA,BA:1359,2024,SEX_M,94,13.093,0.0024877914290996543
LKA,BA:1359,2024,SEX_M,95,47.839,0.009089853675757913
LKA,BA:1359,2024,SEX_M,96,196.644,0.03736418374580863
LSO,BA:13,2024,SEX_F,11,1.676,0.004769127016421617
LSO,BA:13,2024,SEX_F,12,0.911,0.0025922880142959987
LSO,BA:13,2024,SEX_F,13,0.924,0.0026292800496262383
LSO,BA:13,2024,SEX_F,14,0.905,0.002575214767220504
LSO,BA:13,2024,SEX_F,21,0.586,0.0016674871310400166
LSO,BA:13,2024,SEX_F,22,0.899,0.0025581415201450085
LSO,BA:13,2024,SEX_F,23,11.43,0.03252453567881807
LSO,BA:13,2024,SEX_F,24,1.932,0.005497585558309407
LSO,BA:13,2024,SEX_F,26,1.628,0.004632541039817657
LSO,BA:13,2024,SEX_F,31,1.714,0.004877257581233086
LSO,BA:13,2024,SEX_F,32,5.845,0.01663218819271143
LSO,BA:13,2024,SEX_F,33,5.517,0.0156988506859177
LSO,BA:13,2024,SEX_F,34,0.658,0.0018723660959459574
LSO,BA:13,2024,SEX_F,41,1.729,0.004919940698921824
LSO,BA:13,2024,SEX_F,42,1.696,0.004826037840006602
LSO,BA:13,2024,SEX_F,43,1.153,0.003280908979674299
LSO,BA:13,2024,SEX_F,51,14.593,0.04152498242878321
LSO,BA:13,2024,SEX_F,52,27.006,0.07684668508680323
LSO,BA:13,2024,SEX_F,53,6.394,0.018194390300119226
LSO,BA:13,2024,SEX_F,54,2.732,0.007774018501708747
LSO,BA:13,2024,SEX_F,61,2.628,0.007478082219066833
LSO,BA:13,2024,SEX_F,63,97.742,0.2781288859421729
LSO,BA:13,2024,SEX_F,72,0.489,0.0013914696366528468
LSO,BA:13,2024,SEX_F,73,1.977,0.00562563491137562
LSO,BA:13,2024,SEX_F,75,19.082,0.054298616782432765
LSO,BA:13,2024,SEX_F,81,17.383,0.049464042318888415
LSO,BA:13,2024,SEX_F,83,0.682,0.0019406590842479378
LSO,BA:13,2024,SEX_F,91,81.809,0.23279087833319578
LSO,BA:13,2024,SEX_F,92,17.819,0.050704698273041054
LSO,BA:13,2024,SEX_F,93,3.943,0.011219968869779499
LSO,BA:13,2024,SEX_F,94,2.379,0.006769542465433788
LSO,BA:13,2024,SEX_F,95,12.864,0.03660504172986139
LSO,BA:13,2024,SEX_F,96,2.702,0.007688652266331272
LSO,BA:13,2024,SEX_M,01,0.789,0.0017496357697399502
LSO,BA:13,2024,SEX_M,02,0.511,0.0011331608090457725
LSO,BA:13,2024,SEX_M,03,1.949,0.004321977332348749
LSO,BA:13,2024,SEX_M,11,3.553,0.007878904803404363
LSO,BA:13,2024,SEX_M,12,0.994,0.00220423061485616
LSO,BA:13,2024,SEX_M,13,2.604,0.005774463300890786
LSO,BA:13,2024,SEX_M,14,1.33,0.002949322653680778
LSO,BA:13,2024,SEX_M,21,0.973,0.0021576623624296218
LSO,BA:13,2024,SEX_M,22,1.007,0.0022330585806440172
LSO,BA:13,2024,SEX_M,23,6.507,0.014429505644737458
LSO,BA:13,2024,SEX_M,24,1.038,0.002301802191368908
LSO,BA:13,2024,SEX_M,25,0.675,0.0014968366851387407
LSO,BA:13,2024,SEX_M,26,0.926,0.0020534381784273687
LSO,BA:13,2024,SEX_M,31,3.717,0.008242580679497331
LSO,BA:13,2024,SEX_M,32,3.414,0.007570667323057275
LSO,BA:13,2024,SEX_M,33,5.512,0.012223057494051464
LSO,BA:13,2024,SEX_M,34,1.653,0.0036655867267175383
LSO,BA:13,2024,SEX_M,35,0.462,0.001024501553383849
LSO,BA:13,2024,SEX_M,41,0.423,9.380176560202775e-4
LSO,BA:13,2024,SEX_M,42,1.218,0.0027009586407392384
LSO,BA:13,2024,SEX_M,43,1.08,0.002394938696221985
LSO,BA:13,2024,SEX_M,51,4.944,0.010963497142705086
LSO,BA:13,2024,SEX_M,52,18.231,0.04042789571372501
LSO,BA:13,2024,SEX_M,53,0.841,0.0018649476328913789
LSO,BA:13,2024,SEX_M,54,15.564,0.034513727655554605
LSO,BA:13,2024,SEX_M,61,4.262,0.0094511377067575
LSO,BA:13,2024,SEX_M,63,165.498,0.3669977447660612
LSO,BA:13,2024,SEX_M,71,27.945,0.06196903876474386
LSO,BA:13,2024,SEX_M,72,8.336,0.01848537867750599
LSO,BA:13,2024,SEX_M,73,3.239,0.00718259855283612
LSO,BA:13,2024,SEX_M,74,3.763,0.00834458732766975
LSO,BA:13,2024,SEX_M,75,5.558,0.012325064142223882
LSO,BA:13,2024,SEX_M,81,18.703,0.041474572625407206
LSO,BA:13,2024,SEX_M,83,22.171,0.04916498688327558
LSO,BA:13,2024,SEX_M,91,2.979,0.0066060392370789756
LSO,BA:13,2024,SEX_M,92,73.95,0.16398677461631092
LSO,BA:13,2024,SEX_M,93,17.991,0.039895687114564565
LSO,BA:13,2024,SEX_M,94,0.775,0.0017185902681222578
LSO,BA:13,2024,SEX_M,95,10.984,0.024357413554909522
LSO,BA:13,2024,SEX_M,96,4.882,0.010826009921255306
LTU,BA:2245,2024,SEX_F,11,12.722,0.01769842561639128
LTU,BA:2245,2024,SEX_F,12,23.494,0.0326840757295627
LTU,BA:2245,2024,SEX_F,13,9.711,0.013509622006034878
LTU,BA:2245,2024,SEX_F,14,5.136,0.007145033325403679
LTU,BA:2245,2024,SEX_F,21,15.734,0.021888620393672408
LTU,BA:2245,2024,SEX_F,22,45.747,0.06364171330553779
LTU,BA:2245,2024,SEX_F,23,60.577,0.08427271879925598
LTU,BA:2245,2024,SEX_F,24,107.345,0.14933481353494119
LTU,BA:2245,2024,SEX_F,25,9.798,0.013630653528486225
LTU,BA:2245,2024,SEX_F,26,34.028,0.04733862811464883
LTU,BA:2245,2024,SEX_F,31,6.607,0.00919143987167876
LTU,BA:2245,2024,SEX_F,32,12.746,0.017731813622584754
LTU,BA:2245,2024,SEX_F,33,41.429,0.05763465452456173
LTU,BA:2245,2024,SEX_F,34,11.854,0.01649089272572726
LTU,BA:2245,2024,SEX_F,35,0.32,0.00044517341591300183
LTU,BA:2245,2024,SEX_F,41,9.93,0.013814287562550338
LTU,BA:2245,2024,SEX_F,42,10.176,0.014156514626033458
LTU,BA:2245,2024,SEX_F,43,16.437,0.022866610741756287
LTU,BA:2245,2024,SEX_F,44,5.367,0.007466392885015878
LTU,BA:2245,2024,SEX_F,51,41.434,0.057641610359185365
LTU,BA:2245,2024,SEX_F,52,66.851,0.09300090008500027
LTU,BA:2245,2024,SEX_F,53,22.719,0.0316059213628984
LTU,BA:2245,2024,SEX_F,54,2.555,0.003554431492680374
LTU,BA:2245,2024,SEX_F,61,13.55,0.018850311830066174
LTU,BA:2245,2024,SEX_F,71,2.307,0.0032094220953477973
LTU,BA:2245,2024,SEX_F,72,1.922,0.002673822829327467
LTU,BA:2245,2024,SEX_F,73,5.351,0.007444134214220227
LTU,BA:2245,2024,SEX_F,75,23.208,0.032286201989090456
LTU,BA:2245,2024,SEX_F,81,10.229,0.014230246473044049
LTU,BA:2245,2024,SEX_F,82,5.585,0.00776966727460661
LTU,BA:2245,2024,SEX_F,83,0.96,0.0013355202477390055
LTU,BA:2245,2024,SEX_F,91,41.114,0.05719643694327236
LTU,BA:2245,2024,SEX_F,92,7.613,0.01059095379795526
LTU,BA:2245,2024,SEX_F,93,15.183,0.02112208741814721
LTU,BA:2245,2024,SEX_F,94,6.494,0.009034238009184481
LTU,BA:2245,2024,SEX_F,96,12.588,0.01751200924847771
LTU,BA:2245,2024,SEX_M,01,2.475,0.003328312847959979
LTU,BA:2245,2024,SEX_M,02,1.072,0.0014415965143487264
LTU,BA:2245,2024,SEX_M,03,1.49,0.0020037115731153005
LTU,BA:2245,2024,SEX_M,11,26.963,0.03625911083617976
LTU,BA:2245,2024,SEX_M,12,24.694,0.03320782119899948
LTU,BA:2245,2024,SEX_M,13,25.15,0.033821037626744835
LTU,BA:2245,2024,SEX_M,14,5.68,0.0076383098894596685
LTU,BA:2245,2024,SEX_M,21,36.835,0.04953470858771953
LTU,BA:2245,2024,SEX_M,22,10.752,0.014458997875258867
LTU,BA:2245,2024,SEX_M,23,11.648,0.015663914364863772
LTU,BA:2245,2024,SEX_M,24,47.668,0.06410263306527526
LTU,BA:2245,2024,SEX_M,25,44.072,0.059266829832441296
LTU,BA:2245,2024,SEX_M,26,10.829,0.01456254538608429
LTU,BA:2245,2024,SEX_M,31,22.686,0.030507517280331346
LTU,BA:2245,2024,SEX_M,32,1.868,0.0025120357171673703
LTU,BA:2245,2024,SEX_M,33,22.253,0.029925230628546833
LTU,BA:2245,2024,SEX_M,34,7.903,0.010627739974718269
LTU,BA:2245,2024,SEX_M,35,4.305,0.00578924719614857
LTU,BA:2245,2024,SEX_M,41,1.911,0.0025698609504854627
LTU,BA:2245,2024,SEX_M,42,4.922,0.006618972055619805
LTU,BA:2245,2024,SEX_M,43,11.89,0.015989349398886528
LTU,BA:2245,2024,SEX_M,44,4.519,0.00607702858987117
LTU,BA:2245,2024,SEX_M,51,12.786,0.01719426588849143
LTU,BA:2245,2024,SEX_M,52,18.02,0.024232807078884373
LTU,BA:2245,2024,SEX_M,53,1.713,0.0023035959226486644
LTU,BA:2245,2024,SEX_M,54,15.514,0.02086280627202065
LTU,BA:2245,2024,SEX_M,61,22.337,0.030038191549447292
LTU,BA:2245,2024,SEX_M,62,0.62,8.33759178074823e-4
LTU,BA:2245,2024,SEX_M,63,1.089,0.0014644576531023907
LTU,BA:2245,2024,SEX_M,71,68.304,0.09185336596648824
LTU,BA:2245,2024,SEX_M,72,49.874,0.0670692020117802
LTU,BA:2245,2024,SEX_M,73,3.605,0.004847906188644737
LTU,BA:2245,2024,SEX_M,74,15.236,0.020488959414754846
LTU,BA:2245,2024,SEX_M,75,21.373,0.02874183050482773
LTU,BA:2245,2024,SEX_M,81,20.197,0.02716037761222129
LTU,BA:2245,2024,SEX_M,82,4.687,0.00630295043167209
LTU,BA:2245,2024,SEX_M,83,76.707,0.10315349237513781
LTU,BA:2245,2024,SEX_M,91,6.432,0.008649579086092358
LTU,BA:2245,2024,SEX_M,92,8.767,0.011789623732551569
LTU,BA:2245,2024,SEX_M,93,40.887,0.054983728248298856
LTU,BA:2245,2024,SEX_M,94,1.46,0.001963368387079422
LTU,BA:2245,2024,SEX_M,95,0.271,3.6443344719076944e-4
LTU,BA:2245,2024,SEX_M,96,22.156,0.02979478766036416
LUX,BA:2261,2024,SEX_F,11,0.424,0.002861481356504133
LUX,BA:2261,2024,SEX_F,12,1.543,0.010413362578032728
LUX,BA:2261,2024,SEX_F,13,0.433,0.0029222203475620036
LUX,BA:2261,2024,SEX_F,14,1.331,0.008982621899780663
LUX,BA:2261,2024,SEX_F,21,4.188,0.028263877172262517
LUX,BA:2261,2024,SEX_F,22,6.467,0.04364433946347223
LUX,BA:2261,2024,SEX_F,23,14.782,0.0997604184241606
LUX,BA:2261,2024,SEX_F,24,33.687,0.2273460435296102
LUX,BA:2261,2024,SEX_F,25,3.136,0.02116416399527585
LUX,BA:2261,2024,SEX_F,26,18.606,0.12556774084697148
LUX,BA:2261,2024,SEX_F,31,0.571,0.003853551543782688
LUX,BA:2261,2024,SEX_F,32,2.51,0.016939429728361727
LUX,BA:2261,2024,SEX_F,33,12.641,0.08531128732917156
LUX,BA:2261,2024,SEX_F,34,4.436,0.029937573814746068
LUX,BA:2261,2024,SEX_F,41,4.647,0.03136156571621393
LUX,BA:2261,2024,SEX_F,42,2.531,0.017081154040830097
LUX,BA:2261,2024,SEX_F,43,1.602,0.010811540408300993
LUX,BA:2261,2024,SEX_F,44,0.672,0.004535177998987682
LUX,BA:2261,2024,SEX_F,51,4.093,0.027622743377762774
LUX,BA:2261,2024,SEX_F,52,4.706,0.03175974354648219
LUX,BA:2261,2024,SEX_F,53,6.627,0.04472414374894549
LUX,BA:2261,2024,SEX_F,54,0.547,0.0036915809009617
LUX,BA:2261,2024,SEX_F,61,1.139,0.007686856757212753
LUX,BA:2261,2024,SEX_F,75,0.462,0.0031179348743040317
LUX,BA:2261,2024,SEX_F,83,0.715,0.00482537540070862
LUX,BA:2261,2024,SEX_F,91,13.064,0.08816601990889149
LUX,BA:2261,2024,SEX_F,93,0.467,0.003151678758225071
LUX,BA:2261,2024,SEX_F,94,1.704,0.011499915640290194
LUX,BA:2261,2024,SEX_F,96,0.444,0.00299645689218829
LUX,BA:2261,2024,SEX_M,11,1.287,0.007743822090651454
LUX,BA:2261,2024,SEX_M,12,3.443,0.020716378755332523
LUX,BA:2261,2024,SEX_M,13,1.799,0.010824503450724138
LUX,BA:2261,2024,SEX_M,14,1.291,0.007767889913777022
LUX,BA:2261,2024,SEX_M,21,10.511,0.0632442222182109
LUX,BA:2261,2024,SEX_M,22,3.103,0.018670613789659257
LUX,BA:2261,2024,SEX_M,23,6.201,0.03731114280041155
LUX,BA:2261,2024,SEX_M,24,36.753,0.22114117583349877
LUX,BA:2261,2024,SEX_M,25,13.983,0.0841350926912038
LUX,BA:2261,2024,SEX_M,26,11.869,0.0714152481693412
LUX,BA:2261,2024,SEX_M,31,4.435,0.026685198890473348
LUX,BA:2261,2024,SEX_M,32,0.916,0.005511531495755037
LUX,BA:2261,2024,SEX_M,33,10.054,0.06049447342611478
LUX,BA:2261,2024,SEX_M,34,2.248,0.01352611659656913
LUX,BA:2261,2024,SEX_M,35,2.646,0.01592086499756313
LUX,BA:2261,2024,SEX_M,41,2.334,0.014043574793768838
LUX,BA:2261,2024,SEX_M,42,1.653,0.009946027906640913
LUX,BA:2261,2024,SEX_M,43,4.002,0.024079857037130628
LUX,BA:2261,2024,SEX_M,44,1.308,0.007870178162060686
LUX,BA:2261,2024,SEX_M,51,5.003,0.030102829774303983
LUX,BA:2261,2024,SEX_M,52,2.849,0.017142307021185698
LUX,BA:2261,2024,SEX_M,53,1.347,0.008104839437534973
LUX,BA:2261,2024,SEX_M,54,3.803,0.02288248283663363
LUX,BA:2261,2024,SEX_M,61,3.654,0.021985956425206225
LUX,BA:2261,2024,SEX_M,71,5.083,0.03058418623681534
LUX,BA:2261,2024,SEX_M,72,3.732,0.0224552789761548
LUX,BA:2261,2024,SEX_M,73,0.514,0.0030927152716354682
LUX,BA:2261,2024,SEX_M,74,2.633,0.015842644572405036
LUX,BA:2261,2024,SEX_M,75,1.622,0.009759502277417762
LUX,BA:2261,2024,SEX_M,81,1.159,0.006973651750633284
LUX,BA:2261,2024,SEX_M,83,8.279,0.049814376914144046
LUX,BA:2261,2024,SEX_M,91,1.24,0.0074610251689260325
LUX,BA:2261,2024,SEX_M,92,0.769,0.004627038995890419
LUX,BA:2261,2024,SEX_M,93,2.48,0.014922050337852065
LUX,BA:2261,2024,SEX_M,94,0.98,0.005896616665764122
LUX,BA:2261,2024,SEX_M,96,1.214,0.007304584318609841
LVA,BA:2246,2024,SEX_F,11,12.3,0.027649769585253458
LVA,BA:2246,2024,SEX_F,12,14.414,0.03240193323592222
LVA,BA:2246,2024,SEX_F,13,11.006,0.02474092390693492
LVA,BA:2246,2024,SEX_F,14,2.328,0.005233224682477239
LVA,BA:2246,2024,SEX_F,21,9.951,0.022369337979094076
LVA,BA:2246,2024,SEX_F,22,26.6,0.05979543666404406
LVA,BA:2246,2024,SEX_F,23,38.228,0.08593458469146903
LVA,BA:2246,2024,SEX_F,24,32.605,0.07329436888838933
LVA,BA:2246,2024,SEX_F,25,8.581,0.01928964819602113
LVA,BA:2246,2024,SEX_F,26,14.784,0.03323367427222659
LVA,BA:2246,2024,SEX_F,31,3.913,0.008796223446105427
LVA,BA:2246,2024,SEX_F,32,7.338,0.016495447903787794
LVA,BA:2246,2024,SEX_F,33,42.501,0.09554006968641114
LVA,BA:2246,2024,SEX_F,34,7.845,0.01763515791839946
LVA,BA:2246,2024,SEX_F,35,1.548,0.003479824659997752
LVA,BA:2246,2024,SEX_F,41,7.353,0.01652916713498932
LVA,BA:2246,2024,SEX_F,42,12.874,0.02894009216589862
LVA,BA:2246,2024,SEX_F,43,11.024,0.024781386984376753
LVA,BA:2246,2024,SEX_F,44,1.925,0.004327301337529504
LVA,BA:2246,2024,SEX_F,51,32.343,0.07270540631673598
LVA,BA:2246,2024,SEX_F,52,35.089,0.07887827357536248
LVA,BA:2246,2024,SEX_F,53,21.41,0.04812858266831516
LVA,BA:2246,2024,SEX_F,54,2.828,0.0063571990558615255
LVA,BA:2246,2024,SEX_F,61,6.381,0.014344160953130269
LVA,BA:2246,2024,SEX_F,63,1.337,0.0030055074744295826
LVA,BA:2246,2024,SEX_F,73,1.331,0.002992019781948971
LVA,BA:2246,2024,SEX_F,74,1.314,0.002953804653253906
LVA,BA:2246,2024,SEX_F,75,17.844,0.04011239743733843
LVA,BA:2246,2024,SEX_F,81,5.274,0.011855681690457457
LVA,BA:2246,2024,SEX_F,83,1.207,0.0027132741373496684
LVA,BA:2246,2024,SEX_F,91,20.235,0.04548724289086208
LVA,BA:2246,2024,SEX_F,92,4.994,0.011226256041362256
LVA,BA:2246,2024,SEX_F,93,12.991,0.029203102169270537
LVA,BA:2246,2024,SEX_F,94,4.727,0.010626053725975047
LVA,BA:2246,2024,SEX_F,96,8.427,0.018943464089018768
LVA,BA:2246,2024,SEX_M,02,3.276,0.00756989326820206
LVA,BA:2246,2024,SEX_M,03,4.231,0.009776623448645579
LVA,BA:2246,2024,SEX_M,11,27.601,0.06377796828316394
LVA,BA:2246,2024,SEX_M,12,7.174,0.016577049543980947
LVA,BA:2246,2024,SEX_M,13,13.247,0.03061000492181706
LVA,BA:2246,2024,SEX_M,14,3.015,0.006966797375955193
LVA,BA:2246,2024,SEX_M,21,19.214,0.044398024803185096
LVA,BA:2246,2024,SEX_M,22,2.897,0.006694133332717145
LVA,BA:2246,2024,SEX_M,23,4.564,0.010546090621512271
LVA,BA:2246,2024,SEX_M,24,13.968,0.03227602844024614
LVA,BA:2246,2024,SEX_M,25,20.982,0.04848336402729415
LVA,BA:2246,2024,SEX_M,26,5.986,0.013831923413753824
LVA,BA:2246,2024,SEX_M,31,18.649,0.04309247239276564
LVA,BA:2246,2024,SEX_M,33,24.704,0.05708383495044679
LVA,BA:2246,2024,SEX_M,34,1.927,0.004452742468811163
LVA,BA:2246,2024,SEX_M,35,4.754,0.010985125945370143
LVA,BA:2246,2024,SEX_M,41,2.038,0.004709231526433394
LVA,BA:2246,2024,SEX_M,42,5.264,0.012163589183093909
LVA,BA:2246,2024,SEX_M,43,5.921,0.013681727118749817
LVA,BA:2246,2024,SEX_M,51,12.397,0.028645899525610787
LVA,BA:2246,2024,SEX_M,52,9.95,0.022991586696767548
LVA,BA:2246,2024,SEX_M,53,2.678,0.006188087354165176
LVA,BA:2246,2024,SEX_M,54,9.566,0.022104273200128484
LVA,BA:2246,2024,SEX_M,61,10.457,0.024163117797798825
LVA,BA:2246,2024,SEX_M,62,3.911,0.009037195534779687
LVA,BA:2246,2024,SEX_M,63,2.028,0.004686124404125085
LVA,BA:2246,2024,SEX_M,71,25.298,0.05845639801556035
LVA,BA:2246,2024,SEX_M,72,26.369,0.06093117081478026
LVA,BA:2246,2024,SEX_M,73,1.58,0.0036509253247128375
LVA,BA:2246,2024,SEX_M,74,9.66,0.022321480149826586
LVA,BA:2246,2024,SEX_M,75,11.495,0.026561637093401303
LVA,BA:2246,2024,SEX_M,81,8.991,0.02077561366740071
LVA,BA:2246,2024,SEX_M,82,2.64,0.0061002802893936016
LVA,BA:2246,2024,SEX_M,83,55.452,0.1281336146240356
LVA,BA:2246,2024,SEX_M,91,1.818,0.004200874835650594
LVA,BA:2246,2024,SEX_M,92,5.579,0.012891463535805643
LVA,BA:2246,2024,SEX_M,93,33.387,0.07714774925075159
LVA,BA:2246,2024,SEX_M,96,10.099,0.023335882819161356
MDG,BX:220,2022,SEX_F,11,2.443,4.364352511771515e-4
MDG,BX:220,2022,SEX_F,12,3.65,6.520624915254208e-4
MDG,BX:220,2022,SEX_F,13,10,0.0017864725795217007
MDG,BX:220,2022,SEX_F,21,1.932,3.4514650236359257e-4
MDG,BX:220,2022,SEX_F,22,16.47,0.0029423203384722407
MDG,BX:220,2022,SEX_F,23,119.514,0.021350848386895653
MDG,BX:220,2022,SEX_F,24,5.058,9.035978307220762e-4
MDG,BX:220,2022,SEX_F,32,14.578,0.002604319726426735
MDG,BX:220,2022,SEX_F,33,27.974,0.004997478393954005
MDG,BX:220,2022,SEX_F,34,25.289,0.004517810506352429
MDG,BX:220,2022,SEX_F,41,33.155,0.005923049837404199
MDG,BX:220,2022,SEX_F,42,14.343,0.0025623376208079754
MDG,BX:220,2022,SEX_F,51,38.581,0.006892389859052674
MDG,BX:220,2022,SEX_F,52,453.055,0.08093703345152041
MDG,BX:220,2022,SEX_F,61,441.514,0.07887526544749442
MDG,BX:220,2022,SEX_F,62,943.99,0.16864122503426904
MDG,BX:220,2022,SEX_F,63,1578.036,0.28191180434981067
MDG,BX:220,2022,SEX_F,71,105.563,0.01885854049120493
MDG,BX:220,2022,SEX_F,72,3.129,5.589872701323402e-4
MDG,BX:220,2022,SEX_F,73,7.651,0.0013668301705920532
MDG,BX:220,2022,SEX_F,74,410.297,0.07329843399600153
MDG,BX:220,2022,SEX_F,82,20.83,0.0037212223831437023
MDG,BX:220,2022,SEX_F,91,370.591,0.06620506597175266
MDG,BX:220,2022,SEX_F,92,923.944,0.16506006210135982
MDG,BX:220,2022,SEX_F,93,26.036,0.0046512600080427
MDG,BX:220,2022,SEX_M,01,12.263,0.001961886950324088
MDG,BX:220,2022,SEX_M,02,4.483,7.172094265924232e-4
MDG,BX:220,2022,SEX_M,03,2.386,3.817224385120504e-4
MDG,BX:220,2022,SEX_M,11,17.116,0.002738290552209662
MDG,BX:220,2022,SEX_M,12,10.12,0.0016190406863964583
MDG,BX:220,2022,SEX_M,13,12.995,0.0020789954268499978
MDG,BX:220,2022,SEX_M,21,6.933,0.0011091708575876132
MDG,BX:220,2022,SEX_M,22,13.364,0.0021380296178856
MDG,BX:220,2022,SEX_M,23,110.112,0.01761618656724178
MDG,BX:220,2022,SEX_M,24,17.17,0.0027469297021173117
MDG,BX:220,2022,SEX_M,31,9.535,0.00152544989573026
MDG,BX:220,2022,SEX_M,32,12.392,0.0019825249195479164
MDG,BX:220,2022,SEX_M,33,24.147,0.003863139867037083
MDG,BX:220,2022,SEX_M,34,34.929,0.005588090131931018
MDG,BX:220,2022,SEX_M,41,43.405,0.006944116698916826
MDG,BX:220,2022,SEX_M,42,13.692,0.0021905044543616904
MDG,BX:220,2022,SEX_M,51,63.565,0.010169399331105817
MDG,BX:220,2022,SEX_M,52,201.832,0.0322899426696413
MDG,BX:220,2022,SEX_M,61,796.514,0.12742970091742972
MDG,BX:220,2022,SEX_M,62,1197.916,0.19164770186613633
MDG,BX:220,2022,SEX_M,63,1286.72,0.20585494387352282
MDG,BX:220,2022,SEX_M,71,298.389,0.047737542625805617
MDG,BX:220,2022,SEX_M,72,83.64,0.01338108330140314
MDG,BX:220,2022,SEX_M,73,17.709,0.002833161216936253
MDG,BX:220,2022,SEX_M,74,144.649,0.02314156287021357
MDG,BX:220,2022,SEX_M,81,3.07,4.911516706756054e-4
MDG,BX:220,2022,SEX_M,82,24.28,0.003884417773291108
MDG,BX:220,2022,SEX_M,83,108.189,0.017308536839974943
MDG,BX:220,2022,SEX_M,91,302.734,0.04843267422485627
MDG,BX:220,2022,SEX_M,92,1157.922,0.18524929146971936
MDG,BX:220,2022,SEX_M,93,218.444,0.03494760115604624
MDV,BB:704,2019,SEX_F,11,0.583,0.007119828049435788
MDV,BB:704,2019,SEX_F,12,1.144,0.013970983342289094
MDV,BB:704,2019,SEX_F,13,0.451,0.005507791509940893
MDV,BB:704,2019,SEX_F,14,0.698,0.008524253822480583
MDV,BB:704,2019,SEX_F,21,0.356,0.004347613697425627
MDV,BB:704,2019,SEX_F,22,3.151,0.03848126618142739
MDV,BB:704,2019,SEX_F,23,11.313,0.13815885887352844
MDV,BB:704,2019,SEX_F,24,1.035,0.012639831957403157
MDV,BB:704,2019,SEX_F,26,0.923,0.011272043378437792
MDV,BB:704,2019,SEX_F,31,0.293,0.0035782326217576087
MDV,BB:704,2019,SEX_F,32,1.9,0.02320355625030531
MDV,BB:704,2019,SEX_F,33,5.829,0.0711860680963314
MDV,BB:704,2019,SEX_F,34,0.739,0.00902496214156612
MDV,BB:704,2019,SEX_F,41,4.231,0.05167065605002199
MDV,BB:704,2019,SEX_F,42,2.534,0.0309462165990914
MDV,BB:704,2019,SEX_F,43,0.826,0.010087440769869572
MDV,BB:704,2019,SEX_F,44,0.627,0.007657173562600754
MDV,BB:704,2019,SEX_F,51,1.374,0.016779834888378687
MDV,BB:704,2019,SEX_F,52,7.106,0.08678130037614187
MDV,BB:704,2019,SEX_F,53,1.215,0.014838063602168926
MDV,BB:704,2019,SEX_F,54,0.397,0.0048483220165111635
MDV,BB:704,2019,SEX_F,61,0.404,0.004933808802696498
MDV,BB:704,2019,SEX_F,63,17.681,0.21592740950613068
MDV,BB:704,2019,SEX_F,73,2.752,0.03360851936886327
MDV,BB:704,2019,SEX_F,75,6.547,0.07995456987934152
MDV,BB:704,2019,SEX_F,81,0.239,0.0029187631283278787
MDV,BB:704,2019,SEX_F,91,6.152,0.07513067265888332
MDV,BB:704,2019,SEX_F,93,0.097,0.0011846026085682187
MDV,BB:704,2019,SEX_F,94,0.109,0.0013311513848859365
MDV,BB:704,2019,SEX_F,96,1.178,0.014386204875189294
MDV,BB:704,2019,SEX_M,01,0.238,0.002175065343349601
MDV,BB:704,2019,SEX_M,02,1.565,0.014302425472025737
MDV,BB:704,2019,SEX_M,03,0.597,0.00545594121840215
MDV,BB:704,2019,SEX_M,11,2.892,0.026429785600701874
MDV,BB:704,2019,SEX_M,12,2.463,0.02250918462466415
MDV,BB:704,2019,SEX_M,13,2.107,0.019255725539653823
MDV,BB:704,2019,SEX_M,14,5.078,0.04640748661146754
MDV,BB:704,2019,SEX_M,21,1.405,0.012840196669773905
MDV,BB:704,2019,SEX_M,22,0.72,0.006580029610133246
MDV,BB:704,2019,SEX_M,23,3.152,0.028805907404361102
MDV,BB:704,2019,SEX_M,24,1.837,0.016788214435853852
MDV,BB:704,2019,SEX_M,25,0.731,0.00668055784028806
MDV,BB:704,2019,SEX_M,26,1.055,0.00964157116484802
MDV,BB:704,2019,SEX_M,31,7.461,0.06818555683500577
MDV,BB:704,2019,SEX_M,32,0.568,0.005190912247994005
MDV,BB:704,2019,SEX_M,33,9.235,0.08439801867997296
MDV,BB:704,2019,SEX_M,34,2.414,0.022061377053974526
MDV,BB:704,2019,SEX_M,35,1.471,0.013443366050702787
MDV,BB:704,2019,SEX_M,41,2.66,0.02430955383743672
MDV,BB:704,2019,SEX_M,42,2.029,0.01854288899855605
MDV,BB:704,2019,SEX_M,43,1.426,0.013032114200069457
MDV,BB:704,2019,SEX_M,44,0.397,0.0036281552155873597
MDV,BB:704,2019,SEX_M,51,3.781,0.03455429438321362
MDV,BB:704,2019,SEX_M,52,4.79,0.04377547476741424
MDV,BB:704,2019,SEX_M,53,0.24,0.0021933432033777486
MDV,BB:704,2019,SEX_M,54,4.635,0.04235894061523277
MDV,BB:704,2019,SEX_M,61,0.598,0.005465080148416224
MDV,BB:704,2019,SEX_M,62,6.627,0.06056368920326809
MDV,BB:704,2019,SEX_M,63,16.057,0.14674379923598546
MDV,BB:704,2019,SEX_M,71,3.978,0.036354663595986186
MDV,BB:704,2019,SEX_M,72,1.207,0.011030688526987263
MDV,BB:704,2019,SEX_M,73,0.47,0.004295297106614758
MDV,BB:704,2019,SEX_M,74,0.912,0.008334704172835446
MDV,BB:704,2019,SEX_M,75,1.121,0.010244740545776902
MDV,BB:704,2019,SEX_M,81,0.414,0.0037835170258266166
MDV,BB:704,2019,SEX_M,83,5.397,0.04932280528595713
MDV,BB:704,2019,SEX_M,91,2.845,0.0260002558900404
MDV,BB:704,2019,SEX_M,92,0.347,0.003171208714883662
MDV,BB:704,2019,SEX_M,93,2.213,0.02022445212114566
MDV,BB:704,2019,SEX_M,94,0.193,0.001763813492716273
MDV,BB:704,2019,SEX_M,96,2.096,0.01915519730949901
MEX,BA:463,2024,SEX_F,02,4.312,1.7833156511300248e-4
MEX,BA:463,2024,SEX_F,03,4.205,1.739063616187791e-4
MEX,BA:463,2024,SEX_F,11,21.189,8.763143629822378e-4
MEX,BA:463,2024,SEX_F,12,288.067,0.011913599018415419
MEX,BA:463,2024,SEX_F,13,297.596,0.012307690271653314
MEX,BA:463,2024,SEX_F,14,121.575,0.005027982381403821
MEX,BA:463,2024,SEX_F,21,230.375,0.00952762855123097
MEX,BA:463,2024,SEX_F,22,644.891,0.026670784173768385
MEX,BA:463,2024,SEX_F,23,1346.143,0.05567249259181644
MEX,BA:463,2024,SEX_F,24,496.17,0.02052012353017589
MEX,BA:463,2024,SEX_F,25,70.573,0.00291869052521334
MEX,BA:463,2024,SEX_F,26,459.972,0.019023081323784316
MEX,BA:463,2024,SEX_F,31,171.325,0.007085495221007688
MEX,BA:463,2024,SEX_F,32,291.802,0.012068067570293217
MEX,BA:463,2024,SEX_F,33,1436.35,0.05940318727969877
MEX,BA:463,2024,SEX_F,34,371.679,0.01537154401429398
MEX,BA:463,2024,SEX_F,35,45.66,0.0018883625378153276
MEX,BA:463,2024,SEX_F,41,457.073,0.018903187259020265
MEX,BA:463,2024,SEX_F,42,735.162,0.03040412571233885
MEX,BA:463,2024,SEX_F,43,322.173,0.013324122292938624
MEX,BA:463,2024,SEX_F,44,499.393,0.020653417276548618
MEX,BA:463,2024,SEX_F,51,1388.252,0.05741399627348236
MEX,BA:463,2024,SEX_F,52,5052.249,0.20894607409800595
MEX,BA:463,2024,SEX_F,53,343.334,0.014199278658744804
MEX,BA:463,2024,SEX_F,54,139.647,0.005775386844465551
MEX,BA:463,2024,SEX_F,61,332.342,0.013744682053057854
MEX,BA:463,2024,SEX_F,62,8.567,3.5430577883188594e-4
MEX,BA:463,2024,SEX_F,63,115.406,0.004772850789292942
MEX,BA:463,2024,SEX_F,71,193.089,0.007985589883141126
MEX,BA:463,2024,SEX_F,72,18.274,7.55758585546152e-4
MEX,BA:463,2024,SEX_F,73,255.625,0.010571893861783687
MEX,BA:463,2024,SEX_F,74,8.156,3.373080345690279e-4
MEX,BA:463,2024,SEX_F,75,1474.25,0.0609706191715779
MEX,BA:463,2024,SEX_F,81,654.99,0.02708844894094747
MEX,BA:463,2024,SEX_F,82,466.233,0.019282017763759388
MEX,BA:463,2024,SEX_F,83,109.142,0.004513790278191864
MEX,BA:463,2024,SEX_F,91,2459.464,0.1017161559506228
MEX,BA:463,2024,SEX_F,92,419.195,0.017336665222065183
MEX,BA:463,2024,SEX_F,93,695.037,0.02874467440200508
MEX,BA:463,2024,SEX_F,94,1072.345,0.04434901720572881
MEX,BA:463,2024,SEX_F,95,389.667,0.016115474485827536
MEX,BA:463,2024,SEX_F,96,268.73,0.011113877897221049
MEX,BA:463,2024,SEX_M,01,0.577,1.6583931911721514e-05
MEX,BA:463,2024,SEX_M,02,29.84,8.576508288488217e-4
MEX,BA:463,2024,SEX_M,03,37.753,0.0010850835034024653
MEX,BA:463,2024,SEX_M,11,49.627,0.0014263618526568524
MEX,BA:463,2024,SEX_M,12,438.406,0.012600511704835674
MEX,BA:463,2024,SEX_M,13,532.95,0.015317862239778135
MEX,BA:463,2024,SEX_M,14,169.993,0.00488587926771105
MEX,BA:463,2024,SEX_M,21,586.062,0.016844388741849802
MEX,BA:463,2024,SEX_M,22,383.762,0.011029952995331148
MEX,BA:463,2024,SEX_M,23,737.838,0.021206681375876568
MEX,BA:463,2024,SEX_M,24,484.973,0.013938924109225858
MEX,BA:463,2024,SEX_M,25,320.339,0.009207071342580518
MEX,BA:463,2024,SEX_M,26,579.881,0.016666736604681084
MEX,BA:463,2024,SEX_M,31,815.81,0.02344772529099052
MEX,BA:463,2024,SEX_M,32,144.1,0.004141671730466327
MEX,BA:463,2024,SEX_M,33,877.024,0.025207116639420542
MEX,BA:463,2024,SEX_M,34,392.259,0.011274170793344838
MEX,BA:463,2024,SEX_M,35,186.013,0.005346320496871846
MEX,BA:463,2024,SEX_M,41,270.028,0.007761050201487588
MEX,BA:463,2024,SEX_M,42,301.646,0.008669803683610311
MEX,BA:463,2024,SEX_M,43,601.052,0.017275226071757438
MEX,BA:463,2024,SEX_M,44,357.057,0.010262407238481023
MEX,BA:463,2024,SEX_M,51,1174.257,0.03375008342263843
MEX,BA:463,2024,SEX_M,52,3331.032,0.09573935508451568
MEX,BA:463,2024,SEX_M,53,74.349,0.0021369129180322066
MEX,BA:463,2024,SEX_M,54,635.284,0.018259110226353712
MEX,BA:463,2024,SEX_M,61,2462.136,0.07076585057434726
MEX,BA:463,2024,SEX_M,62,104.87,0.003014136810367826
MEX,BA:463,2024,SEX_M,63,990.752,0.028475846983365537
MEX,BA:463,2024,SEX_M,71,2590.928,0.07446754513028216
MEX,BA:463,2024,SEX_M,72,1402.668,0.04031499238604956
MEX,BA:463,2024,SEX_M,73,366.044,0.010520708444877281
MEX,BA:463,2024,SEX_M,74,481.04,0.013825883200718404
MEX,BA:463,2024,SEX_M,75,1271.356,0.03654086887271858
MEX,BA:463,2024,SEX_M,81,1105.787,0.03178214266354732
MEX,BA:463,2024,SEX_M,82,415.562,0.011943937457710255
MEX,BA:463,2024,SEX_M,83,3305.008,0.09499138239115235
MEX,BA:463,2024,SEX_M,91,440.207,0.012652275416054062
MEX,BA:463,2024,SEX_M,92,2001.499,0.057526383253689264
MEX,BA:463,2024,SEX_M,93,3051.619,0.08770856450002722
MEX,BA:463,2024,SEX_M,94,561.188,0.016129468945710875
MEX,BA:463,2024,SEX_M,95,306.181,0.008800147065273493
MEX,BA:463,2024,SEX_M,96,423.957,0.012185223607448387
MHL,AA:1406,2021,SEX_F,11,0.087,0.019476158495634652
MHL,AA:1406,2021,SEX_F,12,0.18,0.04029550033579583
MHL,AA:1406,2021,SEX_F,13,0.067,0.014998880680546226
MHL,AA:1406,2021,SEX_F,14,0.048,0.010745466756212222
MHL,AA:1406,2021,SEX_F,21,0.007,0.001567047235280949
MHL,AA:1406,2021,SEX_F,22,0.029,0.006492052831878217
MHL,AA:1406,2021,SEX_F,23,0.538,0.12043877322587866
MHL,AA:1406,2021,SEX_F,24,0.116,0.02596821132751287
MHL,AA:1406,2021,SEX_F,25,0.016,0.0035818222520707407
MHL,AA:1406,2021,SEX_F,26,0.052,0.011640922319229906
MHL,AA:1406,2021,SEX_F,31,0.018,0.0040295500335795825
MHL,AA:1406,2021,SEX_F,32,0.17,0.03805686142825162
MHL,AA:1406,2021,SEX_F,33,0.197,0.044101186478621
MHL,AA:1406,2021,SEX_F,34,0.04,0.008954555630176851
MHL,AA:1406,2021,SEX_F,35,0.008,0.0017909111260353704
MHL,AA:1406,2021,SEX_F,41,0.136,0.030445489142601298
MHL,AA:1406,2021,SEX_F,42,0.158,0.035370494739198566
MHL,AA:1406,2021,SEX_F,43,0.084,0.01880456682337139
MHL,AA:1406,2021,SEX_F,44,0.023,0.00514886948735169
MHL,AA:1406,2021,SEX_F,51,0.337,0.07544213118423998
MHL,AA:1406,2021,SEX_F,52,0.633,0.14170584284754867
MHL,AA:1406,2021,SEX_F,53,0.187,0.04186254757107678
MHL,AA:1406,2021,SEX_F,54,0.027,0.006044325050369375
MHL,AA:1406,2021,SEX_F,61,0.068,0.015222744571300649
MHL,AA:1406,2021,SEX_F,62,0.007,0.001567047235280949
MHL,AA:1406,2021,SEX_F,63,0.065,0.014551152899037384
MHL,AA:1406,2021,SEX_F,71,0.012,0.0026863666890530554
MHL,AA:1406,2021,SEX_F,73,0.58,0.12984105663756434
MHL,AA:1406,2021,SEX_F,74,0.006,0.0013431833445265277
MHL,AA:1406,2021,SEX_F,75,0.063,0.014103425117528542
MHL,AA:1406,2021,SEX_F,81,0.026,0.005820461159614953
MHL,AA:1406,2021,SEX_F,83,0.012,0.0026863666890530554
MHL,AA:1406,2021,SEX_F,91,0.346,0.07745690620102975
MHL,AA:1406,2021,SEX_F,93,0.025,0.005596597268860533
MHL,AA:1406,2021,SEX_F,94,0.059,0.013207969554510856
MHL,AA:1406,2021,SEX_F,95,0.023,0.00514886948735169
MHL,AA:1406,2021,SEX_F,96,0.017,0.0038056861428251623
MHL,AA:1406,2021,SEX_M,11,0.275,0.03490290646021069
MHL,AA:1406,2021,SEX_M,12,0.219,0.02779540550831324
MHL,AA:1406,2021,SEX_M,13,0.193,0.02449549435207514
MHL,AA:1406,2021,SEX_M,14,0.078,0.009899733468714304
MHL,AA:1406,2021,SEX_M,21,0.153,0.019418707957862675
MHL,AA:1406,2021,SEX_M,22,0.044,0.00558446503363371
MHL,AA:1406,2021,SEX_M,23,0.438,0.05559081101662648
MHL,AA:1406,2021,SEX_M,24,0.093,0.011803528366543978
MHL,AA:1406,2021,SEX_M,25,0.044,0.00558446503363371
MHL,AA:1406,2021,SEX_M,26,0.09,0.011422769386978043
MHL,AA:1406,2021,SEX_M,31,0.32,0.04061429115369971
MHL,AA:1406,2021,SEX_M,32,0.111,0.014088082243939587
MHL,AA:1406,2021,SEX_M,33,0.261,0.03312603122223633
MHL,AA:1406,2021,SEX_M,34,0.113,0.01434192156365021
MHL,AA:1406,2021,SEX_M,35,0.05,0.00634598299276558
MHL,AA:1406,2021,SEX_M,41,0.115,0.014595760883360833
MHL,AA:1406,2021,SEX_M,42,0.081,0.01028049244828024
MHL,AA:1406,2021,SEX_M,43,0.139,0.017641832719888312
MHL,AA:1406,2021,SEX_M,44,0.029,0.0036806701358040365
MHL,AA:1406,2021,SEX_M,51,0.155,0.019672547277573296
MHL,AA:1406,2021,SEX_M,52,0.202,0.025637771290772944
MHL,AA:1406,2021,SEX_M,53,0.081,0.01028049244828024
MHL,AA:1406,2021,SEX_M,54,0.754,0.09569742353090495
MHL,AA:1406,2021,SEX_M,61,0.673,0.08541693108262471
MHL,AA:1406,2021,SEX_M,62,0.088,0.01116893006726742
MHL,AA:1406,2021,SEX_M,63,0.546,0.06929813428100014
MHL,AA:1406,2021,SEX_M,71,0.598,0.07589795659347633
MHL,AA:1406,2021,SEX_M,72,0.196,0.024876253331641073
MHL,AA:1406,2021,SEX_M,73,0.02,0.002538393197106232
MHL,AA:1406,2021,SEX_M,74,0.15,0.019037948978296738
MHL,AA:1406,2021,SEX_M,75,0.104,0.013199644624952406
MHL,AA:1406,2021,SEX_M,81,0.074,0.009392054829293058
MHL,AA:1406,2021,SEX_M,82,0.016,0.0020307145576849857
MHL,AA:1406,2021,SEX_M,83,0.511,0.06485594618606423
MHL,AA:1406,2021,SEX_M,91,0.231,0.02931844142657698
MHL,AA:1406,2021,SEX_M,92,0.055,0.0069805812920421375
MHL,AA:1406,2021,SEX_M,93,0.475,0.060286838431273006
MHL,AA:1406,2021,SEX_M,94,0.031,0.003934509455514659
MHL,AA:1406,2021,SEX_M,96,0.073,0.009265135169437746
MKD,BA:501,2024,SEX_F,01,0.889,0.003019188317201563
MKD,BA:501,2024,SEX_F,11,1.308,0.004442180336220072
MKD,BA:501,2024,SEX_F,12,0.513,0.0017422312786551201
MKD,BA:501,2024,SEX_F,13,2.131,0.0072372219392086955
MKD,BA:501,2024,SEX_F,14,2.122,0.007206656478179658
MKD,BA:501,2024,SEX_F,21,6.665,0.02263542197317032
MKD,BA:501,2024,SEX_F,22,12.864,0.043688232297503835
MKD,BA:501,2024,SEX_F,23,24.905,0.08458142299201904
MKD,BA:501,2024,SEX_F,24,16.28,0.05528952283919173
MKD,BA:501,2024,SEX_F,25,3.254,0.011051112243165226
MKD,BA:501,2024,SEX_F,26,16.304,0.05537103073526915
MKD,BA:501,2024,SEX_F,31,3.524,0.011968076074036342
MKD,BA:501,2024,SEX_F,32,14.209,0.04825607064017661
MKD,BA:501,2024,SEX_F,33,16.545,0.05618950585838005
MKD,BA:501,2024,SEX_F,34,1.312,0.004455764985566311
MKD,BA:501,2024,SEX_F,35,1.308,0.004442180336220072
MKD,BA:501,2024,SEX_F,41,2.789,0.00947189675666497
MKD,BA:501,2024,SEX_F,42,6.077,0.020638478519273227
MKD,BA:501,2024,SEX_F,43,5.671,0.019259636610629995
MKD,BA:501,2024,SEX_F,44,6.96,0.023637289862455432
MKD,BA:501,2024,SEX_F,51,10.849,0.03684496518933606
MKD,BA:501,2024,SEX_F,52,36.717,0.12469689251146207
MKD,BA:501,2024,SEX_F,53,5.278,0.017924944812362033
MKD,BA:501,2024,SEX_F,54,1.16,0.003939548310409238
MKD,BA:501,2024,SEX_F,61,8.891,0.03019527933435219
MKD,BA:501,2024,SEX_F,73,0.478,0.0016233655968755309
MKD,BA:501,2024,SEX_F,75,10.646,0.03615554423501444
MKD,BA:501,2024,SEX_F,81,29.414,0.09989471896756667
MKD,BA:501,2024,SEX_F,82,7.298,0.024785192732212604
MKD,BA:501,2024,SEX_F,83,0.227,7.709288503990493e-4
MKD,BA:501,2024,SEX_F,91,17.561,0.05964000679232469
MKD,BA:501,2024,SEX_F,92,12.825,0.043555781966378
MKD,BA:501,2024,SEX_F,93,4.055,0.013771438274749536
MKD,BA:501,2024,SEX_F,94,1.675,0.005688571913737478
MKD,BA:501,2024,SEX_F,96,1.746,0.005929699439633216
MKD,BA:501,2024,SEX_M,01,6.966,0.01753326185118625
MKD,BA:501,2024,SEX_M,11,2.431,0.006118771111144671
MKD,BA:501,2024,SEX_M,12,0.607,0.0015278050450287185
MKD,BA:501,2024,SEX_M,13,5.505,0.013855958439675612
MKD,BA:501,2024,SEX_M,14,6.318,0.01590226074875032
MKD,BA:501,2024,SEX_M,21,10.148,0.025542282696789844
MKD,BA:501,2024,SEX_M,22,5.699,0.014344251979602417
MKD,BA:501,2024,SEX_M,23,10.279,0.02587200668509094
MKD,BA:501,2024,SEX_M,24,9.319,0.023455708755556227
MKD,BA:501,2024,SEX_M,25,9.098,0.022899456836361257
MKD,BA:501,2024,SEX_M,26,13.435,0.033815586128436305
MKD,BA:501,2024,SEX_M,31,11.861,0.029853864314803347
MKD,BA:501,2024,SEX_M,32,3.203,0.008061877362812168
MKD,BA:501,2024,SEX_M,33,18.216,0.04584925321292115
MKD,BA:501,2024,SEX_M,34,3.454,0.008693638592305097
MKD,BA:501,2024,SEX_M,35,4.723,0.011887682417908794
MKD,BA:501,2024,SEX_M,41,0.708,0.0017820197230318496
MKD,BA:501,2024,SEX_M,42,5.189,0.013060593704537103
MKD,BA:501,2024,SEX_M,43,11.123,0.027996335281473536
MKD,BA:501,2024,SEX_M,44,4.787,0.012048768946544441
MKD,BA:501,2024,SEX_M,51,20.783,0.05231033319741658
MKD,BA:501,2024,SEX_M,52,25.694,0.06467120729319258
MKD,BA:501,2024,SEX_M,53,0.678,0.00170651041273389
MKD,BA:501,2024,SEX_M,54,18.358,0.04620666394833149
MKD,BA:501,2024,SEX_M,61,22.408,0.05640042083855606
MKD,BA:501,2024,SEX_M,62,0.838,0.0021092267343230083
MKD,BA:501,2024,SEX_M,71,27.969,0.07039732999078786
MKD,BA:501,2024,SEX_M,72,16.485,0.041492366008728875
MKD,BA:501,2024,SEX_M,73,3.187,0.008021605730653256
MKD,BA:501,2024,SEX_M,74,7.459,0.01877413151708272
MKD,BA:501,2024,SEX_M,75,13.423,0.03378538240431712
MKD,BA:501,2024,SEX_M,81,18.103,0.045564834810798836
MKD,BA:501,2024,SEX_M,82,4.714,0.011865029624819407
MKD,BA:501,2024,SEX_M,83,34.6,0.0870874045436469
MKD,BA:501,2024,SEX_M,91,4.319,0.01087082370589627
MKD,BA:501,2024,SEX_M,92,10.627,0.02674791468454727
MKD,BA:501,2024,SEX_M,93,10.438,0.026272206029670127
MKD,BA:501,2024,SEX_M,96,14.15,0.035615224690537677
MLI,BB:16232,2022,SEX_F,22,19.884,0.007981730812074072
MLI,BB:16232,2022,SEX_F,23,37.639,0.015108849629634682
MLI,BB:16232,2022,SEX_F,24,5.96,0.002392431886942339
MLI,BB:16232,2022,SEX_F,32,5.312,0.0021323151314492795
MLI,BB:16232,2022,SEX_F,33,3.973,0.0015948207863795154
MLI,BB:16232,2022,SEX_F,41,11.329,0.0045476276589211
MLI,BB:16232,2022,SEX_F,42,3.426,0.0013752469202457137
MLI,BB:16232,2022,SEX_F,43,3.106,0.0012467942014837087
MLI,BB:16232,2022,SEX_F,44,4.305,0.0017280904820950952
MLI,BB:16232,2022,SEX_F,51,94.117,0.03777995166163626
MLI,BB:16232,2022,SEX_F,52,536.536,0.21537346223028433
MLI,BB:16232,2022,SEX_F,53,2.772,0.0011127216762758661
MLI,BB:16232,2022,SEX_F,54,9.236,0.003707466595268363
MLI,BB:16232,2022,SEX_F,61,936.023,0.37573343491802497
MLI,BB:16232,2022,SEX_F,62,7.318,0.0029375531121885964
MLI,BB:16232,2022,SEX_F,63,605.182,0.24292897889321116
MLI,BB:16232,2022,SEX_F,73,40.735,0.016351629683657075
MLI,BB:16232,2022,SEX_F,75,34.012,0.013652918345416582
MLI,BB:16232,2022,SEX_F,91,67.606,0.027138045326950293
MLI,BB:16232,2022,SEX_F,93,18.578,0.007457483153626639
MLI,BB:16232,2022,SEX_F,94,3.052,0.0012251178051926204
MLI,BB:16232,2022,SEX_F,95,3.981,0.0015980321043485655
MLI,BB:16232,2022,SEX_F,96,37.107,0.014895296984692847
MLI,BB:16232,2022,SEX_M,01,2.018,4.755053481391906e-4
MLI,BB:16232,2022,SEX_M,02,5.368,0.0012648725018885904
MLI,BB:16232,2022,SEX_M,03,3.914,9.222635939627315e-4
MLI,BB:16232,2022,SEX_M,11,6.275,0.001478590713366413
MLI,BB:16232,2022,SEX_M,12,2.779,6.54821289632711e-4
MLI,BB:16232,2022,SEX_M,13,4.88,0.0011498840926259912
MLI,BB:16232,2022,SEX_M,14,3.889,9.163727943078852e-4
MLI,BB:16232,2022,SEX_M,21,5.212,0.0012281139120423497
MLI,BB:16232,2022,SEX_M,22,18.441,0.0043452894574008
MLI,BB:16232,2022,SEX_M,23,87.055,0.020512942558105672
MLI,BB:16232,2022,SEX_M,24,12.963,0.003054497437030886
MLI,BB:16232,2022,SEX_M,25,2.586,6.093443162972978e-4
MLI,BB:16232,2022,SEX_M,26,4.5,0.001060343937872328
MLI,BB:16232,2022,SEX_M,31,1.957,4.6113179698136576e-4
MLI,BB:16232,2022,SEX_M,32,5.383,0.0012684069816814982
MLI,BB:16232,2022,SEX_M,33,6.885,0.0016223262249446617
MLI,BB:16232,2022,SEX_M,34,8.851,0.0020855787098017723
MLI,BB:16232,2022,SEX_M,35,4.598,0.0010834358725193252
MLI,BB:16232,2022,SEX_M,41,6.288,0.001481653929186933
MLI,BB:16232,2022,SEX_M,42,3.441,8.108096644930401e-4
MLI,BB:16232,2022,SEX_M,43,10.758,0.0025349289074734454
MLI,BB:16232,2022,SEX_M,44,11.467,0.0027019919856848857
MLI,BB:16232,2022,SEX_M,51,218.686,0.051529416532788426
MLI,BB:16232,2022,SEX_M,52,372.152,0.08769091492601391
MLI,BB:16232,2022,SEX_M,54,47.797,0.01126250204410748
MLI,BB:16232,2022,SEX_M,61,1443.787,0.3402023984508611
MLI,BB:16232,2022,SEX_M,62,17.435,0.004108243679289786
MLI,BB:16232,2022,SEX_M,63,1334.729,0.31450484530053213
MLI,BB:16232,2022,SEX_M,71,106.78,0.025160783485779374
MLI,BB:16232,2022,SEX_M,72,87.85,0.02070026998712978
MLI,BB:16232,2022,SEX_M,73,37.301,0.008789308717016824
MLI,BB:16232,2022,SEX_M,74,28.006,0.006599109405344982
MLI,BB:16232,2022,SEX_M,75,100.592,0.023702692755211825
MLI,BB:16232,2022,SEX_M,81,3.32,7.822981941635841e-4
MLI,BB:16232,2022,SEX_M,82,2.672,6.29608667109969e-4
MLI,BB:16232,2022,SEX_M,83,107.533,0.025338214371383345
MLI,BB:16232,2022,SEX_M,91,9.829,0.002316026792299358
MLI,BB:16232,2022,SEX_M,92,4.011,9.451198966235351e-4
MLI,BB:16232,2022,SEX_M,93,60.498,0.014255263900755577
MLI,BB:16232,2022,SEX_M,95,6.841,0.0016119584175521326
MLI,BB:16232,2022,SEX_M,96,34.579,0.008147918450597163
MMR,BA:7009,2020,SEX_F,11,3.906,4.277472383965897e-4
MMR,BA:7009,2020,SEX_F,12,5.768,6.316554201412005e-4
MMR,BA:7009,2020,SEX_F,13,14.12,0.0015462854598463508
MMR,BA:7009,2020,SEX_F,14,15.213,0.0016659802195922474
MMR,BA:7009,2020,SEX_F,21,10.007,0.0010958695890001722
MMR,BA:7009,2020,SEX_F,22,25.804,0.0028258038247786993
MMR,BA:7009,2020,SEX_F,23,429.241,0.04700631140721724
MMR,BA:7009,2020,SEX_F,24,43.162,0.004726683641493498
MMR,BA:7009,2020,SEX_F,26,5.575,6.105199319152554e-4
MMR,BA:7009,2020,SEX_F,31,6.537,7.158688421399147e-4
MMR,BA:7009,2020,SEX_F,32,24.214,0.0026516824450934515
MMR,BA:7009,2020,SEX_F,33,48.69,0.005332056589229378
MMR,BA:7009,2020,SEX_F,34,9.275,0.001015708048163945
MMR,BA:7009,2020,SEX_F,41,272.786,0.029872877156490556
MMR,BA:7009,2020,SEX_F,42,34.859,0.003817419606571101
MMR,BA:7009,2020,SEX_F,43,59.543,0.006520571893458305
MMR,BA:7009,2020,SEX_F,44,9.669,0.0010588551070293461
MMR,BA:7009,2020,SEX_F,51,142.456,0.015600399537384685
MMR,BA:7009,2020,SEX_F,52,2527.892,0.2768302155567926
MMR,BA:7009,2020,SEX_F,53,7.494,8.206702008561298e-4
MMR,BA:7009,2020,SEX_F,54,15.458,0.0016928102435060121
MMR,BA:7009,2020,SEX_F,61,2344.481,0.2567448216137417
MMR,BA:7009,2020,SEX_F,62,36.83,0.004033264411199795
MMR,BA:7009,2020,SEX_F,63,325.347,0.03562884812355741
MMR,BA:7009,2020,SEX_F,71,64.762,0.007092106157972336
MMR,BA:7009,2020,SEX_F,72,7.281,7.973445065964079e-4
MMR,BA:7009,2020,SEX_F,73,109.236,0.011962467315281585
MMR,BA:7009,2020,SEX_F,75,1005.75,0.11013998592354585
MMR,BA:7009,2020,SEX_F,81,34.498,0.003777886387661431
MMR,BA:7009,2020,SEX_F,83,13.836,0.0015151845341667216
MMR,BA:7009,2020,SEX_F,91,82.499,0.009034490379027201
MMR,BA:7009,2020,SEX_F,92,699.685,0.07662271543715254
MMR,BA:7009,2020,SEX_F,93,39.517,0.004327518591837695
MMR,BA:7009,2020,SEX_F,94,11.696,0.0012808324885526146
MMR,BA:7009,2020,SEX_F,95,8.332,9.124398336713737e-4
MMR,BA:7009,2020,SEX_F,96,636.142,0.06966410233693891
MMR,BA:7009,2020,SEX_M,03,6.789,5.168647194720351e-4
MMR,BA:7009,2020,SEX_M,11,9.39,0.00071488580289327005
MMR,BA:7009,2020,SEX_M,12,13.616,0.0010366224805319238
MMR,BA:7009,2020,SEX_M,13,11.278,8.586242902055696e-4
MMR,BA:7009,2020,SEX_M,14,66.958,0.005097691543144576
MMR,BA:7009,2020,SEX_M,21,27.886,0.0021230357294442733
MMR,BA:7009,2020,SEX_M,22,13.486,0.0010267252329945304
MMR,BA:7009,2020,SEX_M,23,131.611,0.010019897274183828
MMR,BA:7009,2020,SEX_M,24,18.244,0.0013889644928631328
MMR,BA:7009,2020,SEX_M,26,13.73,0.0010453016052954843
MMR,BA:7009,2020,SEX_M,31,13.919,0.001059690680561387
MMR,BA:7009,2020,SEX_M,32,13.323,0.001014315607236106
MMR,BA:7009,2020,SEX_M,33,128.479,0.00978144974120601
MMR,BA:7009,2020,SEX_M,34,37.57,0.0028603045383067257
MMR,BA:7009,2020,SEX_M,35,4.361,3.320145885428701e-4
MMR,BA:7009,2020,SEX_M,41,234.533,0.017855624282211636
MMR,BA:7009,2020,SEX_M,42,17.074,0.0012998892650265914
MMR,BA:7009,2020,SEX_M,43,32.375,0.0024647953001778076
MMR,BA:7009,2020,SEX_M,44,15.109,0.0011502885618652201
MMR,BA:7009,2020,SEX_M,51,102.696,0.007818521023847417
MMR,BA:7009,2020,SEX_M,52,1528.145,0.11634176413869393
MMR,BA:7009,2020,SEX_M,53,6.713,5.110786362963281e-4
MMR,BA:7009,2020,SEX_M,54,109.808,0.008359976596816207
MMR,BA:7009,2020,SEX_M,61,4788.487,0.36456031668146816
MMR,BA:7009,2020,SEX_M,62,343.558,0.02615598899578339
MMR,BA:7009,2020,SEX_M,63,257.713,0.01962037965080227
MMR,BA:7009,2020,SEX_M,71,918.03,0.06989207812887206
MMR,BA:7009,2020,SEX_M,72,314.94,0.023977224149436257
MMR,BA:7009,2020,SEX_M,73,144.55,0.011004977934847943
MMR,BA:7009,2020,SEX_M,74,96.307,0.007332109373721209
MMR,BA:7009,2020,SEX_M,75,229.369,0.017462475156957022
MMR,BA:7009,2020,SEX_M,81,112.966,0.008600403579301506
MMR,BA:7009,2020,SEX_M,82,39.047,0.0029727524968661888
MMR,BA:7009,2020,SEX_M,83,1056.032,0.08039853931852882
MMR,BA:7009,2020,SEX_M,91,51.729,0.0039382670604756085
MMR,BA:7009,2020,SEX_M,92,970.042,0.07385189073590984
MMR,BA:7009,2020,SEX_M,93,142.512,0.010849819546530958
MMR,BA:7009,2020,SEX_M,94,9.854,7.502113633344283e-4
MMR,BA:7009,2020,SEX_M,95,20.252,0.0015418389009791802
MMR,BA:7009,2020,SEX_M,96,1082.484,0.0824124007943683
MNE,BA:14129,2024,SEX_F,11,1.709,0.013670031515461775
MNE,BA:14129,2024,SEX_F,14,2.327,0.0186133196819658
MNE,BA:14129,2024,SEX_F,21,4.048,0.03237933737541794
MNE,BA:14129,2024,SEX_F,22,3.359,0.026868130989137567
MNE,BA:14129,2024,SEX_F,23,9.586,0.07667695851797342
MNE,BA:14129,2024,SEX_F,24,3.713,0.029699723239853464
MNE,BA:14129,2024,SEX_F,25,1.016,0.008126829736517942
MNE,BA:14129,2024,SEX_F,26,10.585,0.08466780783567168
MNE,BA:14129,2024,SEX_F,31,0.982,0.007854868898878563
MNE,BA:14129,2024,SEX_F,32,7.423,0.05937544993520934
MNE,BA:14129,2024,SEX_F,33,9.714,0.07770081108320404
MNE,BA:14129,2024,SEX_F,34,0.467,0.0037354620934585427
MNE,BA:14129,2024,SEX_F,41,9.29,0.07430929946087764
MNE,BA:14129,2024,SEX_F,42,4.799,0.0383864723479819
MNE,BA:14129,2024,SEX_F,43,2.302,0.018413348477819197
MNE,BA:14129,2024,SEX_F,44,1.244,0.00995056711833496
MNE,BA:14129,2024,SEX_F,51,8.386,0.06707834071893648
MNE,BA:14129,2024,SEX_F,52,25.692,0.20550640707738088
MNE,BA:14129,2024,SEX_F,53,0.948,0.007582908061239182
MNE,BA:14129,2024,SEX_F,54,0.3,0.002399654449759235
MNE,BA:14129,2024,SEX_F,61,3.95,0.03159545025516326
MNE,BA:14129,2024,SEX_F,75,2.24,0.017917419891535624
MNE,BA:14129,2024,SEX_F,81,0.523,0.004183397590746933
MNE,BA:14129,2024,SEX_F,91,6.941,0.05552000511926283
MNE,BA:14129,2024,SEX_F,92,0.804,0.00643107392535475
MNE,BA:14129,2024,SEX_F,93,0.344,0.002751603769057256
MNE,BA:14129,2024,SEX_F,94,1.816,0.014525908269209235
MNE,BA:14129,2024,SEX_F,96,0.51,0.0040794125645907
MNE,BA:14129,2024,SEX_M,02,0.257,0.0016506843596051197
MNE,BA:14129,2024,SEX_M,03,0.971,0.006236632346990549
MNE,BA:14129,2024,SEX_M,11,1.113,0.007148683627394934
MNE,BA:14129,2024,SEX_M,13,0.56,0.0035968219508905335
MNE,BA:14129,2024,SEX_M,14,6.96,0.04470335853249662
MNE,BA:14129,2024,SEX_M,21,7.123,0.045750290636059406
MNE,BA:14129,2024,SEX_M,22,0.917,0.005889795944583248
MNE,BA:14129,2024,SEX_M,23,1.509,0.009692150578381811
MNE,BA:14129,2024,SEX_M,24,2.002,0.012858638474433654
MNE,BA:14129,2024,SEX_M,25,2.81,0.018048338717861424
MNE,BA:14129,2024,SEX_M,26,8.396,0.05392663767799449
MNE,BA:14129,2024,SEX_M,31,5.721,0.03674538996615132
MNE,BA:14129,2024,SEX_M,32,1.578,0.010135330425902252
MNE,BA:14129,2024,SEX_M,33,8.774,0.056354492494845594
MNE,BA:14129,2024,SEX_M,34,3.076,0.01975682914453443
MNE,BA:14129,2024,SEX_M,35,0.537,0.0034490953350503864
MNE,BA:14129,2024,SEX_M,41,3.584,0.023019660485699412
MNE,BA:14129,2024,SEX_M,42,2.875,0.018465826980018363
MNE,BA:14129,2024,SEX_M,43,3.521,0.022615018016224224
MNE,BA:14129,2024,SEX_M,44,1.54,0.009891260364948966
MNE,BA:14129,2024,SEX_M,51,11.593,0.07446063727977491
MNE,BA:14129,2024,SEX_M,52,9.016,0.057908833409337584
MNE,BA:14129,2024,SEX_M,54,10.766,0.0691489020058705
MNE,BA:14129,2024,SEX_M,61,5.117,0.032865960576262246
MNE,BA:14129,2024,SEX_M,62,0.491,0.0031536421033700923
MNE,BA:14129,2024,SEX_M,71,7.317,0.04699633252618934
MNE,BA:14129,2024,SEX_M,72,5.233,0.03361101655180385
MNE,BA:14129,2024,SEX_M,73,0.227,0.001457997469378841
MNE,BA:14129,2024,SEX_M,74,5.634,0.03618659798449511
MNE,BA:14129,2024,SEX_M,75,3.205,0.020585382772507425
MNE,BA:14129,2024,SEX_M,81,2.254,0.014477208352334396
MNE,BA:14129,2024,SEX_M,82,2.623,0.016847257102117624
MNE,BA:14129,2024,SEX_M,83,17.237,0.11071146422767877
MNE,BA:14129,2024,SEX_M,91,0.578,0.0037124340850263
MNE,BA:14129,2024,SEX_M,92,1.114,0.007155106523735811
MNE,BA:14129,2024,SEX_M,93,5.806,0.037291336155125775
MNE,BA:14129,2024,SEX_M,94,0.644,0.004136345243524113
MNE,BA:14129,2024,SEX_M,96,3.014,0.019358609571400117
MNG,BA:702,2024,SEX_F,03,0.428,6.862724662034861e-4
MNG,BA:702,2024,SEX_F,11,13.749,0.022045701256616194
MNG,BA:702,2024,SEX_F,12,16.063,0.025756062207071485
MNG,BA:702,2024,SEX_F,13,7.123,0.011421305553194934
MNG,BA:702,2024,SEX_F,14,9.864,0.01581633552951212
MNG,BA:702,2024,SEX_F,21,14.093,0.022597284734125537
MNG,BA:702,2024,SEX_F,22,34.285,0.054973952111650744
MNG,BA:702,2024,SEX_F,23,63.06,0.10111294794110241
MNG,BA:702,2024,SEX_F,24,34.394,0.05514872710888481
MNG,BA:702,2024,SEX_F,25,1.542,0.0024725050067424662
MNG,BA:702,2024,SEX_F,26,18.137,0.029081597475543522
MNG,BA:702,2024,SEX_F,31,1.978,0.0031716049956787276
MNG,BA:702,2024,SEX_F,32,5.465,0.008762801466827223
MNG,BA:702,2024,SEX_F,33,9.574,0.015351337830449008
MNG,BA:702,2024,SEX_F,34,6.079,0.009747313836567737
MNG,BA:702,2024,SEX_F,41,6.117,0.009808244569548421
MNG,BA:702,2024,SEX_F,42,6.448,0.010338983322617006
MNG,BA:702,2024,SEX_F,43,10.003,0.01603921373699409
MNG,BA:702,2024,SEX_F,44,5.055,0.00810539092677248
MNG,BA:702,2024,SEX_F,51,45.651,0.07319865503424146
MNG,BA:702,2024,SEX_F,52,79.832,0.1280058493503661
MNG,BA:702,2024,SEX_F,53,10.365,0.01661965914065218
MNG,BA:702,2024,SEX_F,54,2.187,0.003506724027072486
MNG,BA:702,2024,SEX_F,61,118.682,0.19029950662140685
MNG,BA:702,2024,SEX_F,63,5.887,0.009439453290981127
MNG,BA:702,2024,SEX_F,71,4.791,0.0076820826765908925
MNG,BA:702,2024,SEX_F,72,2.861,0.004587442817308818
MNG,BA:702,2024,SEX_F,73,2.512,0.004027842138091488
MNG,BA:702,2024,SEX_F,74,0.316,5.066871479446299e-4
MNG,BA:702,2024,SEX_F,75,25.762,0.04130783008022011
MNG,BA:702,2024,SEX_F,81,3.209,0.005145440056184549
MNG,BA:702,2024,SEX_F,83,4.153,0.00665908773865205
MNG,BA:702,2024,SEX_F,91,36.236,0.05810226421810635
MNG,BA:702,2024,SEX_F,93,5.152,0.008260924639907383
MNG,BA:702,2024,SEX_F,94,4.083,0.006546846914740266
MNG,BA:702,2024,SEX_F,96,8.523,0.013666122031430635
MNG,BA:702,2024,SEX_M,02,3.305,0.004440228876669116
MNG,BA:702,2024,SEX_M,03,1.182,0.0015880031867542797
MNG,BA:702,2024,SEX_M,11,32.123,0.04315687509992193
MNG,BA:702,2024,SEX_M,12,13.216,0.017755541553421794
MNG,BA:702,2024,SEX_M,13,8.925,0.011990633199477112
MNG,BA:702,2024,SEX_M,14,6.497,0.008728643573893871
MNG,BA:702,2024,SEX_M,21,42.117,0.056583697306708966
MNG,BA:702,2024,SEX_M,22,7.804,0.010484582799856514
MNG,BA:702,2024,SEX_M,23,13.267,0.017824059457418807
MNG,BA:702,2024,SEX_M,24,8.613,0.011571464845613038
MNG,BA:702,2024,SEX_M,25,7.314,0.00982627352615973
MNG,BA:702,2024,SEX_M,26,14.775,0.0198500398344285
MNG,BA:702,2024,SEX_M,31,8.228,0.01105422184485128
MNG,BA:702,2024,SEX_M,32,1.169,0.00157053783867661
MNG,BA:702,2024,SEX_M,33,9.073,0.012189469469899815
MNG,BA:702,2024,SEX_M,34,4.893,0.006573688318772157
MNG,BA:702,2024,SEX_M,35,1.18,0.0015853162101269458
MNG,BA:702,2024,SEX_M,41,0.78,0.0010479208846601847
MNG,BA:702,2024,SEX_M,42,1.173,0.0015759117919312777
MNG,BA:702,2024,SEX_M,43,7.812,0.010495330706365848
MNG,BA:702,2024,SEX_M,44,0.735,9.87463910545174e-4
MNG,BA:702,2024,SEX_M,51,11.681,0.015693286991943098
MNG,BA:702,2024,SEX_M,52,42.564,0.057184236582918074
MNG,BA:702,2024,SEX_M,53,0.79,0.0010613557677968536
MNG,BA:702,2024,SEX_M,54,20.889,0.028064127384187943
MNG,BA:702,2024,SEX_M,61,178.147,0.2393384126148178
MNG,BA:702,2024,SEX_M,63,8.958,0.01203496831382812
MNG,BA:702,2024,SEX_M,71,39.22,0.05269161166201595
MNG,BA:702,2024,SEX_M,72,30.712,0.04126121308933794
MNG,BA:702,2024,SEX_M,73,3.284,0.004412015622082111
MNG,BA:702,2024,SEX_M,74,13.94,0.018728227092516633
MNG,BA:702,2024,SEX_M,75,17.486,0.023492236652779473
MNG,BA:702,2024,SEX_M,81,11.793,0.01584375768307379
MNG,BA:702,2024,SEX_M,82,1.845,0.0024787359387154367
MNG,BA:702,2024,SEX_M,83,117.505,0.15786659429742947
MNG,BA:702,2024,SEX_M,91,2.312,0.0031061449811978802
MNG,BA:702,2024,SEX_M,93,22.798,0.03062884657497806
MNG,BA:702,2024,SEX_M,94,0.648,8.705804272561533e-4
MNG,BA:702,2024,SEX_M,96,25.578,0.03436374408697205
MOZ,BB:8363,2022,SEX_F,03,2.828,4.4676808786733955e-4
MOZ,BB:8363,2022,SEX_F,11,1.389,2.1943453820641256e-4
MOZ,BB:8363,2022,SEX_F,12,3.246,5.128038236270808e-4
MOZ,BB:8363,2022,SEX_F,13,3.631,5.736262118268422e-4
MOZ,BB:8363,2022,SEX_F,14,1.922,3.03638000311537e-4
MOZ,BB:8363,2022,SEX_F,21,2.707,4.276524801474145e-4
MOZ,BB:8363,2022,SEX_F,22,7.701,0.0012166057442243219
MOZ,BB:8363,2022,SEX_F,23,94.073,0.014861674091210832
MOZ,BB:8363,2022,SEX_F,24,11.931,0.0018848621132762475
MOZ,BB:8363,2022,SEX_F,26,5.914,9.342950748399739e-4
MOZ,BB:8363,2022,SEX_F,31,3.861,6.09961664517609e-4
MOZ,BB:8363,2022,SEX_F,32,30.699,0.004849835052842807
MOZ,BB:8363,2022,SEX_F,33,23.07,0.003644603885112986
MOZ,BB:8363,2022,SEX_F,34,32.886,0.0051953378138632714
MOZ,BB:8363,2022,SEX_F,41,7.419,0.0011720553196208601
MOZ,BB:8363,2022,SEX_F,42,10.874,0.0017178770111278114
MOZ,BB:8363,2022,SEX_F,43,0.971,1.533988024466714e-4
MOZ,BB:8363,2022,SEX_F,44,1.31,0.00020695410010827965
MOZ,BB:8363,2022,SEX_F,51,42.074,0.006646860158744853
MOZ,BB:8363,2022,SEX_F,52,563.878,0.08908157561897444
MOZ,BB:8363,2022,SEX_F,53,4.578,7.232334887753468e-4
MOZ,BB:8363,2022,SEX_F,54,14.796,0.002337475469619928
MOZ,BB:8363,2022,SEX_F,61,13.403,0.0021174090104971546
MOZ,BB:8363,2022,SEX_F,62,10.087,0.0015935465708337533
MOZ,BB:8363,2022,SEX_F,63,5157.436,0.8147729207985078
MOZ,BB:8363,2022,SEX_F,71,1.829,2.8894583900614004e-4
MOZ,BB:8363,2022,SEX_F,72,1.752,2.7678136136618777e-4
MOZ,BB:8363,2022,SEX_F,73,6.641,0.0010491467013886147
MOZ,BB:8363,2022,SEX_F,75,29.471,0.004655835331519931
MOZ,BB:8363,2022,SEX_F,81,19.959,0.003153127392413094
MOZ,BB:8363,2022,SEX_F,91,188.613,0.029797124949406832
MOZ,BB:8363,2022,SEX_F,92,6.694,0.0010575196535304
MOZ,BB:8363,2022,SEX_F,93,3.192,5.042728912562051e-4
MOZ,BB:8363,2022,SEX_F,94,3.229,5.101181597325458e-4
MOZ,BB:8363,2022,SEX_F,95,6.72,0.0010616271394867476
MOZ,BB:8363,2022,SEX_F,96,9.122,0.0014410956497616237
MOZ,BB:8363,2022,SEX_M,01,1.973,3.3675297760976734e-4
MOZ,BB:8363,2022,SEX_M,02,3.268,5.577844555644803e-4
MOZ,BB:8363,2022,SEX_M,03,6.644,0.00113400242434835
MOZ,BB:8363,2022,SEX_M,11,4.931,8.416264230074824e-4
MOZ,BB:8363,2022,SEX_M,12,4.868,8.30873540296172e-4
MOZ,BB:8363,2022,SEX_M,13,10.357,0.0017677397816038317
MOZ,BB:8363,2022,SEX_M,14,6.121,0.001044736429776678
MOZ,BB:8363,2022,SEX_M,21,15.044,0.0025677201191897313
MOZ,BB:8363,2022,SEX_M,22,6.383,0.0010894547674014927
MOZ,BB:8363,2022,SEX_M,23,140.937,0.024055222709269023
MOZ,BB:8363,2022,SEX_M,24,15.041,0.0025672080771558595
MOZ,BB:8363,2022,SEX_M,25,7.042,0.001201933334175358
MOZ,BB:8363,2022,SEX_M,26,11.645,0.0019875764948128435
MOZ,BB:8363,2022,SEX_M,31,14.109,0.002408133685299649
MOZ,BB:8363,2022,SEX_M,32,20.904,0.0035679088920195523
MOZ,BB:8363,2022,SEX_M,33,29.963,0.005114105153634799
MOZ,BB:8363,2022,SEX_M,34,22.584,0.0038546524309878284
MOZ,BB:8363,2022,SEX_M,35,6.79,0.0011589218033301167
MOZ,BB:8363,2022,SEX_M,41,9.325,0.0015915973219518906
MOZ,BB:8363,2022,SEX_M,42,15.088,0.0025752300690198527
MOZ,BB:8363,2022,SEX_M,43,11.863,0.0020247848826075365
MOZ,BB:8363,2022,SEX_M,44,1.704,2.9083987523925166e-4
MOZ,BB:8363,2022,SEX_M,51,52.271,0.00892164971750641
MOZ,BB:8363,2022,SEX_M,52,413.654,0.070602745159752
MOZ,BB:8363,2022,SEX_M,53,4.149,7.08154132844868e-4
MOZ,BB:8363,2022,SEX_M,54,188.742,0.032214612519018096
MOZ,BB:8363,2022,SEX_M,61,32.066,0.005473046619379017
MOZ,BB:8363,2022,SEX_M,62,224.38,0.03829733052006062
MOZ,BB:8363,2022,SEX_M,63,3456.514,0.5899601528889242
MOZ,BB:8363,2022,SEX_M,71,238.12,0.04064248303519402
MOZ,BB:8363,2022,SEX_M,72,127.519,0.021765029372437874
MOZ,BB:8363,2022,SEX_M,73,37.705,0.0064355149623802725
MOZ,BB:8363,2022,SEX_M,74,34.07,0.00581509069800546
MOZ,BB:8363,2022,SEX_M,75,104.659,0.01786326907433383
MOZ,BB:8363,2022,SEX_M,81,124.12,0.021184885748060985
MOZ,BB:8363,2022,SEX_M,83,160.927,0.027467129461635594
MOZ,BB:8363,2022,SEX_M,91,61.619,0.01051717269505132
MOZ,BB:8363,2022,SEX_M,92,60.719,0.010363560084889744
MOZ,BB:8363,2022,SEX_M,93,126.849,0.021650673318206477
MOZ,BB:8363,2022,SEX_M,94,1.972,3.3658229693181e-4
MOZ,BB:8363,2022,SEX_M,95,26.746,0.0045650254126461415
MOZ,BB:8363,2022,SEX_M,96,15.509,0.0026470866344398794
MSR,BA:15746,2020,SEX_F,11,0.042,0.035836177474402736
MSR,BA:15746,2020,SEX_F,13,0.034,0.029010238907849834
MSR,BA:15746,2020,SEX_F,14,0.029,0.02474402730375427
MSR,BA:15746,2020,SEX_F,22,0.038,0.03242320819112628
MSR,BA:15746,2020,SEX_F,23,0.084,0.07167235494880547
MSR,BA:15746,2020,SEX_F,24,0.046,0.03924914675767918
MSR,BA:15746,2020,SEX_F,26,0.032,0.027303754266211608
MSR,BA:15746,2020,SEX_F,32,0.041,0.034982935153583625
MSR,BA:15746,2020,SEX_F,33,0.121,0.10324232081911264
MSR,BA:15746,2020,SEX_F,34,0.022,0.01877133105802048
MSR,BA:15746,2020,SEX_F,41,0.09,0.07679180887372014
MSR,BA:15746,2020,SEX_F,42,0.039,0.033276450511945395
MSR,BA:15746,2020,SEX_F,43,0.042,0.035836177474402736
MSR,BA:15746,2020,SEX_F,51,0.103,0.0878839590443686
MSR,BA:15746,2020,SEX_F,52,0.075,0.06399317406143346
MSR,BA:15746,2020,SEX_F,53,0.093,0.07935153583617748
MSR,BA:15746,2020,SEX_F,54,0.069,0.05887372013651878
MSR,BA:15746,2020,SEX_F,75,0.024,0.020477815699658706
MSR,BA:15746,2020,SEX_F,91,0.148,0.12627986348122866
MSR,BA:15746,2020,SEX_M,11,0.052,0.0443307757885763
MSR,BA:15746,2020,SEX_M,12,0.019,0.01619778346121057
MSR,BA:15746,2020,SEX_M,13,0.032,0.027280477408354646
MSR,BA:15746,2020,SEX_M,21,0.036,0.030690537084398974
MSR,BA:15746,2020,SEX_M,23,0.02,0.017050298380221655
MSR,BA:15746,2020,SEX_M,24,0.017,0.014492753623188406
MSR,BA:15746,2020,SEX_M,26,0.02,0.017050298380221655
MSR,BA:15746,2020,SEX_M,31,0.064,0.05456095481670929
MSR,BA:15746,2020,SEX_M,33,0.054,0.04603580562659847
MSR,BA:15746,2020,SEX_M,34,0.042,0.03580562659846547
MSR,BA:15746,2020,SEX_M,35,0.035,0.029838022165387897
MSR,BA:15746,2020,SEX_M,41,0.033,0.02813299232736573
MSR,BA:15746,2020,SEX_M,42,0.017,0.014492753623188406
MSR,BA:15746,2020,SEX_M,51,0.048,0.040920716112531966
MSR,BA:15746,2020,SEX_M,52,0.034,0.028985507246376812
MSR,BA:15746,2020,SEX_M,54,0.14,0.11935208866155159
MSR,BA:15746,2020,SEX_M,61,0.044,0.037510656436487634
MSR,BA:15746,2020,SEX_M,62,0.02,0.017050298380221655
MSR,BA:15746,2020,SEX_M,71,0.149,0.12702472293265132
MSR,BA:15746,2020,SEX_M,72,0.043,0.03665814151747655
MSR,BA:15746,2020,SEX_M,74,0.016,0.013640238704177323
MSR,BA:15746,2020,SEX_M,83,0.088,0.07502131287297527
MSR,BA:15746,2020,SEX_M,92,0.037,0.03154305200341006
MSR,BA:15746,2020,SEX_M,93,0.086,0.0733162830349531
MSR,BA:15746,2020,SEX_M,96,0.027,0.023017902813299233
MUS,BA:82,2024,SEX_F,11,1.932,0.008389130604694784
MUS,BA:82,2024,SEX_F,12,3.325,0.014437815352282692
MUS,BA:82,2024,SEX_F,13,1.794,0.007789906990073729
MUS,BA:82,2024,SEX_F,14,1.9,0.008250180201304394
MUS,BA:82,2024,SEX_F,21,2.04,0.008858088216137351
MUS,BA:82,2024,SEX_F,22,2.246,0.009752581437962985
MUS,BA:82,2024,SEX_F,23,17.664,0.07670062267149517
MUS,BA:82,2024,SEX_F,24,11.928,0.05179376286376781
MUS,BA:82,2024,SEX_F,25,3.161,0.013725694534906943
MUS,BA:82,2024,SEX_F,26,2.274,0.009874163040929576
MUS,BA:82,2024,SEX_F,31,2.253,0.009782976838704632
MUS,BA:82,2024,SEX_F,32,5.726,0.024863437806667877
MUS,BA:82,2024,SEX_F,33,21.042,0.0913685746293932
MUS,BA:82,2024,SEX_F,34,2.422,0.01051680865661013
MUS,BA:82,2024,SEX_F,35,0.652,0.0028311144690791926
MUS,BA:82,2024,SEX_F,41,12.845,0.05577556036092366
MUS,BA:82,2024,SEX_F,42,9,0.039079800953547135
MUS,BA:82,2024,SEX_F,43,8.691,0.037738061120808686
MUS,BA:82,2024,SEX_F,44,2.403,0.010434306854597085
MUS,BA:82,2024,SEX_F,51,17.897,0.07771235529618144
MUS,BA:82,2024,SEX_F,52,25.846,0.11222850393837547
MUS,BA:82,2024,SEX_F,53,6.12,0.02657426464841205
MUS,BA:82,2024,SEX_F,54,4.206,0.018263293645624363
MUS,BA:82,2024,SEX_F,61,4.654,0.020208599293089817
MUS,BA:82,2024,SEX_F,62,0.416,0.0018063552440750674
MUS,BA:82,2024,SEX_F,71,0.723,0.00313941067660162
MUS,BA:82,2024,SEX_F,72,0.264,0.001146340827970716
MUS,BA:82,2024,SEX_F,73,2.141,0.009296650426838268
MUS,BA:82,2024,SEX_F,75,7.41,0.03217570278508714
MUS,BA:82,2024,SEX_F,81,4.479,0.019448714274548622
MUS,BA:82,2024,SEX_F,82,0.229,9.943638242624771e-4
MUS,BA:82,2024,SEX_F,83,0.435,0.0018888570460881115
MUS,BA:82,2024,SEX_F,91,27.269,0.11840745468914186
MUS,BA:82,2024,SEX_F,92,2.475,0.010746945262225463
MUS,BA:82,2024,SEX_F,93,3.828,0.01662194200557538
MUS,BA:82,2024,SEX_F,94,2.82,0.012245004298778102
MUS,BA:82,2024,SEX_F,95,0.169,7.338318179054963e-4
MUS,BA:82,2024,SEX_F,96,5.619,0.024398822395331258
MUS,BA:82,2024,SEX_M,11,3.632,0.01148694593355156
MUS,BA:82,2024,SEX_M,12,4.892,0.015471954710058985
MUS,BA:82,2024,SEX_M,13,4.216,0.01333396587440897
MUS,BA:82,2024,SEX_M,14,4.401,0.01391906636937236
MUS,BA:82,2024,SEX_M,21,7.162,0.02265129591852871
MUS,BA:82,2024,SEX_M,22,1.859,0.005879469298037541
MUS,BA:82,2024,SEX_M,23,6.495,0.02054177143128232
MUS,BA:82,2024,SEX_M,24,8.571,0.027107547796385027
MUS,BA:82,2024,SEX_M,25,6.005,0.018992045795973876
MUS,BA:82,2024,SEX_M,26,2.296,0.007261571548302417
MUS,BA:82,2024,SEX_M,31,10.917,0.03452725461359647
MUS,BA:82,2024,SEX_M,32,3.596,0.011373088539937062
MUS,BA:82,2024,SEX_M,33,14.89,0.04709268308110758
MUS,BA:82,2024,SEX_M,34,3.395,0.010737384758922783
MUS,BA:82,2024,SEX_M,35,2.895,0.009156032069832535
MUS,BA:82,2024,SEX_M,41,4.76,0.015054477600139159
MUS,BA:82,2024,SEX_M,42,2.76,0.008729066843778168
MUS,BA:82,2024,SEX_M,43,8.208,0.025959485744105507
MUS,BA:82,2024,SEX_M,44,2.092,0.006616379651153597
MUS,BA:82,2024,SEX_M,51,17.434,0.055138605563198766
MUS,BA:82,2024,SEX_M,52,21.062,0.0666129006752376
MUS,BA:82,2024,SEX_M,53,1.208,0.0038205480968420387
MUS,BA:82,2024,SEX_M,54,21.87,0.06916836662080744
MUS,BA:82,2024,SEX_M,61,13.554,0.04286730869585844
MUS,BA:82,2024,SEX_M,62,4.721,0.01493113209039012
MUS,BA:82,2024,SEX_M,71,42.492,0.1343896769296456
MUS,BA:82,2024,SEX_M,72,14.355,0.045400635703781014
MUS,BA:82,2024,SEX_M,73,1.708,0.0054019007859322865
MUS,BA:82,2024,SEX_M,74,5.205,0.01646188149342948
MUS,BA:82,2024,SEX_M,75,6.3,0.019925043882537123
MUS,BA:82,2024,SEX_M,81,3.735,0.01181270458750415
MUS,BA:82,2024,SEX_M,82,0.267,8.444423359741924e-4
MUS,BA:82,2024,SEX_M,83,28.082,0.08881509243006468
MUS,BA:82,2024,SEX_M,91,7.161,0.022648133213150526
MUS,BA:82,2024,SEX_M,92,4.787,0.015139870645350032
MUS,BA:82,2024,SEX_M,93,6.637,0.020990875594983947
MUS,BA:82,2024,SEX_M,94,1.046,0.0033081898255767983
MUS,BA:82,2024,SEX_M,95,0.668,0.002112687192624571
MUS,BA:82,2024,SEX_M,96,10.851,0.03431851605863656
MWI,BA:1448,2024,SEX_F,11,1.839,7.77454085185124e-4
MWI,BA:1448,2024,SEX_F,12,89.066,0.0376534668575847
MWI,BA:1448,2024,SEX_F,13,166.983,0.07059359190128743
MWI,BA:1448,2024,SEX_F,14,46.098,0.01948835150563559
MWI,BA:1448,2024,SEX_F,21,42.792,0.018090709740751405
MWI,BA:1448,2024,SEX_F,22,11.702,0.004947127626338403
MWI,BA:1448,2024,SEX_F,23,38.201,0.016149822462293056
MWI,BA:1448,2024,SEX_F,24,4.6,0.001944692110849141
MWI,BA:1448,2024,SEX_F,25,0.497,2.1011129980261375e-4
MWI,BA:1448,2024,SEX_F,26,0.963,4.071170658147224e-4
MWI,BA:1448,2024,SEX_F,31,3.716,0.0015709730182424803
MWI,BA:1448,2024,SEX_F,32,2.8,0.0011837256326907815
MWI,BA:1448,2024,SEX_F,33,29.683,0.012548759983985884
MWI,BA:1448,2024,SEX_F,34,4.268,0.0018043360715443771
MWI,BA:1448,2024,SEX_F,41,2.646,0.0011186207228927887
MWI,BA:1448,2024,SEX_F,42,2.998,0.0012674319452882013
MWI,BA:1448,2024,SEX_F,43,1.715,7.250319500231038e-4
MWI,BA:1448,2024,SEX_F,44,1.708,7.220726359413769e-4
MWI,BA:1448,2024,SEX_F,51,109.783,0.04641176826203289
MWI,BA:1448,2024,SEX_F,52,408.822,0.17283324307425385
MWI,BA:1448,2024,SEX_F,53,13.805,0.005836190128320086
MWI,BA:1448,2024,SEX_F,54,4.746,0.002006414947410875
MWI,BA:1448,2024,SEX_F,61,116.116,0.04908910198768671
MWI,BA:1448,2024,SEX_F,62,10.647,0.004501116718306697
MWI,BA:1448,2024,SEX_F,63,508.913,0.2151476296105585
MWI,BA:1448,2024,SEX_F,71,21.052,0.008899925721216548
MWI,BA:1448,2024,SEX_F,72,1.9,8.032423936116018e-4
MWI,BA:1448,2024,SEX_F,73,6.529,0.0027601945199421836
MWI,BA:1448,2024,SEX_F,75,44.042,0.01861915868391693
MWI,BA:1448,2024,SEX_F,81,10.762,0.0045497340210779265
MWI,BA:1448,2024,SEX_F,83,1.37,5.791800417094182e-4
MWI,BA:1448,2024,SEX_F,91,103.372,0.04370145932232553
MWI,BA:1448,2024,SEX_F,92,277.702,0.11740106273196266
MWI,BA:1448,2024,SEX_F,93,50.027,0.021149372223793476
MWI,BA:1448,2024,SEX_F,94,19.823,0.008380354720296202
MWI,BA:1448,2024,SEX_F,95,81.331,0.034383424797276414
MWI,BA:1448,2024,SEX_F,96,122.396,0.05174402947815033
MWI,BA:1448,2024,SEX_M,11,4.109,0.001572274701529916
MWI,BA:1448,2024,SEX_M,12,82.93,0.031732475297609135
MWI,BA:1448,2024,SEX_M,13,195.311,0.07473413098819894
MWI,BA:1448,2024,SEX_M,14,24.043,0.009199854136988019
MWI,BA:1448,2024,SEX_M,21,73.623,0.0281712290948496
MWI,BA:1448,2024,SEX_M,22,9.595,0.0036714470092916876
MWI,BA:1448,2024,SEX_M,23,60.261,0.023058370841784928
MWI,BA:1448,2024,SEX_M,24,11.458,0.0043843084765465504
MWI,BA:1448,2024,SEX_M,25,1.776,6.795716402816089e-4
MWI,BA:1448,2024,SEX_M,26,10.971,0.004197961973834196
MWI,BA:1448,2024,SEX_M,31,23.904,0.009146666942168681
MWI,BA:1448,2024,SEX_M,32,7.29,0.0027894579153451174
MWI,BA:1448,2024,SEX_M,33,34.277,0.01311580918577292
MWI,BA:1448,2024,SEX_M,34,10.334,0.003954219217719677
MWI,BA:1448,2024,SEX_M,35,2.212,8.464034168372291e-4
MWI,BA:1448,2024,SEX_M,41,7.295,0.002791371123791856
MWI,BA:1448,2024,SEX_M,42,5.603,0.0021439413854154586
MWI,BA:1448,2024,SEX_M,43,7.774,0.0029746564929894297
MWI,BA:1448,2024,SEX_M,44,2.611,9.990774508869824e-4
MWI,BA:1448,2024,SEX_M,51,112.429,0.043020022491678495
MWI,BA:1448,2024,SEX_M,52,223.184,0.08539950279538884
MWI,BA:1448,2024,SEX_M,53,3.426,0.001310930427705401
MWI,BA:1448,2024,SEX_M,54,49.482,0.0189338760723055
MWI,BA:1448,2024,SEX_M,61,146.097,0.055902802888638636
MWI,BA:1448,2024,SEX_M,62,18.872,0.007221213961370789
MWI,BA:1448,2024,SEX_M,63,468.692,0.17934109866377693
MWI,BA:1448,2024,SEX_M,71,149.458,0.057188861606536426
MWI,BA:1448,2024,SEX_M,72,40.353,0.015440740090249866
MWI,BA:1448,2024,SEX_M,73,32.592,0.012471057939221956
MWI,BA:1448,2024,SEX_M,74,10.132,0.0038769255964714307
MWI,BA:1448,2024,SEX_M,75,43.485,0.016639173861287028
MWI,BA:1448,2024,SEX_M,81,23.648,0.009048710669695656
MWI,BA:1448,2024,SEX_M,82,2.9,0.001109660899108483
MWI,BA:1448,2024,SEX_M,83,75.76,0.02898893438498575
MWI,BA:1448,2024,SEX_M,91,35.202,0.01346975274841959
MWI,BA:1448,2024,SEX_M,92,284.01,0.10867406619165525
MWI,BA:1448,2024,SEX_M,93,119.632,0.045776190580050356
MWI,BA:1448,2024,SEX_M,94,5.023,0.0019220092055937618
MWI,BA:1448,2024,SEX_M,95,84.385,0.03228921895561011
MWI,BA:1448,2024,SEX_M,96,109.272,0.04181202267840764
NGA,BA:8313,2024,SEX_F,11,10.13,2.894585014376201e-4
NGA,BA:8313,2024,SEX_F,12,43.452,0.001241614097183363
NGA,BA:8313,2024,SEX_F,13,114.911,0.003283510943602997
NGA,BA:8313,2024,SEX_F,14,58.506,0.0016717728613138598
NGA,BA:8313,2024,SEX_F,21,22.234,6.353228352383065e-4
NGA,BA:8313,2024,SEX_F,22,182.376,0.005211281703671016
NGA,BA:8313,2024,SEX_F,23,1172.339,0.03349886378251511
NGA,BA:8313,2024,SEX_F,24,82.251,0.0023502715895109268
NGA,BA:8313,2024,SEX_F,26,52.873,0.001510813360958666
NGA,BA:8313,2024,SEX_F,31,27.815,7.947964676690427e-4
NGA,BA:8313,2024,SEX_F,32,171.666,0.004905250059999061
NGA,BA:8313,2024,SEX_F,33,176.253,0.005036320755566125
NGA,BA:8313,2024,SEX_F,34,46.063,0.001316221811621036
NGA,BA:8313,2024,SEX_F,35,10.481,2.994881099277094e-4
NGA,BA:8313,2024,SEX_F,41,115.175,0.003291054580757936
NGA,BA:8313,2024,SEX_F,42,187.38,0.005354267917016905
NGA,BA:8313,2024,SEX_F,43,26.694,7.627645841437147e-4
NGA,BA:8313,2024,SEX_F,44,6.521,1.8633355260362492e-4
NGA,BA:8313,2024,SEX_F,51,1577.78,0.04508409026636211
NGA,BA:8313,2024,SEX_F,52,13774.54,0.3935989838492157
NGA,BA:8313,2024,SEX_F,53,117.947,0.003370262770884795
NGA,BA:8313,2024,SEX_F,54,25.873,7.393050155671811e-4
NGA,BA:8313,2024,SEX_F,61,5407.069,0.15450366139287375
NGA,BA:8313,2024,SEX_F,62,40.181,0.0011481472898583426
NGA,BA:8313,2024,SEX_F,63,4505.796,0.12875034135672486
NGA,BA:8313,2024,SEX_F,71,11.621,3.3206290673312765e-4
NGA,BA:8313,2024,SEX_F,72,12.786,3.6535206311761204e-4
NGA,BA:8313,2024,SEX_F,73,504.439,0.014414033268182788
NGA,BA:8313,2024,SEX_F,75,2838.292,0.08110244313547735
NGA,BA:8313,2024,SEX_F,81,865.39,0.024727985445123595
NGA,BA:8313,2024,SEX_F,83,3.424,9.783868794890534e-5
NGA,BA:8313,2024,SEX_F,91,330.837,0.00945346320238084
NGA,BA:8313,2024,SEX_F,92,370.789,0.010595066958494936
NGA,BA:8313,2024,SEX_F,93,65.897,0.0018829661272689883
NGA,BA:8313,2024,SEX_F,94,1669.684,0.047710190376542075
NGA,BA:8313,2024,SEX_F,95,268.889,0.0076833373142211475
NGA,BA:8313,2024,SEX_F,96,98.027,0.0028010610582848553
NGA,BA:8313,2024,SEX_M,01,8.955,2.458060762164079e-4
NGA,BA:8313,2024,SEX_M,02,9.842,2.701533670711208e-4
NGA,BA:8313,2024,SEX_M,03,9.53,2.615892692732962e-4
NGA,BA:8313,2024,SEX_M,11,44.645,0.0012254620069996128
NGA,BA:8313,2024,SEX_M,12,90.312,0.0024789769240933816
NGA,BA:8313,2024,SEX_M,13,141.625,0.003887469072490092
NGA,BA:8313,2024,SEX_M,14,50.593,0.0013887288457863458
NGA,BA:8313,2024,SEX_M,21,205.256,0.005634078389712454
NGA,BA:8313,2024,SEX_M,22,165.854,0.00455253165436026
NGA,BA:8313,2024,SEX_M,23,863.787,0.023710116488748448
NGA,BA:8313,2024,SEX_M,24,101.926,0.0027977699748111214
NGA,BA:8313,2024,SEX_M,25,29.561,8.114208173124773e-4
NGA,BA:8313,2024,SEX_M,26,412.475,0.011322039228069555
NGA,BA:8313,2024,SEX_M,31,267.068,0.007330757918812242
NGA,BA:8313,2024,SEX_M,32,154.173,0.004231899518538499
NGA,BA:8313,2024,SEX_M,33,466.928,0.012816721335072575
NGA,BA:8313,2024,SEX_M,34,173.085,0.0047510156004374055
NGA,BA:8313,2024,SEX_M,35,66.109,0.0018146280170396997
NGA,BA:8313,2024,SEX_M,41,122.489,0.00336220440755685
NGA,BA:8313,2024,SEX_M,42,118.908,0.00326390942610169
NGA,BA:8313,2024,SEX_M,43,75.334,0.0020678453317349945
NGA,BA:8313,2024,SEX_M,44,8.816,2.4199066085135148e-4
NGA,BA:8313,2024,SEX_M,51,410.125,0.011257534004271838
NGA,BA:8313,2024,SEX_M,52,4720.971,0.1295860812329929
NGA,BA:8313,2024,SEX_M,53,23.235,6.377782446553029e-4
NGA,BA:8313,2024,SEX_M,54,420.036,0.011529581354509785
NGA,BA:8313,2024,SEX_M,61,9820.137,0.26955324889755083
NGA,BA:8313,2024,SEX_M,62,256.686,0.0070457820747833475
NGA,BA:8313,2024,SEX_M,63,6940.426,0.19050797122616853
NGA,BA:8313,2024,SEX_M,71,1578.041,0.04331569696466963
NGA,BA:8313,2024,SEX_M,72,1390.151,0.03815829845430661
NGA,BA:8313,2024,SEX_M,73,178.992,0.004913157028936604
NGA,BA:8313,2024,SEX_M,74,457.071,0.012546156232530407
NGA,BA:8313,2024,SEX_M,75,1716.753,0.04712320700868196
NGA,BA:8313,2024,SEX_M,81,454.321,0.012470671396171376
NGA,BA:8313,2024,SEX_M,82,5.204,1.4284475942268976e-4
NGA,BA:8313,2024,SEX_M,83,2631.023,0.0722190329497624
NGA,BA:8313,2024,SEX_M,91,137.856,0.0037840136731311143
NGA,BA:8313,2024,SEX_M,92,808.313,0.02218740892068267
NGA,BA:8313,2024,SEX_M,93,451.225,0.012385689194946809
NGA,BA:8313,2024,SEX_M,94,101.268,0.002779708512147761
NGA,BA:8313,2024,SEX_M,95,120.139,0.0032976991837591323
NGA,BA:8313,2024,SEX_M,96,221.914,0.006091324354828358
NIU,AA:1497,2022,SEX_F,11,0.011,0.03089887640449437
NIU,AA:1497,2022,SEX_F,12,0.013,0.03651685393258426
NIU,AA:1497,2022,SEX_F,13,0.013,0.03651685393258426
NIU,AA:1497,2022,SEX_F,14,0.024,0.06741573033707864
NIU,AA:1497,2022,SEX_F,21,0.007,0.019662921348314603
NIU,AA:1497,2022,SEX_F,22,0.011,0.03089887640449437
NIU,AA:1497,2022,SEX_F,23,0.034,0.09550561797752807
NIU,AA:1497,2022,SEX_F,24,0.007,0.019662921348314603
NIU,AA:1497,2022,SEX_F,26,0.01,0.02808988764044943
NIU,AA:1497,2022,SEX_F,32,0.012,0.03370786516853932
NIU,AA:1497,2022,SEX_F,33,0.056,0.15730337078651682
NIU,AA:1497,2022,SEX_F,34,0.009,0.025280898876404487
NIU,AA:1497,2022,SEX_F,35,0.011,0.03089887640449437
NIU,AA:1497,2022,SEX_F,41,0.008,0.022471910112359546
NIU,AA:1497,2022,SEX_F,42,0.011,0.03089887640449437
NIU,AA:1497,2022,SEX_F,43,0.007,0.019662921348314603
NIU,AA:1497,2022,SEX_F,51,0.032,0.08988764044943819
NIU,AA:1497,2022,SEX_F,52,0.025,0.07022471910112359
NIU,AA:1497,2022,SEX_F,53,0.026,0.07303370786516852
NIU,AA:1497,2022,SEX_F,75,0.009,0.025280898876404487
NIU,AA:1497,2022,SEX_F,91,0.006,0.01685393258426966
NIU,AA:1497,2022,SEX_F,94,0.007,0.019662921348314603
NIU,AA:1497,2022,SEX_F,96,0.007,0.019662921348314603
NIU,AA:1497,2022,SEX_M,11,0.024,0.06798866855524077
NIU,AA:1497,2022,SEX_M,12,0.014,0.03966005665722378
NIU,AA:1497,2022,SEX_M,13,0.016,0.04532577903682718
NIU,AA:1497,2022,SEX_M,14,0.015,0.042492917847025476
NIU,AA:1497,2022,SEX_M,21,0.035,0.09915014164305946
NIU,AA:1497,2022,SEX_M,22,0.007,0.01983002832861189
NIU,AA:1497,2022,SEX_M,23,0.016,0.04532577903682718
NIU,AA:1497,2022,SEX_M,24,0.007,0.01983002832861189
NIU,AA:1497,2022,SEX_M,26,0.005,0.014164305949008494
NIU,AA:1497,2022,SEX_M,31,0.024,0.06798866855524077
NIU,AA:1497,2022,SEX_M,32,0.005,0.014164305949008494
NIU,AA:1497,2022,SEX_M,33,0.015,0.042492917847025476
NIU,AA:1497,2022,SEX_M,35,0.015,0.042492917847025476
NIU,AA:1497,2022,SEX_M,41,0.005,0.014164305949008494
NIU,AA:1497,2022,SEX_M,51,0.009,0.025495750708215286
NIU,AA:1497,2022,SEX_M,52,0.017,0.04815864022662888
NIU,AA:1497,2022,SEX_M,54,0.009,0.025495750708215286
NIU,AA:1497,2022,SEX_M,61,0.007,0.01983002832861189
NIU,AA:1497,2022,SEX_M,63,0.025,0.07082152974504247
NIU,AA:1497,2022,SEX_M,71,0.022,0.06232294617563736
NIU,AA:1497,2022,SEX_M,83,0.024,0.06798866855524077
NIU,AA:1497,2022,SEX_M,92,0.008,0.02266288951841359
NIU,AA:1497,2022,SEX_M,93,0.022,0.06232294617563736
NIU,AA:1497,2022,SEX_M,96,0.007,0.01983002832861189
NLD,BA:2236,2024,SEX_F,02,0.708,1.5349054407194803e-4
NLD,BA:2236,2024,SEX_F,03,0.766,1.6606462819083643e-4
NLD,BA:2236,2024,SEX_F,11,24.734,0.0053621964930445805
NLD,BA:2236,2024,SEX_F,12,54.171,0.01174397777248799
NLD,BA:2236,2024,SEX_F,13,64.346,0.01394986235713781
NLD,BA:2236,2024,SEX_F,14,36.023,0.007809590210598565
NLD,BA:2236,2024,SEX_F,21,114.062,0.024728020392562906
NLD,BA:2236,2024,SEX_F,22,295.254,0.06400945917997027
NLD,BA:2236,2024,SEX_F,23,315.204,0.06833451052776032
NLD,BA:2236,2024,SEX_F,24,429.947,0.09321016801144327
NLD,BA:2236,2024,SEX_F,25,77.581,0.01681913827633588
NLD,BA:2236,2024,SEX_F,26,262.657,0.0569426071106012
NLD,BA:2236,2024,SEX_F,31,35.044,0.007597348342453879
NLD,BA:2236,2024,SEX_F,32,226.65,0.049136485612863025
NLD,BA:2236,2024,SEX_F,33,331.624,0.07189427710072839
NLD,BA:2236,2024,SEX_F,34,252.032,0.05463916497675312
NLD,BA:2236,2024,SEX_F,35,12.115,0.0026264660189712578
NLD,BA:2236,2024,SEX_F,41,120.735,0.02617469044989639
NLD,BA:2236,2024,SEX_F,42,134.109,0.02907410081206904
NLD,BA:2236,2024,SEX_F,43,165.415,0.035861071112515935
NLD,BA:2236,2024,SEX_F,44,58.543,0.012691803561587646
NLD,BA:2236,2024,SEX_F,51,306.543,0.06645685289752425
NLD,BA:2236,2024,SEX_F,52,391.925,0.08496720548785061
NLD,BA:2236,2024,SEX_F,53,407.095,0.08825597886860126
NLD,BA:2236,2024,SEX_F,54,22.177,0.004807852819044621
NLD,BA:2236,2024,SEX_F,61,24.862,0.0053899461959276435
NLD,BA:2236,2024,SEX_F,71,7.382,0.0016003773959592095
NLD,BA:2236,2024,SEX_F,72,5.805,0.0012584923846577095
NLD,BA:2236,2024,SEX_F,73,10.056,0.002180086032750719
NLD,BA:2236,2024,SEX_F,74,3.015,6.536355796284228e-4
NLD,BA:2236,2024,SEX_F,75,29.231,0.006337121601365979
NLD,BA:2236,2024,SEX_F,81,16.645,0.0036085453475671963
NLD,BA:2236,2024,SEX_F,82,11.25,0.0024389387299568015
NLD,BA:2236,2024,SEX_F,83,22.776,0.004937712756755209
NLD,BA:2236,2024,SEX_F,91,176.419,0.038246678382244353
NLD,BA:2236,2024,SEX_F,92,7.685,0.0016660661457527128
NLD,BA:2236,2024,SEX_F,93,112.817,0.02445811117311435
NLD,BA:2236,2024,SEX_F,94,37.503,0.008130446150183993
NLD,BA:2236,2024,SEX_F,96,7.756,0.0016814585590706624
NLD,BA:2236,2024,SEX_M,01,7.982,0.001547572238779811
NLD,BA:2236,2024,SEX_M,02,8.722,0.0016910454856724517
NLD,BA:2236,2024,SEX_M,03,7.728,0.0014983260161977423
NLD,BA:2236,2024,SEX_M,11,61.887,0.01199882274384442
NLD,BA:2236,2024,SEX_M,12,117.96,0.02287041108575125
NLD,BA:2236,2024,SEX_M,13,179.626,0.03482638573829395
NLD,BA:2236,2024,SEX_M,14,73.921,0.014332007950744477
NLD,BA:2236,2024,SEX_M,21,295.119,0.057218488040147716
NLD,BA:2236,2024,SEX_M,22,97.291,0.018863048193826934
NLD,BA:2236,2024,SEX_M,23,161,0.031215125337452965
NLD,BA:2236,2024,SEX_M,24,492.187,0.09542657698425443
NLD,BA:2236,2024,SEX_M,25,389.913,0.07559741096709502
NLD,BA:2236,2024,SEX_M,26,162.781,0.03156043054382566
NLD,BA:2236,2024,SEX_M,31,243.533,0.047216851669602065
NLD,BA:2236,2024,SEX_M,32,60.15,0.011662048379178854
NLD,BA:2236,2024,SEX_M,33,319.104,0.06186876618436391
NLD,BA:2236,2024,SEX_M,34,131.272,0.025451378467690217
NLD,BA:2236,2024,SEX_M,35,57.665,0.011180249705492081
NLD,BA:2236,2024,SEX_M,41,29.044,0.005631131057770087
NLD,BA:2236,2024,SEX_M,42,62.195,0.01205853863579433
NLD,BA:2236,2024,SEX_M,43,212.62,0.041223353722045025
NLD,BA:2236,2024,SEX_M,44,35.078,0.006801019668243324
NLD,BA:2236,2024,SEX_M,51,192.133,0.037251277493545655
NLD,BA:2236,2024,SEX_M,52,225.964,0.04381052535249827
NLD,BA:2236,2024,SEX_M,53,47.642,0.009236962741161082
NLD,BA:2236,2024,SEX_M,54,69.812,0.013535343664958175
NLD,BA:2236,2024,SEX_M,61,112.991,0.021907007621143774
NLD,BA:2236,2024,SEX_M,62,0.847,1.6421870286225255e-4
NLD,BA:2236,2024,SEX_M,71,248.789,0.04823589948807196
NLD,BA:2236,2024,SEX_M,72,170.839,0.03312273787282687
NLD,BA:2236,2024,SEX_M,73,18.648,0.003615525821694552
NLD,BA:2236,2024,SEX_M,74,98.802,0.01915600505336042
NLD,BA:2236,2024,SEX_M,75,53.829,0.010436515414843202
NLD,BA:2236,2024,SEX_M,81,55.47,0.010754677033965937
NLD,BA:2236,2024,SEX_M,82,15.172,0.0029415893268312818
NLD,BA:2236,2024,SEX_M,83,259.039,0.050223197840301104
NLD,BA:2236,2024,SEX_M,91,56.415,0.01093789624790316
NLD,BA:2236,2024,SEX_M,92,11.498,0.0022292640442859264
NLD,BA:2236,2024,SEX_M,93,236.233,0.04580150747728277
NLD,BA:2236,2024,SEX_M,94,49.6,0.009616585197128366
NLD,BA:2236,2024,SEX_M,96,27.255,0.005284274789268823
NOR,BA:2250,2024,SEX_F,01,2.051,0.0015294761600081138
NOR,BA:2250,2024,SEX_F,11,6.053,0.00451385626354418
NOR,BA:2250,2024,SEX_F,12,24.372,0.018174740600544977
NOR,BA:2250,2024,SEX_F,13,23.903,0.017824996905253018
NOR,BA:2250,2024,SEX_F,14,23.01,0.017159067012085177
NOR,BA:2250,2024,SEX_F,21,32.359,0.024130823530815484
NOR,BA:2250,2024,SEX_F,22,146.102,0.10895149972184566
NOR,BA:2250,2024,SEX_F,23,137.416,0.10247415699837882
NOR,BA:2250,2024,SEX_F,24,92.54,0.06900912913074152
NOR,BA:2250,2024,SEX_F,25,20.063,0.014961423792414814
NOR,BA:2250,2024,SEX_F,26,57.838,0.04313107856779585
NOR,BA:2250,2024,SEX_F,31,17.82,0.013288768976764792
NOR,BA:2250,2024,SEX_F,32,35.779,0.026681193334437008
NOR,BA:2250,2024,SEX_F,33,89.129,0.0664654708266032
NOR,BA:2250,2024,SEX_F,34,32.698,0.02438362334468323
NOR,BA:2250,2024,SEX_F,35,6.062,0.004520567763027394
NOR,BA:2250,2024,SEX_F,41,39.321,0.029322541242164327
NOR,BA:2250,2024,SEX_F,42,19.113,0.01425298773585328
NOR,BA:2250,2024,SEX_F,43,28.989,0.02161773983543404
NOR,BA:2250,2024,SEX_F,44,2.446,0.001824036415104752
NOR,BA:2250,2024,SEX_F,51,60.054,0.04478359888499623
NOR,BA:2250,2024,SEX_F,52,115.432,0.0860802009273801
NOR,BA:2250,2024,SEX_F,53,216.762,0.1616442278867278
NOR,BA:2250,2024,SEX_F,54,4.159,0.0031014584834099194
NOR,BA:2250,2024,SEX_F,61,11.197,0.008349851079283691
NOR,BA:2250,2024,SEX_F,62,1.571,0.0011715295209033382
NOR,BA:2250,2024,SEX_F,71,2.512,0.0018732540779816587
NOR,BA:2250,2024,SEX_F,72,2.06,0.0015361876594913284
NOR,BA:2250,2024,SEX_F,73,0.846,6.308809514221669e-4
NOR,BA:2250,2024,SEX_F,74,1.994,0.0014869699966144217
NOR,BA:2250,2024,SEX_F,75,4.956,0.0036957990487568077
NOR,BA:2250,2024,SEX_F,81,14.053,0.010479633581957106
NOR,BA:2250,2024,SEX_F,83,7.651,0.005705520282897162
NOR,BA:2250,2024,SEX_F,91,45.791,0.03414736364843078
NOR,BA:2250,2024,SEX_F,93,1.414,0.0010544511410294844
NOR,BA:2250,2024,SEX_F,94,10.995,0.008199215201993763
NOR,BA:2250,2024,SEX_F,96,2.471,0.0018426794692247923
NOR,BA:2250,2024,SEX_M,01,2.011,0.0013287644802951696
NOR,BA:2250,2024,SEX_M,02,3.041,0.0020093350495164644
NOR,BA:2250,2024,SEX_M,03,0.854,5.642788991407631e-4
NOR,BA:2250,2024,SEX_M,11,24.405,0.01612555800179195
NOR,BA:2250,2024,SEX_M,12,37.331,0.024666388271456476
NOR,BA:2250,2024,SEX_M,13,60.516,0.03998583356019019
NOR,BA:2250,2024,SEX_M,14,25.934,0.017135841885616572
NOR,BA:2250,2024,SEX_M,21,65.35,0.04317988999865207
NOR,BA:2250,2024,SEX_M,22,30.448,0.020118458923932034
NOR,BA:2250,2024,SEX_M,23,64.929,0.042901715037834444
NOR,BA:2250,2024,SEX_M,24,77.909,0.05147822570627368
NOR,BA:2250,2024,SEX_M,25,74.407,0.049164285770921266
NOR,BA:2250,2024,SEX_M,26,44.277,0.029255944750884742
NOR,BA:2250,2024,SEX_M,31,117.506,0.077641869230017
NOR,BA:2250,2024,SEX_M,32,9.465,0.006253981007455882
NOR,BA:2250,2024,SEX_M,33,88.03,0.05816565748402972
NOR,BA:2250,2024,SEX_M,34,26.722,0.017656511408477137
NOR,BA:2250,2024,SEX_M,35,16.641,0.010995509555739389
NOR,BA:2250,2024,SEX_M,41,13.604,0.008988817498724756
NOR,BA:2250,2024,SEX_M,42,12.233,0.008082931818722432
NOR,BA:2250,2024,SEX_M,43,48.929,0.03232974503051335
NOR,BA:2250,2024,SEX_M,44,3.674,0.0024275886129311052
NOR,BA:2250,2024,SEX_M,51,69.109,0.04566364220224707
NOR,BA:2250,2024,SEX_M,52,77.345,0.051105563763515605
NOR,BA:2250,2024,SEX_M,53,50.163,0.03314510821732799
NOR,BA:2250,2024,SEX_M,54,17.686,0.01168599134684255
NOR,BA:2250,2024,SEX_M,61,30.986,0.020473941415428205
NOR,BA:2250,2024,SEX_M,62,11.576,0.007648820300296809
NOR,BA:2250,2024,SEX_M,71,104.866,0.06929001292423334
NOR,BA:2250,2024,SEX_M,72,62.377,0.04121548582166673
NOR,BA:2250,2024,SEX_M,73,2.381,0.0015732412867144696
NOR,BA:2250,2024,SEX_M,74,46.26,0.0305662082836671
NOR,BA:2250,2024,SEX_M,75,7.033,0.004647041566343077
NOR,BA:2250,2024,SEX_M,81,37.765,0.02495315295790506
NOR,BA:2250,2024,SEX_M,82,6.802,0.004494408749362378
NOR,BA:2250,2024,SEX_M,83,95.768,0.06327852647882039
NOR,BA:2250,2024,SEX_M,91,15.579,0.010293795046503454
NOR,BA:2250,2024,SEX_M,93,12.892,0.008518364833398968
NOR,BA:2250,2024,SEX_M,94,7.742,0.005115511987292492
NOR,BA:2250,2024,SEX_M,96,8.89,0.005874050835317781
NRU,BB:14049,2024,SEX_F,11,0.027,0.025023169601482854
NRU,BB:14049,2024,SEX_F,13,0.041,0.037998146431881374
NRU,BB:14049,2024,SEX_F,22,0.052,0.04819277108433735
NRU,BB:14049,2024,SEX_F,23,0.038,0.03521779425393883
NRU,BB:14049,2024,SEX_F,24,0.069,0.06394810009267841
NRU,BB:14049,2024,SEX_F,31,0.035,0.032437442075996296
NRU,BB:14049,2024,SEX_F,32,0.059,0.05468025949953661
NRU,BB:14049,2024,SEX_F,33,0.059,0.05468025949953661
NRU,BB:14049,2024,SEX_F,35,0.061,0.056533827618164965
NRU,BB:14049,2024,SEX_F,41,0.069,0.06394810009267841
NRU,BB:14049,2024,SEX_F,42,0.037,0.03429101019462465
NRU,BB:14049,2024,SEX_F,51,0.035,0.032437442075996296
NRU,BB:14049,2024,SEX_F,54,0.212,0.19647822057460612
NRU,BB:14049,2024,SEX_F,62,0.033,0.030583873957367936
NRU,BB:14049,2024,SEX_F,71,0.034,0.03151065801668212
NRU,BB:14049,2024,SEX_F,83,0.037,0.03429101019462465
NRU,BB:14049,2024,SEX_F,91,0.08,0.07414272474513439
NRU,BB:14049,2024,SEX_F,93,0.066,0.06116774791473587
NRU,BB:14049,2024,SEX_F,96,0.035,0.032437442075996296
NRU,BB:14049,2024,SEX_M,13,0.038,0.033777777777777775
NRU,BB:14049,2024,SEX_M,22,0.028,0.02488888888888889
NRU,BB:14049,2024,SEX_M,23,0.026,0.02311111111111111
NRU,BB:14049,2024,SEX_M,24,0.092,0.08177777777777778
NRU,BB:14049,2024,SEX_M,33,0.041,0.036444444444444446
NRU,BB:14049,2024,SEX_M,34,0.033,0.029333333333333336
NRU,BB:14049,2024,SEX_M,35,0.063,0.056
NRU,BB:14049,2024,SEX_M,41,0.086,0.07644444444444444
NRU,BB:14049,2024,SEX_M,42,0.04,0.035555555555555556
NRU,BB:14049,2024,SEX_M,51,0.025,0.022222222222222223
NRU,BB:14049,2024,SEX_M,54,0.286,0.2542222222222222
NRU,BB:14049,2024,SEX_M,71,0.033,0.029333333333333336
NRU,BB:14049,2024,SEX_M,74,0.026,0.02311111111111111
NRU,BB:14049,2024,SEX_M,81,0.028,0.02488888888888889
NRU,BB:14049,2024,SEX_M,83,0.064,0.05688888888888889
NRU,BB:14049,2024,SEX_M,91,0.075,0.06666666666666667
NRU,BB:14049,2024,SEX_M,93,0.141,0.12533333333333332
PAK,BA:538,2021,SEX_F,11,5.808,4.1967046330665343e-4
PAK,BA:538,2021,SEX_F,12,17.169,0.0012405857755702365
PAK,BA:538,2021,SEX_F,13,64.368,0.004651058605737374
PAK,BA:538,2021,SEX_F,21,11.367,8.213488561306354e-4
PAK,BA:538,2021,SEX_F,22,85.437,0.006173447894891624
PAK,BA:538,2021,SEX_F,23,1071.174,0.07740015304098506
PAK,BA:538,2021,SEX_F,24,8.442,6.099962209426254e-4
PAK,BA:538,2021,SEX_F,25,18.466,0.0013343035081647147
PAK,BA:538,2021,SEX_F,26,17.744,0.0012821337294960846
PAK,BA:538,2021,SEX_F,31,11.152,8.058135342279268e-4
PAK,BA:538,2021,SEX_F,32,179.759,0.01298890199957657
PAK,BA:538,2021,SEX_F,33,25.884,0.0018703082424637429
PAK,BA:538,2021,SEX_F,34,18.063,0.0013051838117610333
PAK,BA:538,2021,SEX_F,35,4.567,3.29999140137997e-4
PAK,BA:538,2021,SEX_F,41,12.452,8.997480387559313e-4
PAK,BA:538,2021,SEX_F,42,22.902,0.001654836940538736
PAK,BA:538,2021,SEX_F,51,93.889,0.006784166688946003
PAK,BA:538,2021,SEX_F,52,153.627,0.011100673943941331
PAK,BA:538,2021,SEX_F,53,29.862,0.0021577478263194363
PAK,BA:538,2021,SEX_F,54,12.326,8.906436175478324e-4
PAK,BA:538,2021,SEX_F,61,8190.627,0.5918326838605347
PAK,BA:538,2021,SEX_F,62,1.036,7.485857437770196e-5
PAK,BA:538,2021,SEX_F,63,453.075,0.03273798126078891
PAK,BA:538,2021,SEX_F,71,19.349,0.0013981067139325822
PAK,BA:538,2021,SEX_F,73,140.521,0.010153669623676696
PAK,BA:538,2021,SEX_F,74,2.72,1.9653988639705536e-4
PAK,BA:538,2021,SEX_F,75,1533.889,0.1108346947815047
PAK,BA:538,2021,SEX_F,81,51.869,0.0037479144733562
PAK,BA:538,2021,SEX_F,83,1.129,8.157850431701305e-5
PAK,BA:538,2021,SEX_F,91,449.096,0.03245046941962205
PAK,BA:538,2021,SEX_F,92,719.165,0.051964929191447906
PAK,BA:538,2021,SEX_F,93,232.992,0.016835375445376
PAK,BA:538,2021,SEX_F,94,5.379,3.8867207681241196e-4
PAK,BA:538,2021,SEX_F,95,9.304,6.722820231758099e-4
PAK,BA:538,2021,SEX_F,96,164.821,0.011909522285238625
PAK,BA:538,2021,SEX_M,11,146.86,0.003071765378869923
PAK,BA:538,2021,SEX_M,12,240.272,0.005025597243033053
PAK,BA:538,2021,SEX_M,13,641.3,0.013413612538943765
PAK,BA:538,2021,SEX_M,14,434.062,0.009078963801464227
PAK,BA:538,2021,SEX_M,21,143.851,0.0030088282821450173
PAK,BA:538,2021,SEX_M,22,183.526,0.003838681825701222
PAK,BA:538,2021,SEX_M,23,879.388,0.01839352861904987
PAK,BA:538,2021,SEX_M,24,215.587,0.004509278787514844
PAK,BA:538,2021,SEX_M,25,93.401,0.0019536017850458236
PAK,BA:538,2021,SEX_M,26,404.287,0.008456181463483483
PAK,BA:538,2021,SEX_M,31,309.962,0.006483253032583951
PAK,BA:538,2021,SEX_M,32,324.497,0.0067872712116788326
PAK,BA:538,2021,SEX_M,33,1166.059,0.024389620495163307
PAK,BA:538,2021,SEX_M,34,234.574,0.004906416260268509
PAK,BA:538,2021,SEX_M,35,95.881,0.0020054741678566463
PAK,BA:538,2021,SEX_M,41,487.006,0.010186355509341723
PAK,BA:538,2021,SEX_M,42,204.35,0.004274242511045
PAK,BA:538,2021,SEX_M,43,118.63,0.0024812986987289864
PAK,BA:538,2021,SEX_M,44,53.823,0.0011257771209785908
PAK,BA:538,2021,SEX_M,51,1390.116,0.029076060203003823
PAK,BA:538,2021,SEX_M,52,7096.586,0.14843420388787273
PAK,BA:538,2021,SEX_M,53,14.718,3.07845858955519e-4
PAK,BA:538,2021,SEX_M,54,851.252,0.01780502806954773
PAK,BA:538,2021,SEX_M,61,11807.766,0.24697457987605467
PAK,BA:538,2021,SEX_M,62,81.466,0.0017039659427687396
PAK,BA:538,2021,SEX_M,63,286.783,0.0059984344998532824
PAK,BA:538,2021,SEX_M,71,1626.452,0.03401933095460809
PAK,BA:538,2021,SEX_M,72,1575.108,0.032945405300156924
PAK,BA:538,2021,SEX_M,73,413.005,0.008638529622090238
PAK,BA:538,2021,SEX_M,74,753.768,0.015766025099414573
PAK,BA:538,2021,SEX_M,75,2338.435,0.04891136915251047
PAK,BA:538,2021,SEX_M,81,1323.882,0.027690691088853813
PAK,BA:538,2021,SEX_M,82,31.219,6.529854511980126e-4
PAK,BA:538,2021,SEX_M,83,3231.51,0.06759117894233926
PAK,BA:538,2021,SEX_M,91,601.932,0.01259018029438874
PAK,BA:538,2021,SEX_M,92,1363.949,0.028528743815499472
PAK,BA:538,2021,SEX_M,93,5794.668,0.12120291804742896
PAK,BA:538,2021,SEX_M,94,18.73,3.9176198792205944e-4
PAK,BA:538,2021,SEX_M,95,290.357,0.006073189296694363
PAK,BA:538,2021,SEX_M,96,540.623,0.011307823875941675
PAN,BA:511,2024,SEX_F,11,5.039,0.006300380223382799
PAN,BA:511,2024,SEX_F,12,11.772,0.014718808491697224
PAN,BA:511,2024,SEX_F,13,11.074,0.013846082673891867
PAN,BA:511,2024,SEX_F,14,13.748,0.017189447769610382
PAN,BA:511,2024,SEX_F,21,7.46,0.009327413468234904
PAN,BA:511,2024,SEX_F,22,23.89,0.029870228921733494
PAN,BA:511,2024,SEX_F,23,55.684,0.06962301495511962
PAN,BA:511,2024,SEX_F,24,21.991,0.02749586455495359
PAN,BA:511,2024,SEX_F,25,2.489,0.0031120552442944604
PAN,BA:511,2024,SEX_F,26,16.983,0.021234244360728335
PAN,BA:511,2024,SEX_F,31,1.707,0.0021343022507073705
PAN,BA:511,2024,SEX_F,32,13.278,0.01660179571464116
PAN,BA:511,2024,SEX_F,33,39.764,0.04971786449743871
PAN,BA:511,2024,SEX_F,34,9.047,0.011311676896396942
PAN,BA:511,2024,SEX_F,35,1.201,0.001501638548974547
PAN,BA:511,2024,SEX_F,41,29.547,0.036943309081224764
PAN,BA:511,2024,SEX_F,42,17.537,0.02192692359147929
PAN,BA:511,2024,SEX_F,43,12.824,0.016034148836011314
PAN,BA:511,2024,SEX_F,44,13.591,0.016993146976780237
PAN,BA:511,2024,SEX_F,51,41.895,0.05238230392113959
PAN,BA:511,2024,SEX_F,52,34.762,0.04346374624434072
PAN,BA:511,2024,SEX_F,53,4.536,0.005671467492213609
PAN,BA:511,2024,SEX_F,54,137.397,0.17179070084384332
PAN,BA:511,2024,SEX_F,61,14.556,0.018199709174748963
PAN,BA:511,2024,SEX_F,62,0.535,6.689230838479456e-4
PAN,BA:511,2024,SEX_F,63,56.273,0.07035945550911298
PAN,BA:511,2024,SEX_F,71,0.494,6.176598194782899e-4
PAN,BA:511,2024,SEX_F,73,21.772,0.027222043703808353
PAN,BA:511,2024,SEX_F,74,0.641,8.014573770963236e-4
PAN,BA:511,2024,SEX_F,75,39.446,0.04932026161769357
PAN,BA:511,2024,SEX_F,81,2.171,0.0027144523645493265
PAN,BA:511,2024,SEX_F,83,4.83,0.006039062607449677
PAN,BA:511,2024,SEX_F,91,92.024,0.11505977171593149
PAN,BA:511,2024,SEX_F,92,5.722,0.00715435118836999
PAN,BA:511,2024,SEX_F,93,4.087,0.005110072231189819
PAN,BA:511,2024,SEX_F,94,6.832,0.008542210296914324
PAN,BA:511,2024,SEX_F,95,20.001,0.025007720747743475
PAN,BA:511,2024,SEX_F,96,3.193,0.0039922830032270845
PAN,BA:511,2024,SEX_M,11,6.248,0.005566156910747281
PAN,BA:511,2024,SEX_M,12,10.885,0.009697121954782994
PAN,BA:511,2024,SEX_M,13,15.531,0.013836104830476315
PAN,BA:511,2024,SEX_M,14,13,0.011581312394320526
PAN,BA:511,2024,SEX_M,21,15.317,0.013645458611062115
PAN,BA:511,2024,SEX_M,22,6.33,0.005639208265849918
PAN,BA:511,2024,SEX_M,23,23.807,0.021208946474737596
PAN,BA:511,2024,SEX_M,24,11.93,0.010628081297249528
PAN,BA:511,2024,SEX_M,25,6.404,0.005705132659479127
PAN,BA:511,2024,SEX_M,26,21.562,0.01920894291125686
PAN,BA:511,2024,SEX_M,31,11.741,0.010459706832439792
PAN,BA:511,2024,SEX_M,32,6.703,0.005971502844548499
PAN,BA:511,2024,SEX_M,33,24.322,0.021667744619589525
PAN,BA:511,2024,SEX_M,34,13.226,0.011782649055944868
PAN,BA:511,2024,SEX_M,35,7.941,0.007074400132561484
PAN,BA:511,2024,SEX_M,41,1.941,0.0017291790274904725
PAN,BA:511,2024,SEX_M,42,5.892,0.005249007125179735
PAN,BA:511,2024,SEX_M,43,12.14,0.010815164035927015
PAN,BA:511,2024,SEX_M,44,6.052,0.005391546354648294
PAN,BA:511,2024,SEX_M,51,46.136,0.04110118681725937
PAN,BA:511,2024,SEX_M,52,2.322,0.0020686005676624816
PAN,BA:511,2024,SEX_M,53,47.145,0.04200007483309548
PAN,BA:511,2024,SEX_M,54,67.643,0.060261131868386414
PAN,BA:511,2024,SEX_M,61,37.065,0.033020103376576175
PAN,BA:511,2024,SEX_M,62,14.567,0.01297730597292824
PAN,BA:511,2024,SEX_M,63,107.552,0.09581487004876625
PAN,BA:511,2024,SEX_M,71,89.033,0.07931684510796456
PAN,BA:511,2024,SEX_M,72,49.896,0.04445085870977054
PAN,BA:511,2024,SEX_M,73,7.155,0.006374176167797182
PAN,BA:511,2024,SEX_M,74,29.357,0.026153275996928283
PAN,BA:511,2024,SEX_M,75,30.536,0.027203611944074738
PAN,BA:511,2024,SEX_M,81,5.344,0.004760810264249915
PAN,BA:511,2024,SEX_M,82,0.66,5.879743215578113e-4
PAN,BA:511,2024,SEX_M,83,128.944,0.11487236502871276
PAN,BA:511,2024,SEX_M,91,29.255,0.026062407238142075
PAN,BA:511,2024,SEX_M,92,104.259,0.09288123453226645
PAN,BA:511,2024,SEX_M,93,76.205,0.06788876238532275
PAN,BA:511,2024,SEX_M,94,6.751,0.006014264613389067
PAN,BA:511,2024,SEX_M,95,8.115,0.007229411544608544
PAN,BA:511,2024,SEX_M,96,13.586,0.012103362322249128
PER,BA:16208,2024,SEX_F,01,3.395,4.274897975373062e-4
PER,BA:16208,2024,SEX_F,02,17.947,0.0022598407647723222
PER,BA:16208,2024,SEX_F,03,1.53,1.9265372319059748e-4
PER,BA:16208,2024,SEX_F,11,14.799,0.0018634525813710145
PER,BA:16208,2024,SEX_F,12,5.908,7.439203899412092e-4
PER,BA:16208,2024,SEX_F,13,13.271,0.0016710506931126926
PER,BA:16208,2024,SEX_F,14,7.236,9.111387849720023e-4
PER,BA:16208,2024,SEX_F,21,52.289,0.006584098386871341
PER,BA:16208,2024,SEX_F,22,146.766,0.018480402835157665
PER,BA:16208,2024,SEX_F,23,338.938,0.04267821413776126
PER,BA:16208,2024,SEX_F,24,77.625,0.009774343308934726
PER,BA:16208,2024,SEX_F,25,8.968,0.0011292278363224041
PER,BA:16208,2024,SEX_F,26,107.839,0.013578813630817544
PER,BA:16208,2024,SEX_F,31,36.633,0.004612734537020365
PER,BA:16208,2024,SEX_F,32,144.612,0.018209176613097178
PER,BA:16208,2024,SEX_F,33,222.933,0.028071158478463705
PER,BA:16208,2024,SEX_F,34,64.769,0.008155548364269157
PER,BA:16208,2024,SEX_F,35,11.466,0.0014437696667342424
PER,BA:16208,2024,SEX_F,41,111.691,0.014063847710379754
PER,BA:16208,2024,SEX_F,42,112.99,0.014227414498892555
PER,BA:16208,2024,SEX_F,43,53.197,0.006698431446124324
PER,BA:16208,2024,SEX_F,44,257.669,0.03244502758222095
PER,BA:16208,2024,SEX_F,51,576.064,0.07253651921311656
PER,BA:16208,2024,SEX_F,52,1443.74,0.1817920825615642
PER,BA:16208,2024,SEX_F,53,84.753,0.010671883007563863
PER,BA:16208,2024,SEX_F,54,17.222,0.0021685506018225297
PER,BA:16208,2024,SEX_F,61,663.426,0.08353692088983355
PER,BA:16208,2024,SEX_F,62,2.273,2.8621040053086803e-4
PER,BA:16208,2024,SEX_F,71,7.008,8.824296026926191e-4
PER,BA:16208,2024,SEX_F,72,8.421,0.001060350982345112
PER,BA:16208,2024,SEX_F,73,255.602,0.03218475617971445
PER,BA:16208,2024,SEX_F,74,5.121,6.448233440908823e-4
PER,BA:16208,2024,SEX_F,75,163.448,0.02058095800526587
PER,BA:16208,2024,SEX_F,81,63.714,0.00802270543749394
PER,BA:16208,2024,SEX_F,83,23.476,0.002956038435047364
PER,BA:16208,2024,SEX_F,91,585.848,0.07376849570180728
PER,BA:16208,2024,SEX_F,92,1044.279,0.13149296562075422
PER,BA:16208,2024,SEX_F,93,70.324,0.008855019888663777
PER,BA:16208,2024,SEX_F,94,460.22,0.05794973626586718
PER,BA:16208,2024,SEX_F,95,440.031,0.055407588542014254
PER,BA:16208,2024,SEX_F,96,214.269,0.026980209551847146
PER,BA:16208,2024,SEX_M,01,10.072,0.001032639380941303
PER,BA:16208,2024,SEX_M,02,76.164,0.007808771426728893
PER,BA:16208,2024,SEX_M,03,16.201,0.0016610197190855887
PER,BA:16208,2024,SEX_M,11,32.413,0.0033231672214506006
PER,BA:16208,2024,SEX_M,12,3.824,3.9205847822870754e-4
PER,BA:16208,2024,SEX_M,13,24.99,0.0025621185593450316
PER,BA:16208,2024,SEX_M,14,12.383,0.0012695763953729303
PER,BA:16208,2024,SEX_M,21,147.4,0.01511229594427602
PER,BA:16208,2024,SEX_M,22,73.899,0.007576550596920309
PER,BA:16208,2024,SEX_M,23,229.158,0.02349459643146814
PER,BA:16208,2024,SEX_M,24,83.182,0.00852829715900114
PER,BA:16208,2024,SEX_M,25,58.359,0.00598330040035281
PER,BA:16208,2024,SEX_M,26,98.883,0.01013805400174929
PER,BA:16208,2024,SEX_M,31,236.195,0.024216070153041207
PER,BA:16208,2024,SEX_M,32,51.108,0.0052398861677073185
PER,BA:16208,2024,SEX_M,33,278.965,0.02860109659494545
PER,BA:16208,2024,SEX_M,34,138.486,0.014198381384932216
PER,BA:16208,2024,SEX_M,35,65.198,0.006684474022896254
PER,BA:16208,2024,SEX_M,41,67.534,0.006923974181144754
PER,BA:16208,2024,SEX_M,42,61.184,0.006272935651659321
PER,BA:16208,2024,SEX_M,43,139.211,0.0142727125556215
PER,BA:16208,2024,SEX_M,44,195.022,0.019994777338158735
PER,BA:16208,2024,SEX_M,51,221.432,0.022702482466302083
PER,BA:16208,2024,SEX_M,52,659.051,0.06756969982612657
PER,BA:16208,2024,SEX_M,53,10.592,0.0010859527723322362
PER,BA:16208,2024,SEX_M,54,116.9,0.011985260487692447
PER,BA:16208,2024,SEX_M,61,1296.307,0.1329048508727043
PER,BA:16208,2024,SEX_M,62,54.084,0.005545002807667736
PER,BA:16208,2024,SEX_M,71,380.284,0.03898890333021073
PER,BA:16208,2024,SEX_M,72,338.128,0.034666827700448856
PER,BA:16208,2024,SEX_M,73,268.385,0.027516374131645312
PER,BA:16208,2024,SEX_M,74,145.254,0.014892275679035744
PER,BA:16208,2024,SEX_M,75,110.015,0.011279370680525959
PER,BA:16208,2024,SEX_M,81,151.148,0.015496562465301436
PER,BA:16208,2024,SEX_M,82,1.595,1.635285755164196e-4
PER,BA:16208,2024,SEX_M,83,1237.264,0.12685142285752185
PER,BA:16208,2024,SEX_M,91,125.313,0.012847809644946138
PER,BA:16208,2024,SEX_M,92,982.111,0.10069166948527046
PER,BA:16208,2024,SEX_M,93,786.743,0.08066141823668622
PER,BA:16208,2024,SEX_M,94,150.29,0.015408595369506397
PER,BA:16208,2024,SEX_M,95,184.315,0.01889703410426889
PER,BA:16208,2024,SEX_M,96,434.605,0.04455820474126241
PHL,BA:629,2023,SEX_F,01,1.848,9.577738847194747e-5
PHL,BA:629,2023,SEX_F,02,1.601,8.297597345432245e-5
PHL,BA:629,2023,SEX_F,03,2.753,1.426813584757962e-4
PHL,BA:629,2023,SEX_F,11,203.085,0.01052540635163715
PHL,BA:629,2023,SEX_F,12,205.767,0.010664407951140266
PHL,BA:629,2023,SEX_F,13,163.506,0.008474122120938442
PHL,BA:629,2023,SEX_F,14,287.168,0.014883225699519593
PHL,BA:629,2023,SEX_F,21,83.551,0.004330247069382945
PHL,BA:629,2023,SEX_F,22,265.297,0.01374970445316139
PHL,BA:629,2023,SEX_F,23,1031.482,0.0534592273895137
PHL,BA:629,2023,SEX_F,24,199.381,0.010333436953963937
PHL,BA:629,2023,SEX_F,25,63.41,0.0032863875557392792
PHL,BA:629,2023,SEX_F,26,69.669,0.0036107764488377205
PHL,BA:629,2023,SEX_F,31,73.891,0.003829592538734129
PHL,BA:629,2023,SEX_F,32,408.791,0.021186652819716382
PHL,BA:629,2023,SEX_F,33,431.544,0.022365886001481653
PHL,BA:629,2023,SEX_F,34,67.792,0.0035134960602220037
PHL,BA:629,2023,SEX_F,35,32.034,0.0016602450553627516
PHL,BA:629,2023,SEX_F,41,771.186,0.03996871271976584
PHL,BA:629,2023,SEX_F,42,940.858,0.048762403767824425
PHL,BA:629,2023,SEX_F,43,257.653,0.013353534346300152
PHL,BA:629,2023,SEX_F,44,103.754,0.005377319893678808
PHL,BA:629,2023,SEX_F,51,826.33,0.042826693406939585
PHL,BA:629,2023,SEX_F,52,5573.381,0.2888549118718458
PHL,BA:629,2023,SEX_F,53,390.533,0.020240384660235422
PHL,BA:629,2023,SEX_F,54,135.743,0.007035232707439158
PHL,BA:629,2023,SEX_F,61,934.463,0.048430966322327615
PHL,BA:629,2023,SEX_F,62,51.112,0.002649011839598582
PHL,BA:629,2023,SEX_F,63,10.687,5.538814667747307e-4
PHL,BA:629,2023,SEX_F,71,9.575,4.962491853998359e-4
PHL,BA:629,2023,SEX_F,72,8.71,4.5141831904256627e-4
PHL,BA:629,2023,SEX_F,73,150.879,0.007819695127304632
PHL,BA:629,2023,SEX_F,74,7.999,4.145689017246254e-4
PHL,BA:629,2023,SEX_F,75,442.023,0.022908987329294174
PHL,BA:629,2023,SEX_F,81,100.702,0.005219142085444834
PHL,BA:629,2023,SEX_F,82,191.221,0.009910523810061833
PHL,BA:629,2023,SEX_F,83,29.947,0.001552080872602495
PHL,BA:629,2023,SEX_F,91,1601.082,0.08298022331679794
PHL,BA:629,2023,SEX_F,92,1706.622,0.0884501072882965
PHL,BA:629,2023,SEX_F,93,929.278,0.048162240262139826
PHL,BA:629,2023,SEX_F,94,190.634,0.009880101014048286
PHL,BA:629,2023,SEX_F,95,177.002,0.00917358729129418
PHL,BA:629,2023,SEX_F,96,160.798,0.008333773004065048
PHL,BA:629,2023,SEX_M,01,18.594,6.726288044006725e-4
PHL,BA:629,2023,SEX_M,02,12.828,4.6404659045131894e-4
PHL,BA:629,2023,SEX_M,03,54.716,0.0019793243875221678
PHL,BA:629,2023,SEX_M,11,253.894,0.009184490570318614
PHL,BA:629,2023,SEX_M,12,183.605,0.006641820567494108
PHL,BA:629,2023,SEX_M,13,316.167,0.011437185715873259
PHL,BA:629,2023,SEX_M,14,267.794,0.009687316233498637
PHL,BA:629,2023,SEX_M,21,230.536,0.00833952640912732
PHL,BA:629,2023,SEX_M,22,96.338,0.0034849797654271254
PHL,BA:629,2023,SEX_M,23,302.882,0.010956607375200841
PHL,BA:629,2023,SEX_M,24,103.357,0.003738888638078966
PHL,BA:629,2023,SEX_M,25,132.67,0.004799271995258534
PHL,BA:629,2023,SEX_M,26,103.652,0.003749560117980988
PHL,BA:629,2023,SEX_M,31,266.502,0.009640578768978595
PHL,BA:629,2023,SEX_M,32,107.543,0.0038903151291632522
PHL,BA:629,2023,SEX_M,33,361.511,0.013077482613084408
PHL,BA:629,2023,SEX_M,34,118.073,0.004271232699903226
PHL,BA:629,2023,SEX_M,35,120.718,0.00436691427394
PHL,BA:629,2023,SEX_M,41,409.724,0.014821564174156237
PHL,BA:629,2023,SEX_M,42,725.418,0.02624163934767812
PHL,BA:629,2023,SEX_M,43,250.567,0.009064137981728691
PHL,BA:629,2023,SEX_M,44,64.486,0.002332749332073882
PHL,BA:629,2023,SEX_M,51,887.731,0.03211323228780323
PHL,BA:629,2023,SEX_M,52,2223.411,0.08043079932350776
PHL,BA:629,2023,SEX_M,53,47.384,0.0017140928938217414
PHL,BA:629,2023,SEX_M,54,955.394,0.03456090803224567
PHL,BA:629,2023,SEX_M,61,3339.127,0.12079127685016693
PHL,BA:629,2023,SEX_M,62,868.047,0.031401173269527294
PHL,BA:629,2023,SEX_M,63,31.344,0.0011338537832168804
PHL,BA:629,2023,SEX_M,71,1212.029,0.04384455292938273
PHL,BA:629,2023,SEX_M,72,659.868,0.023870400338940674
PHL,BA:629,2023,SEX_M,73,157.802,0.0057084097338945304
PHL,BA:629,2023,SEX_M,74,369.296,0.013359101158973362
PHL,BA:629,2023,SEX_M,75,336.012,0.012155068829960133
PHL,BA:629,2023,SEX_M,81,267.193,0.009665575354105026
PHL,BA:629,2023,SEX_M,82,147.457,0.005334184447160909
PHL,BA:629,2023,SEX_M,83,3225.385,0.11667671594502865
PHL,BA:629,2023,SEX_M,91,405.296,0.01466138345210148
PHL,BA:629,2023,SEX_M,92,3183.373,0.11515695250894814
PHL,BA:629,2023,SEX_M,93,3862.235,0.13971445145554645
PHL,BA:629,2023,SEX_M,94,130.153,0.004708220758263994
PHL,BA:629,2023,SEX_M,95,111.415,0.0040303828246908095
PHL,BA:629,2023,SEX_M,96,722.249,0.026127002331374702
PLW,AA:1541,2020,SEX_F,11,0.081,0.021310181531176007
PLW,AA:1541,2020,SEX_F,12,0.15,0.03946329913180742
PLW,AA:1541,2020,SEX_F,13,0.074,0.019468560905024995
PLW,AA:1541,2020,SEX_F,14,0.086,0.022625624835569586
PLW,AA:1541,2020,SEX_F,21,0.039,0.01026045777426993
PLW,AA:1541,2020,SEX_F,22,0.091,0.02394106813996317
PLW,AA:1541,2020,SEX_F,23,0.31,0.08155748487240201
PLW,AA:1541,2020,SEX_F,24,0.164,0.04314654038410945
PLW,AA:1541,2020,SEX_F,25,0.011,0.0028939752696658773
PLW,AA:1541,2020,SEX_F,26,0.088,0.02315180215732702
PLW,AA:1541,2020,SEX_F,31,0.022,0.005787950539331755
PLW,AA:1541,2020,SEX_F,32,0.122,0.032096816627203366
PLW,AA:1541,2020,SEX_F,33,0.258,0.06787687450670876
PLW,AA:1541,2020,SEX_F,34,0.032,0.008418837148118917
PLW,AA:1541,2020,SEX_F,35,0.021,0.005524861878453039
PLW,AA:1541,2020,SEX_F,41,0.436,0.11470665614312024
PLW,AA:1541,2020,SEX_F,42,0.142,0.03735858984477769
PLW,AA:1541,2020,SEX_F,43,0.138,0.03630623520126283
PLW,AA:1541,2020,SEX_F,44,0.026,0.0068403051828466194
PLW,AA:1541,2020,SEX_F,51,0.443,0.11654827676927125
PLW,AA:1541,2020,SEX_F,52,0.399,0.10497237569060774
PLW,AA:1541,2020,SEX_F,53,0.062,0.0163114969744804
PLW,AA:1541,2020,SEX_F,54,0.071,0.018679294922388845
PLW,AA:1541,2020,SEX_F,61,0.043,0.011312812417784793
PLW,AA:1541,2020,SEX_F,62,0.009,0.0023677979479084454
PLW,AA:1541,2020,SEX_F,63,0.06,0.01578531965272297
PLW,AA:1541,2020,SEX_F,73,0.005,0.0013154433043935808
PLW,AA:1541,2020,SEX_F,74,0.012,0.003157063930544594
PLW,AA:1541,2020,SEX_F,75,0.027,0.007103393843725336
PLW,AA:1541,2020,SEX_F,81,0.017,0.0044725072349381745
PLW,AA:1541,2020,SEX_F,83,0.008,0.002104709287029729
PLW,AA:1541,2020,SEX_F,91,0.212,0.05577479610628782
PLW,AA:1541,2020,SEX_F,92,0.028,0.007366482504604053
PLW,AA:1541,2020,SEX_F,93,0.008,0.002104709287029729
PLW,AA:1541,2020,SEX_F,94,0.046,0.012102078400420943
PLW,AA:1541,2020,SEX_F,96,0.06,0.01578531965272297
PLW,AA:1541,2020,SEX_M,11,0.131,0.02316124469589816
PLW,AA:1541,2020,SEX_M,12,0.146,0.02581329561527581
PLW,AA:1541,2020,SEX_M,13,0.089,0.015735502121640734
PLW,AA:1541,2020,SEX_M,14,0.079,0.013967468175388966
PLW,AA:1541,2020,SEX_M,21,0.194,0.0342998585572843
PLW,AA:1541,2020,SEX_M,22,0.039,0.006895332390381895
PLW,AA:1541,2020,SEX_M,23,0.119,0.021039603960396037
PLW,AA:1541,2020,SEX_M,24,0.054,0.009547383309759546
PLW,AA:1541,2020,SEX_M,25,0.01,0.001768033946251768
PLW,AA:1541,2020,SEX_M,26,0.072,0.012729844413012727
PLW,AA:1541,2020,SEX_M,31,0.251,0.044377652050919376
PLW,AA:1541,2020,SEX_M,32,0.043,0.007602545968882601
PLW,AA:1541,2020,SEX_M,33,0.216,0.03818953323903818
PLW,AA:1541,2020,SEX_M,34,0.075,0.013260254596888258
PLW,AA:1541,2020,SEX_M,35,0.078,0.01379066478076379
PLW,AA:1541,2020,SEX_M,41,0.106,0.01874115983026874
PLW,AA:1541,2020,SEX_M,42,0.04,0.007072135785007072
PLW,AA:1541,2020,SEX_M,43,0.113,0.019978783592644978
PLW,AA:1541,2020,SEX_M,44,0.024,0.004243281471004243
PLW,AA:1541,2020,SEX_M,51,0.49,0.08663366336633663
PLW,AA:1541,2020,SEX_M,52,0.23,0.04066478076379066
PLW,AA:1541,2020,SEX_M,53,0.011,0.0019448373408769446
PLW,AA:1541,2020,SEX_M,54,0.49,0.08663366336633663
PLW,AA:1541,2020,SEX_M,61,0.088,0.015558698727015556
PLW,AA:1541,2020,SEX_M,62,0.049,0.008663366336633662
PLW,AA:1541,2020,SEX_M,63,0.118,0.020862800565770858
PLW,AA:1541,2020,SEX_M,71,0.64,0.11315417256011315
PLW,AA:1541,2020,SEX_M,72,0.189,0.03341584158415841
PLW,AA:1541,2020,SEX_M,73,0.027,0.004773691654879773
PLW,AA:1541,2020,SEX_M,74,0.121,0.02139321074964639
PLW,AA:1541,2020,SEX_M,75,0.075,0.013260254596888258
PLW,AA:1541,2020,SEX_M,81,0.026,0.004596888260254596
PLW,AA:1541,2020,SEX_M,83,0.237,0.0419024045261669
PLW,AA:1541,2020,SEX_M,91,0.19,0.03359264497878359
PLW,AA:1541,2020,SEX_M,92,0.135,0.023868458274398867
PLW,AA:1541,2020,SEX_M,93,0.188,0.033239038189533235
PLW,AA:1541,2020,SEX_M,94,0.023,0.004066478076379066
PLW,AA:1541,2020,SEX_M,95,0.006,0.0010608203677510608
PLW,AA:1541,2020,SEX_M,96,0.444,0.07850070721357849
PNG,BX:16221,2022,SEX_F,11,2.936,0.0015371993338104792
PNG,BX:16221,2022,SEX_F,12,8.273,0.0043314884498004405
PNG,BX:16221,2022,SEX_F,13,3.124,0.001635630353822867
PNG,BX:16221,2022,SEX_F,14,2.88,0.0015078794555089168
PNG,BX:16221,2022,SEX_F,22,20.31,0.010633691576870174
PNG,BX:16221,2022,SEX_F,23,128.067,0.067051943829396
PNG,BX:16221,2022,SEX_F,24,14.466,0.007573952848399997
PNG,BX:16221,2022,SEX_F,26,6.124,0.0032063381199779885
PNG,BX:16221,2022,SEX_F,32,11.741,0.006147226627475761
PNG,BX:16221,2022,SEX_F,33,19.889,0.010413268920353071
PNG,BX:16221,2022,SEX_F,34,3.42,0.0017906068534168389
PNG,BX:16221,2022,SEX_F,41,15.287,0.008003803207071116
PNG,BX:16221,2022,SEX_F,42,11.452,0.005995915112669485
PNG,BX:16221,2022,SEX_F,43,6.171,0.0032309458749810857
PNG,BX:16221,2022,SEX_F,44,4.899,0.002564965782131314
PNG,BX:16221,2022,SEX_F,51,12.07,0.00631948091249744
PNG,BX:16221,2022,SEX_F,52,539.092,0.2822519970240323
PNG,BX:16221,2022,SEX_F,53,15.594,0.008164538968474322
PNG,BX:16221,2022,SEX_F,54,5.811,0.003042460943042471
PNG,BX:16221,2022,SEX_F,61,409.444,0.21437229020187257
PNG,BX:16221,2022,SEX_F,62,3.858,0.002019930187275487
PNG,BX:16221,2022,SEX_F,63,320.507,0.16780761133569322
PNG,BX:16221,2022,SEX_F,71,4.843,0.0025356459038297515
PNG,BX:16221,2022,SEX_F,72,2.047,0.0010717462657731781
PNG,BX:16221,2022,SEX_F,73,3.822,0.002001081694081625
PNG,BX:16221,2022,SEX_F,75,16.328,0.008548838801926943
PNG,BX:16221,2022,SEX_F,81,23.256,0.012176126603234505
PNG,BX:16221,2022,SEX_F,91,23.652,0.012383460028366981
PNG,BX:16221,2022,SEX_F,92,122.58,0.06417911932509827
PNG,BX:16221,2022,SEX_F,93,7.73,0.004047190344126364
PNG,BX:16221,2022,SEX_F,95,136.583,0.07151065960825499
PNG,BX:16221,2022,SEX_F,96,3.711,0.0019429655067338856
PNG,BX:16221,2022,SEX_M,03,4.151,0.0019997157715477684
PNG,BX:16221,2022,SEX_M,11,24.534,0.011819086181438917
PNG,BX:16221,2022,SEX_M,12,23.7,0.011417312403199736
PNG,BX:16221,2022,SEX_M,13,18.216,0.008775433026864406
PNG,BX:16221,2022,SEX_M,14,3.53,0.0017005532819955726
PNG,BX:16221,2022,SEX_M,21,10.968,0.005283758752670663
PNG,BX:16221,2022,SEX_M,22,13.076,0.0062992732904742525
PNG,BX:16221,2022,SEX_M,23,135.917,0.06547708227450205
PNG,BX:16221,2022,SEX_M,24,20.409,0.009831895731514913
PNG,BX:16221,2022,SEX_M,26,35.142,0.0169294174039344
PNG,BX:16221,2022,SEX_M,31,8.315,0.0040056942039074185
PNG,BX:16221,2022,SEX_M,32,15.658,0.007543134076341835
PNG,BX:16221,2022,SEX_M,33,34.323,0.016534869772785846
PNG,BX:16221,2022,SEX_M,34,11.057,0.005326633892075085
PNG,BX:16221,2022,SEX_M,35,4.322,0.0020820938483809815
PNG,BX:16221,2022,SEX_M,41,14.209,0.006845088267386712
PNG,BX:16221,2022,SEX_M,42,7.654,0.003687261988780202
PNG,BX:16221,2022,SEX_M,43,10.879,0.0052408836132662425
PNG,BX:16221,2022,SEX_M,51,17.77,0.008560575586702925
PNG,BX:16221,2022,SEX_M,52,251.518,0.12116707092945113
PNG,BX:16221,2022,SEX_M,54,83.987,0.04046016104673149
PNG,BX:16221,2022,SEX_M,61,439.24,0.2116008565393018
PNG,BX:16221,2022,SEX_M,62,20.762,0.010001951059714471
PNG,BX:16221,2022,SEX_M,63,298.377,0.14374107269744846
PNG,BX:16221,2022,SEX_M,71,106.816,0.051457875175535156
PNG,BX:16221,2022,SEX_M,72,53.308,0.025680763273830027
PNG,BX:16221,2022,SEX_M,73,8.363,0.004028817874597443
PNG,BX:16221,2022,SEX_M,74,20.347,0.009802027656873631
PNG,BX:16221,2022,SEX_M,75,4.607,0.002219390643103004
PNG,BX:16221,2022,SEX_M,81,57.154,0.027533547387868264
PNG,BX:16221,2022,SEX_M,83,80.647,0.03885113896121727
PNG,BX:16221,2022,SEX_M,91,9.954,0.00479527120934389
PNG,BX:16221,2022,SEX_M,92,93.361,0.044976021235237584
PNG,BX:16221,2022,SEX_M,93,21.347,0.010283770796249148
PNG,BX:16221,2022,SEX_M,95,97.117,0.04678544846673202
PNG,BX:16221,2022,SEX_M,96,15.06,0.007255051678995277
POL,BA:432,2024,SEX_F,01,2.486,3.1366279029421856e-4
POL,BA:432,2024,SEX_F,02,6.579,8.300834663498244e-4
POL,BA:432,2024,SEX_F,03,8.698,0.0010974412509972295
POL,BA:432,2024,SEX_F,11,94.884,0.011971673449025192
POL,BA:432,2024,SEX_F,12,182.561,0.02303402761822318
POL,BA:432,2024,SEX_F,13,122.375,0.015440259035500802
POL,BA:432,2024,SEX_F,14,127.394,0.016073514684932292
POL,BA:432,2024,SEX_F,21,189.016,0.023848465796561545
POL,BA:432,2024,SEX_F,22,516.842,0.06521082214852955
POL,BA:432,2024,SEX_F,23,699.739,0.0882872434503967
POL,BA:432,2024,SEX_F,24,728.078,0.09186282261940226
POL,BA:432,2024,SEX_F,25,85.736,0.010817454943147675
POL,BA:432,2024,SEX_F,26,247.907,0.03127884205690621
POL,BA:432,2024,SEX_F,31,148.895,0.018786331923112496
POL,BA:432,2024,SEX_F,32,165.959,0.020939325428173054
POL,BA:432,2024,SEX_F,33,656.454,0.08282590238930045
POL,BA:432,2024,SEX_F,34,193.482,0.024411948508329038
POL,BA:432,2024,SEX_F,35,12.725,0.0016055345963370596
POL,BA:432,2024,SEX_F,41,501.86,0.06332051807604848
POL,BA:432,2024,SEX_F,42,126.96,0.016018756176892187
POL,BA:432,2024,SEX_F,43,183.964,0.02321104648177217
POL,BA:432,2024,SEX_F,44,31.45,0.003968099257744639
POL,BA:432,2024,SEX_F,51,344.632,0.04348279756423054
POL,BA:432,2024,SEX_F,52,876.599,0.11060196633512537
POL,BA:432,2024,SEX_F,53,181.612,0.022914290696264526
POL,BA:432,2024,SEX_F,54,31.87,0.004021091362299575
POL,BA:432,2024,SEX_F,61,373.973,0.04718480075410289
POL,BA:432,2024,SEX_F,62,1.891,2.3859064217472535e-4
POL,BA:432,2024,SEX_F,63,55.904,0.007053501459617053
POL,BA:432,2024,SEX_F,71,13.819,0.001743566411534918
POL,BA:432,2024,SEX_F,72,37.304,0.004706708257898443
POL,BA:432,2024,SEX_F,73,24.949,0.003147857182240731
POL,BA:432,2024,SEX_F,74,9.677,0.0012209633232812358
POL,BA:432,2024,SEX_F,75,199.954,0.025228531605185105
POL,BA:432,2024,SEX_F,81,133.058,0.01678815106635886
POL,BA:432,2024,SEX_F,82,68.226,0.008608188869916876
POL,BA:432,2024,SEX_F,83,36.427,0.004596055696720634
POL,BA:432,2024,SEX_F,91,281.005,0.035454872239190215
POL,BA:432,2024,SEX_F,92,10.778,0.0013598783402216763
POL,BA:432,2024,SEX_F,93,103.075,0.013005145659523964
POL,BA:432,2024,SEX_F,94,65.942,0.00832001275848003
POL,BA:432,2024,SEX_F,96,40.97,0.00516925362765653
POL,BA:432,2024,SEX_M,01,27.712,0.00299132825682591
POL,BA:432,2024,SEX_M,02,43.676,0.0047145371299483424
POL,BA:432,2024,SEX_M,03,63.392,0.0068427497422310956
POL,BA:432,2024,SEX_M,11,140.721,0.01518990703048495
POL,BA:432,2024,SEX_M,12,161.719,0.01745650311654263
POL,BA:432,2024,SEX_M,13,271.546,0.029311605904591823
POL,BA:432,2024,SEX_M,14,159.968,0.017267494175372662
POL,BA:432,2024,SEX_M,21,388.048,0.04188723106974527
POL,BA:432,2024,SEX_M,22,115.528,0.012470488266981227
POL,BA:432,2024,SEX_M,23,178.756,0.01929553528713815
POL,BA:432,2024,SEX_M,24,423.895,0.045756679107506464
POL,BA:432,2024,SEX_M,25,394.318,0.04256403635880049
POL,BA:432,2024,SEX_M,26,145.35,0.015689577155371177
POL,BA:432,2024,SEX_M,31,473.912,0.051155685509847025
POL,BA:432,2024,SEX_M,32,60.146,0.006492365377275231
POL,BA:432,2024,SEX_M,33,436.55,0.0471227031797543
POL,BA:432,2024,SEX_M,34,81.012,0.00874471293093175
POL,BA:432,2024,SEX_M,35,96.173,0.01038124323194711
POL,BA:432,2024,SEX_M,41,113.671,0.012270037322519417
POL,BA:432,2024,SEX_M,42,28.649,0.003092471248188709
POL,BA:432,2024,SEX_M,43,326.252,0.035216759037455504
POL,BA:432,2024,SEX_M,44,44.705,0.004825610916621042
POL,BA:432,2024,SEX_M,51,157.144,0.016962661936729607
POL,BA:432,2024,SEX_M,52,303.796,0.03279278143442134
POL,BA:432,2024,SEX_M,53,27.46,0.002964126513150963
POL,BA:432,2024,SEX_M,54,197.678,0.021338040818159362
POL,BA:432,2024,SEX_M,61,634.748,0.06851687458010007
POL,BA:432,2024,SEX_M,62,15.068,0.001626491562278176
POL,BA:432,2024,SEX_M,63,48.888,0.0052771382729397045
POL,BA:432,2024,SEX_M,71,914.682,0.0987339099527294
POL,BA:432,2024,SEX_M,72,673.733,0.07272504909267072
POL,BA:432,2024,SEX_M,73,46.709,0.00504192954489324
POL,BA:432,2024,SEX_M,74,233.132,0.025165067088998922
POL,BA:432,2024,SEX_M,75,284.689,0.030730306369353047
POL,BA:432,2024,SEX_M,81,329.352,0.03555138366202826
POL,BA:432,2024,SEX_M,82,78.22,0.008443334881961702
POL,BA:432,2024,SEX_M,83,916.507,0.0989309067075182
POL,BA:432,2024,SEX_M,91,31.102,0.0033572564753103153
POL,BA:432,2024,SEX_M,92,26.077,0.0028148407532206
POL,BA:432,2024,SEX_M,93,101.024,0.010904876797689837
POL,BA:432,2024,SEX_M,94,7.941,8.571787560426729e-4
POL,BA:432,2024,SEX_M,96,60.463,0.006526583443723478
PRT,BA:2252,2024,SEX_F,01,1.193,4.7382522720177805e-4
PRT,BA:2252,2024,SEX_F,02,1.267,5.032158951086779e-4
PRT,BA:2252,2024,SEX_F,03,1.597,6.342823871259342e-4
PRT,BA:2252,2024,SEX_F,11,11.263,0.0044733390896677504
PRT,BA:2252,2024,SEX_F,12,29.675,0.011786055001854789
PRT,BA:2252,2024,SEX_F,13,36.67,0.014564267461432693
PRT,BA:2252,2024,SEX_F,14,40.205,0.015968267610769058
PRT,BA:2252,2024,SEX_F,21,66.723,0.02650045317232543
PRT,BA:2252,2024,SEX_F,22,154.763,0.06146740455777769
PRT,BA:2252,2024,SEX_F,23,198.078,0.0786708745630124
PRT,BA:2252,2024,SEX_F,24,128.178,0.05090860852662993
PRT,BA:2252,2024,SEX_F,25,36.254,0.014399044247253362
PRT,BA:2252,2024,SEX_F,26,96.754,0.03842790111708368
PRT,BA:2252,2024,SEX_F,31,26.807,0.010646968034868452
PRT,BA:2252,2024,SEX_F,32,50.776,0.020166764238388504
PRT,BA:2252,2024,SEX_F,33,138.071,0.0548378230888321
PRT,BA:2252,2024,SEX_F,34,30.837,0.012247567922230704
PRT,BA:2252,2024,SEX_F,35,7.816,0.0031042900048693185
PRT,BA:2252,2024,SEX_F,41,209.242,0.08310489370507497
PRT,BA:2252,2024,SEX_F,42,75.335,0.029920891442787884
PRT,BA:2252,2024,SEX_F,43,27.028,0.01073474286740122
PRT,BA:2252,2024,SEX_F,44,6.483,0.0025748608113571893
PRT,BA:2252,2024,SEX_F,51,140.959,0.05598485347957706
PRT,BA:2252,2024,SEX_F,52,234.098,0.0929769807522899
PRT,BA:2252,2024,SEX_F,53,220.046,0.08739593121948236
PRT,BA:2252,2024,SEX_F,54,13.316,0.005288731538490257
PRT,BA:2252,2024,SEX_F,61,28.993,0.011515184251685791
PRT,BA:2252,2024,SEX_F,62,0.512,2.033516482207128e-4
PRT,BA:2252,2024,SEX_F,71,1.773,7.041845162018042e-4
PRT,BA:2252,2024,SEX_F,72,5.573,0.0022134350303399074
PRT,BA:2252,2024,SEX_F,73,11.785,0.004680662449767774
PRT,BA:2252,2024,SEX_F,74,0.829,3.2925491479486504e-4
PRT,BA:2252,2024,SEX_F,75,73.075,0.029023284558063647
PRT,BA:2252,2024,SEX_F,81,98.471,0.03910984404676135
PRT,BA:2252,2024,SEX_F,82,11.76,0.0046707331700694965
PRT,BA:2252,2024,SEX_F,83,11.965,0.004752153263595368
PRT,BA:2252,2024,SEX_F,91,195.211,0.077532184767214
PRT,BA:2252,2024,SEX_F,92,8.531,0.003388267404240041
PRT,BA:2252,2024,SEX_F,93,30.236,0.012008868038284125
PRT,BA:2252,2024,SEX_F,94,38.501,0.015291487906534498
PRT,BA:2252,2024,SEX_F,95,2.899,0.0011513992738122
PRT,BA:2252,2024,SEX_F,96,14.258,0.005662866797521334
PRT,BA:2252,2024,SEX_M,01,5.691,0.0021935284935150033
PRT,BA:2252,2024,SEX_M,02,7.271,0.00280252076548016
PRT,BA:2252,2024,SEX_M,03,5.322,0.0020513018173408623
PRT,BA:2252,2024,SEX_M,11,23.326,0.008990730212569138
PRT,BA:2252,2024,SEX_M,12,26.746,0.010308928674670932
PRT,BA:2252,2024,SEX_M,13,73.095,0.028173601341324753
PRT,BA:2252,2024,SEX_M,14,68.801,0.026518529938908058
PRT,BA:2252,2024,SEX_M,21,128.326,0.0494617356279751
PRT,BA:2252,2024,SEX_M,22,51.019,0.01966466881227235
PRT,BA:2252,2024,SEX_M,23,74.322,0.028646533947464782
PRT,BA:2252,2024,SEX_M,24,79.226,0.03053672261943765
PRT,BA:2252,2024,SEX_M,25,114.167,0.044004316907244316
PRT,BA:2252,2024,SEX_M,26,50.492,0.019461542908901695
PRT,BA:2252,2024,SEX_M,31,98.186,0.03784462988301953
PRT,BA:2252,2024,SEX_M,32,16.525,0.006369365376091272
PRT,BA:2252,2024,SEX_M,33,141.512,0.05454412303185647
PRT,BA:2252,2024,SEX_M,34,37.082,0.014292817360134134
PRT,BA:2252,2024,SEX_M,35,43.18,0.016643219179402185
PRT,BA:2252,2024,SEX_M,41,56.288,0.021695542407832103
PRT,BA:2252,2024,SEX_M,42,34.463,0.013283354853629865
PRT,BA:2252,2024,SEX_M,43,61.253,0.023609242806760588
PRT,BA:2252,2024,SEX_M,44,7.861,0.0030299292721000597
PRT,BA:2252,2024,SEX_M,51,70.993,0.027363410356723007
PRT,BA:2252,2024,SEX_M,52,140.18,0.054030719420301035
PRT,BA:2252,2024,SEX_M,53,15.638,0.006027481739867795
PRT,BA:2252,2024,SEX_M,54,93.065,0.035870801133188156
PRT,BA:2252,2024,SEX_M,61,69.578,0.02681801537898206
PRT,BA:2252,2024,SEX_M,62,16.684,0.006430650041434602
PRT,BA:2252,2024,SEX_M,71,216.826,0.08357301162096013
PRT,BA:2252,2024,SEX_M,72,168.149,0.06481103894852475
PRT,BA:2252,2024,SEX_M,73,16.03,0.006178573493418644
PRT,BA:2252,2024,SEX_M,74,78.293,0.030177108828460756
PRT,BA:2252,2024,SEX_M,75,83.835,0.03231320703810056
PRT,BA:2252,2024,SEX_M,81,68.649,0.026459943340592422
PRT,BA:2252,2024,SEX_M,82,12.842,0.004949796681377556
PRT,BA:2252,2024,SEX_M,83,200.106,0.07712848580624025
PRT,BA:2252,2024,SEX_M,91,12.931,0.004984100676443948
PRT,BA:2252,2024,SEX_M,92,11.312,0.004360076316753069
PRT,BA:2252,2024,SEX_M,93,58.209,0.02243596908786063
PRT,BA:2252,2024,SEX_M,94,6.66,0.0025670180577771783
PRT,BA:2252,2024,SEX_M,95,3.222,0.0012418817090327431
PRT,BA:2252,2024,SEX_M,96,47.094,0.018151824086029795
PSE,BA:592,2024,SEX_F,01,1.804,0.013720404919267133
PSE,BA:592,2024,SEX_F,02,0.716,0.005445570910307797
PSE,BA:592,2024,SEX_F,11,1.918,0.014587437159176474
PSE,BA:592,2024,SEX_F,12,1.893,0.014397298510073549
PSE,BA:592,2024,SEX_F,13,2.627,0.01997976924773545
PSE,BA:592,2024,SEX_F,14,0.294,0.0022360305134504085
PSE,BA:592,2024,SEX_F,21,1.555,0.01182662397420199
PSE,BA:592,2024,SEX_F,22,10.359,0.07878585064228837
PSE,BA:592,2024,SEX_F,23,37.477,0.28503304609721414
PSE,BA:592,2024,SEX_F,24,7.138,0.054288387091867396
PSE,BA:592,2024,SEX_F,25,1.214,0.00923313280043808
PSE,BA:592,2024,SEX_F,26,4.14,0.03148696029144452
PSE,BA:592,2024,SEX_F,32,1.685,0.012815344949537205
PSE,BA:592,2024,SEX_F,33,8.378,0.06371926408737252
PSE,BA:592,2024,SEX_F,34,2.095,0.015933618794825192
PSE,BA:592,2024,SEX_F,35,0.452,0.0034377067757809
PSE,BA:592,2024,SEX_F,41,4.479,0.0340652403732802
PSE,BA:592,2024,SEX_F,42,1.532,0.0116516964170273
PSE,BA:592,2024,SEX_F,43,0.156,0.0011864651704022575
PSE,BA:592,2024,SEX_F,51,6.469,0.04920027684187311
PSE,BA:592,2024,SEX_F,52,11.185,0.08506803160864905
PSE,BA:592,2024,SEX_F,53,1.411,0.010731425355369138
PSE,BA:592,2024,SEX_F,61,1.16,0.00882243331837576
PSE,BA:592,2024,SEX_F,63,4.139,0.031479354745480415
PSE,BA:592,2024,SEX_F,73,0.224,0.001703642295962216
PSE,BA:592,2024,SEX_F,75,3.711,0.028224181072838316
PSE,BA:592,2024,SEX_F,81,2.948,0.02242114950221702
PSE,BA:592,2024,SEX_F,91,4.765,0.036240426519017675
PSE,BA:592,2024,SEX_F,92,1.224,0.009309188260079251
PSE,BA:592,2024,SEX_F,93,2.48,0.018861753991010248
PSE,BA:592,2024,SEX_F,94,0.512,0.0038940395336279224
PSE,BA:592,2024,SEX_F,96,1.343,0.010214248229809179
PSE,BA:592,2024,SEX_M,01,22.382,0.040635660688057504
PSE,BA:592,2024,SEX_M,02,7.652,0.013892595638683586
PSE,BA:592,2024,SEX_M,03,2.743,0.004980056173145462
PSE,BA:592,2024,SEX_M,11,5.532,0.010043627688603972
PSE,BA:592,2024,SEX_M,12,4.949,0.008985161502332079
PSE,BA:592,2024,SEX_M,13,9.433,0.01712609182693443
PSE,BA:592,2024,SEX_M,14,2.311,0.004195738175770748
PSE,BA:592,2024,SEX_M,21,8.294,0.015058179329226564
PSE,BA:592,2024,SEX_M,22,9.358,0.016989925507945765
PSE,BA:592,2024,SEX_M,23,17.361,0.031519779519496305
PSE,BA:592,2024,SEX_M,24,10.102,0.018340695392313328
PSE,BA:592,2024,SEX_M,25,2.914,0.00529051538043962
PSE,BA:592,2024,SEX_M,26,6.44,0.011692147923826751
PSE,BA:592,2024,SEX_M,31,5.518,0.010018209975726087
PSE,BA:592,2024,SEX_M,32,2.209,0.0040105519819461635
PSE,BA:592,2024,SEX_M,33,9.698,0.01760721282069438
PSE,BA:592,2024,SEX_M,34,2.396,0.004350060003957903
PSE,BA:592,2024,SEX_M,35,0.844,0.0015323249763524497
PSE,BA:592,2024,SEX_M,41,1.726,0.0031336408876591567
PSE,BA:592,2024,SEX_M,42,2.634,0.004782161122881935
PSE,BA:592,2024,SEX_M,43,0.445,8.07920159332749e-4
PSE,BA:592,2024,SEX_M,44,0.509,9.24115418203077e-4
PSE,BA:592,2024,SEX_M,51,18.535,0.03365123629939888
PSE,BA:592,2024,SEX_M,52,82.575,0.1499191172065208
PSE,BA:592,2024,SEX_M,53,0.319,5.791607434317909e-4
PSE,BA:592,2024,SEX_M,54,7.772,0.014110461749065452
PSE,BA:592,2024,SEX_M,61,17.726,0.03218245560524114
PSE,BA:592,2024,SEX_M,63,5.553,0.010081754257920798
PSE,BA:592,2024,SEX_M,71,46.564,0.08453931303184298
PSE,BA:592,2024,SEX_M,72,30.318,0.05504387278797817
PSE,BA:592,2024,SEX_M,73,2.172,0.003943376597911755
PSE,BA:592,2024,SEX_M,74,15.445,0.02804118395706586
PSE,BA:592,2024,SEX_M,75,27.654,0.050207245137500765
PSE,BA:592,2024,SEX_M,81,16.856,0.030602926304972626
PSE,BA:592,2024,SEX_M,82,0.703,0.0012763322966537584
PSE,BA:592,2024,SEX_M,83,49.825,0.09045982458147016
PSE,BA:592,2024,SEX_M,91,11.742,0.021318198900865483
PSE,BA:592,2024,SEX_M,92,13.016,0.023631210772752948
PSE,BA:592,2024,SEX_M,93,45.807,0.08316494098551738
PSE,BA:592,2024,SEX_M,94,6.819,0.012380241722449474
PSE,BA:592,2024,SEX_M,95,1.271,0.002307565219127919
PSE,BA:592,2024,SEX_M,96,14.675,0.02664320974878223
ROU,BA:436,2024,SEX_F,01,1.63,4.856165154899751e-4
ROU,BA:436,2024,SEX_F,02,0.712,2.1212206075390324e-4
ROU,BA:436,2024,SEX_F,11,25.59,0.007623881368949978
ROU,BA:436,2024,SEX_F,12,17.535,0.0052241015945501314
ROU,BA:436,2024,SEX_F,13,17.041,0.005076927018689979
ROU,BA:436,2024,SEX_F,14,10.091,0.0030063535323983674
ROU,BA:436,2024,SEX_F,21,62.531,0.0186295008160145
ROU,BA:436,2024,SEX_F,22,180.633,0.05381494971932557
ROU,BA:436,2024,SEX_F,23,207.589,0.06184579560371071
ROU,BA:436,2024,SEX_F,24,255.55,0.07613454020457862
ROU,BA:436,2024,SEX_F,25,34.5,0.010278386370800087
ROU,BA:436,2024,SEX_F,26,99.333,0.029593708793353192
ROU,BA:436,2024,SEX_F,31,24.49,0.007296164702054902
ROU,BA:436,2024,SEX_F,32,92.881,0.02767150157989226
ROU,BA:436,2024,SEX_F,33,147.729,0.04401205043976598
ROU,BA:436,2024,SEX_F,34,19.622,0.005845869488922879
ROU,BA:436,2024,SEX_F,35,15.343,0.004571051654701036
ROU,BA:436,2024,SEX_F,41,98.93,0.029473645323572543
ROU,BA:436,2024,SEX_F,42,47.968,0.014290830070566337
ROU,BA:436,2024,SEX_F,43,81.688,0.024336835532113552
ROU,BA:436,2024,SEX_F,44,20.386,0.00607348361029364
ROU,BA:436,2024,SEX_F,51,183.584,0.054694124159332266
ROU,BA:436,2024,SEX_F,52,619.986,0.18470885949237284
ROU,BA:436,2024,SEX_F,53,118.562,0.03532249405492174
ROU,BA:436,2024,SEX_F,54,18.211,0.005425498382569286
ROU,BA:436,2024,SEX_F,61,204.726,0.06099283849705561
ROU,BA:436,2024,SEX_F,71,4.239,0.0012629008645165672
ROU,BA:436,2024,SEX_F,72,17.922,0.005339398276448672
ROU,BA:436,2024,SEX_F,73,12.23,0.0036436134873879733
ROU,BA:436,2024,SEX_F,74,13.329,0.003971032230040417
ROU,BA:436,2024,SEX_F,75,190.198,0.056664595100099566
ROU,BA:436,2024,SEX_F,81,133.126,0.03966146272461254
ROU,BA:436,2024,SEX_F,82,71.7,0.02136116819670627
ROU,BA:436,2024,SEX_F,83,9.716,0.00289463194141141
ROU,BA:436,2024,SEX_F,91,111.723,0.03328499015956227
ROU,BA:436,2024,SEX_F,92,72.051,0.02146573960587006
ROU,BA:436,2024,SEX_F,93,79.537,0.023696000486212367
ROU,BA:436,2024,SEX_F,94,10.621,0.0031642533809932674
ROU,BA:436,2024,SEX_F,96,23.325,0.006949082959388755
ROU,BA:436,2024,SEX_M,01,17.942,0.003991373898434639
ROU,BA:436,2024,SEX_M,02,10.514,0.002338942434964987
ROU,BA:436,2024,SEX_M,03,14.191,0.0031569271537557667
ROU,BA:436,2024,SEX_M,11,37.442,0.008329340179756424
ROU,BA:436,2024,SEX_M,12,24.078,0.0053563872882905605
ROU,BA:436,2024,SEX_M,13,51.885,0.011542327205455425
ROU,BA:436,2024,SEX_M,14,23.562,0.005241598026692508
ROU,BA:436,2024,SEX_M,21,213.754,0.047551674076802906
ROU,BA:436,2024,SEX_M,22,46.109,0.010257399346946984
ROU,BA:436,2024,SEX_M,23,49.696,0.011055362682900893
ROU,BA:436,2024,SEX_M,24,107.912,0.02400608294102546
ROU,BA:436,2024,SEX_M,25,88.308,0.019644980839536624
ROU,BA:436,2024,SEX_M,26,60.839,0.013534232337914669
ROU,BA:436,2024,SEX_M,31,84.24,0.01874001433531011
ROU,BA:436,2024,SEX_M,32,22.202,0.004939052686046475
ROU,BA:436,2024,SEX_M,33,109.266,0.0243072935228157
ROU,BA:436,2024,SEX_M,34,19.608,0.004361991940726028
ROU,BA:436,2024,SEX_M,35,26.974,0.00600063089601917
ROU,BA:436,2024,SEX_M,41,35.611,0.007922016268930772
ROU,BA:436,2024,SEX_M,42,15.779,0.0035101933309218685
ROU,BA:436,2024,SEX_M,43,63.748,0.01418136792316416
ROU,BA:436,2024,SEX_M,44,14.053,0.0031262277000725664
ROU,BA:436,2024,SEX_M,51,101.692,0.022622382927188454
ROU,BA:436,2024,SEX_M,52,144.547,0.032155898054677945
ROU,BA:436,2024,SEX_M,53,15.299,0.003403412622458563
ROU,BA:436,2024,SEX_M,54,201.847,0.04490284512748504
ROU,BA:436,2024,SEX_M,61,403.364,0.08973227851790155
ROU,BA:436,2024,SEX_M,62,10.611,0.0023605210364669466
ROU,BA:436,2024,SEX_M,71,455.863,0.10141119604626629
ROU,BA:436,2024,SEX_M,72,432.621,0.09624078515854932
ROU,BA:436,2024,SEX_M,73,8.438,0.0018771158708611908
ROU,BA:436,2024,SEX_M,74,149.065,0.03316097147308881
ROU,BA:436,2024,SEX_M,75,75.024,0.016689824732814645
ROU,BA:436,2024,SEX_M,81,152.511,0.033927567975931626
ROU,BA:436,2024,SEX_M,82,75.7,0.016840207563900467
ROU,BA:436,2024,SEX_M,83,677.62,0.15074321597688553
ROU,BA:436,2024,SEX_M,91,20.896,0.004648520175102565
ROU,BA:436,2024,SEX_M,92,82.739,0.018406102161552983
ROU,BA:436,2024,SEX_M,93,258.095,0.057415764480910056
ROU,BA:436,2024,SEX_M,94,4.184,9.30771842105146e-4
ROU,BA:436,2024,SEX_M,96,87.365,0.019435201239368087
RUS,BA:120,2024,SEX_F,11,317.322,0.00884983591985533
RUS,BA:120,2024,SEX_F,12,392.348,0.010942246120607454
RUS,BA:120,2024,SEX_F,13,431.638,0.012038010212889475
RUS,BA:120,2024,SEX_F,14,453.282,0.012641642638782886
RUS,BA:120,2024,SEX_F,21,1084.439,0.030244065066689335
RUS,BA:120,2024,SEX_F,22,1370.965,0.03823502720222506
RUS,BA:120,2024,SEX_F,23,4055.154,0.11309473509477759
RUS,BA:120,2024,SEX_F,24,3750.964,0.10461113928843327
RUS,BA:120,2024,SEX_F,25,235.88,0.0065784890325142125
RUS,BA:120,2024,SEX_F,26,2428.993,0.06774251233912919
RUS,BA:120,2024,SEX_F,31,438.762,0.01223669240666441
RUS,BA:120,2024,SEX_F,32,2553.526,0.07121562991877177
RUS,BA:120,2024,SEX_F,33,2172.666,0.06059377417465035
RUS,BA:120,2024,SEX_F,34,663.347,0.018500173665640177
RUS,BA:120,2024,SEX_F,35,36.464,0.0010169493983449138
RUS,BA:120,2024,SEX_F,41,496.124,0.013836468936607942
RUS,BA:120,2024,SEX_F,42,474.808,0.013241984146811972
RUS,BA:120,2024,SEX_F,43,652.732,0.01820413050352326
RUS,BA:120,2024,SEX_F,44,445.306,0.012419198902462158
RUS,BA:120,2024,SEX_F,51,2742.922,0.076497720425818
RUS,BA:120,2024,SEX_F,52,4331.686,0.12080697322068576
RUS,BA:120,2024,SEX_F,53,691.927,0.019297245128033158
RUS,BA:120,2024,SEX_F,54,235.469,0.006567026598257966
RUS,BA:120,2024,SEX_F,61,382.635,0.010671358957758503
RUS,BA:120,2024,SEX_F,62,9.27,2.5853227629051527e-4
RUS,BA:120,2024,SEX_F,63,265.958,0.007417338418303439
RUS,BA:120,2024,SEX_F,71,161.774,0.004511736835450034
RUS,BA:120,2024,SEX_F,72,100.862,0.0028129538782323575
RUS,BA:120,2024,SEX_F,73,114.598,0.003196039028947192
RUS,BA:120,2024,SEX_F,74,54.602,0.0015228025188796887
RUS,BA:120,2024,SEX_F,75,1062.232,0.029624731058104276
RUS,BA:120,2024,SEX_F,81,739.379,0.020620640335642385
RUS,BA:120,2024,SEX_F,82,62.541,0.0017442143572260105
RUS,BA:120,2024,SEX_F,83,153.099,0.004269798594153355
RUS,BA:120,2024,SEX_F,91,1008.002,0.02811230329723754
RUS,BA:120,2024,SEX_F,92,82.762,0.0023081605448064322
RUS,BA:120,2024,SEX_F,93,381.325,0.01063482419163762
RUS,BA:120,2024,SEX_F,94,139.67,0.0038952754077126502
RUS,BA:120,2024,SEX_F,95,4.828,1.3464874109283796e-4
RUS,BA:120,2024,SEX_F,96,675.997,0.018852971216349455
RUS,BA:120,2024,SEX_M,11,506.794,0.013552787690072213
RUS,BA:120,2024,SEX_M,12,364.762,0.009754539208053215
RUS,BA:120,2024,SEX_M,13,780.826,0.02088100688028731
RUS,BA:120,2024,SEX_M,14,430.616,0.011515620200610378
RUS,BA:120,2024,SEX_M,21,2646.078,0.07076195326971295
RUS,BA:120,2024,SEX_M,22,677.374,0.018114472564345622
RUS,BA:120,2024,SEX_M,23,848.105,0.02268019551117159
RUS,BA:120,2024,SEX_M,24,1329.749,0.03556041681252311
RUS,BA:120,2024,SEX_M,25,1115.491,0.029830686024669477
RUS,BA:120,2024,SEX_M,26,1162.739,0.031094201600585004
RUS,BA:120,2024,SEX_M,31,3034.79,0.08115696822368507
RUS,BA:120,2024,SEX_M,32,259.955,0.006951769207947849
RUS,BA:120,2024,SEX_M,33,907.62,0.024271757683128337
RUS,BA:120,2024,SEX_M,34,219.056,0.005858039874656091
RUS,BA:120,2024,SEX_M,35,170.192,0.0045513088997675
RUS,BA:120,2024,SEX_M,41,39.36,0.0010525730838984722
RUS,BA:120,2024,SEX_M,42,99.841,0.0026699682233106543
RUS,BA:120,2024,SEX_M,43,281.524,0.007528571770107558
RUS,BA:120,2024,SEX_M,44,43.751,0.001169998094350662
RUS,BA:120,2024,SEX_M,51,468.896,0.012539311705987247
RUS,BA:120,2024,SEX_M,52,869.104,0.023241755018000455
RUS,BA:120,2024,SEX_M,53,28.756,7.689987703400525e-4
RUS,BA:120,2024,SEX_M,54,1968.841,0.05265114438708719
RUS,BA:120,2024,SEX_M,61,350.527,0.009373863957817067
RUS,BA:120,2024,SEX_M,62,96.796,0.0025885382172011312
RUS,BA:120,2024,SEX_M,63,214.142,0.00572662869238279
RUS,BA:120,2024,SEX_M,71,2222.125,0.05942451636325947
RUS,BA:120,2024,SEX_M,72,3662.681,0.09794815638989686
RUS,BA:120,2024,SEX_M,73,149.351,0.003993974660907539
RUS,BA:120,2024,SEX_M,74,961.982,0.025725517286453763
RUS,BA:120,2024,SEX_M,75,586.541,0.015685398099667017
RUS,BA:120,2024,SEX_M,81,1168.082,0.03123708518765994
RUS,BA:120,2024,SEX_M,82,323.095,0.008640271863368316
RUS,BA:120,2024,SEX_M,83,6542.124,0.17495080370747482
RUS,BA:120,2024,SEX_M,91,54.036,0.0014450416453642746
RUS,BA:120,2024,SEX_M,92,179.323,0.0047954919492867315
RUS,BA:120,2024,SEX_M,93,771.734,0.020637866776659138
RUS,BA:120,2024,SEX_M,94,10.876,2.9084819259349044e-4
RUS,BA:120,2024,SEX_M,95,5.744,1.536072102111998e-4
RUS,BA:120,2024,SEX_M,96,1840.699,0.049224345095498834
RWA,BA:1590,2024,SEX_F,11,2.46,0.001086981496570264
RWA,BA:1590,2024,SEX_F,12,4.459,0.0019702644281328484
RWA,BA:1590,2024,SEX_F,13,6.849,0.003026315556914528
RWA,BA:1590,2024,SEX_F,14,3.089,0.001364912944270547
RWA,BA:1590,2024,SEX_F,21,4.572,0.002020194878991564
RWA,BA:1590,2024,SEX_F,22,15.107,0.006675215231173568
RWA,BA:1590,2024,SEX_F,23,90.115,0.039818429903833066
RWA,BA:1590,2024,SEX_F,24,12.12,0.005355372251394959
RWA,BA:1590,2024,SEX_F,25,1.066,4.7102531518044774e-4
RWA,BA:1590,2024,SEX_F,26,6.579,0.0029070127097299866
RWA,BA:1590,2024,SEX_F,31,1.054,4.657229664166904e-4
RWA,BA:1590,2024,SEX_F,32,4.767,0.0021063580464026213
RWA,BA:1590,2024,SEX_F,33,11.728,0.005182162191778884
RWA,BA:1590,2024,SEX_F,34,3.94,0.0017409378441003416
RWA,BA:1590,2024,SEX_F,41,4.908,0.002168660644376771
RWA,BA:1590,2024,SEX_F,42,14.579,0.0064419118855682436
RWA,BA:1590,2024,SEX_F,43,4.1,0.0018116358276171066
RWA,BA:1590,2024,SEX_F,44,0.782,3.4553639443818965e-4
RWA,BA:1590,2024,SEX_F,51,98.463,0.04350709719382028
RWA,BA:1590,2024,SEX_F,52,349.871,0.15459483869371335
RWA,BA:1590,2024,SEX_F,53,4.562,0.0020157762550217662
RWA,BA:1590,2024,SEX_F,54,9.747,0.004306832783361936
RWA,BA:1590,2024,SEX_F,61,148.48,0.06560772870355805
RWA,BA:1590,2024,SEX_F,62,0.78,3.446526696442301e-4
RWA,BA:1590,2024,SEX_F,63,224.412,0.09915922423102687
RWA,BA:1590,2024,SEX_F,71,1.76,7.776778186844165e-4
RWA,BA:1590,2024,SEX_F,72,0.488,2.1562884972613366e-4
RWA,BA:1590,2024,SEX_F,73,9.517,0.004205204432056586
RWA,BA:1590,2024,SEX_F,74,0.615,2.71745374142566e-4
RWA,BA:1590,2024,SEX_F,75,83.52,0.0369043473957514
RWA,BA:1590,2024,SEX_F,81,4.424,0.001954799244238556
RWA,BA:1590,2024,SEX_F,91,327.747,0.14481907502293265
RWA,BA:1590,2024,SEX_F,92,677.217,0.2992367268954571
RWA,BA:1590,2024,SEX_F,93,97.358,0.043018839245157627
RWA,BA:1590,2024,SEX_F,94,1.34,5.920956119529081e-4
RWA,BA:1590,2024,SEX_F,95,6.574,0.0029048033977450874
RWA,BA:1590,2024,SEX_F,96,23.999,0.01060425566511779
RWA,BA:1590,2024,SEX_M,11,8.221,0.0031765032267337848
RWA,BA:1590,2024,SEX_M,12,6.858,0.002649855142797749
RWA,BA:1590,2024,SEX_M,13,16.352,0.006318231451593583
RWA,BA:1590,2024,SEX_M,14,2.494,9.636539408191291e-4
RWA,BA:1590,2024,SEX_M,21,13.599,0.005254502783159316
RWA,BA:1590,2024,SEX_M,22,14.504,0.0056041847464477325
RWA,BA:1590,2024,SEX_M,23,67.242,0.02598156306678423
RWA,BA:1590,2024,SEX_M,24,16.884,0.006523790351559813
RWA,BA:1590,2024,SEX_M,25,20.636,0.007973521540795326
RWA,BA:1590,2024,SEX_M,26,20.531,0.007932950705275676
RWA,BA:1590,2024,SEX_M,31,10.325,0.00398946549276564
RWA,BA:1590,2024,SEX_M,32,4.855,0.0018759181566467007
RWA,BA:1590,2024,SEX_M,33,18.75,0.00724479205708046
RWA,BA:1590,2024,SEX_M,34,8.468,0.0032719412874323913
RWA,BA:1590,2024,SEX_M,35,4.483,0.001732181482234224
RWA,BA:1590,2024,SEX_M,41,4.725,0.0018256875983842758
RWA,BA:1590,2024,SEX_M,42,9.383,0.0036254871398179174
RWA,BA:1590,2024,SEX_M,43,4.919,0.0019006470468682017
RWA,BA:1590,2024,SEX_M,51,101.765,0.039320867396735626
RWA,BA:1590,2024,SEX_M,52,195.957,0.07571561158023017
RWA,BA:1590,2024,SEX_M,53,0.848,3.276577954348923e-4
RWA,BA:1590,2024,SEX_M,54,69.227,0.026748545052560482
RWA,BA:1590,2024,SEX_M,61,153.156,0.05917777985569147
RWA,BA:1590,2024,SEX_M,62,15.114,0.005839881981371417
RWA,BA:1590,2024,SEX_M,63,142.901,0.055215361586605595
RWA,BA:1590,2024,SEX_M,71,154.138,0.05955721376502763
RWA,BA:1590,2024,SEX_M,72,50.288,0.019430725491544648
RWA,BA:1590,2024,SEX_M,73,22.774,0.008799621029757355
RWA,BA:1590,2024,SEX_M,74,18.706,0.007227790945053178
RWA,BA:1590,2024,SEX_M,75,37.649,0.014547156061707853
RWA,BA:1590,2024,SEX_M,81,14.507,0.005605343913176865
RWA,BA:1590,2024,SEX_M,83,120.759,0.04665993834778556
RWA,BA:1590,2024,SEX_M,91,195.7,0.07561630963043445
RWA,BA:1590,2024,SEX_M,92,538.472,0.2080596089898789
RWA,BA:1590,2024,SEX_M,93,466.891,0.18040150444385883
RWA,BA:1590,2024,SEX_M,94,4.764,0.0018407567658630035
RWA,BA:1590,2024,SEX_M,95,5.763,0.00222675928666425
RWA,BA:1590,2024,SEX_M,96,25.458,0.009836688863421565
SDN,BA:1603,2022,SEX_F,12,10.484,0.007363409250054608
SDN,BA:1603,2022,SEX_F,21,4.923,0.0034576558315546385
SDN,BA:1603,2022,SEX_F,22,62.523,0.04391286117332738
SDN,BA:1603,2022,SEX_F,23,147.536,0.10362151346013512
SDN,BA:1603,2022,SEX_F,24,18.38,0.012909143648989286
SDN,BA:1603,2022,SEX_F,26,32.956,0.023146558111865667
SDN,BA:1603,2022,SEX_F,32,22.359,0.01570378361522043
SDN,BA:1603,2022,SEX_F,33,13.121,0.00921549911960764
SDN,BA:1603,2022,SEX_F,41,3.961,0.002781997714561837
SDN,BA:1603,2022,SEX_F,44,2.561,0.0017987114736159719
SDN,BA:1603,2022,SEX_F,51,24.082,0.016913928038898803
SDN,BA:1603,2022,SEX_F,52,140.892,0.09895511789953203
SDN,BA:1603,2022,SEX_F,53,1.03,7.234177344101723e-4
SDN,BA:1603,2022,SEX_F,61,101.583,0.07134654729571702
SDN,BA:1603,2022,SEX_F,62,16.449,0.011552910983798955
SDN,BA:1603,2022,SEX_F,63,525.324,0.3689599008847469
SDN,BA:1603,2022,SEX_F,71,1.286,9.032186470402733e-4
SDN,BA:1603,2022,SEX_F,75,15.835,0.011121669732412697
SDN,BA:1603,2022,SEX_F,81,17.327,0.012169571926335006
SDN,BA:1603,2022,SEX_F,91,42.827,0.030079428457848976
SDN,BA:1603,2022,SEX_F,92,88.795,0.062364929831991496
SDN,BA:1603,2022,SEX_F,93,2.491,0.0017495471615686787
SDN,BA:1603,2022,SEX_F,94,23.385,0.016424391960370755
SDN,BA:1603,2022,SEX_F,95,42.865,0.03010611765581751
SDN,BA:1603,2022,SEX_F,96,60.822,0.042718168390578154
SDN,BA:1603,2022,SEX_M,01,29.042,0.004296183716070216
SDN,BA:1603,2022,SEX_M,02,16.666,0.002465401756491502
SDN,BA:1603,2022,SEX_M,03,212.851,0.0314870532383879
SDN,BA:1603,2022,SEX_M,12,29.048,0.004297071296205757
SDN,BA:1603,2022,SEX_M,13,40.729,0.006025041890084146
SDN,BA:1603,2022,SEX_M,14,10.756,0.001591135322982275
SDN,BA:1603,2022,SEX_M,21,57.317,0.008478905104813599
SDN,BA:1603,2022,SEX_M,22,40.494,0.005990278334775404
SDN,BA:1603,2022,SEX_M,23,87.721,0.01297656951165193
SDN,BA:1603,2022,SEX_M,24,47.529,0.0070309660436988245
SDN,BA:1603,2022,SEX_M,25,5.673,8.392070181553037e-4
SDN,BA:1603,2022,SEX_M,26,17.615,0.0026057873479297857
SDN,BA:1603,2022,SEX_M,31,41.064,0.006074598447651928
SDN,BA:1603,2022,SEX_M,32,7.565,0.0011190906208963288
SDN,BA:1603,2022,SEX_M,33,38.925,0.005758176129331076
SDN,BA:1603,2022,SEX_M,35,19.852,0.0029367068084644966
SDN,BA:1603,2022,SEX_M,41,4.085,6.042941422817584e-4
SDN,BA:1603,2022,SEX_M,44,34.297,0.005073555984782734
SDN,BA:1603,2022,SEX_M,51,187.41,0.02772356553366569
SDN,BA:1603,2022,SEX_M,52,1281.128,0.18951729398118594
SDN,BA:1603,2022,SEX_M,54,65.848,0.009740896127532248
SDN,BA:1603,2022,SEX_M,61,768.43,0.11367386725913625
SDN,BA:1603,2022,SEX_M,62,140.89,0.020841860882760573
SDN,BA:1603,2022,SEX_M,63,1219.487,0.1803987394586915
SDN,BA:1603,2022,SEX_M,71,399.783,0.05913990822125538
SDN,BA:1603,2022,SEX_M,72,138.776,0.020529136815004484
SDN,BA:1603,2022,SEX_M,73,12.253,0.0018125865668000944
SDN,BA:1603,2022,SEX_M,74,37.102,0.005488499698148788
SDN,BA:1603,2022,SEX_M,75,113.843,0.016840797561758197
SDN,BA:1603,2022,SEX_M,81,38.409,0.005681844237674433
SDN,BA:1603,2022,SEX_M,82,29.974,0.004434054497124462
SDN,BA:1603,2022,SEX_M,83,256.028,0.03787422782377333
SDN,BA:1603,2022,SEX_M,91,11.546,0.001708000040828686
SDN,BA:1603,2022,SEX_M,92,450.094,0.06658241558780068
SDN,BA:1603,2022,SEX_M,93,385.555,0.05703515985983926
SDN,BA:1603,2022,SEX_M,94,19.921,0.002946913980023234
SDN,BA:1603,2022,SEX_M,95,247.612,0.036629248753652574
SDN,BA:1603,2022,SEX_M,96,214.635,0.03175096039868916
SEN,BA:13368,2024,SEX_F,03,3.42,0.008240983713213766
SEN,BA:13368,2024,SEX_F,13,1.458,0.0035132614777385004
SEN,BA:13368,2024,SEX_F,21,4.058,0.009778336815269434
SEN,BA:13368,2024,SEX_F,22,12.026,0.028978383080441157
SEN,BA:13368,2024,SEX_F,23,32.596,0.07854476757775318
SEN,BA:13368,2024,SEX_F,24,4.21,0.010144602758078934
SEN,BA:13368,2024,SEX_F,32,10.59,0.02551813377863561
SEN,BA:13368,2024,SEX_F,33,4.351,0.010484362612921959
SEN,BA:13368,2024,SEX_F,41,17.311,0.041713353526153074
SEN,BA:13368,2024,SEX_F,42,10.483,0.025260301832052606
SEN,BA:13368,2024,SEX_F,43,4.706,0.011339786360930991
SEN,BA:13368,2024,SEX_F,44,2.906,0.007002426511871113
SEN,BA:13368,2024,SEX_F,51,23.136,0.05574953192658295
SEN,BA:13368,2024,SEX_F,52,17.441,0.042026607293029615
SEN,BA:13368,2024,SEX_F,53,0.711,0.0017132571403786513
SEN,BA:13368,2024,SEX_F,54,2.636,0.006351822534512132
SEN,BA:13368,2024,SEX_F,61,25.872,0.06234231889715396
SEN,BA:13368,2024,SEX_F,63,15.514,0.03738322261017496
SEN,BA:13368,2024,SEX_F,71,1.718,0.004139769011491594
SEN,BA:13368,2024,SEX_F,75,31.94,0.07696404087720693
SEN,BA:13368,2024,SEX_F,83,1.826,0.004400010602435186
SEN,BA:13368,2024,SEX_F,91,143.409,0.34556468810768215
SEN,BA:13368,2024,SEX_F,92,20.619,0.04968445707098089
SEN,BA:13368,2024,SEX_F,93,0.648,0.0015614495456615558
SEN,BA:13368,2024,SEX_F,94,3.873,0.009332552608560503
SEN,BA:13368,2024,SEX_F,96,17.541,0.0422675717290885
SEN,BA:13368,2024,SEX_M,01,5.445,0.0048615246705636245
SEN,BA:13368,2024,SEX_M,02,5.066,0.004523137553916496
SEN,BA:13368,2024,SEX_M,03,18.467,0.016488113148080522
SEN,BA:13368,2024,SEX_M,11,3.326,0.0029695924801275693
SEN,BA:13368,2024,SEX_M,12,3.436,0.003067805099734915
SEN,BA:13368,2024,SEX_M,13,3.583,0.003199052873210187
SEN,BA:13368,2024,SEX_M,14,2.326,0.002076750483697152
SEN,BA:13368,2024,SEX_M,21,11.494,0.010262325906971221
SEN,BA:13368,2024,SEX_M,22,8.294,0.007405231518393885
SEN,BA:13368,2024,SEX_M,23,59.413,0.053046421533920404
SEN,BA:13368,2024,SEX_M,24,7.643,0.006823991378717682
SEN,BA:13368,2024,SEX_M,25,6.667,0.005952577590201595
SEN,BA:13368,2024,SEX_M,26,4.335,0.003870470054525861
SEN,BA:13368,2024,SEX_M,31,13.979,0.012481038268100809
SEN,BA:13368,2024,SEX_M,32,3.394,0.003030305735884838
SEN,BA:13368,2024,SEX_M,33,7.298,0.0065159608899491885
SEN,BA:13368,2024,SEX_M,34,5.69,0.005080270959689077
SEN,BA:13368,2024,SEX_M,35,1.809,0.0016151511715426256
SEN,BA:13368,2024,SEX_M,41,19.237,0.017175601485331943
SEN,BA:13368,2024,SEX_M,42,6.927,0.006184716509273503
SEN,BA:13368,2024,SEX_M,43,11.337,0.010122149713531646
SEN,BA:13368,2024,SEX_M,44,5.647,0.005041878753842569
SEN,BA:13368,2024,SEX_M,51,36.875,0.03292354861837165
SEN,BA:13368,2024,SEX_M,52,53.178,0.04747955168617675
SEN,BA:13368,2024,SEX_M,54,48.415,0.04322694525717867
SEN,BA:13368,2024,SEX_M,61,68.642,0.06128646031897673
SEN,BA:13368,2024,SEX_M,62,10.668,0.009524838417919696
SEN,BA:13368,2024,SEX_M,63,36.839,0.03289140630650016
SEN,BA:13368,2024,SEX_M,71,176.614,0.1576883963575618
SEN,BA:13368,2024,SEX_M,72,82.383,0.0735550021919271
SEN,BA:13368,2024,SEX_M,73,6.02,0.005374908818511114
SEN,BA:13368,2024,SEX_M,74,23.184,0.020699648845242804
SEN,BA:13368,2024,SEX_M,75,94.949,0.08477445471907173
SEN,BA:13368,2024,SEX_M,81,16.179,0.014445290660247726
SEN,BA:13368,2024,SEX_M,82,9.947,0.008881099338493363
SEN,BA:13368,2024,SEX_M,83,102.557,0.09156719662791435
SEN,BA:13368,2024,SEX_M,91,35.275,0.031495001424082986
SEN,BA:13368,2024,SEX_M,92,29.782,0.0265906203376907
SEN,BA:13368,2024,SEX_M,93,32.203,0.028752190811048742
SEN,BA:13368,2024,SEX_M,96,41.496,0.03704937148387662
SGP,BA:5873,2024,SEX_F,11,15.257,0.014075645176021676
SGP,BA:5873,2024,SEX_F,12,91.816,0.08470665514069647
SGP,BA:5873,2024,SEX_F,13,39.502,0.03644334638154344
SGP,BA:5873,2024,SEX_F,14,15.656,0.014443750467050886
SGP,BA:5873,2024,SEX_F,21,52.218,0.04817474207258962
SGP,BA:5873,2024,SEX_F,22,40.119,0.03701257185664374
SGP,BA:5873,2024,SEX_F,23,40.006,0.036908321486001386
SGP,BA:5873,2024,SEX_F,24,128.046,0.11813135362187005
SGP,BA:5873,2024,SEX_F,25,22.091,0.020380486175755053
SGP,BA:5873,2024,SEX_F,26,25.904,0.023898244257695843
SGP,BA:5873,2024,SEX_F,31,21.897,0.02020150766332481
SGP,BA:5873,2024,SEX_F,32,12.361,0.011403883464691875
SGP,BA:5873,2024,SEX_F,33,145.822,0.1345309517505298
SGP,BA:5873,2024,SEX_F,34,15.547,0.014343190375015337
SGP,BA:5873,2024,SEX_F,35,6.29,0.005802963109207337
SGP,BA:5873,2024,SEX_F,41,85.534,0.07891107258870277
SGP,BA:5873,2024,SEX_F,42,38.31,0.035343643356714326
SGP,BA:5873,2024,SEX_F,43,32.104,0.029618176098249974
SGP,BA:5873,2024,SEX_F,44,3.016,0.0027824700695340742
SGP,BA:5873,2024,SEX_F,51,45.393,0.04187820419972157
SGP,BA:5873,2024,SEX_F,52,71.677,0.06612702492506428
SGP,BA:5873,2024,SEX_F,53,16.936,0.015624639621229803
SGP,BA:5873,2024,SEX_F,54,5.652,0.005214363671421283
SGP,BA:5873,2024,SEX_F,61,0.429,3.957823805802778e-4
SGP,BA:5873,2024,SEX_F,71,0.578,5.332452586839174e-4
SGP,BA:5873,2024,SEX_F,72,0.946,8.727508905103561e-4
SGP,BA:5873,2024,SEX_F,73,0.578,5.332452586839174e-4
SGP,BA:5873,2024,SEX_F,74,1.339,0.001235320763629352
SGP,BA:5873,2024,SEX_F,75,4.824,0.004450475999811796
SGP,BA:5873,2024,SEX_F,81,4.915,0.004534429838116703
SGP,BA:5873,2024,SEX_F,82,2.959,0.0027298835993870446
SGP,BA:5873,2024,SEX_F,83,3.695,0.003408894863039922
SGP,BA:5873,2024,SEX_F,91,42.284,0.03900993515257918
SGP,BA:5873,2024,SEX_F,93,11.985,0.011056997275651816
SGP,BA:5873,2024,SEX_F,94,26.997,0.024906612887006435
SGP,BA:5873,2024,SEX_F,96,11.246,0.010375218303043833
SGP,BA:5873,2024,SEX_M,11,35.053,0.02982031078526619
SGP,BA:5873,2024,SEX_M,12,95.816,0.08151264936527731
SGP,BA:5873,2024,SEX_M,13,82.621,0.07028739044844887
SGP,BA:5873,2024,SEX_M,14,29.15,0.024798506815123085
SGP,BA:5873,2024,SEX_M,21,104.898,0.08923889426733385
SGP,BA:5873,2024,SEX_M,22,18.151,0.015441430435722098
SGP,BA:5873,2024,SEX_M,23,22.258,0.018935340126621257
SGP,BA:5873,2024,SEX_M,24,93.325,0.07939350423743953
SGP,BA:5873,2024,SEX_M,25,54.261,0.046160952943238215
SGP,BA:5873,2024,SEX_M,26,18.653,0.015868492199742398
SGP,BA:5873,2024,SEX_M,31,83.049,0.07065149888470523
SGP,BA:5873,2024,SEX_M,32,5.369,0.004567519145468125
SGP,BA:5873,2024,SEX_M,33,103.048,0.08766506107323513
SGP,BA:5873,2024,SEX_M,34,22.813,0.019407490084850872
SGP,BA:5873,2024,SEX_M,35,19.958,0.01697868264206609
SGP,BA:5873,2024,SEX_M,41,14.397,0.012247825132669882
SGP,BA:5873,2024,SEX_M,42,11.767,0.010010429835113323
SGP,BA:5873,2024,SEX_M,43,18.777,0.015973981559779287
SGP,BA:5873,2024,SEX_M,44,1.758,0.0014955668947165142
SGP,BA:5873,2024,SEX_M,51,29.534,0.025125183542979254
SGP,BA:5873,2024,SEX_M,52,34.965,0.029745447368465825
SGP,BA:5873,2024,SEX_M,53,2.684,0.0022833342124113335
SGP,BA:5873,2024,SEX_M,54,34.733,0.029548080178719387
SGP,BA:5873,2024,SEX_M,61,2.039,0.001734619396090428
SGP,BA:5873,2024,SEX_M,71,17.808,0.01514963325432974
SGP,BA:5873,2024,SEX_M,72,12.529,0.010658678966952904
SGP,BA:5873,2024,SEX_M,73,1.943,0.0016529502141263864
SGP,BA:5873,2024,SEX_M,74,9.536,0.008112472075094811
SGP,BA:5873,2024,SEX_M,75,4.723,0.0040179536085017615
SGP,BA:5873,2024,SEX_M,81,4.744,0.0040358187420563955
SGP,BA:5873,2024,SEX_M,82,3.323,0.002826944704859486
SGP,BA:5873,2024,SEX_M,83,108.721,0.09249119929492272
SGP,BA:5873,2024,SEX_M,91,31.266,0.02659863170091384
SGP,BA:5873,2024,SEX_M,92,0.989,8.413627183587216e-4
SGP,BA:5873,2024,SEX_M,93,17.878,0.015209183699511854
SGP,BA:5873,2024,SEX_M,94,11.458,0.009747557155666563
SGP,BA:5873,2024,SEX_M,96,11.479,0.009765422289221197
SLE,BX:15953,2018,SEX_F,12,1.237,7.492574053524963e-4
SLE,BX:15953,2018,SEX_F,13,2.346,0.0014209845375561488
SLE,BX:15953,2018,SEX_F,14,5.585,0.0033828638713772766
SLE,BX:15953,2018,SEX_F,22,10.675,0.006465903639561761
SLE,BX:15953,2018,SEX_F,23,20.972,0.012702850691230842
SLE,BX:15953,2018,SEX_F,24,5.415,0.0032798939773514687
SLE,BX:15953,2018,SEX_F,26,0.674,4.0824534454937954e-4
SLE,BX:15953,2018,SEX_F,31,1.762,0.00106725266631455
SLE,BX:15953,2018,SEX_F,32,4.939,0.0029915782740792068
SLE,BX:15953,2018,SEX_F,33,2.2,0.0013325515697457492
SLE,BX:15953,2018,SEX_F,41,3.064,0.0018558809135004433
SLE,BX:15953,2018,SEX_F,42,2.211,0.0013392143275944778
SLE,BX:15953,2018,SEX_F,51,52.975,0.032087236094218666
SLE,BX:15953,2018,SEX_F,52,426.564,0.25837205808955716
SLE,BX:15953,2018,SEX_F,53,2.009,0.001216861865281459
SLE,BX:15953,2018,SEX_F,54,5.609,0.0033974007975926847
SLE,BX:15953,2018,SEX_F,61,347.947,0.2107533277446928
SLE,BX:15953,2018,SEX_F,62,7.212,0.004368346327730156
SLE,BX:15953,2018,SEX_F,63,584.963,0.35431516540599206
SLE,BX:15953,2018,SEX_F,73,2.352,0.0014246187691100008
SLE,BX:15953,2018,SEX_F,75,25.752,0.015598121829132968
SLE,BX:15953,2018,SEX_F,81,3.142,0.0019031259237005198
SLE,BX:15953,2018,SEX_F,91,3.005,0.0018201443032208981
SLE,BX:15953,2018,SEX_F,92,7.593,0.00459912003139976
SLE,BX:15953,2018,SEX_F,93,3.859,0.002337416594385839
SLE,BX:15953,2018,SEX_F,95,116.906,0.07081057900577116
SLE,BX:15953,2018,SEX_M,01,1.077,7.117080265730761e-4
SLE,BX:15953,2018,SEX_M,02,1.13,7.467317270451031e-4
SLE,BX:15953,2018,SEX_M,03,9.222,0.0060941238821326914
SLE,BX:15953,2018,SEX_M,11,2.362,0.001560867556885428
SLE,BX:15953,2018,SEX_M,12,2.954,0.0019520756829125973
SLE,BX:15953,2018,SEX_M,13,8.295,0.005481539536140823
SLE,BX:15953,2018,SEX_M,14,3.004,0.001985116909773
SLE,BX:15953,2018,SEX_M,21,10.488,0.00693072774623809
SLE,BX:15953,2018,SEX_M,22,7.261,0.004798246964667694
SLE,BX:15953,2018,SEX_M,23,54.046,0.03571492293794659
SLE,BX:15953,2018,SEX_M,24,8.003,0.005288578771276071
SLE,BX:15953,2018,SEX_M,25,2.352,0.0015542593115133473
SLE,BX:15953,2018,SEX_M,26,3.445,0.0022765405306817525
SLE,BX:15953,2018,SEX_M,31,8.091,0.00534673133055038
SLE,BX:15953,2018,SEX_M,32,5.042,0.0033318773166030177
SLE,BX:15953,2018,SEX_M,33,3.857,0.0025488002400114716
SLE,BX:15953,2018,SEX_M,34,2.038,0.0013467604068300178
SLE,BX:15953,2018,SEX_M,35,5.742,0.0037944544926486567
SLE,BX:15953,2018,SEX_M,41,3.251,0.0021483405704633895
SLE,BX:15953,2018,SEX_M,42,2.279,0.0015060191202971593
SLE,BX:15953,2018,SEX_M,43,0.816,5.392328223617736e-4
SLE,BX:15953,2018,SEX_M,44,2.897,0.001914408684291738
SLE,BX:15953,2018,SEX_M,51,15.299,0.010109954594746047
SLE,BX:15953,2018,SEX_M,52,129.89,0.08583449913795436
SLE,BX:15953,2018,SEX_M,54,29.25,0.019329117713335633
SLE,BX:15953,2018,SEX_M,61,289.755,0.19147721377872023
SLE,BX:15953,2018,SEX_M,62,26.569,0.017557447129080837
SLE,BX:15953,2018,SEX_M,63,510.554,0.33738661076972176
SLE,BX:15953,2018,SEX_M,71,73.433,0.04852632824079917
SLE,BX:15953,2018,SEX_M,72,32.502,0.021478119108336233
SLE,BX:15953,2018,SEX_M,73,5.402,0.003569774149997918
SLE,BX:15953,2018,SEX_M,74,14.594,0.009644073296014367
SLE,BX:15953,2018,SEX_M,75,40.698,0.02689423701529346
SLE,BX:15953,2018,SEX_M,81,10.847,0.007167963755095782
SLE,BX:15953,2018,SEX_M,83,94.005,0.06212081062024329
SLE,BX:15953,2018,SEX_M,91,4.921,0.003251917547600843
SLE,BX:15953,2018,SEX_M,92,17.033,0.011255824342264817
SLE,BX:15953,2018,SEX_M,93,37.624,0.024862862387915897
SLE,BX:15953,2018,SEX_M,94,0.981,6.482688710011029e-4
SLE,BX:15953,2018,SEX_M,95,32.252,0.02131291297403422
SLV,BX:461,2024,SEX_F,03,0.587,4.79606118368751e-4
SLV,BX:461,2024,SEX_F,11,3.554,0.002903782188556288
SLV,BX:461,2024,SEX_F,12,8.355,0.006826420986321831
SLV,BX:461,2024,SEX_F,13,4.999,0.004084413945017694
SLV,BX:461,2024,SEX_F,14,6.047,0.004940678360776554
SLV,BX:461,2024,SEX_F,21,7.718,0.00630596255804092
SLV,BX:461,2024,SEX_F,22,33.036,0.02699193820516194
SLV,BX:461,2024,SEX_F,23,45.191,0.036923134744807885
SLV,BX:461,2024,SEX_F,24,16.855,0.013771313671388924
SLV,BX:461,2024,SEX_F,25,2.014,0.0016455310432617791
SLV,BX:461,2024,SEX_F,26,17.149,0.014011525253672422
SLV,BX:461,2024,SEX_F,31,7.367,0.006019179342457562
SLV,BX:461,2024,SEX_F,32,13.064,0.010673891533849
SLV,BX:461,2024,SEX_F,33,25.441,0.02078647232950493
SLV,BX:461,2024,SEX_F,34,7.93,0.006479176352068476
SLV,BX:461,2024,SEX_F,35,1.592,0.0013007375476031544
SLV,BX:461,2024,SEX_F,41,24.198,0.01977088390508865
SLV,BX:461,2024,SEX_F,42,30.465,0.024891312429478705
SLV,BX:461,2024,SEX_F,43,13.125,0.010723731351941834
SLV,BX:461,2024,SEX_F,44,3.237,0.0026447785437131977
SLV,BX:461,2024,SEX_F,51,108.635,0.08875981374614866
SLV,BX:461,2024,SEX_F,52,389.473,0.31821743396836893
SLV,BX:461,2024,SEX_F,53,18.345,0.014988712506771272
SLV,BX:461,2024,SEX_F,54,6.819,0.005571438025820294
SLV,BX:461,2024,SEX_F,61,22.369,0.01827650640850186
SLV,BX:461,2024,SEX_F,62,1.219,9.959793156584455e-4
SLV,BX:461,2024,SEX_F,71,1.04,8.497280461729149e-4
SLV,BX:461,2024,SEX_F,72,2.102,0.0017174311087071797
SLV,BX:461,2024,SEX_F,73,19.634,0.016041885056306743
SLV,BX:461,2024,SEX_F,75,94.416,0.07714223385332877
SLV,BX:461,2024,SEX_F,81,41.848,0.03419174930408091
SLV,BX:461,2024,SEX_F,82,2.156,0.0017615516034123122
SLV,BX:461,2024,SEX_F,83,2.502,0.0020442495880044547
SLV,BX:461,2024,SEX_F,91,161.39,0.131863085934468
SLV,BX:461,2024,SEX_F,92,28.676,0.02342961678082164
SLV,BX:461,2024,SEX_F,93,11.11,0.009077383262481812
SLV,BX:461,2024,SEX_F,94,26.053,0.021286504602829763
SLV,BX:461,2024,SEX_F,95,6.584,0.005379432169233146
SLV,BX:461,2024,SEX_F,96,7.626,0.006230794307802547
SLV,BX:461,2024,SEX_M,01,0.646,3.872804162005513e-4
SLV,BX:461,2024,SEX_M,02,1.915,0.0011480526269722225
SLV,BX:461,2024,SEX_M,03,14.816,0.008882270350506762
SLV,BX:461,2024,SEX_M,11,4.555,0.0027307465879156515
SLV,BX:461,2024,SEX_M,12,12.228,0.007330750664551611
SLV,BX:461,2024,SEX_M,13,9.688,0.005808007232431797
SLV,BX:461,2024,SEX_M,14,9.451,0.00566592447911983
SLV,BX:461,2024,SEX_M,21,15.812,0.009479377617589964
SLV,BX:461,2024,SEX_M,22,14.226,0.008528562230447435
SLV,BX:461,2024,SEX_M,23,19.68,0.011798264072487382
SLV,BX:461,2024,SEX_M,24,27.339,0.016389875075088035
SLV,BX:461,2024,SEX_M,25,8.489,0.005089200391836656
SLV,BX:461,2024,SEX_M,26,14.08,0.008441034458364957
SLV,BX:461,2024,SEX_M,31,25.89,0.015521191912433858
SLV,BX:461,2024,SEX_M,32,8.444,0.00506222265386603
SLV,BX:461,2024,SEX_M,33,27.493,0.016482198889476402
SLV,BX:461,2024,SEX_M,34,15.831,0.00949076821806645
SLV,BX:461,2024,SEX_M,35,12.65,0.007583741896187266
SLV,BX:461,2024,SEX_M,41,3.782,0.00226732900010911
SLV,BX:461,2024,SEX_M,42,33.368,0.02000429245786377
SLV,BX:461,2024,SEX_M,43,37.877,0.02270746180252056
SLV,BX:461,2024,SEX_M,44,4.721,0.002830264465762852
SLV,BX:461,2024,SEX_M,51,37.691,0.022595953818908637
SLV,BX:461,2024,SEX_M,52,162.753,0.0975712841762977
SLV,BX:461,2024,SEX_M,53,1.441,8.638871203482885e-4
SLV,BX:461,2024,SEX_M,54,72.978,0.04375069692489757
SLV,BX:461,2024,SEX_M,61,170.926,0.10247104089705174
SLV,BX:461,2024,SEX_M,62,11.25,0.006744434492656659
SLV,BX:461,2024,SEX_M,71,105.914,0.06349600309824333
SLV,BX:461,2024,SEX_M,72,87.261,0.05231343095677446
SLV,BX:461,2024,SEX_M,73,12.916,0.007743210302858081
SLV,BX:461,2024,SEX_M,74,27.346,0.01639407161210569
SLV,BX:461,2024,SEX_M,75,47.902,0.028717502317087938
SLV,BX:461,2024,SEX_M,81,32.595,0.019540874870057227
SLV,BX:461,2024,SEX_M,82,3.33,0.001996352609826371
SLV,BX:461,2024,SEX_M,83,130.643,0.07832116937103502
SLV,BX:461,2024,SEX_M,91,38.553,0.023112727377368192
SLV,BX:461,2024,SEX_M,92,187.921,0.11265963327062506
SLV,BX:461,2024,SEX_M,93,157.465,0.09440110021210496
SLV,BX:461,2024,SEX_M,94,6.207,0.003721129324081767
SLV,BX:461,2024,SEX_M,95,6.442,0.0038620130668172623
SLV,BX:461,2024,SEX_M,96,43.527,0.02609466668105479
SOM,BA:15656,2019,SEX_F,11,8.74,0.02830512536514907
SOM,BA:15656,2019,SEX_F,12,13.477,0.04364624422724417
SOM,BA:15656,2019,SEX_F,13,6.865,0.02223280155969661
SOM,BA:15656,2019,SEX_F,14,4.053,0.013125935137866038
SOM,BA:15656,2019,SEX_F,22,18.498,0.0599071177350718
SOM,BA:15656,2019,SEX_F,23,17.334,0.05613741911664691
SOM,BA:15656,2019,SEX_F,24,32.029,0.103728244887913
SOM,BA:15656,2019,SEX_F,32,2.305,0.007464910064836226
SOM,BA:15656,2019,SEX_F,33,7.939,0.02571102863545978
SOM,BA:15656,2019,SEX_F,51,4.256,0.013783365395203025
SOM,BA:15656,2019,SEX_F,52,16.498,0.05342997234258917
SOM,BA:15656,2019,SEX_F,53,1.24,0.004015830143339227
SOM,BA:15656,2019,SEX_F,61,14.046,0.04548899209140547
SOM,BA:15656,2019,SEX_F,63,7.322,0.02371282928187889
SOM,BA:15656,2019,SEX_F,75,5.99,0.019399050450485462
SOM,BA:15656,2019,SEX_F,91,21.681,0.0702154946272079
SOM,BA:15656,2019,SEX_F,92,14.292,0.04628568097468083
SOM,BA:15656,2019,SEX_F,94,8.227,0.02664373757197728
SOM,BA:15656,2019,SEX_F,95,5.947,0.019259791824547085
SOM,BA:15656,2019,SEX_F,96,98.039,0.317506428566802
SOM,BA:15656,2019,SEX_M,03,22.694,0.032005979790002186
SOM,BA:15656,2019,SEX_M,11,26.328,0.03713111112678142
SOM,BA:15656,2019,SEX_M,12,30.177,0.04255946294716207
SOM,BA:15656,2019,SEX_M,13,19.463,0.027449210568996768
SOM,BA:15656,2019,SEX_M,14,3.624,0.0051110280584721925
SOM,BA:15656,2019,SEX_M,21,2.158,0.0030434874586597657
SOM,BA:15656,2019,SEX_M,22,29.935,0.04221816361213164
SOM,BA:15656,2019,SEX_M,23,60.503,0.08532906474109908
SOM,BA:15656,2019,SEX_M,24,37.228,0.05250368448145772
SOM,BA:15656,2019,SEX_M,25,7.092,0.010002044975354521
SOM,BA:15656,2019,SEX_M,26,4.211,0.005938890495095586
SOM,BA:15656,2019,SEX_M,31,5.156,0.007271650295111099
SOM,BA:15656,2019,SEX_M,32,3.407,0.004804986919209371
SOM,BA:15656,2019,SEX_M,33,5.931,0.008364654363906892
SOM,BA:15656,2019,SEX_M,34,3.393,0.004785242329579511
SOM,BA:15656,2019,SEX_M,35,2.367,0.0033382459752769535
SOM,BA:15656,2019,SEX_M,42,6.234,0.008791983696610278
SOM,BA:15656,2019,SEX_M,43,4.922,0.006941633582726305
SOM,BA:15656,2019,SEX_M,51,8.153,0.011498402803731728
SOM,BA:15656,2019,SEX_M,52,18.906,0.0266636579672945
SOM,BA:15656,2019,SEX_M,53,1.932,0.0027247533689206058
SOM,BA:15656,2019,SEX_M,54,4.49,0.006332371959862071
SOM,BA:15656,2019,SEX_M,61,26.89,0.03792371536763721
SOM,BA:15656,2019,SEX_M,62,3.04,0.004287396605340912
SOM,BA:15656,2019,SEX_M,63,12.688,0.01789423951597549
SOM,BA:15656,2019,SEX_M,71,21.772,0.03070565753009287
SOM,BA:15656,2019,SEX_M,72,13.347,0.01882364555640959
SOM,BA:15656,2019,SEX_M,73,3.146,0.004436891355395562
SOM,BA:15656,2019,SEX_M,74,9.724,0.013714027825768102
SOM,BA:15656,2019,SEX_M,75,13.336,0.018808131950271843
SOM,BA:15656,2019,SEX_M,82,6.77,0.009547919413867753
SOM,BA:15656,2019,SEX_M,83,43.772,0.06173286980558631
SOM,BA:15656,2019,SEX_M,91,4.765,0.006720212113305738
SOM,BA:15656,2019,SEX_M,92,42.53,0.05998124263985164
SOM,BA:15656,2019,SEX_M,93,5.978,0.00843093977194999
SOM,BA:15656,2019,SEX_M,94,3.79,0.005345142478369098
SOM,BA:15656,2019,SEX_M,95,6.159,0.00868620910930746
SOM,BA:15656,2019,SEX_M,96,183.044,0.25815204744342823
SRB,BA:467,2024,SEX_F,03,1.086,7.61499804015474e-4
SRB,BA:467,2024,SEX_F,11,3.338,0.002340595161881816
SRB,BA:467,2024,SEX_F,12,8,0.0056095749835394036
SRB,BA:467,2024,SEX_F,13,11.122,0.007798711620865656
SRB,BA:467,2024,SEX_F,14,15.386,0.010788615087092156
SRB,BA:467,2024,SEX_F,21,35.026,0.024560121671681395
SRB,BA:467,2024,SEX_F,22,35.466,0.02486864829577606
SRB,BA:467,2024,SEX_F,23,102.509,0.07187899024845508
SRB,BA:467,2024,SEX_F,24,46.045,0.03228661001463398
SRB,BA:467,2024,SEX_F,25,16.038,0.011245795448250618
SRB,BA:467,2024,SEX_F,26,60.022,0.04208723870775025
SRB,BA:467,2024,SEX_F,31,23.503,0.016480230104765823
SRB,BA:467,2024,SEX_F,32,81.531,0.05716928224786889
SRB,BA:467,2024,SEX_F,33,79.573,0.05579633877064761
SRB,BA:467,2024,SEX_F,34,11.819,0.008287445841306527
SRB,BA:467,2024,SEX_F,35,4.717,0.0033075456496694205
SRB,BA:467,2024,SEX_F,41,46.228,0.03241492904238244
SRB,BA:467,2024,SEX_F,42,37.556,0.026334149760225727
SRB,BA:467,2024,SEX_F,43,39.428,0.027646790306373948
SRB,BA:467,2024,SEX_F,44,21.83,0.015307127736333146
SRB,BA:467,2024,SEX_F,51,64.23,0.04503787514909199
SRB,BA:467,2024,SEX_F,52,162.627,0.11403354385600782
SRB,BA:467,2024,SEX_F,53,13.857,0.009716485068363189
SRB,BA:467,2024,SEX_F,54,7.856,0.005508602633835694
SRB,BA:467,2024,SEX_F,61,130.272,0.09134631903195564
SRB,BA:467,2024,SEX_F,62,0.207,1.4514775269908206e-4
SRB,BA:467,2024,SEX_F,63,109.834,0.07701525734275835
SRB,BA:467,2024,SEX_F,71,0.488,3.421840739959036e-4
SRB,BA:467,2024,SEX_F,72,5.053,0.0035431477989780755
SRB,BA:467,2024,SEX_F,73,4.966,0.0034821436710320845
SRB,BA:467,2024,SEX_F,74,1.343,9.417074003616773e-4
SRB,BA:467,2024,SEX_F,75,43.678,0.030626877016379256
SRB,BA:467,2024,SEX_F,81,44.43,0.03115417706483196
SRB,BA:467,2024,SEX_F,82,38.4,0.026925959920989135
SRB,BA:467,2024,SEX_F,83,1.254,8.793008786698015e-4
SRB,BA:467,2024,SEX_F,91,74.489,0.05223145386860833
SRB,BA:467,2024,SEX_F,92,10.004,0.007014773516916023
SRB,BA:467,2024,SEX_F,93,19.293,0.013528191269678212
SRB,BA:467,2024,SEX_F,94,10.027,0.007030901044993699
SRB,BA:467,2024,SEX_F,96,3.602,0.002525711136338616
SRB,BA:467,2024,SEX_M,01,3.999,0.002388483674215366
SRB,BA:467,2024,SEX_M,02,3.593,0.002145991958353541
SRB,BA:467,2024,SEX_M,03,7.011,0.0041874616253873296
SRB,BA:467,2024,SEX_M,11,9.049,0.005404698366585358
SRB,BA:467,2024,SEX_M,12,10.307,0.006156064323615348
SRB,BA:467,2024,SEX_M,13,26.014,0.015537387922240192
SRB,BA:467,2024,SEX_M,14,32.281,0.019280480491959545
SRB,BA:467,2024,SEX_M,21,48.893,0.029202333654266537
SRB,BA:467,2024,SEX_M,22,15.532,0.009276801307305092
SRB,BA:467,2024,SEX_M,23,32.35,0.019321692138251335
SRB,BA:467,2024,SEX_M,24,23.926,0.014290287669236519
SRB,BA:467,2024,SEX_M,25,53.577,0.031999947440219216
SRB,BA:467,2024,SEX_M,26,42.387,0.025316493498116207
SRB,BA:467,2024,SEX_M,31,53.814,0.03214150048617797
SRB,BA:467,2024,SEX_M,32,15.269,0.009119719235207407
SRB,BA:467,2024,SEX_M,33,56.721,0.03387776506255808
SRB,BA:467,2024,SEX_M,34,15.444,0.00922424152652716
SRB,BA:467,2024,SEX_M,35,15.964,0.009534822049305853
SRB,BA:467,2024,SEX_M,41,12.835,0.007665963480508683
SRB,BA:467,2024,SEX_M,42,18.695,0.0111659670641301
SRB,BA:467,2024,SEX_M,43,62.162,0.0371275124172482
SRB,BA:467,2024,SEX_M,44,11.037,0.006592071595977743
SRB,BA:467,2024,SEX_M,51,54.477,0.0325374906527208
SRB,BA:467,2024,SEX_M,52,67.601,0.040376065231466106
SRB,BA:467,2024,SEX_M,53,1.15,6.868607715298001e-4
SRB,BA:467,2024,SEX_M,54,60.795,0.036311044004481915
SRB,BA:467,2024,SEX_M,61,189.914,0.11342997962113953
SRB,BA:467,2024,SEX_M,62,5.056,0.003019798313786669
SRB,BA:467,2024,SEX_M,63,94.135,0.05622403367648499
SRB,BA:467,2024,SEX_M,71,71.79,0.04287803025054292
SRB,BA:467,2024,SEX_M,72,98.39,0.05876541853114525
SRB,BA:467,2024,SEX_M,73,6.952,0.00415222268145667
SRB,BA:467,2024,SEX_M,74,50.89,0.03039508231578394
SRB,BA:467,2024,SEX_M,75,43.131,0.025760862553784184
SRB,BA:467,2024,SEX_M,81,69.693,0.041625554565414224
SRB,BA:467,2024,SEX_M,82,26.745,0.0159739924648387
SRB,BA:467,2024,SEX_M,83,148.494,0.08869104644134447
SRB,BA:467,2024,SEX_M,91,8.612,0.005143691273404034
SRB,BA:467,2024,SEX_M,92,20.951,0.012513408716800734
SRB,BA:467,2024,SEX_M,93,62.401,0.03727026000367918
SRB,BA:467,2024,SEX_M,94,3.186,0.0019029029722556028
SRB,BA:467,2024,SEX_M,95,0.675,4.031574093761871e-4
SRB,BA:467,2024,SEX_M,96,18.386,0.010981410561171221
SVK,BA:398,2023,SEX_F,02,0.325,2.6497387765218476e-4
SVK,BA:398,2023,SEX_F,03,0.404,3.2938291252763887e-4
SVK,BA:398,2023,SEX_F,11,5.039,0.004108318059967257
SVK,BA:398,2023,SEX_F,12,12.479,0.010174181597604963
SVK,BA:398,2023,SEX_F,13,20.772,0.016935499651049787
SVK,BA:398,2023,SEX_F,14,12.441,0.010143200036525631
SVK,BA:398,2023,SEX_F,21,12.392,0.01010325012881807
SVK,BA:398,2023,SEX_F,22,32.871,0.02679986563786143
SVK,BA:398,2023,SEX_F,23,110.638,0.09020363038671513
SVK,BA:398,2023,SEX_F,24,55.429,0.04519149865963984
SVK,BA:398,2023,SEX_F,25,9.984,0.008139997521475114
SVK,BA:398,2023,SEX_F,26,40.294,0.032851869003437326
SVK,BA:398,2023,SEX_F,31,22.028,0.017959521775145613
SVK,BA:398,2023,SEX_F,32,71.705,0.058461390452461244
SVK,BA:398,2023,SEX_F,33,101.244,0.08254466236620858
SVK,BA:398,2023,SEX_F,34,8.614,0.007023030714141291
SVK,BA:398,2023,SEX_F,35,3.834,0.00312587645205685
SVK,BA:398,2023,SEX_F,41,84.778,0.06911986276799052
SVK,BA:398,2023,SEX_F,42,24.409,0.019900761168037465
SVK,BA:398,2023,SEX_F,43,72.342,0.05898073925265953
SVK,BA:398,2023,SEX_F,44,12.943,0.01055248276446839
SVK,BA:398,2023,SEX_F,51,77.742,0.06338338214288045
SVK,BA:398,2023,SEX_F,52,150.558,0.12275057560479269
SVK,BA:398,2023,SEX_F,53,63.075,0.051425314870497084
SVK,BA:398,2023,SEX_F,54,7.788,0.006349589412785276
SVK,BA:398,2023,SEX_F,61,5.459,0.004450745840317774
SVK,BA:398,2023,SEX_F,71,0.919,7.492645955764855e-4
SVK,BA:398,2023,SEX_F,72,4.521,0.003685990464201622
SVK,BA:398,2023,SEX_F,73,3.967,0.0032343119158345134
SVK,BA:398,2023,SEX_F,74,1.242,0.0010126078647508105
SVK,BA:398,2023,SEX_F,75,37.172,0.03030648916949849
SVK,BA:398,2023,SEX_F,81,37.08,0.03023148117951695
SVK,BA:398,2023,SEX_F,82,32.893,0.026817802331117885
SVK,BA:398,2023,SEX_F,83,5.141,0.004191479092338098
SVK,BA:398,2023,SEX_F,91,45.564,0.03714852234259737
SVK,BA:398,2023,SEX_F,92,1.907,0.001554785183639127
SVK,BA:398,2023,SEX_F,93,16.77,0.013672652086852732
SVK,BA:398,2023,SEX_F,94,15.79,0.012873653932701528
SVK,BA:398,2023,SEX_F,95,0.464,3.783011668634268e-4
SVK,BA:398,2023,SEX_F,96,3.519,0.0028690556167939633
SVK,BA:398,2023,SEX_M,01,2.626,0.0019020577860510933
SVK,BA:398,2023,SEX_M,02,2.295,0.0016623086896371895
SVK,BA:398,2023,SEX_M,03,8.368,0.006061088938947278
SVK,BA:398,2023,SEX_M,11,11.926,0.00863821064601879
SVK,BA:398,2023,SEX_M,12,24.824,0.01798045791353098
SVK,BA:398,2023,SEX_M,13,37.218,0.026957649155083627
SVK,BA:398,2023,SEX_M,14,27.781,0.020122264795995975
SVK,BA:398,2023,SEX_M,21,44.775,0.03243131659194125
SVK,BA:398,2023,SEX_M,22,13.193,0.00955592093350041
SVK,BA:398,2023,SEX_M,23,22.887,0.016577454893126953
SVK,BA:398,2023,SEX_M,24,30.597,0.02216194290929372
SVK,BA:398,2023,SEX_M,25,47.972,0.03474695967724412
SVK,BA:398,2023,SEX_M,26,20.715,0.015004237257444174
SVK,BA:398,2023,SEX_M,31,108.935,0.0789035281506001
SVK,BA:398,2023,SEX_M,32,9.227,0.0066832776816045086
SVK,BA:398,2023,SEX_M,33,51.714,0.03745735580649134
SVK,BA:398,2023,SEX_M,34,10.677,0.0077335380737500094
SVK,BA:398,2023,SEX_M,35,20.87,0.01511650647177697
SVK,BA:398,2023,SEX_M,41,10.705,0.007753818964081095
SVK,BA:398,2023,SEX_M,42,7.786,0.005639536147065428
SVK,BA:398,2023,SEX_M,43,44.889,0.03251388878828924
SVK,BA:398,2023,SEX_M,44,3.585,0.002596678279890773
SVK,BA:398,2023,SEX_M,51,58.357,0.04226899703754138
SVK,BA:398,2023,SEX_M,52,45.038,0.032621812097551085
SVK,BA:398,2023,SEX_M,53,9.316,0.006747741940156888
SVK,BA:398,2023,SEX_M,54,37.04,0.026828720637978865
SVK,BA:398,2023,SEX_M,61,7.913,0.0057315244710671375
SVK,BA:398,2023,SEX_M,62,9.365,0.006783233498236288
SVK,BA:398,2023,SEX_M,63,1.909,0.0013827221300729388
SVK,BA:398,2023,SEX_M,71,115.97,0.08399910184628534
SVK,BA:398,2023,SEX_M,72,121.092,0.08770905614185034
SVK,BA:398,2023,SEX_M,73,7.134,0.005167281129355865
SVK,BA:398,2023,SEX_M,74,49.404,0.03578418235417678
SVK,BA:398,2023,SEX_M,75,34.125,0.024717335091010498
SVK,BA:398,2023,SEX_M,81,63.061,0.04567618661316375
SVK,BA:398,2023,SEX_M,82,50.723,0.03673955715227327
SVK,BA:398,2023,SEX_M,83,129.739,0.09397222966659666
SVK,BA:398,2023,SEX_M,91,4.073,0.0029501452256611212
SVK,BA:398,2023,SEX_M,92,5.014,0.00363172800428796
SVK,BA:398,2023,SEX_M,93,49.562,0.035898624521045044
SVK,BA:398,2023,SEX_M,94,1.974,0.0014298027683415304
SVK,BA:398,2023,SEX_M,95,0.808,5.852485495541827e-4
SVK,BA:398,2023,SEX_M,96,15.428,0.011174770572428131
SVN,BA:446,2024,SEX_F,01,0.266,5.894867476287563e-4
SVN,BA:446,2024,SEX_F,02,0.411,9.10823508554206e-4
SVN,BA:446,2024,SEX_F,03,0.776,0.001719705699849304
SVN,BA:446,2024,SEX_F,11,1.616,0.003581242797624324
SVN,BA:446,2024,SEX_F,12,5.57,0.012343763850722453
SVN,BA:446,2024,SEX_F,13,4.378,0.009702154064355996
SVN,BA:446,2024,SEX_F,14,1.568,0.003474869249180037
SVN,BA:446,2024,SEX_F,21,14.45,0.032022870312915515
SVN,BA:446,2024,SEX_F,22,24.201,0.05363221345625387
SVN,BA:446,2024,SEX_F,23,47.789,0.10590594805425049
SVN,BA:446,2024,SEX_F,24,23.387,0.051828295363886175
SVN,BA:446,2024,SEX_F,25,4.487,0.009943710663948231
SVN,BA:446,2024,SEX_F,26,23.134,0.05126761811896108
SVN,BA:446,2024,SEX_F,31,7.17,0.015889548798865345
SVN,BA:446,2024,SEX_F,32,15.314,0.03393759418491268
SVN,BA:446,2024,SEX_F,33,44.499,0.09861492775463167
SVN,BA:446,2024,SEX_F,34,4.455,0.009872794964985372
SVN,BA:446,2024,SEX_F,35,1.485,0.003290931654995124
SVN,BA:446,2024,SEX_F,41,22.582,0.05004432231185178
SVN,BA:446,2024,SEX_F,42,7.206,0.01596932896019856
SVN,BA:446,2024,SEX_F,43,9.474,0.020995479124191117
SVN,BA:446,2024,SEX_F,44,4.381,0.009708802411133763
SVN,BA:446,2024,SEX_F,51,24.386,0.05404219484088289
SVN,BA:446,2024,SEX_F,52,37.565,0.0832483822356174
SVN,BA:446,2024,SEX_F,53,17.452,0.03867564932186863
SVN,BA:446,2024,SEX_F,54,2.134,0.004729190674585586
SVN,BA:446,2024,SEX_F,61,9.763,0.021635936530449425
SVN,BA:446,2024,SEX_F,71,0.808,0.001790621398812162
SVN,BA:446,2024,SEX_F,72,2.843,0.0063004166297314056
SVN,BA:446,2024,SEX_F,73,1.203,0.002665987057884939
SVN,BA:446,2024,SEX_F,74,0.402,8.908784682209024e-4
SVN,BA:446,2024,SEX_F,75,9.005,0.01995612091126673
SVN,BA:446,2024,SEX_F,81,8.524,0.018890169311231268
SVN,BA:446,2024,SEX_F,82,9.171,0.020323996099636553
SVN,BA:446,2024,SEX_F,83,0.471,0.0010437904441095646
SVN,BA:446,2024,SEX_F,91,26.421,0.05855199007180213
SVN,BA:446,2024,SEX_F,92,3.898,0.008638418579913128
SVN,BA:446,2024,SEX_F,93,17.137,0.03797757291020299
SVN,BA:446,2024,SEX_F,94,7.019,0.01555491534438436
SVN,BA:446,2024,SEX_F,96,4.439,0.009837337115503943
SVN,BA:446,2024,SEX_M,01,2.385,0.004403472558149838
SVN,BA:446,2024,SEX_M,02,2.339,0.004318541850529338
SVN,BA:446,2024,SEX_M,03,1.977,0.003650174107950621
SVN,BA:446,2024,SEX_M,11,2.446,0.004516098061733546
SVN,BA:446,2024,SEX_M,12,6.918,0.012772839898230854
SVN,BA:446,2024,SEX_M,13,12.229,0.022578643988936845
SVN,BA:446,2024,SEX_M,14,4.13,0.007625300488536198
SVN,BA:446,2024,SEX_M,21,29.7,0.05483569600714893
SVN,BA:446,2024,SEX_M,22,7.832,0.01446037613225557
SVN,BA:446,2024,SEX_M,23,10.234,0.018895236125830377
SVN,BA:446,2024,SEX_M,24,15.524,0.02866226750218788
SVN,BA:446,2024,SEX_M,25,18.021,0.03327252787019633
SVN,BA:446,2024,SEX_M,26,11.85,0.02187888881093316
SVN,BA:446,2024,SEX_M,31,28.333,0.05231177693503537
SVN,BA:446,2024,SEX_M,32,4.353,0.008037029788522535
SVN,BA:446,2024,SEX_M,33,27.745,0.05122614093327768
SVN,BA:446,2024,SEX_M,34,5.206,0.009611940518963549
SVN,BA:446,2024,SEX_M,35,7.039,0.012996244585667385
SVN,BA:446,2024,SEX_M,41,3.514,0.00648796753431385
SVN,BA:446,2024,SEX_M,42,4.187,0.007730540713196384
SVN,BA:446,2024,SEX_M,43,21.371,0.03945769896864578
SVN,BA:446,2024,SEX_M,44,3.996,0.00737789364459822
SVN,BA:446,2024,SEX_M,51,19.578,0.036147247691177165
SVN,BA:446,2024,SEX_M,52,18.109,0.03343500400651381
SVN,BA:446,2024,SEX_M,53,3.831,0.007073250889002948
SVN,BA:446,2024,SEX_M,54,11.731,0.02165917676295839
SVN,BA:446,2024,SEX_M,61,17.067,0.03151113884693639
SVN,BA:446,2024,SEX_M,62,1.836,0.00338984302589648
SVN,BA:446,2024,SEX_M,71,34.888,0.06441440277095663
SVN,BA:446,2024,SEX_M,72,48.308,0.08919201355937208
SVN,BA:446,2024,SEX_M,73,5.382,0.009936892791598503
SVN,BA:446,2024,SEX_M,74,13.862,0.025593684109464596
SVN,BA:446,2024,SEX_M,75,14.711,0.027161209560982086
SVN,BA:446,2024,SEX_M,81,26.357,0.048663449146815634
SVN,BA:446,2024,SEX_M,82,6.716,0.012399883312593006
SVN,BA:446,2024,SEX_M,83,39.964,0.07378632172490572
SVN,BA:446,2024,SEX_M,91,3.41,0.0062959502823022855
SVN,BA:446,2024,SEX_M,92,4.011,0.007405588440561427
SVN,BA:446,2024,SEX_M,93,25.914,0.04784552950603561
SVN,BA:446,2024,SEX_M,94,2.654,0.004900132565756676
SVN,BA:446,2024,SEX_M,96,11.96,0.02208198398133001
SWE,BA:2519,2024,SEX_F,01,1.355,5.383371540041556e-4
SWE,BA:2519,2024,SEX_F,03,1.008,4.0047516696397706e-4
SWE,BA:2519,2024,SEX_F,11,5.622,0.002233602568126467
SWE,BA:2519,2024,SEX_F,12,55.272,0.021959388321858075
SWE,BA:2519,2024,SEX_F,13,68.664,0.0272799869686652
SWE,BA:2519,2024,SEX_F,14,18.776,0.007459644578289319
SWE,BA:2519,2024,SEX_F,21,77.884,0.030943063396649196
SWE,BA:2519,2024,SEX_F,22,198.847,0.07900127532270432
SWE,BA:2519,2024,SEX_F,23,244.972,0.09732658988243988
SWE,BA:2519,2024,SEX_F,24,227.127,0.09023682861808256
SWE,BA:2519,2024,SEX_F,25,73.683,0.029274019570840006
SWE,BA:2519,2024,SEX_F,26,160.507,0.06376891629353876
SWE,BA:2519,2024,SEX_F,31,53.12,0.021104405624133394
SWE,BA:2519,2024,SEX_F,32,46.895,0.018631233090055262
SWE,BA:2519,2024,SEX_F,33,251.195,0.09979896782293275
SWE,BA:2519,2024,SEX_F,34,66.764,0.02652512306268151
SWE,BA:2519,2024,SEX_F,35,12.094,0.004804907409982478
SWE,BA:2519,2024,SEX_F,41,35.87,0.014251035951386761
SWE,BA:2519,2024,SEX_F,42,44.924,0.01784816111179534
SWE,BA:2519,2024,SEX_F,43,87.505,0.03476545583847501
SWE,BA:2519,2024,SEX_F,44,16.342,0.006492624185044953
SWE,BA:2519,2024,SEX_F,51,91.159,0.036217178318719435
SWE,BA:2519,2024,SEX_F,52,122.464,0.04865455441178223
SWE,BA:2519,2024,SEX_F,53,328.04,0.13032923985204667
SWE,BA:2519,2024,SEX_F,54,14.684,0.00583390610287603
SWE,BA:2519,2024,SEX_F,61,22.342,0.008876404940782913
SWE,BA:2519,2024,SEX_F,62,2.707,0.0010754824176304424
SWE,BA:2519,2024,SEX_F,71,6.513,0.0025875940103535543
SWE,BA:2519,2024,SEX_F,72,8.74,0.00347237396752496
SWE,BA:2519,2024,SEX_F,73,5.934,0.0023575591674248413
SWE,BA:2519,2024,SEX_F,74,3.736,0.0014843008172395024
SWE,BA:2519,2024,SEX_F,75,11.794,0.004685718372195581
SWE,BA:2519,2024,SEX_F,81,12.99,0.0051608853361726804
SWE,BA:2519,2024,SEX_F,82,7.695,0.003057198819233932
SWE,BA:2519,2024,SEX_F,83,19.583,0.007780263089936073
SWE,BA:2519,2024,SEX_F,91,53.996,0.02145243761447114
SWE,BA:2519,2024,SEX_F,92,1.565,6.217694804549842e-4
SWE,BA:2519,2024,SEX_F,93,11.483,0.00456215906968983
SWE,BA:2519,2024,SEX_F,94,37.866,0.015044040349462258
SWE,BA:2519,2024,SEX_F,96,5.293,0.0021028919233535026
SWE,BA:2519,2024,SEX_M,01,12.579,0.004528519520802785
SWE,BA:2519,2024,SEX_M,03,4.302,0.0015487471960007617
SWE,BA:2519,2024,SEX_M,11,8.608,0.003098934417288368
SWE,BA:2519,2024,SEX_M,12,63.92,0.023011604083767713
SWE,BA:2519,2024,SEX_M,13,87.482,0.03149407303592251
SWE,BA:2519,2024,SEX_M,14,25.509,0.009183401260526136
SWE,BA:2519,2024,SEX_M,21,138.489,0.04985691548743596
SWE,BA:2519,2024,SEX_M,22,63.039,0.022694438514340314
SWE,BA:2519,2024,SEX_M,23,104.242,0.03752777898779903
SWE,BA:2519,2024,SEX_M,24,188.999,0.06804083479705904
SWE,BA:2519,2024,SEX_M,25,213.523,0.07686962983069984
SWE,BA:2519,2024,SEX_M,26,79.654,0.02867594354956873
SWE,BA:2519,2024,SEX_M,31,212.751,0.07659170495033893
SWE,BA:2519,2024,SEX_M,32,18.273,0.006578395516625272
SWE,BA:2519,2024,SEX_M,33,215.497,0.07758028230975737
SWE,BA:2519,2024,SEX_M,34,44.993,0.01619776443274344
SWE,BA:2519,2024,SEX_M,35,48.153,0.01733538440935023
SWE,BA:2519,2024,SEX_M,41,7.743,0.002787528949008345
SWE,BA:2519,2024,SEX_M,42,20.945,0.007540332408237089
SWE,BA:2519,2024,SEX_M,43,84.133,0.03028841186451234
SWE,BA:2519,2024,SEX_M,44,12.382,0.004457598275425717
SWE,BA:2519,2024,SEX_M,51,86.39,0.03110094613261409
SWE,BA:2519,2024,SEX_M,52,83.45,0.030042527546783725
SWE,BA:2519,2024,SEX_M,53,97.821,0.03521617839609264
SWE,BA:2519,2024,SEX_M,54,34.125,0.012285215728388192
SWE,BA:2519,2024,SEX_M,61,48.34,0.01740270559151019
SWE,BA:2519,2024,SEX_M,62,14.467,0.005208211456193172
SWE,BA:2519,2024,SEX_M,71,175.288,0.0631047881200794
SWE,BA:2519,2024,SEX_M,72,124.965,0.04498818999261627
SWE,BA:2519,2024,SEX_M,73,9.073,0.0032663373568839874
SWE,BA:2519,2024,SEX_M,74,74.859,0.02694971323696444
SWE,BA:2519,2024,SEX_M,75,15.202,0.005472816102650763
SWE,BA:2519,2024,SEX_M,81,46.908,0.016887176538820024
SWE,BA:2519,2024,SEX_M,82,27.735,0.009984775332654842
SWE,BA:2519,2024,SEX_M,83,166.413,0.05990973201489419
SWE,BA:2519,2024,SEX_M,91,32.196,0.011590763533807653
SWE,BA:2519,2024,SEX_M,92,3.328,0.0011981010386542387
SWE,BA:2519,2024,SEX_M,93,33.881,0.012197374185890704
SWE,BA:2519,2024,SEX_M,94,29.005,0.010441983361227824
SWE,BA:2519,2024,SEX_M,96,19.067,0.006864240536063814
SWZ,BA:1672,2023,SEX_F,12,0.939,0.008786951517363355
SWZ,BA:1672,2023,SEX_F,13,0.915,0.008562364897111258
SWZ,BA:1672,2023,SEX_F,22,1.512,0.014148957075882209
SWZ,BA:1672,2023,SEX_F,23,9.607,0.08990015253174627
SWZ,BA:1672,2023,SEX_F,24,1.202,0.011248046564292602
SWZ,BA:1672,2023,SEX_F,26,0.689,0.006447507556403995
SWZ,BA:1672,2023,SEX_F,32,1.506,0.014092810420819184
SWZ,BA:1672,2023,SEX_F,33,1.501,0.014046021541599995
SWZ,BA:1672,2023,SEX_F,34,1.27,0.011884375321673548
SWZ,BA:1672,2023,SEX_F,41,1.563,0.014626203643917916
SWZ,BA:1672,2023,SEX_F,42,1.436,0.013437766111750562
SWZ,BA:1672,2023,SEX_F,43,1.019,0.00953557358487035
SWZ,BA:1672,2023,SEX_F,44,1.306,0.012221255252051696
SWZ,BA:1672,2023,SEX_F,51,7.894,0.07387028251125274
SWZ,BA:1672,2023,SEX_F,52,23.868,0.22335139384071198
SWZ,BA:1672,2023,SEX_F,53,1.04,0.009732086877590937
SWZ,BA:1672,2023,SEX_F,54,2.281,0.021345086699793202
SWZ,BA:1672,2023,SEX_F,61,6.746,0.06312755584252737
SWZ,BA:1672,2023,SEX_F,71,0.717,0.006709525280031443
SWZ,BA:1672,2023,SEX_F,73,2.675,0.025032050382265147
SWZ,BA:1672,2023,SEX_F,75,3.232,0.030244331527282606
SWZ,BA:1672,2023,SEX_F,81,7.553,0.07067928094850418
SWZ,BA:1672,2023,SEX_F,91,15.374,0.1438664458231568
SWZ,BA:1672,2023,SEX_F,92,5.991,0.056062435080430094
SWZ,BA:1672,2023,SEX_F,93,1.822,0.017049867587471814
SWZ,BA:1672,2023,SEX_F,95,1.582,0.014804001384950829
SWZ,BA:1672,2023,SEX_F,96,1.623,0.015187670194548164
SWZ,BA:1672,2023,SEX_M,03,0.76,0.0069779826284958775
SWZ,BA:1672,2023,SEX_M,12,3.081,0.028288374313678682
SWZ,BA:1672,2023,SEX_M,13,1.527,0.014020236149622637
SWZ,BA:1672,2023,SEX_M,14,0.893,0.008199129588482656
SWZ,BA:1672,2023,SEX_M,21,1.986,0.018234570394990542
SWZ,BA:1672,2023,SEX_M,22,1.261,0.01157794222964908
SWZ,BA:1672,2023,SEX_M,23,5.192,0.047670639219934995
SWZ,BA:1672,2023,SEX_M,24,1.154,0.010595515728005581
SWZ,BA:1672,2023,SEX_M,26,1.5,0.013772334135189232
SWZ,BA:1672,2023,SEX_M,31,1.59,0.014598674183300585
SWZ,BA:1672,2023,SEX_M,32,1.789,0.01642580384523569
SWZ,BA:1672,2023,SEX_M,33,1.721,0.015801458031107114
SWZ,BA:1672,2023,SEX_M,34,1.3,0.011936022917164002
SWZ,BA:1672,2023,SEX_M,35,0.678,0.006225095029105533
SWZ,BA:1672,2023,SEX_M,43,0.858,0.007877775125328241
SWZ,BA:1672,2023,SEX_M,44,0.74,0.0067943515066933545
SWZ,BA:1672,2023,SEX_M,51,3.119,0.028637273445103476
SWZ,BA:1672,2023,SEX_M,52,8.3,0.0762069155480471
SWZ,BA:1672,2023,SEX_M,54,8.864,0.08138531318287824
SWZ,BA:1672,2023,SEX_M,61,10.226,0.09389059257763006
SWZ,BA:1672,2023,SEX_M,71,8.914,0.08184439098738454
SWZ,BA:1672,2023,SEX_M,72,4.139,0.03800246065703215
SWZ,BA:1672,2023,SEX_M,73,0.824,0.007565602218263951
SWZ,BA:1672,2023,SEX_M,74,1.986,0.018234570394990542
SWZ,BA:1672,2023,SEX_M,75,0.784,0.0071983399746589054
SWZ,BA:1672,2023,SEX_M,81,3.119,0.028637273445103476
SWZ,BA:1672,2023,SEX_M,83,12.2,0.11201498429953907
SWZ,BA:1672,2023,SEX_M,91,4.711,0.04325431074058431
SWZ,BA:1672,2023,SEX_M,92,9.598,0.08812457535303084
SWZ,BA:1672,2023,SEX_M,93,2.383,0.021879648162770625
SWZ,BA:1672,2023,SEX_M,95,1.009,0.00926419009493729
SWZ,BA:1672,2023,SEX_M,96,2.708,0.02486365389206163
SYC,BA:2524,2024,SEX_F,11,0.127,0.009262635839836629
SYC,BA:2524,2024,SEX_F,12,0.346,0.025235212603019475
SYC,BA:2524,2024,SEX_F,13,0.506,0.036904675078404205
SYC,BA:2524,2024,SEX_F,14,0.58,0.04230180147326964
SYC,BA:2524,2024,SEX_F,21,0.164,0.011961199037269348
SYC,BA:2524,2024,SEX_F,22,0.346,0.025235212603019475
SYC,BA:2524,2024,SEX_F,23,0.668,0.048720005834731246
SYC,BA:2524,2024,SEX_F,24,0.685,0.049959886222740876
SYC,BA:2524,2024,SEX_F,26,0.289,0.021077966596163664
SYC,BA:2524,2024,SEX_F,31,0.094,0.006855809204288528
SYC,BA:2524,2024,SEX_F,32,0.295,0.02151557143899059
SYC,BA:2524,2024,SEX_F,33,1.465,0.10684851579024143
SYC,BA:2524,2024,SEX_F,34,0.163,0.011888264896798194
SYC,BA:2524,2024,SEX_F,41,0.262,0.019108744803442494
SYC,BA:2524,2024,SEX_F,42,0.863,0.06294216322660638
SYC,BA:2524,2024,SEX_F,43,0.161,0.011742396615855884
SYC,BA:2524,2024,SEX_F,44,0.123,0.00897089927795201
SYC,BA:2524,2024,SEX_F,51,0.831,0.06060827073152943
SYC,BA:2524,2024,SEX_F,52,1.105,0.08059222522062578
SYC,BA:2524,2024,SEX_F,53,2.248,0.16395594777915545
SYC,BA:2524,2024,SEX_F,54,0.52,0.03792575304500037
SYC,BA:2524,2024,SEX_F,61,0.112,0.00816862373276931
SYC,BA:2524,2024,SEX_F,75,0.174,0.012690540441980891
SYC,BA:2524,2024,SEX_F,81,0.141,0.010283713806432792
SYC,BA:2524,2024,SEX_F,91,1.196,0.08722923200350084
SYC,BA:2524,2024,SEX_F,92,0.059,0.004303114287798119
SYC,BA:2524,2024,SEX_F,93,0.056,0.004084311866384655
SYC,BA:2524,2024,SEX_F,94,0.094,0.006855809204288528
SYC,BA:2524,2024,SEX_F,96,0.038,0.0027714973379038732
SYC,BA:2524,2024,SEX_M,03,0.107,0.008566167640701302
SYC,BA:2524,2024,SEX_M,11,0.164,0.013129453206308539
SYC,BA:2524,2024,SEX_M,12,0.221,0.017692738771915774
SYC,BA:2524,2024,SEX_M,13,0.588,0.047073893203106225
SYC,BA:2524,2024,SEX_M,14,0.644,0.05155712112721158
SYC,BA:2524,2024,SEX_M,21,0.189,0.015130894243855572
SYC,BA:2524,2024,SEX_M,22,0.194,0.01553118245136498
SYC,BA:2524,2024,SEX_M,23,0.313,0.02505804179008886
SYC,BA:2524,2024,SEX_M,24,0.208,0.016651989432391316
SYC,BA:2524,2024,SEX_M,25,0.113,0.00904651348971259
SYC,BA:2524,2024,SEX_M,26,0.115,0.009206628772716354
SYC,BA:2524,2024,SEX_M,31,0.644,0.05155712112721158
SYC,BA:2524,2024,SEX_M,32,0.108,0.008646225282203183
SYC,BA:2524,2024,SEX_M,33,0.418,0.033464094147786394
SYC,BA:2524,2024,SEX_M,34,0.105,0.008406052357697539
SYC,BA:2524,2024,SEX_M,35,0.06,0.00480345849011288
SYC,BA:2524,2024,SEX_M,42,0.082,0.0065647266031542695
SYC,BA:2524,2024,SEX_M,43,0.17,0.013609799055319827
SYC,BA:2524,2024,SEX_M,51,0.697,0.055800176126811284
SYC,BA:2524,2024,SEX_M,52,0.451,0.03610599631734848
SYC,BA:2524,2024,SEX_M,53,0.228,0.018253142262428943
SYC,BA:2524,2024,SEX_M,54,1.01,0.08085821791690015
SYC,BA:2524,2024,SEX_M,61,0.536,0.0429108958450084
SYC,BA:2524,2024,SEX_M,62,0.302,0.024177407733568163
SYC,BA:2524,2024,SEX_M,63,0.059,0.004723400848610998
SYC,BA:2524,2024,SEX_M,71,0.88,0.07045072452165557
SYC,BA:2524,2024,SEX_M,72,0.614,0.04915539188215514
SYC,BA:2524,2024,SEX_M,73,0.05,0.0040028820750940665
SYC,BA:2524,2024,SEX_M,74,0.389,0.03114242254423184
SYC,BA:2524,2024,SEX_M,75,0.156,0.012488992074293489
SYC,BA:2524,2024,SEX_M,81,0.062,0.0049635737731166425
SYC,BA:2524,2024,SEX_M,83,1.015,0.08125850612440955
SYC,BA:2524,2024,SEX_M,91,0.284,0.022736370186534297
SYC,BA:2524,2024,SEX_M,92,0.311,0.024897926507085093
SYC,BA:2524,2024,SEX_M,93,0.403,0.03226322952525818
SYC,BA:2524,2024,SEX_M,94,0.115,0.009206628772716354
SYC,BA:2524,2024,SEX_M,96,0.486,0.038908013769914325
TGO,BB:16196,2022,SEX_F,14,5.431,0.0030709762492698582
TGO,BB:16196,2022,SEX_F,22,6.88,0.003890317914744361
TGO,BB:16196,2022,SEX_F,23,22.015,0.012448451873996673
TGO,BB:16196,2022,SEX_F,24,2.728,0.001542556289450962
TGO,BB:16196,2022,SEX_F,26,2.866,0.0016205888290199621
TGO,BB:16196,2022,SEX_F,32,7.646,0.004323455054670841
TGO,BB:16196,2022,SEX_F,33,7.224,0.004084833810481579
TGO,BB:16196,2022,SEX_F,41,11.541,0.00652589521134661
TGO,BB:16196,2022,SEX_F,42,1.552,8.775833435586117e-4
TGO,BB:16196,2022,SEX_F,51,93.63,0.05294338173801083
TGO,BB:16196,2022,SEX_F,52,736.95,0.41671072489401995
TGO,BB:16196,2022,SEX_F,61,314.904,0.1780634698582352
TGO,BB:16196,2022,SEX_F,62,1.788,0.0010110302952853077
TGO,BB:16196,2022,SEX_F,63,328.961,0.18601204528375287
TGO,BB:16196,2022,SEX_F,73,14.319,0.008096724160061701
TGO,BB:16196,2022,SEX_F,75,151.763,0.08581487175804484
TGO,BB:16196,2022,SEX_F,91,17.624,0.009965546937420728
TGO,BB:16196,2022,SEX_F,92,1.497,8.464834183680681e-4
TGO,BB:16196,2022,SEX_F,93,1.558,8.809760626703074e-4
TGO,BB:16196,2022,SEX_F,96,37.616,0.021270087017590682
TGO,BB:16196,2022,SEX_M,02,4.138,0.002614782176259572
TGO,BB:16196,2022,SEX_M,03,6.641,0.004196415764267719
TGO,BB:16196,2022,SEX_M,11,5.369,0.0033926451194629392
TGO,BB:16196,2022,SEX_M,12,2.245,0.0014186046364675544
TGO,BB:16196,2022,SEX_M,13,4.455,0.002815092942299757
TGO,BB:16196,2022,SEX_M,14,8.296,0.005242202255739345
TGO,BB:16196,2022,SEX_M,21,16.511,0.010433221003436877
TGO,BB:16196,2022,SEX_M,22,5.825,0.0036807893128835206
TGO,BB:16196,2022,SEX_M,23,59.147,0.03737470308826121
TGO,BB:16196,2022,SEX_M,24,9.675,0.006113585682772199
TGO,BB:16196,2022,SEX_M,25,7.798,0.004927518465556342
TGO,BB:16196,2022,SEX_M,26,7.891,0.004986284715530276
TGO,BB:16196,2022,SEX_M,31,7.927,0.005009032941326638
TGO,BB:16196,2022,SEX_M,32,13.203,0.008342911810815644
TGO,BB:16196,2022,SEX_M,33,14.208,0.00897796644763074
TGO,BB:16196,2022,SEX_M,34,2.863,0.001809115845971763
TGO,BB:16196,2022,SEX_M,35,2.79,0.0017629874992180295
TGO,BB:16196,2022,SEX_M,41,6.336,0.004003687740159655
TGO,BB:16196,2022,SEX_M,42,3.519,0.0022236390715943536
TGO,BB:16196,2022,SEX_M,43,2.512,0.0015873206444572366
TGO,BB:16196,2022,SEX_M,44,14.227,0.00898997245568993
TGO,BB:16196,2022,SEX_M,51,25.818,0.01631426926695738
TGO,BB:16196,2022,SEX_M,52,152.881,0.09660476411037691
TGO,BB:16196,2022,SEX_M,54,26.44,0.01670730805710563
TGO,BB:16196,2022,SEX_M,61,334.873,0.2116046282529173
TGO,BB:16196,2022,SEX_M,62,1.491,9.421556850659793e-4
TGO,BB:16196,2022,SEX_M,63,357.772,0.22607439554488631
TGO,BB:16196,2022,SEX_M,71,78.748,0.04976048013921914
TGO,BB:16196,2022,SEX_M,72,50.102,0.03165921135692534
TGO,BB:16196,2022,SEX_M,73,18.113,0.01144551705137497
TGO,BB:16196,2022,SEX_M,74,36.005,0.022751385272166722
TGO,BB:16196,2022,SEX_M,75,92.262,0.0582999113451089
TGO,BB:16196,2022,SEX_M,81,3.549,0.002242595926424655
TGO,BB:16196,2022,SEX_M,83,111.767,0.07062502646060986
TGO,BB:16196,2022,SEX_M,91,10.534,0.0066563836260798296
TGO,BB:16196,2022,SEX_M,93,17.962,0.011350100882062454
TGO,BB:16196,2022,SEX_M,96,58.648,0.037059387402917206
THA,BA:741,2024,SEX_F,01,3.008,1.6385632371559907e-4
THA,BA:741,2024,SEX_F,02,4.387,2.3897529658920648e-4
THA,BA:741,2024,SEX_F,11,79.368,0.004323453690378879
THA,BA:741,2024,SEX_F,12,150.714,0.008209920868508244
THA,BA:741,2024,SEX_F,13,117.89,0.006421882314771268
THA,BA:741,2024,SEX_F,14,147.983,0.008061153707581615
THA,BA:741,2024,SEX_F,21,119.694,0.006520152530191129
THA,BA:741,2024,SEX_F,22,264.904,0.014430251189347425
THA,BA:741,2024,SEX_F,23,608.505,0.03314740434260659
THA,BA:741,2024,SEX_F,24,262.417,0.014294775565317937
THA,BA:741,2024,SEX_F,25,27.65,0.001506192603303296
THA,BA:741,2024,SEX_F,26,95.863,0.00522199426873287
THA,BA:741,2024,SEX_F,31,101.926,0.005552267171222125
THA,BA:741,2024,SEX_F,32,157.969,0.008605126197150753
THA,BA:741,2024,SEX_F,33,731.16,0.03982885294145526
THA,BA:741,2024,SEX_F,34,43.115,0.0023486254644275446
THA,BA:741,2024,SEX_F,35,23.47,0.0012784933236719117
THA,BA:741,2024,SEX_F,41,654.274,0.0356406025075465
THA,BA:741,2024,SEX_F,42,193.275,0.01052836800735785
THA,BA:741,2024,SEX_F,43,368.951,0.020098056679253323
THA,BA:741,2024,SEX_F,44,106.56,0.0058046974252440944
THA,BA:741,2024,SEX_F,51,1481.803,0.08071901331474264
THA,BA:741,2024,SEX_F,52,3589.452,0.19553005614149088
THA,BA:741,2024,SEX_F,53,161.565,0.008801012945847992
THA,BA:741,2024,SEX_F,54,40.562,0.0022095545886144045
THA,BA:741,2024,SEX_F,61,4028.285,0.21943483077749068
THA,BA:741,2024,SEX_F,62,62.141,0.0033850385013334578
THA,BA:741,2024,SEX_F,63,144.528,0.007872947724058544
THA,BA:741,2024,SEX_F,71,102.043,0.005558640572111329
THA,BA:741,2024,SEX_F,72,27.696,0.0015086983848494788
THA,BA:741,2024,SEX_F,73,227.89,0.01241396862086033
THA,BA:741,2024,SEX_F,74,15.484,8.434678578498457e-4
THA,BA:741,2024,SEX_F,75,754.149,0.041081144505916
THA,BA:741,2024,SEX_F,81,717.713,0.039096347627291805
THA,BA:741,2024,SEX_F,82,355.421,0.019361030063604366
THA,BA:741,2024,SEX_F,83,76.708,0.0041785541487952705
THA,BA:741,2024,SEX_F,91,733.171,0.03993839917383294
THA,BA:741,2024,SEX_F,92,428.155,0.0233231064762142
THA,BA:741,2024,SEX_F,93,606.128,0.033017920804883194
THA,BA:741,2024,SEX_F,94,98.386,0.005359430939189803
THA,BA:741,2024,SEX_F,95,202.706,0.011042107697837176
THA,BA:741,2024,SEX_F,96,240.477,0.013099626714812539
THA,BA:741,2024,SEX_M,01,25.172,0.0011770226769045637
THA,BA:741,2024,SEX_M,02,27.073,0.001265911923241588
THA,BA:741,2024,SEX_M,03,6.319,2.954714085237541e-4
THA,BA:741,2024,SEX_M,11,206.978,0.009678126474668394
THA,BA:741,2024,SEX_M,12,113.21,0.005293609457030258
THA,BA:741,2024,SEX_M,13,328.489,0.01535988408206353
THA,BA:741,2024,SEX_M,14,161.414,0.007547590114805071
THA,BA:741,2024,SEX_M,21,229.88,0.010749005759050577
THA,BA:741,2024,SEX_M,22,52.754,0.002466735034857117
THA,BA:741,2024,SEX_M,23,211.726,0.009900139174094059
THA,BA:741,2024,SEX_M,24,112.114,0.005242361369715488
THA,BA:741,2024,SEX_M,25,73.24,0.0034246440829687843
THA,BA:741,2024,SEX_M,26,140.129,0.006552320462893675
THA,BA:741,2024,SEX_M,31,324.184,0.015158585709901045
THA,BA:741,2024,SEX_M,32,41.499,0.0019404601966018788
THA,BA:741,2024,SEX_M,33,297.435,0.013907823768675866
THA,BA:741,2024,SEX_M,34,87.491,0.004091009495672064
THA,BA:741,2024,SEX_M,35,65.696,0.0030718926498459484
THA,BA:741,2024,SEX_M,41,133.936,0.006262740714042971
THA,BA:741,2024,SEX_M,42,87.799,0.004105411330428405
THA,BA:741,2024,SEX_M,43,185.206,0.008660085090528628
THA,BA:741,2024,SEX_M,44,84.451,0.003948861516258831
THA,BA:741,2024,SEX_M,51,687.64,0.03215349886964302
THA,BA:741,2024,SEX_M,52,2100.408,0.09821340563927224
THA,BA:741,2024,SEX_M,53,42.855,0.0020038656768927806
THA,BA:741,2024,SEX_M,54,546.33,0.02554595578711546
THA,BA:741,2024,SEX_M,61,5708.544,0.266926972036687
THA,BA:741,2024,SEX_M,62,311.896,0.01458400861416756
THA,BA:741,2024,SEX_M,63,177.426,0.008296298485319764
THA,BA:741,2024,SEX_M,71,1104.525,0.051646709526776316
THA,BA:741,2024,SEX_M,72,978.808,0.04576828270839036
THA,BA:741,2024,SEX_M,73,159.222,0.00744509394017553
THA,BA:741,2024,SEX_M,74,458.985,0.02146177313519153
THA,BA:741,2024,SEX_M,75,482.347,0.022554161653300715
THA,BA:741,2024,SEX_M,81,762.747,0.035665442386021186
THA,BA:741,2024,SEX_M,82,314.831,0.014721246877186586
THA,BA:741,2024,SEX_M,83,2018.939,0.0944039800686089
THA,BA:741,2024,SEX_M,91,107.563,0.005029560233429429
THA,BA:741,2024,SEX_M,92,729.818,0.034125708565594104
THA,BA:741,2024,SEX_M,93,965.48,0.04514507604075235
THA,BA:741,2024,SEX_M,94,52.009,0.0024318994280601246
THA,BA:741,2024,SEX_M,95,216.536,0.010125050944152496
THA,BA:741,2024,SEX_M,96,463.06,0.021652316890490516
TLS,AA:7002,2022,SEX_F,01,0.738,0.004669053915552124
TLS,AA:7002,2022,SEX_F,11,0.405,0.0025622856853639705
TLS,AA:7002,2022,SEX_F,12,0.027,1.7081904569093135e-4
TLS,AA:7002,2022,SEX_F,13,0.03,1.8979893965659039e-4
TLS,AA:7002,2022,SEX_F,14,0.037,2.3408535890979482e-4
TLS,AA:7002,2022,SEX_F,21,0.014,8.857283850640886e-5
TLS,AA:7002,2022,SEX_F,22,1.321,0.008357479976211864
TLS,AA:7002,2022,SEX_F,23,4.614,0.029191076919183604
TLS,AA:7002,2022,SEX_F,24,2.101,0.013292252407283215
TLS,AA:7002,2022,SEX_F,26,0.113,7.149093393731572e-4
TLS,AA:7002,2022,SEX_F,31,0.352,0.002226974225303994
TLS,AA:7002,2022,SEX_F,32,0.245,0.001550024673862155
TLS,AA:7002,2022,SEX_F,33,2.066,0.013070820311017192
TLS,AA:7002,2022,SEX_F,34,0.103,6.516430261542937e-4
TLS,AA:7002,2022,SEX_F,35,0.09,5.693968189697712e-4
TLS,AA:7002,2022,SEX_F,41,0.309,0.001954929078462881
TLS,AA:7002,2022,SEX_F,42,0.6,0.003795978793131808
TLS,AA:7002,2022,SEX_F,43,0.039,2.4673862155356755e-4
TLS,AA:7002,2022,SEX_F,51,0.986,0.006238058483379938
TLS,AA:7002,2022,SEX_F,52,31.73,0.20074401184345378
TLS,AA:7002,2022,SEX_F,53,0.42,0.0026571851551922656
TLS,AA:7002,2022,SEX_F,54,0.548,0.0034669939643937183
TLS,AA:7002,2022,SEX_F,61,37.218,0.23546456453796608
TLS,AA:7002,2022,SEX_F,62,0.106,6.706229201199527e-4
TLS,AA:7002,2022,SEX_F,63,54.446,0.34445976895142405
TLS,AA:7002,2022,SEX_F,71,0.411,0.0026002454732952885
TLS,AA:7002,2022,SEX_F,72,0.085,5.377636623603396e-4
TLS,AA:7002,2022,SEX_F,73,0.491,0.0031063759790461963
TLS,AA:7002,2022,SEX_F,74,0.046,2.9102504080677196e-4
TLS,AA:7002,2022,SEX_F,75,0.666,0.004213536460376307
TLS,AA:7002,2022,SEX_F,81,0.085,5.377636623603396e-4
TLS,AA:7002,2022,SEX_F,82,0.005,3.1633156609431735e-5
TLS,AA:7002,2022,SEX_F,83,7.348,0.046488086953220875
TLS,AA:7002,2022,SEX_F,91,9.61,0.06079892700332779
TLS,AA:7002,2022,SEX_F,92,0.09,5.693968189697712e-4
TLS,AA:7002,2022,SEX_F,93,0.542,0.0034290341764624003
TLS,AA:7002,2022,SEX_F,95,0.008,5.061305057509078e-5
TLS,AA:7002,2022,SEX_F,96,0.017,1.075527324720679e-4
TLS,AA:7002,2022,SEX_M,01,2.069,0.010393955530548882
TLS,AA:7002,2022,SEX_M,03,0.016,8.037858312652592e-5
TLS,AA:7002,2022,SEX_M,11,1.412,0.007093409960915912
TLS,AA:7002,2022,SEX_M,12,0.061,3.0644334816988007e-4
TLS,AA:7002,2022,SEX_M,13,0.128,6.430286650122073e-4
TLS,AA:7002,2022,SEX_M,14,0.093,4.672005144229319e-4
TLS,AA:7002,2022,SEX_M,21,0.059,2.963960252790643e-4
TLS,AA:7002,2022,SEX_M,22,1.011,0.005078921721307356
TLS,AA:7002,2022,SEX_M,23,7.333,0.03683850937917591
TLS,AA:7002,2022,SEX_M,24,3.381,0.016984999346924008
TLS,AA:7002,2022,SEX_M,25,0.006,3.014196867244722e-5
TLS,AA:7002,2022,SEX_M,26,0.218,0.0010951581950989157
TLS,AA:7002,2022,SEX_M,31,1.479,0.00742999527775824
TLS,AA:7002,2022,SEX_M,32,0.234,0.0011755367782254416
TLS,AA:7002,2022,SEX_M,33,3.824,0.019210481367239695
TLS,AA:7002,2022,SEX_M,34,0.134,6.731706336846546e-4
TLS,AA:7002,2022,SEX_M,35,0.198,9.946849661907583e-4
TLS,AA:7002,2022,SEX_M,41,0.536,0.0026926825347386185
TLS,AA:7002,2022,SEX_M,42,1.139,0.005721950386319564
TLS,AA:7002,2022,SEX_M,43,0.068,3.416089782877352e-4
TLS,AA:7002,2022,SEX_M,44,0.007,3.516563011785509e-5
TLS,AA:7002,2022,SEX_M,51,0.493,0.0024766650925860797
TLS,AA:7002,2022,SEX_M,52,20.913,0.10505983180781478
TLS,AA:7002,2022,SEX_M,53,0.093,4.672005144229319e-4
TLS,AA:7002,2022,SEX_M,54,4.927,0.024751579941524573
TLS,AA:7002,2022,SEX_M,61,48.755,0.2449286137708607
TLS,AA:7002,2022,SEX_M,62,1.875,0.009419365210139755
TLS,AA:7002,2022,SEX_M,63,56.883,0.2857609339991359
TLS,AA:7002,2022,SEX_M,71,9.968,0.05007585728782565
TLS,AA:7002,2022,SEX_M,72,1.657,0.00832420701504084
TLS,AA:7002,2022,SEX_M,73,0.175,8.791407529463772e-4
TLS,AA:7002,2022,SEX_M,74,0.249,0.0012508916999065596
TLS,AA:7002,2022,SEX_M,75,0.288,0.0014468144962774664
TLS,AA:7002,2022,SEX_M,81,0.309,0.0015523113866310317
TLS,AA:7002,2022,SEX_M,83,20.539,0.10318098242723224
TLS,AA:7002,2022,SEX_M,91,5.068,0.02545991620532708
TLS,AA:7002,2022,SEX_M,92,0.151,7.585728782565883e-4
TLS,AA:7002,2022,SEX_M,93,3.245,0.01630178139034854
TLS,AA:7002,2022,SEX_M,95,0.021,1.0549689035356527e-4
TLS,AA:7002,2022,SEX_M,96,0.043,2.160174421525384e-4
TON,BA:1712,2023,SEX_F,11,0.15,0.010269752156647952
TON,BA:1712,2023,SEX_F,12,0.216,0.01478844310557305
TON,BA:1712,2023,SEX_F,13,0.238,0.016294673421881414
TON,BA:1712,2023,SEX_F,14,0.1,0.006846501437765302
TON,BA:1712,2023,SEX_F,21,0.121,0.008284266739696015
TON,BA:1712,2023,SEX_F,22,0.227,0.015541558263727235
TON,BA:1712,2023,SEX_F,23,1.8,0.12323702587977542
TON,BA:1712,2023,SEX_F,24,0.638,0.043680679172942626
TON,BA:1712,2023,SEX_F,26,0.105,0.007188826509653566
TON,BA:1712,2023,SEX_F,32,0.218,0.014925373134328356
TON,BA:1712,2023,SEX_F,33,0.601,0.04114747364096946
TON,BA:1712,2023,SEX_F,34,0.19,0.013008352731754073
TON,BA:1712,2023,SEX_F,35,0.102,0.006983431466520607
TON,BA:1712,2023,SEX_F,41,0.481,0.0329316719156511
TON,BA:1712,2023,SEX_F,42,0.378,0.02587977543475284
TON,BA:1712,2023,SEX_F,43,0.503,0.034437902231959465
TON,BA:1712,2023,SEX_F,44,0.061,0.004176365877036833
TON,BA:1712,2023,SEX_F,51,0.501,0.03430097220320416
TON,BA:1712,2023,SEX_F,52,1.721,0.11782828974394084
TON,BA:1712,2023,SEX_F,53,0.118,0.008078871696563055
TON,BA:1712,2023,SEX_F,54,0.147,0.010064357113514992
TON,BA:1712,2023,SEX_F,61,0.14,0.009585102012871423
TON,BA:1712,2023,SEX_F,62,0.061,0.004176365877036833
TON,BA:1712,2023,SEX_F,63,1.331,0.09112693413665615
TON,BA:1712,2023,SEX_F,73,3.135,0.21463782007394216
TON,BA:1712,2023,SEX_F,75,0.41,0.02807065589483773
TON,BA:1712,2023,SEX_F,81,0.15,0.010269752156647952
TON,BA:1712,2023,SEX_F,91,0.278,0.019033273996987538
TON,BA:1712,2023,SEX_F,92,0.149,0.010201287142270298
TON,BA:1712,2023,SEX_F,93,0.175,0.011981377516089277
TON,BA:1712,2023,SEX_F,94,0.161,0.011022867314802134
TON,BA:1712,2023,SEX_M,01,0.04,0.0021943057765099563
TON,BA:1712,2023,SEX_M,03,0.176,0.009654945416643808
TON,BA:1712,2023,SEX_M,11,0.317,0.017389873278841405
TON,BA:1712,2023,SEX_M,12,0.332,0.01821273794503264
TON,BA:1712,2023,SEX_M,13,0.385,0.021120193098908332
TON,BA:1712,2023,SEX_M,14,0.149,0.008173789017499588
TON,BA:1712,2023,SEX_M,21,0.714,0.03916835811070272
TON,BA:1712,2023,SEX_M,22,0.093,0.005101760930385648
TON,BA:1712,2023,SEX_M,23,0.904,0.049591310549125016
TON,BA:1712,2023,SEX_M,24,0.181,0.009929233638707551
TON,BA:1712,2023,SEX_M,25,0.042,0.0023040210653354543
TON,BA:1712,2023,SEX_M,26,0.385,0.021120193098908332
TON,BA:1712,2023,SEX_M,31,0.534,0.029293982116407918
TON,BA:1712,2023,SEX_M,32,0.108,0.005924625596576882
TON,BA:1712,2023,SEX_M,33,0.466,0.025563662296340994
TON,BA:1712,2023,SEX_M,34,0.333,0.018267595589445386
TON,BA:1712,2023,SEX_M,35,0.182,0.0099840912831203
TON,BA:1712,2023,SEX_M,41,0.106,0.005814910307751384
TON,BA:1712,2023,SEX_M,42,0.14,0.007680070217784848
TON,BA:1712,2023,SEX_M,43,0.083,0.00455318448625816
TON,BA:1712,2023,SEX_M,51,0.344,0.018871029677985623
TON,BA:1712,2023,SEX_M,52,0.512,0.028087113939327443
TON,BA:1712,2023,SEX_M,53,0.049,0.0026880245762246967
TON,BA:1712,2023,SEX_M,54,0.856,0.04695814361731306
TON,BA:1712,2023,SEX_M,61,1.902,0.10433923967304842
TON,BA:1712,2023,SEX_M,62,0.379,0.020791047232431838
TON,BA:1712,2023,SEX_M,63,3.215,0.17636732678698774
TON,BA:1712,2023,SEX_M,71,1.836,0.100718635141807
TON,BA:1712,2023,SEX_M,72,0.332,0.01821273794503264
TON,BA:1712,2023,SEX_M,73,0.152,0.008338361950737835
TON,BA:1712,2023,SEX_M,74,0.28,0.015360140435569696
TON,BA:1712,2023,SEX_M,75,0.336,0.018432168522683635
TON,BA:1712,2023,SEX_M,81,0.12,0.0065829173295298684
TON,BA:1712,2023,SEX_M,83,0.799,0.04383125788578638
TON,BA:1712,2023,SEX_M,91,0.265,0.01453727576937846
TON,BA:1712,2023,SEX_M,92,0.446,0.024466509408086014
TON,BA:1712,2023,SEX_M,93,0.496,0.027209391628723458
TON,BA:1712,2023,SEX_M,94,0.077,0.0042240386197816655
TON,BA:1712,2023,SEX_M,96,0.163,0.008941796039278072
TUN,BB:16926,2021,SEX_F,11,6.809,0.0036316835992336607
TUN,BB:16926,2021,SEX_F,12,9.154,0.00488242497685195
TUN,BB:16926,2021,SEX_F,13,19.886,0.0106065002282803
TUN,BB:16926,2021,SEX_F,14,10.593,0.005649937489599378
TUN,BB:16926,2021,SEX_F,21,14.597,0.007785531722428219
TUN,BB:16926,2021,SEX_F,22,16.512,0.008806926067050405
TUN,BB:16926,2021,SEX_F,23,201.184,0.107304542991368
TUN,BB:16926,2021,SEX_F,24,30.077,0.016042024910287975
TUN,BB:16926,2021,SEX_F,25,8.167,0.0043559935313469385
TUN,BB:16926,2021,SEX_F,26,13.853,0.007388708018825657
TUN,BB:16926,2021,SEX_F,31,11.51,0.006139033371593396
TUN,BB:16926,2021,SEX_F,32,47.589,0.025382316170352574
TUN,BB:16926,2021,SEX_F,33,51.687,0.027568046731324746
TUN,BB:16926,2021,SEX_F,34,4.6,0.0024534798878653014
TUN,BB:16926,2021,SEX_F,35,7.072,0.003771958644996394
TUN,BB:16926,2021,SEX_F,41,56.908,0.030352746404051868
TUN,BB:16926,2021,SEX_F,42,38.183,0.020365483164861045
TUN,BB:16926,2021,SEX_F,43,16.235,0.008659183908585472
TUN,BB:16926,2021,SEX_F,44,11.19,0.005968356509828853
TUN,BB:16926,2021,SEX_F,51,52.509,0.028006472919982418
TUN,BB:16926,2021,SEX_F,52,151.077,0.0805792132650057
TUN,BB:16926,2021,SEX_F,53,18.758,0.010004864290560288
TUN,BB:16926,2021,SEX_F,54,7.521,0.004011439616659768
TUN,BB:16926,2021,SEX_F,61,57.219,0.03051862297907928
TUN,BB:16926,2021,SEX_F,62,44.863,0.023928362654195876
TUN,BB:16926,2021,SEX_F,71,1.45,7.733795298705842e-4
TUN,BB:16926,2021,SEX_F,72,4.007,0.002137194328407883
TUN,BB:16926,2021,SEX_F,73,26.683,0.014231783445197791
TUN,BB:16926,2021,SEX_F,74,2.021,0.0010779310550816901
TUN,BB:16926,2021,SEX_F,75,146.947,0.07837641501785707
TUN,BB:16926,2021,SEX_F,81,320.802,0.17110462064934012
TUN,BB:16926,2021,SEX_F,82,29.703,0.015842546328100664
TUN,BB:16926,2021,SEX_F,83,2.803,0.0014950226360187914
TUN,BB:16926,2021,SEX_F,91,178.834,0.09538383092750073
TUN,BB:16926,2021,SEX_F,92,148.027,0.07895244942631238
TUN,BB:16926,2021,SEX_F,93,89.69,0.04783752416144324
TUN,BB:16926,2021,SEX_F,94,6.384,0.0034050033922026273
TUN,BB:16926,2021,SEX_F,95,1.089,5.808346951924594e-4
TUN,BB:16926,2021,SEX_F,96,8.695,0.004637610353258434
TUN,BB:16926,2021,SEX_M,11,57.925,0.016244647048760583
TUN,BB:16926,2021,SEX_M,12,16.11,0.0045179329124822275
TUN,BB:16926,2021,SEX_M,13,62.366,0.017490093359395817
TUN,BB:16926,2021,SEX_M,14,40.394,0.011328204970006648
TUN,BB:16926,2021,SEX_M,21,41.507,0.011640337765263799
TUN,BB:16926,2021,SEX_M,22,11.073,0.0031053427150785668
TUN,BB:16926,2021,SEX_M,23,133.546,0.03745200923217576
TUN,BB:16926,2021,SEX_M,24,38.493,0.010795083277478485
TUN,BB:16926,2021,SEX_M,25,12.167,0.003412147097838067
TUN,BB:16926,2021,SEX_M,26,22.87,0.006413725990593951
TUN,BB:16926,2021,SEX_M,31,69.373,0.019455155799977007
TUN,BB:16926,2021,SEX_M,32,28.966,0.008123305074050914
TUN,BB:16926,2021,SEX_M,33,39.932,0.011198640413484812
TUN,BB:16926,2021,SEX_M,34,15.879,0.0044531506342213095
TUN,BB:16926,2021,SEX_M,35,20.385,0.005716825724453769
TUN,BB:16926,2021,SEX_M,41,32.241,0.009041755122988175
TUN,BB:16926,2021,SEX_M,42,37.222,0.010438640525661918
TUN,BB:16926,2021,SEX_M,43,29.527,0.008280633464113143
TUN,BB:16926,2021,SEX_M,44,11.457,0.0032130327360837298
TUN,BB:16926,2021,SEX_M,51,160.375,0.044976008121622425
TUN,BB:16926,2021,SEX_M,52,306.037,0.0858258618707215
TUN,BB:16926,2021,SEX_M,53,2.104,5.900515734241221e-4
TUN,BB:16926,2021,SEX_M,54,246.906,0.06924300084974158
TUN,BB:16926,2021,SEX_M,61,214.363,0.060116552012317054
TUN,BB:16926,2021,SEX_M,62,58.502,0.016406462523031365
TUN,BB:16926,2021,SEX_M,71,312.108,0.08752842988510261
TUN,BB:16926,2021,SEX_M,72,151.297,0.042430148718797245
TUN,BB:16926,2021,SEX_M,73,19.919,0.005586139396879795
TUN,BB:16926,2021,SEX_M,74,41.315,0.011586492754761217
TUN,BB:16926,2021,SEX_M,75,141.421,0.03966049599107071
TUN,BB:16926,2021,SEX_M,81,102.143,0.028645265144610316
TUN,BB:16926,2021,SEX_M,82,16.47,0.004618892307174567
TUN,BB:16926,2021,SEX_M,83,277.204,0.07773985568415416
TUN,BB:16926,2021,SEX_M,91,36.831,0.010328987405315515
TUN,BB:16926,2021,SEX_M,92,157.383,0.04413692337462387
TUN,BB:16926,2021,SEX_M,93,486.174,0.13634397987542735
TUN,BB:16926,2021,SEX_M,94,7.761,0.002176516283909036
TUN,BB:16926,2021,SEX_M,95,25.45,0.007137268319222389
TUN,BB:16926,2021,SEX_M,96,80.594,0.022602004043984644
TUR,BA:622,2024,SEX_F,11,45.297,0.004189919329923704
TUR,BA:622,2024,SEX_F,12,123.748,0.011446544743347211
TUR,BA:622,2024,SEX_F,13,98.268,0.009089674652028668
TUR,BA:622,2024,SEX_F,14,94.192,0.008712649436478653
TUR,BA:622,2024,SEX_F,21,221.511,0.020489507488149983
TUR,BA:622,2024,SEX_F,22,434.405,0.04018195259102163
TUR,BA:622,2024,SEX_F,23,866.062,0.08010971840767343
TUR,BA:622,2024,SEX_F,24,188.653,0.017450181057202387
TUR,BA:622,2024,SEX_F,25,44.729,0.004137379996647843
TUR,BA:622,2024,SEX_F,26,236.462,0.02187245743851511
TUR,BA:622,2024,SEX_F,31,69.578,0.006435883328640562
TUR,BA:622,2024,SEX_F,32,184.34,0.01705123361984537
TUR,BA:622,2024,SEX_F,33,349.292,0.03230909999752104
TUR,BA:622,2024,SEX_F,34,103.901,0.00961072053995635
TUR,BA:622,2024,SEX_F,35,17.522,0.0016207644324993519
TUR,BA:622,2024,SEX_F,41,289.827,0.026808657298138895
TUR,BA:622,2024,SEX_F,42,245.694,0.02272640660190023
TUR,BA:622,2024,SEX_F,43,373.65,0.03456218640585452
TUR,BA:622,2024,SEX_F,44,109.928,0.010168210965402852
TUR,BA:622,2024,SEX_F,51,617.121,0.05708296811713461
TUR,BA:622,2024,SEX_F,52,1024.686,0.09478225221321944
TUR,BA:622,2024,SEX_F,53,741.178,0.0685580949977745
TUR,BA:622,2024,SEX_F,54,101.692,0.009406390632902871
TUR,BA:622,2024,SEX_F,61,1269.969,0.11747064179755563
TUR,BA:622,2024,SEX_F,62,2.017,1.8657013242501957e-4
TUR,BA:622,2024,SEX_F,71,5.044,4.6656407930183375e-4
TUR,BA:622,2024,SEX_F,72,22.442,0.002075858657353639
TUR,BA:622,2024,SEX_F,73,204.473,0.01891351248752654
TUR,BA:622,2024,SEX_F,74,3.986,3.687003211929242e-4
TUR,BA:622,2024,SEX_F,75,344.597,0.03187481800855948
TUR,BA:622,2024,SEX_F,81,310.426,0.028714040618824554
TUR,BA:622,2024,SEX_F,82,30.803,0.0028492413431273566
TUR,BA:622,2024,SEX_F,83,9.17,8.482142361613433e-4
TUR,BA:622,2024,SEX_F,91,615.665,0.05694828982620212
TUR,BA:622,2024,SEX_F,92,742.644,0.06869369827696889
TUR,BA:622,2024,SEX_F,93,344.024,0.03182181618115267
TUR,BA:622,2024,SEX_F,94,294.242,0.027217039615767286
TUR,BA:622,2024,SEX_F,95,9.416,8.709689474040577e-4
TUR,BA:622,2024,SEX_F,96,20.294,0.001877171178697743
TUR,BA:622,2024,SEX_M,11,170.698,0.00782681257141133
TUR,BA:622,2024,SEX_M,12,257.224,0.011794186439610938
TUR,BA:622,2024,SEX_M,13,550.786,0.025254536016575242
TUR,BA:622,2024,SEX_M,14,497.519,0.022812147557182822
TUR,BA:622,2024,SEX_M,21,428.846,0.019663366085129662
TUR,BA:622,2024,SEX_M,22,250.918,0.011505044914371512
TUR,BA:622,2024,SEX_M,23,493.748,0.022639240374867902
TUR,BA:622,2024,SEX_M,24,459.283,0.02105895768102444
TUR,BA:622,2024,SEX_M,25,141.451,0.006485784631563955
TUR,BA:622,2024,SEX_M,26,300.137,0.013761825239579153
TUR,BA:622,2024,SEX_M,31,574.755,0.026353558093718258
TUR,BA:622,2024,SEX_M,32,139.916,0.006415402100443987
TUR,BA:622,2024,SEX_M,33,606.359,0.027802658753988935
TUR,BA:622,2024,SEX_M,34,169.373,0.007766058920770314
TUR,BA:622,2024,SEX_M,35,67.936,0.003114988686753214
TUR,BA:622,2024,SEX_M,41,301.906,0.013842937094661384
TUR,BA:622,2024,SEX_M,42,205.711,0.009432222058123682
TUR,BA:622,2024,SEX_M,43,630.372,0.028903698310851343
TUR,BA:622,2024,SEX_M,44,134.274,0.0061567061782427735
TUR,BA:622,2024,SEX_M,51,974.899,0.04470088547643402
TUR,BA:622,2024,SEX_M,52,1898.886,0.0870673635102753
TUR,BA:622,2024,SEX_M,53,94.25,0.004321533262577873
TUR,BA:622,2024,SEX_M,54,926.547,0.04248385867206091
TUR,BA:622,2024,SEX_M,61,2310.036,0.10591933593371185
TUR,BA:622,2024,SEX_M,62,39.251,0.0017997294651399905
TUR,BA:622,2024,SEX_M,71,1148.077,0.052641410541120606
TUR,BA:622,2024,SEX_M,72,1154.19,0.05292170266668176
TUR,BA:622,2024,SEX_M,73,178.327,0.008176616043668164
TUR,BA:622,2024,SEX_M,74,457.972,0.020998845955748687
TUR,BA:622,2024,SEX_M,75,773.083,0.03544725622528902
TUR,BA:622,2024,SEX_M,81,804.035,0.036866461504263134
TUR,BA:622,2024,SEX_M,82,178.583,0.008188354107490126
TUR,BA:622,2024,SEX_M,83,1803.235,0.08268159185935928
TUR,BA:622,2024,SEX_M,91,556.415,0.025512635865222996
TUR,BA:622,2024,SEX_M,92,444.413,0.020377141239490935
TUR,BA:622,2024,SEX_M,93,1064.871,0.048826264688112075
TUR,BA:622,2024,SEX_M,94,241.428,0.011069911220346429
TUR,BA:622,2024,SEX_M,95,50.127,0.0022984137703261653
TUR,BA:622,2024,SEX_M,96,329.552,0.015110556283809692
TUV,AA:1732,2022,SEX_F,11,0.028,0.024800708591674055
TUV,AA:1732,2022,SEX_F,12,0.109,0.09654561558901685
TUV,AA:1732,2022,SEX_F,13,0.044,0.03897254207263065
TUV,AA:1732,2022,SEX_F,14,0.008,0.0070859167404783005
TUV,AA:1732,2022,SEX_F,21,0.009,0.007971656333038087
TUV,AA:1732,2022,SEX_F,22,0.041,0.036315323294951296
TUV,AA:1732,2022,SEX_F,23,0.203,0.1798051372896369
TUV,AA:1732,2022,SEX_F,24,0.037,0.03277236492471214
TUV,AA:1732,2022,SEX_F,25,0.005,0.004428697962798938
TUV,AA:1732,2022,SEX_F,26,0.04,0.03542958370239151
TUV,AA:1732,2022,SEX_F,32,0.043,0.03808680248007086
TUV,AA:1732,2022,SEX_F,33,0.071,0.06288751107174491
TUV,AA:1732,2022,SEX_F,34,0.005,0.004428697962798938
TUV,AA:1732,2022,SEX_F,41,0.077,0.06820194862710365
TUV,AA:1732,2022,SEX_F,42,0.08,0.07085916740478301
TUV,AA:1732,2022,SEX_F,43,0.029,0.02568644818423384
TUV,AA:1732,2022,SEX_F,44,0.023,0.020372010628875115
TUV,AA:1732,2022,SEX_F,51,0.023,0.020372010628875115
TUV,AA:1732,2022,SEX_F,52,0.086,0.07617360496014172
TUV,AA:1732,2022,SEX_F,53,0.031,0.027457927369353416
TUV,AA:1732,2022,SEX_F,54,0.014,0.012400354295837027
TUV,AA:1732,2022,SEX_F,63,0.01,0.008857395925597877
TUV,AA:1732,2022,SEX_F,71,0.007,0.006200177147918514
TUV,AA:1732,2022,SEX_F,73,0.026,0.023029229406554476
TUV,AA:1732,2022,SEX_F,74,0.005,0.004428697962798938
TUV,AA:1732,2022,SEX_F,75,0.032,0.028343666961913202
TUV,AA:1732,2022,SEX_F,91,0.037,0.03277236492471214
TUV,AA:1732,2022,SEX_F,96,0.006,0.005314437555358726
TUV,AA:1732,2022,SEX_M,11,0.106,0.059184812953657184
TUV,AA:1732,2022,SEX_M,12,0.088,0.049134561697375775
TUV,AA:1732,2022,SEX_M,13,0.127,0.0709101060859855
TUV,AA:1732,2022,SEX_M,14,0.016,0.008933556672250141
TUV,AA:1732,2022,SEX_M,21,0.051,0.028475711892797323
TUV,AA:1732,2022,SEX_M,22,0.013,0.007258514796203239
TUV,AA:1732,2022,SEX_M,23,0.051,0.028475711892797323
TUV,AA:1732,2022,SEX_M,24,0.035,0.019542155220547187
TUV,AA:1732,2022,SEX_M,25,0.01,0.005583472920156338
TUV,AA:1732,2022,SEX_M,26,0.022,0.012283640424343944
TUV,AA:1732,2022,SEX_M,31,0.073,0.04075935231714126
TUV,AA:1732,2022,SEX_M,32,0.009,0.005025125628140704
TUV,AA:1732,2022,SEX_M,33,0.077,0.0429927414852038
TUV,AA:1732,2022,SEX_M,34,0.013,0.007258514796203239
TUV,AA:1732,2022,SEX_M,35,0.021,0.011725293132328311
TUV,AA:1732,2022,SEX_M,41,0.037,0.02065884980457845
TUV,AA:1732,2022,SEX_M,42,0.036,0.020100502512562814
TUV,AA:1732,2022,SEX_M,43,0.009,0.005025125628140704
TUV,AA:1732,2022,SEX_M,44,0.009,0.005025125628140704
TUV,AA:1732,2022,SEX_M,51,0.028,0.015633724176437748
TUV,AA:1732,2022,SEX_M,52,0.046,0.025683975432719153
TUV,AA:1732,2022,SEX_M,53,0.007,0.003908431044109437
TUV,AA:1732,2022,SEX_M,54,0.129,0.07202680067001677
TUV,AA:1732,2022,SEX_M,61,0.016,0.008933556672250141
TUV,AA:1732,2022,SEX_M,62,0.042,0.023450586264656622
TUV,AA:1732,2022,SEX_M,63,0.051,0.028475711892797323
TUV,AA:1732,2022,SEX_M,71,0.152,0.08486878838637633
TUV,AA:1732,2022,SEX_M,72,0.053,0.029592406476828592
TUV,AA:1732,2022,SEX_M,73,0.008,0.004466778336125071
TUV,AA:1732,2022,SEX_M,74,0.024,0.013400335008375211
TUV,AA:1732,2022,SEX_M,75,0.017,0.009491903964265776
TUV,AA:1732,2022,SEX_M,81,0.011,0.006141820212171972
TUV,AA:1732,2022,SEX_M,82,0.007,0.003908431044109437
TUV,AA:1732,2022,SEX_M,83,0.077,0.0429927414852038
TUV,AA:1732,2022,SEX_M,91,0.006,0.003350083752093803
TUV,AA:1732,2022,SEX_M,92,0.055,0.03070910106085986
TUV,AA:1732,2022,SEX_M,93,0.215,0.12004466778336127
TUV,AA:1732,2022,SEX_M,96,0.044,0.024567280848687888
TZA,BA:1743,2024,SEX_F,01,0.849,5.512416084178295e-5
TZA,BA:1743,2024,SEX_F,11,27.519,0.0017867629943522085
TZA,BA:1743,2024,SEX_F,12,6.818,4.4268142357983055e-4
TZA,BA:1743,2024,SEX_F,13,7.042,4.572253717877922e-4
TZA,BA:1743,2024,SEX_F,21,17.074,0.001108586480815786
TZA,BA:1743,2024,SEX_F,22,56.64,0.003677541189727428
TZA,BA:1743,2024,SEX_F,23,85.455,0.0055484513129971285
TZA,BA:1743,2024,SEX_F,24,31.456,0.0020423858697751762
TZA,BA:1743,2024,SEX_F,31,14.335,9.307477569693271e-4
TZA,BA:1743,2024,SEX_F,32,68.153,0.004425061170612525
TZA,BA:1743,2024,SEX_F,33,142.938,0.009280727093525055
TZA,BA:1743,2024,SEX_F,34,28.954,0.0018799351625594625
TZA,BA:1743,2024,SEX_F,41,60.696,0.003940890537635875
TZA,BA:1743,2024,SEX_F,42,20.369,0.001322525361821292
TZA,BA:1743,2024,SEX_F,51,457.484,0.029703676794513818
TZA,BA:1743,2024,SEX_F,52,6.579,4.271635502686573e-4
TZA,BA:1743,2024,SEX_F,53,646.529,0.04197805487029104
TZA,BA:1743,2024,SEX_F,61,7833.158,0.5085939475749104
TZA,BA:1743,2024,SEX_F,62,147.652,0.009586799289294389
TZA,BA:1743,2024,SEX_F,63,275.418,0.017882433605090904
TZA,BA:1743,2024,SEX_F,71,61.462,0.003990625646239887
TZA,BA:1743,2024,SEX_F,73,60.585,0.0039336834918721085
TZA,BA:1743,2024,SEX_F,74,503.125,0.03266707117022621
TZA,BA:1743,2024,SEX_F,81,9.228,5.991587234958458e-4
TZA,BA:1743,2024,SEX_F,82,46.203,0.0029998841029127187
TZA,BA:1743,2024,SEX_F,83,2.642,1.715406748456897e-4
TZA,BA:1743,2024,SEX_F,91,2892.628,0.18781353489687275
TZA,BA:1743,2024,SEX_F,92,1778.608,0.11548206533154522
TZA,BA:1743,2024,SEX_F,93,111.996,0.007271714390619933
TZA,BA:1743,2024,SEX_M,01,5.005,3.21286780194843e-4
TZA,BA:1743,2024,SEX_M,11,51.948,0.0033347064250872534
TZA,BA:1743,2024,SEX_M,12,26.286,0.0016873814793609675
TZA,BA:1743,2024,SEX_M,13,19.857,0.0012746836352305689
TZA,BA:1743,2024,SEX_M,21,55.07,0.003535117479586414
TZA,BA:1743,2024,SEX_M,22,58.453,0.0037522829495962354
TZA,BA:1743,2024,SEX_M,23,130.668,0.008387992206693255
TZA,BA:1743,2024,SEX_M,24,68.409,0.004391390079190613
TZA,BA:1743,2024,SEX_M,31,73.722,0.004732448353551291
TZA,BA:1743,2024,SEX_M,32,50.563,0.0032457988945038653
TZA,BA:1743,2024,SEX_M,33,132.455,0.008502705388752833
TZA,BA:1743,2024,SEX_M,34,55.247,0.0035464796694154826
TZA,BA:1743,2024,SEX_M,41,34.032,0.00218462171899918
TZA,BA:1743,2024,SEX_M,42,21.684,0.00139196454380519
TZA,BA:1743,2024,SEX_M,51,170.725,0.010959377732020893
TZA,BA:1743,2024,SEX_M,52,45.673,0.002931894328039773
TZA,BA:1743,2024,SEX_M,53,459.179,0.029476152336281276
TZA,BA:1743,2024,SEX_M,61,7451.343,0.4783252748446317
TZA,BA:1743,2024,SEX_M,62,159.828,0.010259864836160112
TZA,BA:1743,2024,SEX_M,63,141.223,0.009065551040850413
TZA,BA:1743,2024,SEX_M,71,1020.12,0.06548472931315949
TZA,BA:1743,2024,SEX_M,72,333.774,0.0214260087458049
TZA,BA:1743,2024,SEX_M,73,100.729,0.006466113103345922
TZA,BA:1743,2024,SEX_M,74,177.076,0.011367068509446956
TZA,BA:1743,2024,SEX_M,81,54.74,0.0035139337358373037
TZA,BA:1743,2024,SEX_M,82,89.907,0.005771414694700848
TZA,BA:1743,2024,SEX_M,83,658.468,0.04226914357269487
TZA,BA:1743,2024,SEX_M,91,1566.829,0.10057970919598513
TZA,BA:1743,2024,SEX_M,92,1637.538,0.10511874354979077
TZA,BA:1743,2024,SEX_M,93,727.432,0.046696160857281725
UGA,BA:13047,2021,SEX_F,01,7,8.046469973390325e-4
UGA,BA:13047,2021,SEX_F,11,6.764,7.775188985716023e-4
UGA,BA:13047,2021,SEX_F,12,7.526,8.651104717105083e-4
UGA,BA:13047,2021,SEX_F,13,7.773,8.935030157594713e-4
UGA,BA:13047,2021,SEX_F,14,12.431,0.0014289381177030732
UGA,BA:13047,2021,SEX_F,21,3.863,4.440501929600975e-4
UGA,BA:13047,2021,SEX_F,22,17.428,0.0020033411242320943
UGA,BA:13047,2021,SEX_F,23,131.174,0.015078395032707179
UGA,BA:13047,2021,SEX_F,24,17.029,0.0019574762453837694
UGA,BA:13047,2021,SEX_F,26,16.576,0.001905404089698829
UGA,BA:13047,2021,SEX_F,32,84.246,0.009684041562546304
UGA,BA:13047,2021,SEX_F,33,19.159,0.002202318831716932
UGA,BA:13047,2021,SEX_F,34,16.131,0.0018542515305822762
UGA,BA:13047,2021,SEX_F,41,11.264,0.0012947919682895516
UGA,BA:13047,2021,SEX_F,43,6.449,7.413097836913458e-4
UGA,BA:13047,2021,SEX_F,51,306.08,0.03518376470650444
UGA,BA:13047,2021,SEX_F,52,1227.316,0.14107944774087885
UGA,BA:13047,2021,SEX_F,53,7.417,8.525809684662291e-4
UGA,BA:13047,2021,SEX_F,54,14.621,0.0016806776782991421
UGA,BA:13047,2021,SEX_F,61,1045.702,0.12020299634448871
UGA,BA:13047,2021,SEX_F,62,30.354,0.0034891792796041417
UGA,BA:13047,2021,SEX_F,63,4721.29,0.5427102602952573
UGA,BA:13047,2021,SEX_F,71,6.448,7.411948341202974e-4
UGA,BA:13047,2021,SEX_F,73,59.233,0.006808807941911845
UGA,BA:13047,2021,SEX_F,75,291.53,0.033511248447749734
UGA,BA:13047,2021,SEX_F,81,17.949,0.002063229850748328
UGA,BA:13047,2021,SEX_F,91,213.006,0.024484948330742565
UGA,BA:13047,2021,SEX_F,92,280.234,0.03221277809318663
UGA,BA:13047,2021,SEX_F,93,41.464,0.004766269013952234
UGA,BA:13047,2021,SEX_F,94,35.9,0.0041266896006387525
UGA,BA:13047,2021,SEX_F,95,10.131,0.001164554104291677
UGA,BA:13047,2021,SEX_F,96,25.979,0.0029862749062672463
UGA,BA:13047,2021,SEX_M,01,30.386,0.0032876023440152457
UGA,BA:13047,2021,SEX_M,02,4.114,4.4511275071673536e-4
UGA,BA:13047,2021,SEX_M,03,5.82,6.296928072852211e-4
UGA,BA:13047,2021,SEX_M,11,27.411,0.002965723288744879
UGA,BA:13047,2021,SEX_M,12,13.386,0.0014482934567560085
UGA,BA:13047,2021,SEX_M,13,23.429,0.0025348922305645093
UGA,BA:13047,2021,SEX_M,14,6.74,7.29231876478074e-4
UGA,BA:13047,2021,SEX_M,21,29.694,0.003212731652839752
UGA,BA:13047,2021,SEX_M,22,25.869,0.0027988871532064236
UGA,BA:13047,2021,SEX_M,23,192.91,0.020871828084775258
UGA,BA:13047,2021,SEX_M,24,34.659,0.0037499180425598763
UGA,BA:13047,2021,SEX_M,25,6.585,7.124617072118868e-4
UGA,BA:13047,2021,SEX_M,26,32.336,0.0034985818928479225
UGA,BA:13047,2021,SEX_M,31,34.09,0.003688355292156906
UGA,BA:13047,2021,SEX_M,32,76.638,0.008291820853045495
UGA,BA:13047,2021,SEX_M,33,48.762,0.005275787056502054
UGA,BA:13047,2021,SEX_M,34,24.432,0.0026434114549128045
UGA,BA:13047,2021,SEX_M,35,8.323,9.005039922740371e-4
UGA,BA:13047,2021,SEX_M,41,14.054,0.001520567476561254
UGA,BA:13047,2021,SEX_M,42,17.032,0.0018427711157529014
UGA,BA:13047,2021,SEX_M,43,8.339,9.022351065208693e-4
UGA,BA:13047,2021,SEX_M,44,5.438,5.883624546421018e-4
UGA,BA:13047,2021,SEX_M,51,145.452,0.01573712683939003
UGA,BA:13047,2021,SEX_M,52,846.113,0.09154489179562206
UGA,BA:13047,2021,SEX_M,54,172.652,0.01868002105900481
UGA,BA:13047,2021,SEX_M,61,1391.608,0.150564527175356
UGA,BA:13047,2021,SEX_M,62,224.514,0.02429121150083061
UGA,BA:13047,2021,SEX_M,63,3442.298,0.3724381943526292
UGA,BA:13047,2021,SEX_M,71,377.134,0.04080387752280148
UGA,BA:13047,2021,SEX_M,72,186.076,0.020132425912097046
UGA,BA:13047,2021,SEX_M,73,117.858,0.01275160393144701
UGA,BA:13047,2021,SEX_M,74,45.936,0.0049700290026553125
UGA,BA:13047,2021,SEX_M,75,158.769,0.017177954865956576
UGA,BA:13047,2021,SEX_M,81,30.176,0.0032648814695255724
UGA,BA:13047,2021,SEX_M,83,624.24,0.06753942234015918
UGA,BA:13047,2021,SEX_M,91,60.108,0.006503363446786954
UGA,BA:13047,2021,SEX_M,92,433.669,0.04692066151934271
UGA,BA:13047,2021,SEX_M,93,215.302,0.023294522473216953
UGA,BA:13047,2021,SEX_M,94,12.484,0.0013507018910908421
UGA,BA:13047,2021,SEX_M,95,13.143,0.0014220021591322444
UGA,BA:13047,2021,SEX_M,96,74.623,0.008073808652585062
URY,BA:348,2024,SEX_F,02,0.142,1.8195843659261042e-4
URY,BA:348,2024,SEX_F,03,0.5,6.406987203965156e-4
URY,BA:348,2024,SEX_F,11,4.52,0.005791916432384501
URY,BA:348,2024,SEX_F,12,2.738,0.0035084661928913193
URY,BA:348,2024,SEX_F,13,6.746,0.00864430713558979
URY,BA:348,2024,SEX_F,14,3.831,0.0049090335956781025
URY,BA:348,2024,SEX_F,21,11.72,0.015017978006094326
URY,BA:348,2024,SEX_F,22,24.52,0.031419865248245124
URY,BA:348,2024,SEX_F,23,60.873,0.07800250641339418
URY,BA:348,2024,SEX_F,24,17.023,0.02181322863461977
URY,BA:348,2024,SEX_F,25,3.435,0.004401600209124062
URY,BA:348,2024,SEX_F,26,27.062,0.034677177542741015
URY,BA:348,2024,SEX_F,31,4.31,0.005522822969817964
URY,BA:348,2024,SEX_F,32,24.279,0.031111048465014005
URY,BA:348,2024,SEX_F,33,19.121,0.024501600465403547
URY,BA:348,2024,SEX_F,34,11.077,0.014194039451664406
URY,BA:348,2024,SEX_F,35,3.223,0.004129943951675939
URY,BA:348,2024,SEX_F,41,59.214,0.07587666805911855
URY,BA:348,2024,SEX_F,42,17.256,0.022111794238324548
URY,BA:348,2024,SEX_F,43,34.272,0.04391605309085876
URY,BA:348,2024,SEX_F,44,3.565,0.004568181876427156
URY,BA:348,2024,SEX_F,51,55.383,0.07096763446344045
URY,BA:348,2024,SEX_F,52,114.141,0.1462599852895574
URY,BA:348,2024,SEX_F,53,53.883,0.06904553830225091
URY,BA:348,2024,SEX_F,54,10.296,0.01319326805040505
URY,BA:348,2024,SEX_F,61,10.924,0.013997985643223073
URY,BA:348,2024,SEX_F,62,0.211,2.703748600073296e-4
URY,BA:348,2024,SEX_F,63,2.699,0.003458491692700391
URY,BA:348,2024,SEX_F,71,1.183,0.001515893172458156
URY,BA:348,2024,SEX_F,72,0.468,5.996940022911386e-4
URY,BA:348,2024,SEX_F,73,7.416,0.00950284342092112
URY,BA:348,2024,SEX_F,74,0.617,7.906222209693002e-4
URY,BA:348,2024,SEX_F,75,21.341,0.02734630278396408
URY,BA:348,2024,SEX_F,81,9.47,0.012134833764310007
URY,BA:348,2024,SEX_F,82,0.153,1.9605380844133378e-4
URY,BA:348,2024,SEX_F,83,4.618,0.005917493381582218
URY,BA:348,2024,SEX_F,91,115.96,0.1485908472343599
URY,BA:348,2024,SEX_F,92,9.387,0.012028477776724184
URY,BA:348,2024,SEX_F,93,9.757,0.012502594829817606
URY,BA:348,2024,SEX_F,94,7.478,0.009582290062250287
URY,BA:348,2024,SEX_F,95,0.699,8.956968111143288e-4
URY,BA:348,2024,SEX_F,96,4.887,0.006262189293155543
URY,BA:348,2024,SEX_M,01,1.521,0.0015892254485042891
URY,BA:348,2024,SEX_M,02,2.73,0.0028524559332128267
URY,BA:348,2024,SEX_M,03,5.914,0.006179276332974599
URY,BA:348,2024,SEX_M,11,13.797,0.014415873447083286
URY,BA:348,2024,SEX_M,12,5.32,0.0055586320749788426
URY,BA:348,2024,SEX_M,13,8.363,0.008738127827640612
URY,BA:348,2024,SEX_M,14,4.112,0.004296446445923496
URY,BA:348,2024,SEX_M,21,17.464,0.01824735912733656
URY,BA:348,2024,SEX_M,22,10.303,0.010765147794832145
URY,BA:348,2024,SEX_M,23,23.372,0.02442036632639201
URY,BA:348,2024,SEX_M,24,13.35,0.01394882297010668
URY,BA:348,2024,SEX_M,25,16.45,0.017187875495000365
URY,BA:348,2024,SEX_M,26,16.168,0.01689322620080036
URY,BA:348,2024,SEX_M,31,16.784,0.01753685728316633
URY,BA:348,2024,SEX_M,32,10.616,0.011092187614281088
URY,BA:348,2024,SEX_M,33,25.996,0.027162067560366536
URY,BA:348,2024,SEX_M,34,12.088,0.012630215135778992
URY,BA:348,2024,SEX_M,35,13.304,0.013900759610059871
URY,BA:348,2024,SEX_M,41,32.789,0.03425977201249648
URY,BA:348,2024,SEX_M,42,10.159,0.010614688580772568
URY,BA:348,2024,SEX_M,43,25.463,0.026605159497215463
URY,BA:348,2024,SEX_M,44,3.03,0.00316591262917028
URY,BA:348,2024,SEX_M,51,33.726,0.03523880175953692
URY,BA:348,2024,SEX_M,52,69.488,0.07260492962897176
URY,BA:348,2024,SEX_M,53,4.221,0.004410335712121371
URY,BA:348,2024,SEX_M,54,38.769,0.040508008818581714
URY,BA:348,2024,SEX_M,61,50.365,0.052624154972990486
URY,BA:348,2024,SEX_M,62,7.583,0.007923140418151233
URY,BA:348,2024,SEX_M,63,2.601,0.0027176695539511218
URY,BA:348,2024,SEX_M,71,80.336,0.08393952375479329
URY,BA:348,2024,SEX_M,72,48.203,0.05036517705079044
URY,BA:348,2024,SEX_M,73,6.024,0.0062942104548256664
URY,BA:348,2024,SEX_M,74,27.039,0.028251852006645286
URY,BA:348,2024,SEX_M,75,36.953,0.038610550952385934
URY,BA:348,2024,SEX_M,81,17.062,0.01782732715475357
URY,BA:348,2024,SEX_M,82,0.592,6.185545466893749e-4
URY,BA:348,2024,SEX_M,83,97.6,0.10197791175149153
URY,BA:348,2024,SEX_M,91,13.755,0.014371989509649243
URY,BA:348,2024,SEX_M,92,49.592,0.051816481553073446
URY,BA:348,2024,SEX_M,93,66.324,0.06929900634227382
URY,BA:348,2024,SEX_M,94,3.07,0.003207706855297941
URY,BA:348,2024,SEX_M,95,2.346,0.0024512313623872863
URY,BA:348,2024,SEX_M,96,12.328,0.012880980492544955
USA,BA:453,2024,SEX_F,11,759.302,0.009986519220980428
USA,BA:453,2024,SEX_F,12,1525.087,0.020058304388988014
USA,BA:453,2024,SEX_F,13,2794.943,0.03675975039054909
USA,BA:453,2024,SEX_F,14,3001.647,0.03947837021382564
USA,BA:453,2024,SEX_F,21,1679.816,0.022093336737833508
USA,BA:453,2024,SEX_F,22,5017.14,0.06598661012923678
USA,BA:453,2024,SEX_F,23,5828.03,0.07665162690925423
USA,BA:453,2024,SEX_F,24,3925.011,0.05162267160373555
USA,BA:453,2024,SEX_F,25,1316.61,0.017316365650999258
USA,BA:453,2024,SEX_F,26,2688.061,0.03535401308526498
USA,BA:453,2024,SEX_F,31,648.636,0.008531013854065787
USA,BA:453,2024,SEX_F,32,6951.148,0.09142314008112669
USA,BA:453,2024,SEX_F,33,6249.74,0.08219805642041007
USA,BA:453,2024,SEX_F,34,1754.085,0.02307014016522208
USA,BA:453,2024,SEX_F,35,124.895,0.0016426485352394047
USA,BA:453,2024,SEX_F,41,2867.641,0.037715891654929834
USA,BA:453,2024,SEX_F,42,4030.057,0.053004261403429356
USA,BA:453,2024,SEX_F,43,1676.784,0.02205345915779551
USA,BA:453,2024,SEX_F,44,1127.453,0.014828528115627307
USA,BA:453,2024,SEX_F,51,5287.995,0.06954895905443209
USA,BA:453,2024,SEX_F,52,4868.406,0.06403042543617223
USA,BA:453,2024,SEX_F,53,2756.18,0.036249930260267765
USA,BA:453,2024,SEX_F,54,548.405,0.007212752071483772
USA,BA:453,2024,SEX_F,61,75.638,9.94808838692006e-4
USA,BA:453,2024,SEX_F,62,5.999,7.890026472557899e-5
USA,BA:453,2024,SEX_F,63,57.323,7.539256334162969e-4
USA,BA:453,2024,SEX_F,71,890.783,0.011715788383571502
USA,BA:453,2024,SEX_F,72,159.163,0.0020933493639802184
USA,BA:453,2024,SEX_F,73,97.275,0.0012793837724921983
USA,BA:453,2024,SEX_F,74,70.746,9.304680993958679e-4
USA,BA:453,2024,SEX_F,75,747.059,0.009825496393669999
USA,BA:453,2024,SEX_F,81,516.714,0.0067959445553280266
USA,BA:453,2024,SEX_F,82,387.12,0.005091493662371419
USA,BA:453,2024,SEX_F,83,823.575,0.01083185289571074
USA,BA:453,2024,SEX_F,91,1105.271,0.014536785213119756
USA,BA:453,2024,SEX_F,92,135.763,0.0017855870378294353
USA,BA:453,2024,SEX_F,93,1910.344,0.025125295435392814
USA,BA:453,2024,SEX_F,94,1091.323,0.014353337823156035
USA,BA:453,2024,SEX_F,95,14.653,1.9271971645672763e-4
USA,BA:453,2024,SEX_F,96,516.877,0.006798088369822152
USA,BA:453,2024,SEX_M,11,1435.714,0.01682881734971908
USA,BA:453,2024,SEX_M,12,1488.987,0.017453260370175513
USA,BA:453,2024,SEX_M,13,3454.671,0.04049415640048879
USA,BA:453,2024,SEX_M,14,4395.674,0.05152418578833185
USA,BA:453,2024,SEX_M,21,3603.756,0.04224166616537433
USA,BA:453,2024,SEX_M,22,1183.27,0.013869778176852839
USA,BA:453,2024,SEX_M,23,2293.749,0.02688633179526061
USA,BA:453,2024,SEX_M,24,3944.98,0.046241346025945824
USA,BA:453,2024,SEX_M,25,4006.962,0.046967872170407945
USA,BA:453,2024,SEX_M,26,1996.336,0.023400185491448015
USA,BA:453,2024,SEX_M,31,2590.636,0.03036631255501224
USA,BA:453,2024,SEX_M,32,2159.712,0.02531520816541212
USA,BA:453,2024,SEX_M,33,5320.151,0.062360504565620534
USA,BA:453,2024,SEX_M,34,1736.023,0.020348909310566984
USA,BA:453,2024,SEX_M,35,507.17,0.005944826960841106
USA,BA:453,2024,SEX_M,41,507.924,0.005953665022099606
USA,BA:453,2024,SEX_M,42,1812.937,0.02125046188833407
USA,BA:453,2024,SEX_M,43,663.591,0.007778326138713863
USA,BA:453,2024,SEX_M,44,729.722,0.008553485063231052
USA,BA:453,2024,SEX_M,51,3424.197,0.040136953378218806
USA,BA:453,2024,SEX_M,52,4554.385,0.05338452735384648
USA,BA:453,2024,SEX_M,53,442.853,0.0051909309582376046
USA,BA:453,2024,SEX_M,54,1633.779,0.019150449449407535
USA,BA:453,2024,SEX_M,61,317.885,0.003726110216390904
USA,BA:453,2024,SEX_M,62,40.015,4.690384897333376e-4
USA,BA:453,2024,SEX_M,63,140.99,0.0016526236828065294
USA,BA:453,2024,SEX_M,71,4511.403,0.05288071097584527
USA,BA:453,2024,SEX_M,72,3450.1,0.04044057711930496
USA,BA:453,2024,SEX_M,73,355.524,0.004167298263749971
USA,BA:453,2024,SEX_M,74,1718.646,0.020145223646788498
USA,BA:453,2024,SEX_M,75,1295.488,0.015185148943837613
USA,BA:453,2024,SEX_M,81,1073.053,0.012577862264746399
USA,BA:453,2024,SEX_M,82,644.541,0.007555030293920159
USA,BA:453,2024,SEX_M,83,5719.714,0.06704400890332693
USA,BA:453,2024,SEX_M,91,1135.178,0.013306064593240303
USA,BA:453,2024,SEX_M,92,1334.721,0.015645021168446085
USA,BA:453,2024,SEX_M,93,6122.035,0.07175984132187013
USA,BA:453,2024,SEX_M,94,1247.331,0.014620673458392444
USA,BA:453,2024,SEX_M,95,12.991,1.5227487242598496e-4
USA,BA:453,2024,SEX_M,96,2306.034,0.027030331241627577
VNM,BA:1788,2024,SEX_F,01,20.409,7.99608897258269e-4
VNM,BA:1788,2024,SEX_F,02,28.339,0.0011103001881229892
VNM,BA:1788,2024,SEX_F,03,1.027,4.023706881690638e-5
VNM,BA:1788,2024,SEX_F,11,9.646,3.7792284888790554e-4
VNM,BA:1788,2024,SEX_F,13,0.955,3.7416164284465035e-5
VNM,BA:1788,2024,SEX_F,14,123.511,0.004839065829255038
VNM,BA:1788,2024,SEX_F,21,84.237,0.0033003407652675196
VNM,BA:1788,2024,SEX_F,22,163.441,0.006403492467871467
VNM,BA:1788,2024,SEX_F,23,911.138,0.03569768491499362
VNM,BA:1788,2024,SEX_F,24,915.092,0.03585259958890019
VNM,BA:1788,2024,SEX_F,25,20.182,7.907152121351554e-4
VNM,BA:1788,2024,SEX_F,26,120.621,0.004725837855661212
VNM,BA:1788,2024,SEX_F,31,29.303,0.0011480689654740095
VNM,BA:1788,2024,SEX_F,32,230.855,0.009044721053288143
VNM,BA:1788,2024,SEX_F,33,348.543,0.013655646228481987
VNM,BA:1788,2024,SEX_F,34,32.323,0.001266390238918077
VNM,BA:1788,2024,SEX_F,35,241.576,0.009464761574014583
VNM,BA:1788,2024,SEX_F,41,206.342,0.008084320597680718
VNM,BA:1788,2024,SEX_F,42,143.827,0.005635031058158904
VNM,BA:1788,2024,SEX_F,43,174.589,0.006840262519644468
VNM,BA:1788,2024,SEX_F,44,166.131,0.0065088845955418445
VNM,BA:1788,2024,SEX_F,51,1186.057,0.04646879954213587
VNM,BA:1788,2024,SEX_F,52,4991.504,0.19556328135137632
VNM,BA:1788,2024,SEX_F,53,114.06,0.004468782930142494
VNM,BA:1788,2024,SEX_F,54,14.645,5.737798177444926e-4
VNM,BA:1788,2024,SEX_F,61,1995.915,0.07819841208149533
VNM,BA:1788,2024,SEX_F,62,136.802,0.005359796970097787
VNM,BA:1788,2024,SEX_F,63,1472.766,0.057701837286465385
VNM,BA:1788,2024,SEX_F,71,109.982,0.0043090100317633865
VNM,BA:1788,2024,SEX_F,72,46.618,0.0018264573262965354
VNM,BA:1788,2024,SEX_F,73,257.35,0.01008277474199694
VNM,BA:1788,2024,SEX_F,74,22.382,8.769095172930855e-4
VNM,BA:1788,2024,SEX_F,75,1459.156,0.057168607971374734
VNM,BA:1788,2024,SEX_F,81,2961.233,0.11601882765715107
VNM,BA:1788,2024,SEX_F,82,463.688,0.01816693862275919
VNM,BA:1788,2024,SEX_F,83,25.905,0.001014937943234625
VNM,BA:1788,2024,SEX_F,91,528.208,0.02069478251766357
VNM,BA:1788,2024,SEX_F,92,3949.137,0.1547241453129418
VNM,BA:1788,2024,SEX_F,93,1166.814,0.0457148736266113
VNM,BA:1788,2024,SEX_F,94,125.456,0.004915269430860572
VNM,BA:1788,2024,SEX_F,95,161.195,0.006315495918151144
VNM,BA:1788,2024,SEX_F,96,362.768,0.014212970769787238
VNM,BA:1788,2024,SEX_M,01,98.227,0.003480752036911626
VNM,BA:1788,2024,SEX_M,02,145.608,0.00515973553697688
VNM,BA:1788,2024,SEX_M,03,14.999,5.315015199653607e-4
VNM,BA:1788,2024,SEX_M,11,27.907,9.889067882974411e-4
VNM,BA:1788,2024,SEX_M,13,3.167,1.1222516925997046e-4
VNM,BA:1788,2024,SEX_M,14,304.09,0.010775671525186112
VNM,BA:1788,2024,SEX_M,21,481.201,0.01705174097665521
VNM,BA:1788,2024,SEX_M,22,115.792,0.00410318181210941
VNM,BA:1788,2024,SEX_M,23,300.478,0.010647677426238525
VNM,BA:1788,2024,SEX_M,24,554.908,0.019663607269880548
VNM,BA:1788,2024,SEX_M,25,103.267,0.003659348454047796
VNM,BA:1788,2024,SEX_M,26,89.486,0.0031710077348903434
VNM,BA:1788,2024,SEX_M,31,269.94,0.009565539055900357
VNM,BA:1788,2024,SEX_M,32,90.277,0.0031990374503575478
VNM,BA:1788,2024,SEX_M,33,193.384,0.006852716176877211
VNM,BA:1788,2024,SEX_M,34,58.212,0.002062788617922766
VNM,BA:1788,2024,SEX_M,35,86.359,0.0030601999975124056
VNM,BA:1788,2024,SEX_M,41,156.409,0.005542477580922867
VNM,BA:1788,2024,SEX_M,42,74.664,0.0026457783510029794
VNM,BA:1788,2024,SEX_M,43,115.633,0.004097547520378328
VNM,BA:1788,2024,SEX_M,44,255.415,0.009050834103737087
VNM,BA:1788,2024,SEX_M,51,871.892,0.03089618796224003
VNM,BA:1788,2024,SEX_M,52,2786.203,0.09873132405040654
VNM,BA:1788,2024,SEX_M,53,21.515,7.624011735485522e-4
VNM,BA:1788,2024,SEX_M,54,346.996,0.012296079833448914
VNM,BA:1788,2024,SEX_M,61,3091.664,0.10955557805334934
VNM,BA:1788,2024,SEX_M,62,588.475,0.02085308066948567
VNM,BA:1788,2024,SEX_M,63,880.065,0.031185804731536444
VNM,BA:1788,2024,SEX_M,71,2692.121,0.0953974533922706
VNM,BA:1788,2024,SEX_M,72,1170.485,0.04147706891103774
VNM,BA:1788,2024,SEX_M,73,206.361,0.0073125665152057985
VNM,BA:1788,2024,SEX_M,74,412.642,0.014622298166647531
VNM,BA:1788,2024,SEX_M,75,811.48,0.028755440590805443
VNM,BA:1788,2024,SEX_M,81,1750.71,0.06203780425485409
VNM,BA:1788,2024,SEX_M,82,389.009,0.013784843974945327
VNM,BA:1788,2024,SEX_M,83,2045.326,0.07247775703878066
VNM,BA:1788,2024,SEX_M,91,75.318,0.00266895336227422
VNM,BA:1788,2024,SEX_M,92,3734.383,0.13233083809806007
VNM,BA:1788,2024,SEX_M,93,2137.061,0.07572845988123832
VNM,BA:1788,2024,SEX_M,94,52.06,0.001844787594466076
VNM,BA:1788,2024,SEX_M,95,109.898,0.003894323224291833
VNM,BA:1788,2024,SEX_M,96,506.964,0.017964673416075678
VUT,AA:52,2020,SEX_F,01,0.026,8.348049446139028e-4
VUT,AA:52,2020,SEX_F,03,0.108,0.0034676513083962118
VUT,AA:52,2020,SEX_F,11,0.121,0.003885053780703163
VUT,AA:52,2020,SEX_F,12,0.446,0.01432011558837695
VUT,AA:52,2020,SEX_F,13,0.081,0.002600738481297159
VUT,AA:52,2020,SEX_F,14,0.093,0.00298603307111896
VUT,AA:52,2020,SEX_F,21,0.03,9.632364745545032e-4
VUT,AA:52,2020,SEX_F,22,0.491,0.0157649703002087
VUT,AA:52,2020,SEX_F,23,2.487,0.07985230374056833
VUT,AA:52,2020,SEX_F,24,0.734,0.023567185744100178
VUT,AA:52,2020,SEX_F,25,0.046,0.001476962594316905
VUT,AA:52,2020,SEX_F,26,0.164,0.005265692727564618
VUT,AA:52,2020,SEX_F,31,0.034,0.0010916680044951038
VUT,AA:52,2020,SEX_F,32,0.044,0.0014127468293466047
VUT,AA:52,2020,SEX_F,33,0.259,0.008315941563653879
VUT,AA:52,2020,SEX_F,34,0.086,0.002761277893722909
VUT,AA:52,2020,SEX_F,35,0.079,0.0025365227163268588
VUT,AA:52,2020,SEX_F,41,0.28,0.00899020709584203
VUT,AA:52,2020,SEX_F,42,0.437,0.014031144646010598
VUT,AA:52,2020,SEX_F,43,0.242,0.007770107561406326
VUT,AA:52,2020,SEX_F,44,0.165,0.005297800610049768
VUT,AA:52,2020,SEX_F,51,1.761,0.05654198105634934
VUT,AA:52,2020,SEX_F,52,4.038,0.12965162947503614
VUT,AA:52,2020,SEX_F,53,0.215,0.0069031947343072735
VUT,AA:52,2020,SEX_F,54,0.238,0.007641676031465726
VUT,AA:52,2020,SEX_F,61,6.172,0.19816985069834647
VUT,AA:52,2020,SEX_F,62,0.036,0.0011558837694654038
VUT,AA:52,2020,SEX_F,63,6.522,0.20940760956814902
VUT,AA:52,2020,SEX_F,71,0.021,6.742655321881523e-4
VUT,AA:52,2020,SEX_F,72,0.009,2.8897094236635096e-4
VUT,AA:52,2020,SEX_F,73,0.33,0.010595601220099535
VUT,AA:52,2020,SEX_F,75,0.354,0.011366190399743138
VUT,AA:52,2020,SEX_F,81,0.048,0.0015411783592872053
VUT,AA:52,2020,SEX_F,82,0.006,1.9264729491090066e-4
VUT,AA:52,2020,SEX_F,83,0.016,5.137261197624018e-4
VUT,AA:52,2020,SEX_F,91,2.103,0.06752287686627069
VUT,AA:52,2020,SEX_F,92,1.586,0.05092310162144807
VUT,AA:52,2020,SEX_F,93,0.218,0.006999518381762724
VUT,AA:52,2020,SEX_F,94,0.278,0.00892599133087173
VUT,AA:52,2020,SEX_F,95,0.113,0.0036281907208219623
VUT,AA:52,2020,SEX_F,96,0.628,0.020163750200674267
VUT,AA:52,2020,SEX_M,01,0.12,0.0030611463993265482
VUT,AA:52,2020,SEX_M,02,0.061,0.0015560827529909954
VUT,AA:52,2020,SEX_M,03,0.347,0.008851815004719267
VUT,AA:52,2020,SEX_M,11,0.299,0.007627356444988649
VUT,AA:52,2020,SEX_M,12,0.643,0.016402642789724756
VUT,AA:52,2020,SEX_M,13,0.2,0.005101910665544248
VUT,AA:52,2020,SEX_M,14,0.151,0.0038519425524859065
VUT,AA:52,2020,SEX_M,21,0.267,0.006811050738501571
VUT,AA:52,2020,SEX_M,22,0.354,0.009030381878013317
VUT,AA:52,2020,SEX_M,23,1.423,0.03630009438534732
VUT,AA:52,2020,SEX_M,24,0.517,0.013188439070431879
VUT,AA:52,2020,SEX_M,25,0.086,0.002193821586184026
VUT,AA:52,2020,SEX_M,26,0.404,0.01030585954439938
VUT,AA:52,2020,SEX_M,31,0.461,0.01175990408407949
VUT,AA:52,2020,SEX_M,32,0.046,0.0011734394530751768
VUT,AA:52,2020,SEX_M,33,0.246,0.006275350118619424
VUT,AA:52,2020,SEX_M,34,0.146,0.0037243947858473002
VUT,AA:52,2020,SEX_M,35,0.295,0.007525318231677764
VUT,AA:52,2020,SEX_M,41,0.127,0.003239713272620597
VUT,AA:52,2020,SEX_M,42,0.228,0.005816178158720442
VUT,AA:52,2020,SEX_M,43,0.189,0.004821305578939314
VUT,AA:52,2020,SEX_M,44,0.24,0.0061222927986530964
VUT,AA:52,2020,SEX_M,51,2.338,0.05964133568021225
VUT,AA:52,2020,SEX_M,52,2.031,0.051809902808601836
VUT,AA:52,2020,SEX_M,53,0.078,0.0019897451595622564
VUT,AA:52,2020,SEX_M,54,1.443,0.03681028545190174
VUT,AA:52,2020,SEX_M,61,7.27,0.18545445269253338
VUT,AA:52,2020,SEX_M,62,0.334,0.008520190811458894
VUT,AA:52,2020,SEX_M,63,7.795,0.19884696818958703
VUT,AA:52,2020,SEX_M,71,2.394,0.06106987066656464
VUT,AA:52,2020,SEX_M,72,0.417,0.010637483737659754
VUT,AA:52,2020,SEX_M,73,0.082,0.0020917833728731415
VUT,AA:52,2020,SEX_M,74,0.147,0.0037499043391750215
VUT,AA:52,2020,SEX_M,75,0.4,0.010203821331088495
VUT,AA:52,2020,SEX_M,81,0.161,0.004107038085763119
VUT,AA:52,2020,SEX_M,82,0.067,0.001709140072957323
VUT,AA:52,2020,SEX_M,83,1.879,0.047932450702788204
VUT,AA:52,2020,SEX_M,91,0.591,0.015076146016683249
VUT,AA:52,2020,SEX_M,92,1.967,0.050177291395627675
VUT,AA:52,2020,SEX_M,93,1.824,0.04652942526976354
VUT,AA:52,2020,SEX_M,94,0.143,0.0036478661258641364
VUT,AA:52,2020,SEX_M,95,0.12,0.0030611463993265482
VUT,AA:52,2020,SEX_M,96,0.87,0.022193311395117474
WLF,BB:16123,2019,SEX_F,12,0.017,0.010611735330836454
WLF,BB:16123,2019,SEX_F,14,0.032,0.019975031210986267
WLF,BB:16123,2019,SEX_F,22,0.037,0.02309612983770287
WLF,BB:16123,2019,SEX_F,23,0.194,0.12109862671660424
WLF,BB:16123,2019,SEX_F,24,0.038,0.02372034956304619
WLF,BB:16123,2019,SEX_F,26,0.048,0.0299625468164794
WLF,BB:16123,2019,SEX_F,32,0.025,0.015605493133583021
WLF,BB:16123,2019,SEX_F,33,0.15,0.09363295880149812
WLF,BB:16123,2019,SEX_F,34,0.019,0.011860174781523096
WLF,BB:16123,2019,SEX_F,41,0.117,0.07303370786516854
WLF,BB:16123,2019,SEX_F,42,0.058,0.03620474406991261
WLF,BB:16123,2019,SEX_F,43,0.059,0.03682896379525592
WLF,BB:16123,2019,SEX_F,44,0.064,0.039950062421972535
WLF,BB:16123,2019,SEX_F,51,0.098,0.06117353308364544
WLF,BB:16123,2019,SEX_F,52,0.149,0.0930087390761548
WLF,BB:16123,2019,SEX_F,53,0.101,0.06304619225967541
WLF,BB:16123,2019,SEX_F,54,0.028,0.017478152309612985
WLF,BB:16123,2019,SEX_F,73,0.05,0.031210986267166042
WLF,BB:16123,2019,SEX_F,75,0.048,0.0299625468164794
WLF,BB:16123,2019,SEX_F,91,0.224,0.13982521847690388
WLF,BB:16123,2019,SEX_F,93,0.028,0.017478152309612985
WLF,BB:16123,2019,SEX_F,94,0.018,0.011235955056179773
WLF,BB:16123,2019,SEX_M,11,0.077,0.04610778443113771
WLF,BB:16123,2019,SEX_M,13,0.03,0.017964071856287418
WLF,BB:16123,2019,SEX_M,14,0.043,0.025748502994011966
WLF,BB:16123,2019,SEX_M,21,0.028,0.01676646706586826
WLF,BB:16123,2019,SEX_M,23,0.102,0.06107784431137722
WLF,BB:16123,2019,SEX_M,24,0.021,0.012574850299401193
WLF,BB:16123,2019,SEX_M,26,0.017,0.010179640718562871
WLF,BB:16123,2019,SEX_M,31,0.028,0.01676646706586826
WLF,BB:16123,2019,SEX_M,32,0.03,0.017964071856287418
WLF,BB:16123,2019,SEX_M,34,0.03,0.017964071856287418
WLF,BB:16123,2019,SEX_M,35,0.03,0.017964071856287418
WLF,BB:16123,2019,SEX_M,41,0.02,0.011976047904191612
WLF,BB:16123,2019,SEX_M,43,0.043,0.025748502994011966
WLF,BB:16123,2019,SEX_M,44,0.053,0.03173652694610777
WLF,BB:16123,2019,SEX_M,51,0.038,0.022754491017964062
WLF,BB:16123,2019,SEX_M,52,0.089,0.05329341317365267
WLF,BB:16123,2019,SEX_M,53,0.018,0.01077844311377245
WLF,BB:16123,2019,SEX_M,54,0.193,0.11556886227544906
WLF,BB:16123,2019,SEX_M,61,0.011,0.006586826347305386
WLF,BB:16123,2019,SEX_M,71,0.116,0.06946107784431135
WLF,BB:16123,2019,SEX_M,72,0.11,0.06586826347305387
WLF,BB:16123,2019,SEX_M,74,0.027,0.016167664670658676
WLF,BB:16123,2019,SEX_M,75,0.058,0.034730538922155677
WLF,BB:16123,2019,SEX_M,83,0.092,0.055089820359281415
WLF,BB:16123,2019,SEX_M,91,0.114,0.06826347305389219
WLF,BB:16123,2019,SEX_M,93,0.138,0.08263473053892213
WLF,BB:16123,2019,SEX_M,96,0.114,0.06826347305389219
WSM,BA:1794,2022,SEX_F,11,0.214,0.011731812948851488
WSM,BA:1794,2022,SEX_F,12,0.357,0.0195712954333644
WSM,BA:1794,2022,SEX_F,13,0.158,0.00866180582204923
WSM,BA:1794,2022,SEX_F,14,0.254,0.013924675182281673
WSM,BA:1794,2022,SEX_F,21,0.094,0.005153226248560934
WSM,BA:1794,2022,SEX_F,22,0.456,0.024998629461104108
WSM,BA:1794,2022,SEX_F,23,2.089,0.1145222301408914
WSM,BA:1794,2022,SEX_F,24,0.552,0.030261498821336552
WSM,BA:1794,2022,SEX_F,26,0.181,0.009922701606271586
WSM,BA:1794,2022,SEX_F,32,0.165,0.009045556712899513
WSM,BA:1794,2022,SEX_F,33,0.74,0.04056795131845842
WSM,BA:1794,2022,SEX_F,34,0.223,0.012225206951373281
WSM,BA:1794,2022,SEX_F,41,0.359,0.019680938545035907
WSM,BA:1794,2022,SEX_F,42,0.648,0.035524368181569
WSM,BA:1794,2022,SEX_F,43,0.281,0.01540485718984705
WSM,BA:1794,2022,SEX_F,44,0.128,0.007017159146976592
WSM,BA:1794,2022,SEX_F,51,1.099,0.060248889863494325
WSM,BA:1794,2022,SEX_F,52,3.406,0.18672221917658025
WSM,BA:1794,2022,SEX_F,53,0.37,0.02028397565922921
WSM,BA:1794,2022,SEX_F,54,0.236,0.01293788717723809
WSM,BA:1794,2022,SEX_F,61,1.023,0.05608245161997697
WSM,BA:1794,2022,SEX_F,63,1.948,0.10679239076805
WSM,BA:1794,2022,SEX_F,71,0.101,0.005536977139411217
WSM,BA:1794,2022,SEX_F,73,0.46,0.025217915684447124
WSM,BA:1794,2022,SEX_F,75,0.755,0.041390274655994735
WSM,BA:1794,2022,SEX_F,81,0.153,0.008387698042870456
WSM,BA:1794,2022,SEX_F,83,0.107,0.005865906474425744
WSM,BA:1794,2022,SEX_F,91,0.47,0.02576613124280467
WSM,BA:1794,2022,SEX_F,92,0.344,0.01885861520749959
WSM,BA:1794,2022,SEX_F,93,0.296,0.016227180527383367
WSM,BA:1794,2022,SEX_F,94,0.574,0.03146757304972315
WSM,BA:1794,2022,SEX_M,11,0.382,0.011312150196926175
WSM,BA:1794,2022,SEX_M,12,0.318,0.009416920844561581
WSM,BA:1794,2022,SEX_M,13,0.362,0.010719891024312238
WSM,BA:1794,2022,SEX_M,14,0.328,0.009713050430868548
WSM,BA:1794,2022,SEX_M,21,0.974,0.028843021706298676
WSM,BA:1794,2022,SEX_M,22,0.216,0.006396399064230508
WSM,BA:1794,2022,SEX_M,23,0.747,0.022120880097130504
WSM,BA:1794,2022,SEX_M,24,0.362,0.010719891024312238
WSM,BA:1794,2022,SEX_M,26,0.582,0.01723474192306553
WSM,BA:1794,2022,SEX_M,31,0.616,0.018241582516509224
WSM,BA:1794,2022,SEX_M,33,0.714,0.02114365246231751
WSM,BA:1794,2022,SEX_M,34,0.452,0.013385057301074952
WSM,BA:1794,2022,SEX_M,35,0.155,0.004590008587758003
WSM,BA:1794,2022,SEX_M,41,0.161,0.0047676863395421844
WSM,BA:1794,2022,SEX_M,42,0.207,0.006129882436554236
WSM,BA:1794,2022,SEX_M,43,0.22,0.006514850898753295
WSM,BA:1794,2022,SEX_M,51,0.69,0.020432941455180785
WSM,BA:1794,2022,SEX_M,52,1.626,0.048150670733512986
WSM,BA:1794,2022,SEX_M,54,1.526,0.04518937487044331
WSM,BA:1794,2022,SEX_M,61,3.797,0.11244040392075573
WSM,BA:1794,2022,SEX_M,62,0.418,0.01237821670763126
WSM,BA:1794,2022,SEX_M,63,7.589,0.224732743048358
WSM,BA:1794,2022,SEX_M,71,2.296,0.06799135301607984
WSM,BA:1794,2022,SEX_M,72,1.02,0.03020521780331073
WSM,BA:1794,2022,SEX_M,73,0.276,0.008173176582072316
WSM,BA:1794,2022,SEX_M,74,0.176,0.0052118807190026355
WSM,BA:1794,2022,SEX_M,75,1.479,0.043797565814800564
WSM,BA:1794,2022,SEX_M,81,0.106,0.0031389736148538603
WSM,BA:1794,2022,SEX_M,83,2.66,0.07877046995765348
WSM,BA:1794,2022,SEX_M,91,0.167,0.004945364091326365
WSM,BA:1794,2022,SEX_M,92,1.833,0.054280553170067226
WSM,BA:1794,2022,SEX_M,93,0.866,0.025644822174183422
WSM,BA:1794,2022,SEX_M,94,0.257,0.0076105303680890765
WSM,BA:1794,2022,SEX_M,96,0.191,0.0056560750984630875
ZMB,BA:2212,2024,SEX_F,12,5.876,0.0018109984562131951
ZMB,BA:2212,2024,SEX_F,13,3.24,9.985764122074118e-4
ZMB,BA:2212,2024,SEX_F,21,5.059,0.0015591969349868198
ZMB,BA:2212,2024,SEX_F,22,26.175,0.008067202959731174
ZMB,BA:2212,2024,SEX_F,23,106.884,0.03294192630937562
ZMB,BA:2212,2024,SEX_F,24,7.049,0.0021725201017438415
ZMB,BA:2212,2024,SEX_F,26,10.285,0.003169863703565812
ZMB,BA:2212,2024,SEX_F,31,5.706,0.001758604014831942
ZMB,BA:2212,2024,SEX_F,32,18.215,0.005613910292703088
ZMB,BA:2212,2024,SEX_F,33,25.741,0.0079334430329108
ZMB,BA:2212,2024,SEX_F,34,5.674,0.001748741531748412
ZMB,BA:2212,2024,SEX_F,41,13.259,0.004086458225141381
ZMB,BA:2212,2024,SEX_F,42,20.7,0.006379793744658464
ZMB,BA:2212,2024,SEX_F,43,5.165,0.001591866410201013
ZMB,BA:2212,2024,SEX_F,51,95.454,0.02941917063297725
ZMB,BA:2212,2024,SEX_F,52,582.885,0.17964667037948062
ZMB,BA:2212,2024,SEX_F,54,32.158,0.009911179093754923
ZMB,BA:2212,2024,SEX_F,61,167.085,0.05149603081286278
ZMB,BA:2212,2024,SEX_F,62,9.203,0.0028363884943039537
ZMB,BA:2212,2024,SEX_F,63,1761.177,0.5427993240500657
ZMB,BA:2212,2024,SEX_F,71,2.359,7.270499248139767e-4
ZMB,BA:2212,2024,SEX_F,73,7.382,0.002275151566331825
ZMB,BA:2212,2024,SEX_F,75,43.722,0.013475233918065575
ZMB,BA:2212,2024,SEX_F,81,4.066,0.0012531517568010297
ZMB,BA:2212,2024,SEX_F,91,147.899,0.045582855799093824
ZMB,BA:2212,2024,SEX_F,92,77.212,0.023796938870172434
ZMB,BA:2212,2024,SEX_F,93,4.886,0.0015058778858164858
ZMB,BA:2212,2024,SEX_F,94,33.34,0.010275474562652813
ZMB,BA:2212,2024,SEX_F,96,16.763,0.005166400122787915
ZMB,BA:2212,2024,SEX_M,01,19.679,0.00506180317896364
ZMB,BA:2212,2024,SEX_M,11,3.163,8.135821665258394e-4
ZMB,BA:2212,2024,SEX_M,12,7.187,0.001848629475441419
ZMB,BA:2212,2024,SEX_M,13,11.338,0.002916343535905775
ZMB,BA:2212,2024,SEX_M,14,5.996,0.0015422822227280852
ZMB,BA:2212,2024,SEX_M,21,12.215,0.0031419241745536293
ZMB,BA:2212,2024,SEX_M,22,18.863,0.004851912869799845
ZMB,BA:2212,2024,SEX_M,23,91.361,0.023499740852344995
ZMB,BA:2212,2024,SEX_M,24,13.733,0.0035323818820421605
ZMB,BA:2212,2024,SEX_M,25,7.417,0.0019077897341518025
ZMB,BA:2212,2024,SEX_M,26,11.329,0.0029140285692605865
ZMB,BA:2212,2024,SEX_M,31,30.162,0.007758224883576468
ZMB,BA:2212,2024,SEX_M,32,16.024,0.004121669502500807
ZMB,BA:2212,2024,SEX_M,33,41.656,0.010714694507998852
ZMB,BA:2212,2024,SEX_M,34,11.107,0.0028569260586792595
ZMB,BA:2212,2024,SEX_M,41,11.564,0.0029744749205516305
ZMB,BA:2212,2024,SEX_M,42,15.359,0.003950619189272958
ZMB,BA:2212,2024,SEX_M,43,11.034,0.0028381491070016166
ZMB,BA:2212,2024,SEX_M,51,61.994,0.01594600468909355
ZMB,BA:2212,2024,SEX_M,52,299.49,0.0770343733964033
ZMB,BA:2212,2024,SEX_M,54,143.437,0.036894652298440356
ZMB,BA:2212,2024,SEX_M,61,321.722,0.0827528554470522
ZMB,BA:2212,2024,SEX_M,62,123.288,0.03171195641689462
ZMB,BA:2212,2024,SEX_M,63,1629.502,0.4191380864742929
ZMB,BA:2212,2024,SEX_M,71,193.222,0.04970027612407706
ZMB,BA:2212,2024,SEX_M,72,79.06,0.020335695885404004
ZMB,BA:2212,2024,SEX_M,73,14.632,0.00376362132804492
ZMB,BA:2212,2024,SEX_M,74,20.797,0.005349373479999331
ZMB,BA:2212,2024,SEX_M,75,15.415,0.003965023426176356
ZMB,BA:2212,2024,SEX_M,81,41.432,0.010657077560385262
ZMB,BA:2212,2024,SEX_M,83,199.435,0.05129837476480582
ZMB,BA:2212,2024,SEX_M,91,97.62,0.025109671544815824
ZMB,BA:2212,2024,SEX_M,92,178.655,0.04595337399958073
ZMB,BA:2212,2024,SEX_M,93,58.054,0.014932563735533066
ZMB,BA:2212,2024,SEX_M,94,5.253,0.0013511688652419333
ZMB,BA:2212,2024,SEX_M,95,7.996,0.0020567192549922897
ZMB,BA:2212,2024,SEX_M,96,57.554,0.014803954477467015
ZWE,BA:1823,2024,SEX_F,11,5.422,0.0022770012791858904
ZWE,BA:1823,2024,SEX_F,12,14.012,0.005884423077084599
ZWE,BA:1823,2024,SEX_F,13,5.898,0.0024769003217702656
ZWE,BA:1823,2024,SEX_F,14,15.89,0.006673100392154887
ZWE,BA:1823,2024,SEX_F,21,3.096,0.0013001836887420724
ZWE,BA:1823,2024,SEX_F,22,24.041,0.010096161518426409
ZWE,BA:1823,2024,SEX_F,23,135.281,0.05681206382322878
ZWE,BA:1823,2024,SEX_F,24,14.774,0.006204429527608326
ZWE,BA:1823,2024,SEX_F,26,9.381,0.003939606971605098
ZWE,BA:1823,2024,SEX_F,31,3.116,0.0013085828081783907
ZWE,BA:1823,2024,SEX_F,32,9.192,0.0038602352929318893
ZWE,BA:1823,2024,SEX_F,33,16.857,0.0070791978169008766
ZWE,BA:1823,2024,SEX_F,34,2.008,8.432715914063571e-4
ZWE,BA:1823,2024,SEX_F,41,10.442,0.004385180257701783
ZWE,BA:1823,2024,SEX_F,42,7.455,0.0031307717698876455
ZWE,BA:1823,2024,SEX_F,43,5.585,0.0023454541025918845
ZWE,BA:1823,2024,SEX_F,44,2.166,9.096246349532715e-4
ZWE,BA:1823,2024,SEX_F,51,131.524,0.05523428923711639
ZWE,BA:1823,2024,SEX_F,52,281.832,0.11835703144882291
ZWE,BA:1823,2024,SEX_F,53,5.049,0.002120357701698554
ZWE,BA:1823,2024,SEX_F,54,34.312,0.01440952930494767
ZWE,BA:1823,2024,SEX_F,61,148.935,0.06254614266240328
ZWE,BA:1823,2024,SEX_F,63,1080.903,0.45393166980373784
ZWE,BA:1823,2024,SEX_F,71,5.802,0.0024365845484759377
ZWE,BA:1823,2024,SEX_F,73,5.312,0.0022308061222861397
ZWE,BA:1823,2024,SEX_F,75,34.53,0.014501079706803541
ZWE,BA:1823,2024,SEX_F,81,11.36,0.004770699839828792
ZWE,BA:1823,2024,SEX_F,83,1.894,7.953966106193427e-4
ZWE,BA:1823,2024,SEX_F,91,88.268,0.03706867372024717
ZWE,BA:1823,2024,SEX_F,92,73.154,0.030721459162221434
ZWE,BA:1823,2024,SEX_F,93,24.272,0.010193171347915884
ZWE,BA:1823,2024,SEX_F,94,5.572,0.002339994674958278
ZWE,BA:1823,2024,SEX_F,95,144.212,0.060562690607516706
ZWE,BA:1823,2024,SEX_F,96,19.655,0.008254234626041808
ZWE,BA:1823,2024,SEX_M,02,1.609,6.322804102710005e-4
ZWE,BA:1823,2024,SEX_M,03,4.849,0.0019054864570566073
ZWE,BA:1823,2024,SEX_M,11,16.328,0.006416329732072651
ZWE,BA:1823,2024,SEX_M,12,17.672,0.006944474462591125
ZWE,BA:1823,2024,SEX_M,13,14.263,0.005604857359661454
ZWE,BA:1823,2024,SEX_M,14,18.27,0.007179467430485505
ZWE,BA:1823,2024,SEX_M,21,20.336,0.007991332767725956
ZWE,BA:1823,2024,SEX_M,22,7.392,0.0029047960178516068
ZWE,BA:1823,2024,SEX_M,23,73.455,0.028865231532912577
ZWE,BA:1823,2024,SEX_M,24,14.276,0.005609965902441766
ZWE,BA:1823,2024,SEX_M,26,9.772,0.0038400523114780712
ZWE,BA:1823,2024,SEX_M,31,25.246,0.009920790079367107
ZWE,BA:1823,2024,SEX_M,32,4.934,0.0019388884675432668
ZWE,BA:1823,2024,SEX_M,33,21.544,0.008466034281465777
ZWE,BA:1823,2024,SEX_M,34,10.595,0.004163462365954785
ZWE,BA:1823,2024,SEX_M,35,3.439,0.0013514060478073155
ZWE,BA:1823,2024,SEX_M,41,7.016,0.0027570412420517957
ZWE,BA:1823,2024,SEX_M,42,3.593,0.0014119226315125572
ZWE,BA:1823,2024,SEX_M,43,12.171,0.004782774936860377
ZWE,BA:1823,2024,SEX_M,51,77.2,0.030336884818471868
ZWE,BA:1823,2024,SEX_M,52,143.681,0.056461579632161356
ZWE,BA:1823,2024,SEX_M,53,2.413,9.482241329918732e-4
ZWE,BA:1823,2024,SEX_M,54,130.897,0.05143791725496777
ZWE,BA:1823,2024,SEX_M,61,142.627,0.05604739470212678
ZWE,BA:1823,2024,SEX_M,62,5.334,0.002096074399245193
ZWE,BA:1823,2024,SEX_M,63,718.636,0.2823986730363646
ZWE,BA:1823,2024,SEX_M,71,142.595,0.05603481982759062
ZWE,BA:1823,2024,SEX_M,72,91.989,0.036148441678321354
ZWE,BA:1823,2024,SEX_M,73,14.141,0.0055569156504923665
ZWE,BA:1823,2024,SEX_M,74,19.335,0.007597974973641885
ZWE,BA:1823,2024,SEX_M,75,47.902,0.01882380125096424
ZWE,BA:1823,2024,SEX_M,81,90.135,0.03541988488488292
ZWE,BA:1823,2024,SEX_M,83,103.119,0.04052214022792747
ZWE,BA:1823,2024,SEX_M,91,45.531,0.01789208164080107
ZWE,BA:1823,2024,SEX_M,92,181.694,0.0713993516866247
ZWE,BA:1823,2024,SEX_M,93,181.727,0.07141231952599011
ZWE,BA:1823,2024,SEX_M,94,1.399,5.497577961274889e-4
ZWE,BA:1823,2024,SEX_M,95,64.658,0.025408319929957953
ZWE,BA:1823,2024,SEX_M,96,52.984,0.02082084851323722
