iso3,source,ilostat_year,sex,code,emp,share
AGO,BA:13951,2024,SEX_F,1,3208.224,0.5049168511315375
AGO,BA:13951,2024,SEX_F,2,3.644,5.735001687922422e-4
AGO,BA:13951,2024,SEX_F,3,3.173,4.993732260092713e-4
AGO,BA:13951,2024,SEX_F,5,7.162,0.0011271702000247089
AGO,BA:13951,2024,SEX_F,7,0.961,1.5124414440432073e-4
AGO,BA:13951,2024,SEX_F,8,2.503,3.9392725644538486e-4
AGO,BA:13951,2024,SEX_F,10,100.895,0.015879061342012425
AGO,BA:13951,2024,SEX_F,11,20.988,0.003303134342099775
AGO,BA:13951,2024,SEX_F,13,4.295,6.759558795177499e-4
AGO,BA:13951,2024,SEX_F,14,16.119,0.002536841169254158
AGO,BA:13951,2024,SEX_F,16,1.497,2.3560092005542994e-4
AGO,BA:13951,2024,SEX_F,20,2.535,3.9896348185739134e-4
AGO,BA:13951,2024,SEX_F,22,2.842,4.4727976940382887e-4
AGO,BA:13951,2024,SEX_F,23,3.335,5.248691171575542e-4
AGO,BA:13951,2024,SEX_F,25,2.852,4.488535898450809e-4
AGO,BA:13951,2024,SEX_F,31,0.773,1.2165632010878245e-4
AGO,BA:13951,2024,SEX_F,32,1.628,2.562179678358316e-4
AGO,BA:13951,2024,SEX_F,35,2.966,4.6679514287535417e-4
AGO,BA:13951,2024,SEX_F,36,1.068,1.6808402312571755e-4
AGO,BA:13951,2024,SEX_F,38,5.527,8.698505578800008e-4
AGO,BA:13951,2024,SEX_F,41,0.999,1.572246620810785e-4
AGO,BA:13951,2024,SEX_F,42,8.09,0.001273220736972898
AGO,BA:13951,2024,SEX_F,45,6.746,0.0010616992696686242
AGO,BA:13951,2024,SEX_F,46,35.827,0.005638526494873672
AGO,BA:13951,2024,SEX_F,47,1939.96,0.30531487032113014
AGO,BA:13951,2024,SEX_F,49,7.118,0.0011202453900831999
AGO,BA:13951,2024,SEX_F,52,8.024,0.0012628335220606342
AGO,BA:13951,2024,SEX_F,55,14.457,0.00227527221191807
AGO,BA:13951,2024,SEX_F,56,64.658,0.01017600820904742
AGO,BA:13951,2024,SEX_F,61,4.344,6.836675996798848e-4
AGO,BA:13951,2024,SEX_F,63,0.621,9.773424940175149e-5
AGO,BA:13951,2024,SEX_F,64,9.135,0.0014376849730837356
AGO,BA:13951,2024,SEX_F,66,2.813,4.42715690124198e-4
AGO,BA:13951,2024,SEX_F,68,1.49,2.344992457465535e-4
AGO,BA:13951,2024,SEX_F,69,7.787,0.001225533977602961
AGO,BA:13951,2024,SEX_F,78,2.869,4.515290845952094e-4
AGO,BA:13951,2024,SEX_F,79,2.306,3.629229937527197e-4
AGO,BA:13951,2024,SEX_F,80,7.674,0.0012077498066168132
AGO,BA:13951,2024,SEX_F,81,17.577,0.0027663041895887057
AGO,BA:13951,2024,SEX_F,82,18.334,0.002885442396991484
AGO,BA:13951,2024,SEX_F,84,110.766,0.01743257949957231
AGO,BA:13951,2024,SEX_F,85,142.786,0.022471952552461334
AGO,BA:13951,2024,SEX_F,86,77.203,0.012150365952598101
AGO,BA:13951,2024,SEX_F,87,9.389,0.0014776600122915374
AGO,BA:13951,2024,SEX_F,88,3.995,6.287412662801887e-4
AGO,BA:13951,2024,SEX_F,92,2.531,3.9833395368089056e-4
AGO,BA:13951,2024,SEX_F,93,1.753,2.7589072335148205e-4
AGO,BA:13951,2024,SEX_F,94,4.202,6.613193494141059e-4
AGO,BA:13951,2024,SEX_F,96,79.328,0.012484802796364158
AGO,BA:13951,2024,SEX_F,97,368.196,0.0579474391187235
AGO,BA:13951,2024,SEX_M,1,2600.714,0.4245827293533535
AGO,BA:13951,2024,SEX_M,2,9.076,0.0014817134262402698
AGO,BA:13951,2024,SEX_M,3,90.555,0.014783666737900797
AGO,BA:13951,2024,SEX_M,5,2.804,4.577704326991754e-4
AGO,BA:13951,2024,SEX_M,6,8.865,0.0014472663644358738
AGO,BA:13951,2024,SEX_M,7,8.186,0.0013364153930368937
AGO,BA:13951,2024,SEX_M,8,97.488,0.015915522090933384
AGO,BA:13951,2024,SEX_M,9,9.554,0.0015597498980056783
AGO,BA:13951,2024,SEX_M,10,65.231,0.01064936629650496
AGO,BA:13951,2024,SEX_M,11,15.781,0.0025763463617780626
AGO,BA:13951,2024,SEX_M,13,5.863,9.571712007543743e-4
AGO,BA:13951,2024,SEX_M,14,15.29,0.002496187559190582
AGO,BA:13951,2024,SEX_M,16,18.238,0.0029774668871496296
AGO,BA:13951,2024,SEX_M,17,1.705,2.783518501255685e-4
AGO,BA:13951,2024,SEX_M,18,1.924,3.1410496166662394e-4
AGO,BA:13951,2024,SEX_M,19,3.455,5.64050230019847e-4
AGO,BA:13951,2024,SEX_M,20,3.181,5.193180265392572e-4
AGO,BA:13951,2024,SEX_M,22,9.906,0.001617216086418699
AGO,BA:13951,2024,SEX_M,23,17.332,0.0028295567544729346
AGO,BA:13951,2024,SEX_M,24,4.037,6.5906534836183e-4
AGO,BA:13951,2024,SEX_M,25,55.272,0.009023497630580893
AGO,BA:13951,2024,SEX_M,28,1.962,3.203086979157568e-4
AGO,BA:13951,2024,SEX_M,30,2.621,4.27894544973088e-4
AGO,BA:13951,2024,SEX_M,31,22.511,0.0036750607027429163
AGO,BA:13951,2024,SEX_M,32,1.993,3.253696406453126e-4
AGO,BA:13951,2024,SEX_M,33,15.89,0.002594141289440049
AGO,BA:13951,2024,SEX_M,35,21.147,0.0034523792226424615
AGO,BA:13951,2024,SEX_M,36,6.099,9.956996679858312e-4
AGO,BA:13951,2024,SEX_M,38,5.195,8.481160477433012e-4
AGO,BA:13951,2024,SEX_M,41,123.965,0.020238056950625277
AGO,BA:13951,2024,SEX_M,42,243.751,0.03979386617006302
AGO,BA:13951,2024,SEX_M,43,34.969,0.005708906655156015
AGO,BA:13951,2024,SEX_M,45,153.386,0.025041218113407888
AGO,BA:13951,2024,SEX_M,46,72.38,0.01181648499242736
AGO,BA:13951,2024,SEX_M,47,555.125,0.09062760750789221
AGO,BA:13951,2024,SEX_M,49,390.887,0.06381473292670563
AGO,BA:13951,2024,SEX_M,50,12.088,0.0019734411520925936
AGO,BA:13951,2024,SEX_M,51,5.559,9.075413107613111e-4
AGO,BA:13951,2024,SEX_M,52,81.335,0.013278444416400652
AGO,BA:13951,2024,SEX_M,55,17.136,0.0027975585359247754
AGO,BA:13951,2024,SEX_M,56,34.691,0.005663521426807095
AGO,BA:13951,2024,SEX_M,58,1.725,2.816169744672174e-4
AGO,BA:13951,2024,SEX_M,59,6.345,0.0010358606973881127
AGO,BA:13951,2024,SEX_M,60,4.801,7.837930982128178e-4
AGO,BA:13951,2024,SEX_M,61,19.605,0.003200638135901332
AGO,BA:13951,2024,SEX_M,62,11.555,0.0018864255883876504
AGO,BA:13951,2024,SEX_M,63,5.618,9.171734275691753e-4
AGO,BA:13951,2024,SEX_M,64,23.945,0.003909170118039143
AGO,BA:13951,2024,SEX_M,65,1.663,2.714950890081058e-4
AGO,BA:13951,2024,SEX_M,66,3.505,5.722130408739693e-4
AGO,BA:13951,2024,SEX_M,68,3.517,5.741721154789586e-4
AGO,BA:13951,2024,SEX_M,69,7.117,0.0011618944969757601
AGO,BA:13951,2024,SEX_M,71,1.103,1.800716074419367e-4
AGO,BA:13951,2024,SEX_M,74,9.946,0.0016237463351019966
AGO,BA:13951,2024,SEX_M,78,3.305,5.395617974574803e-4
AGO,BA:13951,2024,SEX_M,79,9.254,0.0015107730328809447
AGO,BA:13951,2024,SEX_M,80,172.247,0.028120393623799884
AGO,BA:13951,2024,SEX_M,81,11.548,0.0018852827948680733
AGO,BA:13951,2024,SEX_M,82,68.383,0.011163949892748827
AGO,BA:13951,2024,SEX_M,84,441.611,0.07209574128199556
AGO,BA:13951,2024,SEX_M,85,239.22,0.039054152250462465
AGO,BA:13951,2024,SEX_M,86,50.817,0.008296191183478602
AGO,BA:13951,2024,SEX_M,87,4.654,7.597944343016984e-4
AGO,BA:13951,2024,SEX_M,90,0.972,1.586850430041364e-4
AGO,BA:13951,2024,SEX_M,91,0.985,1.608073738262082e-4
AGO,BA:13951,2024,SEX_M,92,15.251,0.0024898205667243664
AGO,BA:13951,2024,SEX_M,93,7.469,0.0012193606853887807
AGO,BA:13951,2024,SEX_M,94,17.052,0.0027838450136898497
AGO,BA:13951,2024,SEX_M,95,32.363,0.005283460953439163
AGO,BA:13951,2024,SEX_M,96,71.557,0.011682125125768508
AGO,BA:13951,2024,SEX_M,97,30.345,0.004954009907366789
AGO,BA:13951,2024,SEX_M,99,0.716,1.1689145143103053e-4
ALB,BA:480,2024,SEX_F,1,222.413,0.4153766278394393
ALB,BA:480,2024,SEX_F,3,0.48,8.964439190287027e-4
ALB,BA:480,2024,SEX_F,6,0.595,0.001111216941295996
ALB,BA:480,2024,SEX_F,7,0.215,4.0153217206493973e-4
ALB,BA:480,2024,SEX_F,10,13.583,0.02536749531701431
ALB,BA:480,2024,SEX_F,11,0.738,0.0013782825255066304
ALB,BA:480,2024,SEX_F,13,0.676,0.0012624918526320896
ALB,BA:480,2024,SEX_F,14,28.377,0.05299664393807812
ALB,BA:480,2024,SEX_F,15,15.023,0.028056827074100416
ALB,BA:480,2024,SEX_F,17,1.368,0.002554865169231803
ALB,BA:480,2024,SEX_F,18,0.346,6.461866582998564e-4
ALB,BA:480,2024,SEX_F,20,0.396,7.395662331986798e-4
ALB,BA:480,2024,SEX_F,22,0.18,3.361664696357635e-4
ALB,BA:480,2024,SEX_F,23,0.73,0.0013633417935228188
ALB,BA:480,2024,SEX_F,24,0.389,7.264930927128445e-4
ALB,BA:480,2024,SEX_F,25,1.055,0.0019703090303651695
ALB,BA:480,2024,SEX_F,27,1.82,0.0033990165263171647
ALB,BA:480,2024,SEX_F,31,2.279,0.004256241023888361
ALB,BA:480,2024,SEX_F,32,0.97,0.00181156375303717
ALB,BA:480,2024,SEX_F,35,2.255,0.004211418827936926
ALB,BA:480,2024,SEX_F,36,1.694,0.00316369999757213
ALB,BA:480,2024,SEX_F,38,0.465,8.684300465590558e-4
ALB,BA:480,2024,SEX_F,41,1.587,0.0029638677072886485
ALB,BA:480,2024,SEX_F,42,0.489,9.132522425104909e-4
ALB,BA:480,2024,SEX_F,43,1.769,0.0033037693599203646
ALB,BA:480,2024,SEX_F,45,0.844,0.0015762472242921355
ALB,BA:480,2024,SEX_F,46,3.151,0.005884780810123838
ALB,BA:480,2024,SEX_F,47,49.241,0.09196207295185906
ALB,BA:480,2024,SEX_F,49,1.079,0.0020151312263166046
ALB,BA:480,2024,SEX_F,50,0.328,6.125700113362802e-4
ALB,BA:480,2024,SEX_F,51,0.819,0.0015295574368427239
ALB,BA:480,2024,SEX_F,52,0.767,0.001432442678947948
ALB,BA:480,2024,SEX_F,53,1.167,0.0021794792781385337
ALB,BA:480,2024,SEX_F,55,6.394,0.01194138003806151
ALB,BA:480,2024,SEX_F,56,20.049,0.03744334194293013
ALB,BA:480,2024,SEX_F,60,1.469,0.002743491910527426
ALB,BA:480,2024,SEX_F,61,3.122,0.00583062065668252
ALB,BA:480,2024,SEX_F,62,2.086,0.0038957958647789035
ALB,BA:480,2024,SEX_F,64,5.198,0.009707740606481661
ALB,BA:480,2024,SEX_F,65,0.713,0.0013315927380572188
ALB,BA:480,2024,SEX_F,66,1.248,0.002330754189474627
ALB,BA:480,2024,SEX_F,68,1.297,0.0024222661728754737
ALB,BA:480,2024,SEX_F,69,4.183,0.007812135236035548
ALB,BA:480,2024,SEX_F,70,0.439,8.198726676116677e-4
ALB,BA:480,2024,SEX_F,71,2.35,0.00438884002024469
ALB,BA:480,2024,SEX_F,73,0.152,2.838739076924225e-4
ALB,BA:480,2024,SEX_F,74,0.979,0.0018283720765189583
ALB,BA:480,2024,SEX_F,78,0.443,8.273430336035735e-4
ALB,BA:480,2024,SEX_F,79,1.656,0.0030927315206490244
ALB,BA:480,2024,SEX_F,80,0.622,0.0011616419117413605
ALB,BA:480,2024,SEX_F,81,1.701,0.003176773138057965
ALB,BA:480,2024,SEX_F,82,8.675,0.016201356244945828
ALB,BA:480,2024,SEX_F,84,27.391,0.05115519872107332
ALB,BA:480,2024,SEX_F,85,45.64,0.08523687596764581
ALB,BA:480,2024,SEX_F,86,25.36,0.04736212038868313
ALB,BA:480,2024,SEX_F,87,1.289,0.002407325440891662
ALB,BA:480,2024,SEX_F,88,0.806,0.00150527874736903
ALB,BA:480,2024,SEX_F,90,0.6,0.0011205548987858784
ALB,BA:480,2024,SEX_F,91,0.803,0.0014996759728751006
ALB,BA:480,2024,SEX_F,93,0.231,4.314136360325632e-4
ALB,BA:480,2024,SEX_F,94,1.491,0.002784578923482908
ALB,BA:480,2024,SEX_F,95,0.676,0.0012624918526320896
ALB,BA:480,2024,SEX_F,96,6.874,0.012837823957090213
ALB,BA:480,2024,SEX_F,97,3.941,0.007360178093525244
ALB,BA:480,2024,SEX_F,99,0.283,5.285283939273392e-4
ALB,BA:480,2024,SEX_M,1,207.636,0.3249165941625301
ALB,BA:480,2024,SEX_M,3,1.552,0.0024286277627205625
ALB,BA:480,2024,SEX_M,6,3.064,0.004794662026401935
ALB,BA:480,2024,SEX_M,7,2.919,0.004567760592384873
ALB,BA:480,2024,SEX_M,8,1.101,0.001722886061053698
ALB,BA:480,2024,SEX_M,10,11.777,0.018429090954613443
ALB,BA:480,2024,SEX_M,11,1.995,0.0031218507645795895
ALB,BA:480,2024,SEX_M,13,0.365,5.711656787326066e-4
ALB,BA:480,2024,SEX_M,14,1.353,0.0021172251050005936
ALB,BA:480,2024,SEX_M,15,3.745,0.005860316347544141
ALB,BA:480,2024,SEX_M,16,0.805,0.001259694168163694
ALB,BA:480,2024,SEX_M,17,0.943,0.0014756417398488985
ALB,BA:480,2024,SEX_M,18,0.502,7.855484129418315e-4
ALB,BA:480,2024,SEX_M,20,0.676,0.001057830133762307
ALB,BA:480,2024,SEX_M,22,1.016,0.00158987487559542
ALB,BA:480,2024,SEX_M,23,4.926,0.007708389406676219
ALB,BA:480,2024,SEX_M,24,2.671,0.0041796808983418955
ALB,BA:480,2024,SEX_M,25,6.187,0.009681649463886676
ALB,BA:480,2024,SEX_M,27,1.58,0.0024724432120479954
ALB,BA:480,2024,SEX_M,28,0.298,4.6632156784196367e-4
ALB,BA:480,2024,SEX_M,31,11.337,0.017740562465182356
ALB,BA:480,2024,SEX_M,32,0.619,9.686343976314615e-4
ALB,BA:480,2024,SEX_M,35,8.557,0.01339031428195867
ALB,BA:480,2024,SEX_M,36,4.969,0.007775677418143348
ALB,BA:480,2024,SEX_M,38,2.411,0.0037728231545871628
ALB,BA:480,2024,SEX_M,41,39.669,0.06207553783464046
ALB,BA:480,2024,SEX_M,42,5.341,0.008357796959207813
ALB,BA:480,2024,SEX_M,43,44.726,0.06998892095067002
ALB,BA:480,2024,SEX_M,45,14.326,0.022417861680885814
ALB,BA:480,2024,SEX_M,46,5.189,0.008119941662858891
ALB,BA:480,2024,SEX_M,47,58.812,0.09203122163732069
ALB,BA:480,2024,SEX_M,49,16.415,0.025686807168207496
ALB,BA:480,2024,SEX_M,50,1.192,0.0018652862713678547
ALB,BA:480,2024,SEX_M,51,0.644,0.0010077553345309552
ALB,BA:480,2024,SEX_M,52,1.369,0.0021422625046162696
ALB,BA:480,2024,SEX_M,53,1.126,0.0017620069979531914
ALB,BA:480,2024,SEX_M,55,9.243,0.014463792790480774
ALB,BA:480,2024,SEX_M,56,32.389,0.05068352100950793
ALB,BA:480,2024,SEX_M,58,0.38,5.946382408723027e-4
ALB,BA:480,2024,SEX_M,59,0.351,5.492579540688901e-4
ALB,BA:480,2024,SEX_M,60,3.81,0.005962030783482825
ALB,BA:480,2024,SEX_M,61,2.16,0.003380048948116247
ALB,BA:480,2024,SEX_M,62,3.842,0.006012105582714177
ALB,BA:480,2024,SEX_M,63,0.618,9.670695601554818e-4
ALB,BA:480,2024,SEX_M,64,2.595,0.004060753250167436
ALB,BA:480,2024,SEX_M,65,1.023,0.001600828737927278
ALB,BA:480,2024,SEX_M,66,0.447,6.994823517629456e-4
ALB,BA:480,2024,SEX_M,68,1.325,0.0020734096556731607
ALB,BA:480,2024,SEX_M,69,1.895,0.002965367016981615
ALB,BA:480,2024,SEX_M,70,0.369,5.774250286365256e-4
ALB,BA:480,2024,SEX_M,71,1.422,0.002225198890843196
ALB,BA:480,2024,SEX_M,73,0.398,6.228053154399381e-4
ALB,BA:480,2024,SEX_M,74,2.255,0.0035287085083343223
ALB,BA:480,2024,SEX_M,75,0.165,2.581981835366578e-4
ALB,BA:480,2024,SEX_M,77,0.868,0.0013582789291504177
ALB,BA:480,2024,SEX_M,78,0.153,2.3942013382490082e-4
ALB,BA:480,2024,SEX_M,79,2.115,0.0033096312616971587
ALB,BA:480,2024,SEX_M,80,7.157,0.011199541815587027
ALB,BA:480,2024,SEX_M,81,2.015,0.0031531475140991845
ALB,BA:480,2024,SEX_M,82,4.32,0.006760097896232494
ALB,BA:480,2024,SEX_M,84,46.855,0.0733204599370309
ALB,BA:480,2024,SEX_M,85,15.01,0.023488210514455956
ALB,BA:480,2024,SEX_M,86,8.811,0.013787783000857524
ALB,BA:480,2024,SEX_M,87,0.16,2.5037399615675905e-4
ALB,BA:480,2024,SEX_M,90,3.535,0.005531700477588395
ALB,BA:480,2024,SEX_M,91,0.732,0.0011454610324171726
ALB,BA:480,2024,SEX_M,92,0.213,3.3331038238368544e-4
ALB,BA:480,2024,SEX_M,93,1.513,0.0023675991011573526
ALB,BA:480,2024,SEX_M,94,1.531,0.002395766175724988
ALB,BA:480,2024,SEX_M,95,3.103,0.004855690687965146
ALB,BA:480,2024,SEX_M,96,4.306,0.006738190171568777
ALB,BA:480,2024,SEX_M,99,0.147,2.3003110896902234e-4
ARE,BA:716,2023,SEX_F,1,1.29,6.613363300242593e-4
ARE,BA:716,2023,SEX_F,6,11.08,0.005680315144704491
ARE,BA:716,2023,SEX_F,9,23.834,0.012218829526975346
ARE,BA:716,2023,SEX_F,10,11.914,0.0061078767720225005
ARE,BA:716,2023,SEX_F,11,2.238,0.0011473416330188312
ARE,BA:716,2023,SEX_F,13,2.051,0.0010514734983564
ARE,BA:716,2023,SEX_F,14,3.371,0.0017281897430323863
ARE,BA:716,2023,SEX_F,16,0.553,2.8350309341350035e-4
ARE,BA:716,2023,SEX_F,17,0.16,8.202621147587712e-5
ARE,BA:716,2023,SEX_F,18,5.203,0.0026673898644311795
ARE,BA:716,2023,SEX_F,19,1.603,8.21800106223944e-4
ARE,BA:716,2023,SEX_F,20,4.705,0.002412083281212512
ARE,BA:716,2023,SEX_F,21,3.854,0.0019758063689251904
ARE,BA:716,2023,SEX_F,22,0.986,5.054865282200928e-4
ARE,BA:716,2023,SEX_F,23,0.606,3.106742759648846e-4
ARE,BA:716,2023,SEX_F,24,1.7,8.715284969311944e-4
ARE,BA:716,2023,SEX_F,25,2.119,0.0010863346382336478
ARE,BA:716,2023,SEX_F,26,2.971,0.0015231242143426934
ARE,BA:716,2023,SEX_F,27,3.776,0.0019358185908307
ARE,BA:716,2023,SEX_F,28,5.304,0.002719168910425327
ARE,BA:716,2023,SEX_F,29,1.823,9.34586147003275e-4
ARE,BA:716,2023,SEX_F,30,1.365,6.997861166535768e-4
ARE,BA:716,2023,SEX_F,31,1.676,8.592245652098129e-4
ARE,BA:716,2023,SEX_F,32,2.046,0.0010489101792477786
ARE,BA:716,2023,SEX_F,33,3.594,0.0018425137752768898
ARE,BA:716,2023,SEX_F,35,10.607,0.005437825157028929
ARE,BA:716,2023,SEX_F,36,1.615,8.279520720846348e-4
ARE,BA:716,2023,SEX_F,38,0.319,1.6353975913003003e-4
ARE,BA:716,2023,SEX_F,41,35.356,0.018125742080881947
ARE,BA:716,2023,SEX_F,42,7.036,0.003607102649651696
ARE,BA:716,2023,SEX_F,43,20.895,0.010712110554927828
ARE,BA:716,2023,SEX_F,45,22.061,0.011309876571058282
ARE,BA:716,2023,SEX_F,46,45.822,0.023491281639047762
ARE,BA:716,2023,SEX_F,47,115.699,0.05931469150967192
ARE,BA:716,2023,SEX_F,49,14.719,0.007545898791958971
ARE,BA:716,2023,SEX_F,50,9.036,0.00463243029310016
ARE,BA:716,2023,SEX_F,51,24.694,0.012659720413658185
ARE,BA:716,2023,SEX_F,52,22.86,0.011719494964615945
ARE,BA:716,2023,SEX_F,53,2.541,0.0013026787710012735
ARE,BA:716,2023,SEX_F,55,19.14,0.009812385547801802
ARE,BA:716,2023,SEX_F,56,31.079,0.015933078915367407
ARE,BA:716,2023,SEX_F,58,5.29,0.0027119916169211873
ARE,BA:716,2023,SEX_F,59,5.939,0.003044710437220214
ARE,BA:716,2023,SEX_F,60,4.502,0.0023080125254024927
ARE,BA:716,2023,SEX_F,61,7.805,0.004001341128557631
ARE,BA:716,2023,SEX_F,62,36.498,0.01871120416529102
ARE,BA:716,2023,SEX_F,63,4.651,0.002384399434839403
ARE,BA:716,2023,SEX_F,64,67.794,0.03475553112997259
ARE,BA:716,2023,SEX_F,65,14.714,0.00754333547285035
ARE,BA:716,2023,SEX_F,66,15.148,0.007765831571478666
ARE,BA:716,2023,SEX_F,68,54.349,0.027862766046890284
ARE,BA:716,2023,SEX_F,69,25.818,0.013235954549276223
ARE,BA:716,2023,SEX_F,70,24.256,0.012435173659742973
ARE,BA:716,2023,SEX_F,71,27.109,0.013897803543122207
ARE,BA:716,2023,SEX_F,72,1.628,8.346167017670497e-4
ARE,BA:716,2023,SEX_F,73,21.669,0.011108912352942384
ARE,BA:716,2023,SEX_F,74,18.323,0.009393539205453104
ARE,BA:716,2023,SEX_F,77,3.52,0.0018045766524692967
ARE,BA:716,2023,SEX_F,78,25.557,0.013102149291806198
ARE,BA:716,2023,SEX_F,79,15.706,0.008051897984000788
ARE,BA:716,2023,SEX_F,80,4.502,0.0023080125254024927
ARE,BA:716,2023,SEX_F,81,33.601,0.01722601707375592
ARE,BA:716,2023,SEX_F,82,41.93,0.02149599404489705
ARE,BA:716,2023,SEX_F,84,110.458,0.05662782042001522
ARE,BA:716,2023,SEX_F,85,170.715,0.08751940432565228
ARE,BA:716,2023,SEX_F,86,144.279,0.07396662353455047
ARE,BA:716,2023,SEX_F,87,3.033,0.0015549093712895958
ARE,BA:716,2023,SEX_F,88,3.338,0.0017112718369154867
ARE,BA:716,2023,SEX_F,90,5.014,0.0025704964021252994
ARE,BA:716,2023,SEX_F,91,3.215,0.0016482141868434058
ARE,BA:716,2023,SEX_F,93,12.504,0.006410348426839797
ARE,BA:716,2023,SEX_F,94,2.508,0.001285760864884374
ARE,BA:716,2023,SEX_F,95,1.747,8.956236965522334e-4
ARE,BA:716,2023,SEX_F,96,34.723,0.01780122588173051
ARE,BA:716,2023,SEX_F,97,511.406,0.2621793544127026
ARE,BA:716,2023,SEX_F,98,0.99,5.075371835069897e-4
ARE,BA:716,2023,SEX_F,99,3.056,0.001566700639189253
ARE,BA:716,2023,SEX_M,1,114.67,0.01751839760208626
ARE,BA:716,2023,SEX_M,3,12.857,0.0019641932324934424
ARE,BA:716,2023,SEX_M,6,43.967,0.006716938932335628
ARE,BA:716,2023,SEX_M,7,0.478,7.302515090082176e-5
ARE,BA:716,2023,SEX_M,8,4.412,6.74031309151518e-4
ARE,BA:716,2023,SEX_M,9,296.456,0.04529025969760255
ARE,BA:716,2023,SEX_M,10,54.668,0.008351755124364276
ARE,BA:716,2023,SEX_M,11,9.15,0.0013978663823065254
ARE,BA:716,2023,SEX_M,12,1.171,1.788963424787914e-4
ARE,BA:716,2023,SEX_M,13,9.21,0.0014070327192396831
ARE,BA:716,2023,SEX_M,14,118.454,0.01809648791800406
ARE,BA:716,2023,SEX_M,15,1.7,2.597128797727971e-4
ARE,BA:716,2023,SEX_M,16,34.684,0.005298753836493937
ARE,BA:716,2023,SEX_M,17,13.446,0.0020541761067206054
ARE,BA:716,2023,SEX_M,18,23.559,0.0035991621968043098
ARE,BA:716,2023,SEX_M,19,11.641,0.0017784221373147828
ARE,BA:716,2023,SEX_M,20,45.657,0.006975124089286232
ARE,BA:716,2023,SEX_M,21,6.092,9.306887432799292e-4
ARE,BA:716,2023,SEX_M,22,19.492,0.0029778373250184476
ARE,BA:716,2023,SEX_M,23,48.629,0.0074291633120419694
ARE,BA:716,2023,SEX_M,24,16.572,0.0025317422609381136
ARE,BA:716,2023,SEX_M,25,82.853,0.012657641898715032
ARE,BA:716,2023,SEX_M,26,12.34,0.0018852099625860682
ARE,BA:716,2023,SEX_M,27,27.352,0.004178627463262086
ARE,BA:716,2023,SEX_M,28,16.678,0.0025479361228533588
ARE,BA:716,2023,SEX_M,29,6.124,9.355774563109466e-4
ARE,BA:716,2023,SEX_M,30,15.031,0.002296320174038184
ARE,BA:716,2023,SEX_M,31,21.077,0.0032199813923360263
ARE,BA:716,2023,SEX_M,32,18.161,0.0027744974173845695
ARE,BA:716,2023,SEX_M,33,54.601,0.008341519381455584
ARE,BA:716,2023,SEX_M,35,49.866,0.007618142625147235
ARE,BA:716,2023,SEX_M,36,4.82,7.363624002969894e-4
ARE,BA:716,2023,SEX_M,37,5.088,7.773053719317597e-4
ARE,BA:716,2023,SEX_M,38,18.4,0.0028110099928349798
ARE,BA:716,2023,SEX_M,39,2.544,3.886526859658799e-4
ARE,BA:716,2023,SEX_M,41,531.066,0.08113216482907074
ARE,BA:716,2023,SEX_M,42,84.949,0.012977852602246669
ARE,BA:716,2023,SEX_M,43,730.148,0.11154637631785191
ARE,BA:716,2023,SEX_M,45,231.371,0.0353470757093599
ARE,BA:716,2023,SEX_M,46,361.256,0.05518990358541269
ARE,BA:716,2023,SEX_M,47,576.261,0.08803670812397166
ARE,BA:716,2023,SEX_M,49,249.425,0.03810522649254701
ARE,BA:716,2023,SEX_M,50,30.712,0.004691942331518908
ARE,BA:716,2023,SEX_M,51,36.543,0.005582757509139602
ARE,BA:716,2023,SEX_M,52,73.17,0.011178347889985625
ARE,BA:716,2023,SEX_M,53,22.045,0.003367864961524301
ARE,BA:716,2023,SEX_M,55,54.45,0.008318450766840471
ARE,BA:716,2023,SEX_M,56,301.109,0.04600110912676891
ARE,BA:716,2023,SEX_M,58,7.316,0.0011176820167163432
ARE,BA:716,2023,SEX_M,59,9.429,0.001440489849045708
ARE,BA:716,2023,SEX_M,60,7.029,0.0010738363717194062
ARE,BA:716,2023,SEX_M,61,34.472,0.005266366112663448
ARE,BA:716,2023,SEX_M,62,103.599,0.015827055665636473
ARE,BA:716,2023,SEX_M,63,7.755,0.0011847490486106126
ARE,BA:716,2023,SEX_M,64,115.429,0.017634351764290703
ARE,BA:716,2023,SEX_M,65,20.769,0.0031729275294124838
ARE,BA:716,2023,SEX_M,66,26.605,0.004064506568444274
ARE,BA:716,2023,SEX_M,68,132.132,0.020186107194199544
ARE,BA:716,2023,SEX_M,69,32.558,0.004973959964495722
ARE,BA:716,2023,SEX_M,70,42.227,0.0064511151612740595
ARE,BA:716,2023,SEX_M,71,76.572,0.011698079194095658
ARE,BA:716,2023,SEX_M,72,3.123,4.771078373708502e-4
ARE,BA:716,2023,SEX_M,73,42.071,0.00642728268524785
ARE,BA:716,2023,SEX_M,74,26.918,0.004112324292778913
ARE,BA:716,2023,SEX_M,75,3.268,4.992598182926476e-4
ARE,BA:716,2023,SEX_M,77,28.829,0.004404272124099981
ARE,BA:716,2023,SEX_M,78,70.178,0.010721253221585502
ARE,BA:716,2023,SEX_M,79,45.976,0.0070238584473141874
ARE,BA:716,2023,SEX_M,80,49.194,0.0075154796514958705
ARE,BA:716,2023,SEX_M,81,162.221,0.024782872393895834
ARE,BA:716,2023,SEX_M,82,169.038,0.02582432104178475
ARE,BA:716,2023,SEX_M,84,329.662,0.05036321610097637
ARE,BA:716,2023,SEX_M,85,78.135,0.011936862271204413
ARE,BA:716,2023,SEX_M,86,105.676,0.016144363695805942
ARE,BA:716,2023,SEX_M,87,1.365,2.0853416522933411e-4
ARE,BA:716,2023,SEX_M,88,1.747,2.668931770371038e-4
ARE,BA:716,2023,SEX_M,90,8.367,0.0012782456853288196
ARE,BA:716,2023,SEX_M,91,9.646,0.0014736414342872946
ARE,BA:716,2023,SEX_M,93,20.535,0.0031371788153731696
ARE,BA:716,2023,SEX_M,94,12.47,0.0019050703592745763
ARE,BA:716,2023,SEX_M,95,16.03,0.0024489396839752573
ARE,BA:716,2023,SEX_M,96,75.265,0.011498405821235043
ARE,BA:716,2023,SEX_M,97,164.209,0.025086583690947788
ARE,BA:716,2023,SEX_M,98,0.222,3.3915446652682914e-5
ARE,BA:716,2023,SEX_M,99,1.248,1.9065980820967692e-4
ARG,BA:150,2024,SEX_F,1,17.08,0.0029627733084654664
ARG,BA:150,2024,SEX_F,3,2.137,3.7069359251702005e-4
ARG,BA:150,2024,SEX_F,6,4.076,7.070412181092061e-4
ARG,BA:150,2024,SEX_F,7,0.931,1.6149543033848652e-4
ARG,BA:150,2024,SEX_F,8,1.026,1.7797455588323003e-4
ARG,BA:150,2024,SEX_F,9,3.898,6.761645407727395e-4
ARG,BA:150,2024,SEX_F,10,149.404,0.025916287083019587
ARG,BA:150,2024,SEX_F,11,5.778,0.0010022777620792428
ARG,BA:150,2024,SEX_F,13,30.913,0.005362307452259542
ARG,BA:150,2024,SEX_F,14,95.51,0.01656759242924688
ARG,BA:150,2024,SEX_F,15,13.308,0.0023084652920994397
ARG,BA:150,2024,SEX_F,16,5.054,8.766894789803553e-4
ARG,BA:150,2024,SEX_F,17,6.388,0.001108091094524438
ARG,BA:150,2024,SEX_F,18,10.265,0.0017806128812293922
ARG,BA:150,2024,SEX_F,19,1.058,1.8352541922461732e-4
ARG,BA:150,2024,SEX_F,20,11.679,0.002025891655126943
ARG,BA:150,2024,SEX_F,21,12.663,0.0021965807028746023
ARG,BA:150,2024,SEX_F,22,7.839,0.001359788054160468
ARG,BA:150,2024,SEX_F,23,5.259,9.122496972611177e-4
ARG,BA:150,2024,SEX_F,24,1.563,2.711249813308855e-4
ARG,BA:150,2024,SEX_F,25,14.208,0.0024645833235759575
ARG,BA:150,2024,SEX_F,26,5.682,9.856251720550809e-4
ARG,BA:150,2024,SEX_F,27,9.388,0.0016284845327794964
ARG,BA:150,2024,SEX_F,28,1.716,2.976650466818935e-4
ARG,BA:150,2024,SEX_F,29,5.402,9.370551178179421e-4
ARG,BA:150,2024,SEX_F,30,1.014,1.758929821302098e-4
ARG,BA:150,2024,SEX_F,31,10.772,0.001868559372294497
ARG,BA:150,2024,SEX_F,32,38.752,0.00672209550642001
ARG,BA:150,2024,SEX_F,33,5.391,9.351470085443403e-4
ARG,BA:150,2024,SEX_F,35,9.716,0.0016853808820287161
ARG,BA:150,2024,SEX_F,36,7.061,0.0012248326891729894
ARG,BA:150,2024,SEX_F,38,8.779,0.0015228446648137197
ARG,BA:150,2024,SEX_F,41,51.968,0.009014602066412962
ARG,BA:150,2024,SEX_F,45,28.532,0.004949288526764443
ARG,BA:150,2024,SEX_F,46,821.546,0.14250904920823013
ARG,BA:150,2024,SEX_F,47,219.781,0.03812419675104501
ARG,BA:150,2024,SEX_F,49,39.734,0.006892437625208832
ARG,BA:150,2024,SEX_F,50,1.291,2.2394264292909351e-4
ARG,BA:150,2024,SEX_F,51,8.733,0.0015148652987604756
ARG,BA:150,2024,SEX_F,52,19.687,0.0034149952063091127
ARG,BA:150,2024,SEX_F,53,16.853,0.002923396871637501
ARG,BA:150,2024,SEX_F,55,25.025,0.00434094859744428
ARG,BA:150,2024,SEX_F,56,277.08,0.0480635379572372
ARG,BA:150,2024,SEX_F,58,38.556,0.006688096468454012
ARG,BA:150,2024,SEX_F,59,8.966,0.0015552825224649516
ARG,BA:150,2024,SEX_F,60,3.178,5.512701155915254e-4
ARG,BA:150,2024,SEX_F,61,40.671,0.007054973842423829
ARG,BA:150,2024,SEX_F,63,10.942,0.0018980483337956169
ARG,BA:150,2024,SEX_F,64,75.708,0.013132648807804657
ARG,BA:150,2024,SEX_F,65,58.585,0.010162416526724201
ARG,BA:150,2024,SEX_F,66,1.519,2.63492544236478e-4
ARG,BA:150,2024,SEX_F,68,46.051,0.007988212741694567
ARG,BA:150,2024,SEX_F,69,143.307,0.02485867415200589
ARG,BA:150,2024,SEX_F,70,6.803,0.0011800788534830544
ARG,BA:150,2024,SEX_F,71,25.052,0.004345632138388575
ARG,BA:150,2024,SEX_F,72,17.018,0.0029520185107415288
ARG,BA:150,2024,SEX_F,73,26.896,0.004665500638436018
ARG,BA:150,2024,SEX_F,74,48.768,0.008459515732274232
ARG,BA:150,2024,SEX_F,75,10.777,0.0018694266946915885
ARG,BA:150,2024,SEX_F,77,8.732,0.0015146918342810569
ARG,BA:150,2024,SEX_F,78,6.392,0.0011087849524421115
ARG,BA:150,2024,SEX_F,79,16.322,0.002831287233066355
ARG,BA:150,2024,SEX_F,80,20.726,0.003595224800424781
ARG,BA:150,2024,SEX_F,81,94.464,0.016386148583775285
ARG,BA:150,2024,SEX_F,82,48.084,0.008340866028352078
ARG,BA:150,2024,SEX_F,84,458.955,0.07961239015145014
ARG,BA:150,2024,SEX_F,85,685.16,0.11885092271827863
ARG,BA:150,2024,SEX_F,86,538.287,0.0933736742326669
ARG,BA:150,2024,SEX_F,87,49.004,0.008500453349416962
ARG,BA:150,2024,SEX_F,88,54.831,0.009511230870987706
ARG,BA:150,2024,SEX_F,90,12.64,0.0021925910198479803
ARG,BA:150,2024,SEX_F,91,7.471,0.0012959531257345142
ARG,BA:150,2024,SEX_F,92,21.906,0.0037999128861384373
ARG,BA:150,2024,SEX_F,93,62.666,0.010870325067230499
ARG,BA:150,2024,SEX_F,94,49.892,0.008654489807140462
ARG,BA:150,2024,SEX_F,95,39.16,0.006792869014022697
ARG,BA:150,2024,SEX_F,96,207.281,0.035955890758315595
ARG,BA:150,2024,SEX_F,97,806.159,0.13983995126341991
ARG,BA:150,2024,SEX_M,1,52.904,0.007279141539016137
ARG,BA:150,2024,SEX_M,2,2.761,3.798901744522825e-4
ARG,BA:150,2024,SEX_M,3,5.868,8.073870132872125e-4
ARG,BA:150,2024,SEX_M,6,31.634,0.004352570003123326
ARG,BA:150,2024,SEX_M,7,4.488,6.175107218188496e-4
ARG,BA:150,2024,SEX_M,8,6.676,9.185609578570944e-4
ARG,BA:150,2024,SEX_M,9,12.1,0.0016648573382370944
ARG,BA:150,2024,SEX_M,10,202.791,0.02790232103127592
ARG,BA:150,2024,SEX_M,11,24.477,0.003367827526283418
ARG,BA:150,2024,SEX_M,13,32.525,0.004475164043484421
ARG,BA:150,2024,SEX_M,14,35.703,0.004912429879923883
ARG,BA:150,2024,SEX_M,15,31.568,0.0043434889630965786
ARG,BA:150,2024,SEX_M,16,21.555,0.0029657851178264932
ARG,BA:150,2024,SEX_M,17,15.472,0.0021288159286945722
ARG,BA:150,2024,SEX_M,18,31.899,0.004389031754745874
ARG,BA:150,2024,SEX_M,19,8.977,0.001235159035153256
ARG,BA:150,2024,SEX_M,20,31.116,0.004281297598064912
ARG,BA:150,2024,SEX_M,21,23.011,0.003166118364477172
ARG,BA:150,2024,SEX_M,22,47.272,0.006504226123400325
ARG,BA:150,2024,SEX_M,23,37.83,0.005205087033513163
ARG,BA:150,2024,SEX_M,24,9.273,0.001275886123758064
ARG,BA:150,2024,SEX_M,25,162.611,0.02237389393620431
ARG,BA:150,2024,SEX_M,26,9.264,0.001274647800118053
ARG,BA:150,2024,SEX_M,27,27.722,0.003814311994265185
ARG,BA:150,2024,SEX_M,28,20.178,0.002776321600904801
ARG,BA:150,2024,SEX_M,29,49.946,0.006872145835999166
ARG,BA:150,2024,SEX_M,30,7.203,9.9107168655552e-4
ARG,BA:150,2024,SEX_M,31,72.79,0.010015286417378358
ARG,BA:150,2024,SEX_M,32,25.286,0.003479139062368857
ARG,BA:150,2024,SEX_M,33,32.197,0.004430034026381796
ARG,BA:150,2024,SEX_M,35,43.493,0.005984267786111236
ARG,BA:150,2024,SEX_M,36,15.18,0.002088639206151991
ARG,BA:150,2024,SEX_M,37,0.52,7.154758808952803e-5
ARG,BA:150,2024,SEX_M,38,60.649,0.008344787827003434
ARG,BA:150,2024,SEX_M,41,1083.803,0.1491220973349899
ARG,BA:150,2024,SEX_M,45,314.051,0.04321075305212378
ARG,BA:150,2024,SEX_M,46,874.55,0.12033065993018602
ARG,BA:150,2024,SEX_M,47,206.85,0.028460804992920908
ARG,BA:150,2024,SEX_M,49,435.598,0.05993458899350429
ARG,BA:150,2024,SEX_M,50,1.033,1.4213203557015855e-4
ARG,BA:150,2024,SEX_M,51,8.069,0.0011102259390276955
ARG,BA:150,2024,SEX_M,52,100.479,0.013825057891630166
ARG,BA:150,2024,SEX_M,53,107.573,0.014801132102989997
ARG,BA:150,2024,SEX_M,55,27.605,0.0037982137869450408
ARG,BA:150,2024,SEX_M,56,290.287,0.039941028276432346
ARG,BA:150,2024,SEX_M,58,125.934,0.01732744992012812
ARG,BA:150,2024,SEX_M,59,18.97,0.0026101110501122048
ARG,BA:150,2024,SEX_M,60,10.884,0.0014975460553200443
ARG,BA:150,2024,SEX_M,61,66.635,0.009168410639126347
ARG,BA:150,2024,SEX_M,63,7.935,0.0010917886759430862
ARG,BA:150,2024,SEX_M,64,93.626,0.012882143235519521
ARG,BA:150,2024,SEX_M,65,68.412,0.009412910762270753
ARG,BA:150,2024,SEX_M,66,3.92,5.393587409825959e-4
ARG,BA:150,2024,SEX_M,68,47.41,0.006523213752547161
ARG,BA:150,2024,SEX_M,69,106.025,0.014588140436908094
ARG,BA:150,2024,SEX_M,70,11.648,0.0016026659732054278
ARG,BA:150,2024,SEX_M,71,54.958,0.007561754511969772
ARG,BA:150,2024,SEX_M,72,16.23,0.002233110297486615
ARG,BA:150,2024,SEX_M,73,23.401,0.003219779055544318
ARG,BA:150,2024,SEX_M,74,67.115,0.009234454566593601
ARG,BA:150,2024,SEX_M,75,8.048,0.001107336517201003
ARG,BA:150,2024,SEX_M,77,12.654,0.0017410830378555532
ARG,BA:150,2024,SEX_M,78,6.93,9.535092028085177e-4
ARG,BA:150,2024,SEX_M,79,16.561,0.0022786530891359107
ARG,BA:150,2024,SEX_M,80,137.334,0.018895993197475466
ARG,BA:150,2024,SEX_M,81,171.38,0.023580433936121754
ARG,BA:150,2024,SEX_M,82,50.638,0.006967359164764462
ARG,BA:150,2024,SEX_M,84,564.282,0.07764041558141357
ARG,BA:150,2024,SEX_M,85,225.061,0.030966484082725513
ARG,BA:150,2024,SEX_M,86,248.2,0.03415021416119395
ARG,BA:150,2024,SEX_M,87,8.889,0.0012230509817842588
ARG,BA:150,2024,SEX_M,88,15.144,0.002083685911591947
ARG,BA:150,2024,SEX_M,90,28.402,0.0039078742248437985
ARG,BA:150,2024,SEX_M,91,5.49,7.553774204067478e-4
ARG,BA:150,2024,SEX_M,92,19.732,0.002714955784966475
ARG,BA:150,2024,SEX_M,93,88.434,0.012167768086748694
ARG,BA:150,2024,SEX_M,94,64.393,0.008859930461248035
ARG,BA:150,2024,SEX_M,95,90.759,0.01248766836041822
ARG,BA:150,2024,SEX_M,96,104.06,0.014317773108839013
ARG,BA:150,2024,SEX_M,97,31.559,0.004342250639456567
ARM,BB:173,2023,SEX_F,1,187.172,0.32611089429081186
ARM,BB:173,2023,SEX_F,7,0.705,0.0012283257136485282
ARM,BB:173,2023,SEX_F,10,22.273,0.038806381021409465
ARM,BB:173,2023,SEX_F,11,2.366,0.004122295941123997
ARM,BB:173,2023,SEX_F,12,1.946,0.0033905274308652996
ARM,BB:173,2023,SEX_F,14,15.618,0.02721133474576272
ARM,BB:173,2023,SEX_F,21,0.727,0.0012666564451382697
ARM,BB:173,2023,SEX_F,23,1.311,0.0022841631355932208
ARM,BB:173,2023,SEX_F,32,1.438,0.0025054359946476363
ARM,BB:173,2023,SEX_F,35,3.303,0.005754836641391615
ARM,BB:173,2023,SEX_F,36,1.135,0.0019775172836752905
ARM,BB:173,2023,SEX_F,41,1.007,0.001754502118644068
ARM,BB:173,2023,SEX_F,43,1.091,0.0019008558206958077
ARM,BB:173,2023,SEX_F,46,1.289,0.0022458324041034795
ARM,BB:173,2023,SEX_F,47,78.958,0.13756899531668157
ARM,BB:173,2023,SEX_F,49,1.684,0.0029340432649420166
ARM,BB:173,2023,SEX_F,51,1.15,0.0020036518733273865
ARM,BB:173,2023,SEX_F,53,2.025,0.0035281696030330066
ARM,BB:173,2023,SEX_F,55,4.452,0.0077567462087421955
ARM,BB:173,2023,SEX_F,56,15.642,0.02725315008920607
ARM,BB:173,2023,SEX_F,60,0.804,0.0014008140053523644
ARM,BB:173,2023,SEX_F,61,2.657,0.0046293069803746666
ARM,BB:173,2023,SEX_F,62,5.545,0.009661086641391616
ARM,BB:173,2023,SEX_F,64,7.647,0.013323413804638718
ARM,BB:173,2023,SEX_F,65,0.941,0.0016395099241748442
ARM,BB:173,2023,SEX_F,66,1.205,0.00209947870205174
ARM,BB:173,2023,SEX_F,68,1.094,0.0019060827386262272
ARM,BB:173,2023,SEX_F,69,2.692,0.004690287689562892
ARM,BB:173,2023,SEX_F,72,1.609,0.002803370316681535
ARM,BB:173,2023,SEX_F,74,1.803,0.003141377676181981
ARM,BB:173,2023,SEX_F,79,1.487,0.0025908089875111514
ARM,BB:173,2023,SEX_F,84,24.058,0.041916397190008926
ARM,BB:173,2023,SEX_F,85,88.526,0.1542393789027654
ARM,BB:173,2023,SEX_F,86,44.566,0.07764760816235507
ARM,BB:173,2023,SEX_F,90,4.11,0.0071608775646744
ARM,BB:173,2023,SEX_F,91,3.338,0.00581581735057984
ARM,BB:173,2023,SEX_F,93,3.881,0.006761889495985728
ARM,BB:173,2023,SEX_F,94,2.015,0.003510746543264943
ARM,BB:173,2023,SEX_F,96,27.361,0.047671233831400546
ARM,BB:173,2023,SEX_F,97,2.556,0.004453334076717217
ARM,BB:173,2023,SEX_F,99,0.765,0.0013328640722569138
ARM,BB:173,2023,SEX_M,1,152.568,0.2435235641705852
ARM,BB:173,2023,SEX_M,3,1.394,0.0022250527532234527
ARM,BB:173,2023,SEX_M,7,8.532,0.013618472087878407
ARM,BB:173,2023,SEX_M,8,1.514,0.0024165924450360887
ARM,BB:173,2023,SEX_M,9,1.684,0.002687940341770656
ARM,BB:173,2023,SEX_M,10,17.771,0.028365432193352927
ARM,BB:173,2023,SEX_M,11,5.936,0.009474830088331719
ARM,BB:173,2023,SEX_M,12,0.522,8.331976593849658e-4
ARM,BB:173,2023,SEX_M,14,2.028,0.0032370207916335453
ARM,BB:173,2023,SEX_M,16,0.811,0.0012944890838337306
ARM,BB:173,2023,SEX_M,17,0.909,0.0014509131654807164
ARM,BB:173,2023,SEX_M,23,4.448,0.007099737909855035
ARM,BB:173,2023,SEX_M,25,5.556,0.008868287730925038
ARM,BB:173,2023,SEX_M,31,6.824,0.010892223807745223
ARM,BB:173,2023,SEX_M,32,4.693,0.007490798113972499
ARM,BB:173,2023,SEX_M,33,5,0.007980820492193159
ARM,BB:173,2023,SEX_M,35,16.524,0.026375015562599954
ARM,BB:173,2023,SEX_M,36,3.742,0.00597284605635736
ARM,BB:173,2023,SEX_M,38,0.975,0.001556259995977666
ARM,BB:173,2023,SEX_M,41,81.957,0.13081682101573494
ARM,BB:173,2023,SEX_M,42,7.443,0.011880249384678736
ARM,BB:173,2023,SEX_M,43,12.809,0.020445265936900433
ARM,BB:173,2023,SEX_M,45,14.808,0.02363599796967926
ARM,BB:173,2023,SEX_M,46,6.523,0.010411778414115195
ARM,BB:173,2023,SEX_M,47,61.382,0.09797574469036009
ARM,BB:173,2023,SEX_M,49,40.658,0.0648968399143179
ARM,BB:173,2023,SEX_M,51,1.088,0.0017366265391012315
ARM,BB:173,2023,SEX_M,52,1.641,0.002619305285537795
ARM,BB:173,2023,SEX_M,53,0.657,0.001048679812674181
ARM,BB:173,2023,SEX_M,55,3.443,0.0054955929909242095
ARM,BB:173,2023,SEX_M,56,14.84,0.023687075220829298
ARM,BB:173,2023,SEX_M,58,1.14,0.0018196270722200402
ARM,BB:173,2023,SEX_M,60,0.946,0.0015099712371229456
ARM,BB:173,2023,SEX_M,61,2.677,0.0042729312915202175
ARM,BB:173,2023,SEX_M,62,11.282,0.018007923358584643
ARM,BB:173,2023,SEX_M,63,0.718,0.0011460458226789376
ARM,BB:173,2023,SEX_M,64,6.368,0.010164372978857208
ARM,BB:173,2023,SEX_M,68,1.41,0.0022505913787984706
ARM,BB:173,2023,SEX_M,69,1.983,0.003165193407203807
ARM,BB:173,2023,SEX_M,74,0.862,0.0013758934528541006
ARM,BB:173,2023,SEX_M,79,0.756,0.0012067000584196057
ARM,BB:173,2023,SEX_M,80,1.046,0.001669587646966809
ARM,BB:173,2023,SEX_M,81,0.676,0.0010790069305445151
ARM,BB:173,2023,SEX_M,84,54.517,0.08701807815457889
ARM,BB:173,2023,SEX_M,85,20.384,0.03253620898257307
ARM,BB:173,2023,SEX_M,86,9.993,0.015950467835697247
ARM,BB:173,2023,SEX_M,90,3.208,0.005120494427791131
ARM,BB:173,2023,SEX_M,92,2.229,0.0035578497754197103
ARM,BB:173,2023,SEX_M,93,6.632,0.010585760300845007
ARM,BB:173,2023,SEX_M,94,1.101,0.0017573766723809336
ARM,BB:173,2023,SEX_M,95,2.283,0.0036440426367353963
ARM,BB:173,2023,SEX_M,96,6.747,0.010769319172165448
ARM,BB:173,2023,SEX_M,99,0.864,0.001379085781050978
AUS,BA:518,2024,SEX_F,1,99.054,0.014386025451997787
AUS,BA:518,2024,SEX_F,2,2.109,3.062988640364178e-4
AUS,BA:518,2024,SEX_F,3,1.548,2.248224947977121e-4
AUS,BA:518,2024,SEX_F,5,8.211,0.0011925177679483294
AUS,BA:518,2024,SEX_F,6,4.479,6.505038463817522e-4
AUS,BA:518,2024,SEX_F,7,26.185,0.0038029567353217637
AUS,BA:518,2024,SEX_F,8,4.866,7.067094700811802e-4
AUS,BA:518,2024,SEX_F,9,17.076,0.0024800186829235992
AUS,BA:518,2024,SEX_F,10,87.274,0.012675166932154732
AUS,BA:518,2024,SEX_F,11,11.228,0.0016306892581322424
AUS,BA:518,2024,SEX_F,12,0.124,1.800903705097952e-5
AUS,BA:518,2024,SEX_F,13,5.486,7.967546553360778e-4
AUS,BA:518,2024,SEX_F,14,12.106,0.0017582048591867586
AUS,BA:518,2024,SEX_F,15,0.603,8.757620436887621e-5
AUS,BA:518,2024,SEX_F,16,5.037,7.3154451311116e-4
AUS,BA:518,2024,SEX_F,17,5.753,8.355321786635902e-4
AUS,BA:518,2024,SEX_F,18,7.875,0.0011437190869069654
AUS,BA:518,2024,SEX_F,19,1.734,2.5183605037418135e-4
AUS,BA:518,2024,SEX_F,20,9.324,0.001354163398897847
AUS,BA:518,2024,SEX_F,21,14.022,0.0020364735284583457
AUS,BA:518,2024,SEX_F,22,6.074,8.821523471584645e-4
AUS,BA:518,2024,SEX_F,23,6.583,9.560765395693402e-4
AUS,BA:518,2024,SEX_F,24,9.654,0.0014020906749206152
AUS,BA:518,2024,SEX_F,25,11.607,0.0016857330084735426
AUS,BA:518,2024,SEX_F,26,14.44,0.0020971814114205184
AUS,BA:518,2024,SEX_F,27,5.234,7.601556445550549e-4
AUS,BA:518,2024,SEX_F,28,11.258,0.001635046283225221
AUS,BA:518,2024,SEX_F,29,8.164,0.001185691761969329
AUS,BA:518,2024,SEX_F,30,3.608,5.240048845155977e-4
AUS,BA:518,2024,SEX_F,31,5.189,7.536201069155865e-4
AUS,BA:518,2024,SEX_F,32,14.665,0.00212985909961786
AUS,BA:518,2024,SEX_F,33,10.02,0.0014552463810549579
AUS,BA:518,2024,SEX_F,35,29.953,0.004350199086999916
AUS,BA:518,2024,SEX_F,36,12.77,0.0018546403479113586
AUS,BA:518,2024,SEX_F,38,11.701,0.0016993850204315433
AUS,BA:518,2024,SEX_F,41,68.669,0.009973085203658973
AUS,BA:518,2024,SEX_F,42,21.395,0.003107285062142797
AUS,BA:518,2024,SEX_F,43,92.42,0.013422541969770382
AUS,BA:518,2024,SEX_F,45,55.803,0.008104502375450082
AUS,BA:518,2024,SEX_F,46,119.516,0.01735780703374894
AUS,BA:518,2024,SEX_F,47,714.112,0.10371346343991199
AUS,BA:518,2024,SEX_F,49,63.522,0.009225564931873556
AUS,BA:518,2024,SEX_F,50,2.073,3.010704339248431e-4
AUS,BA:518,2024,SEX_F,51,15.872,0.0023051567425253785
AUS,BA:518,2024,SEX_F,52,52.346,0.007602427850569145
AUS,BA:518,2024,SEX_F,53,26.718,0.003880366547807023
AUS,BA:518,2024,SEX_F,55,63.066,0.009159338150460277
AUS,BA:518,2024,SEX_F,56,442.828,0.06431375692912225
AUS,BA:518,2024,SEX_F,58,12.56,0.0018241411722605063
AUS,BA:518,2024,SEX_F,59,13.86,0.002012945592956259
AUS,BA:518,2024,SEX_F,60,17.529,0.0025458097618275806
AUS,BA:518,2024,SEX_F,61,22.172,0.003220132012050951
AUS,BA:518,2024,SEX_F,62,95.02,0.013800150811161887
AUS,BA:518,2024,SEX_F,63,1.66,2.410887218115e-4
AUS,BA:518,2024,SEX_F,64,105.765,0.01536069196529717
AUS,BA:518,2024,SEX_F,65,73.98,0.010744423879286008
AUS,BA:518,2024,SEX_F,66,85.071,0.012355216056160313
AUS,BA:518,2024,SEX_F,68,102.58,0.014898121134592573
AUS,BA:518,2024,SEX_F,69,193.623,0.028120675652595222
AUS,BA:518,2024,SEX_F,70,58.223,0.008455969066283714
AUS,BA:518,2024,SEX_F,71,100.116,0.01454026414028924
AUS,BA:518,2024,SEX_F,72,27.835,0.004042593115435604
AUS,BA:518,2024,SEX_F,73,40.464,0.005876755445409962
AUS,BA:518,2024,SEX_F,74,20.843,0.003027115800431985
AUS,BA:518,2024,SEX_F,75,31.182,0.004528691881642286
AUS,BA:518,2024,SEX_F,77,14.642,0.002126518713713243
AUS,BA:518,2024,SEX_F,78,51.467,0.007474767015344863
AUS,BA:518,2024,SEX_F,79,26.742,0.003883852167881406
AUS,BA:518,2024,SEX_F,81,103.061,0.014967978770250004
AUS,BA:518,2024,SEX_F,82,46.469,0.006748886634854575
AUS,BA:518,2024,SEX_F,84,470.441,0.0683241080588698
AUS,BA:518,2024,SEX_F,85,891.578,0.12948759061159854
AUS,BA:518,2024,SEX_F,86,944.643,0.1371944418302294
AUS,BA:518,2024,SEX_F,87,212.684,0.03088898416250426
AUS,BA:518,2024,SEX_F,88,554.386,0.08051579043987364
AUS,BA:518,2024,SEX_F,90,28.578,0.004150502103571716
AUS,BA:518,2024,SEX_F,91,31.075,0.004513151825477327
AUS,BA:518,2024,SEX_F,92,9.543,0.001385969682076593
AUS,BA:518,2024,SEX_F,93,76.724,0.011142946441123812
AUS,BA:518,2024,SEX_F,94,46.752,0.006789987904898344
AUS,BA:518,2024,SEX_F,95,3.155,4.58213805611616e-4
AUS,BA:518,2024,SEX_F,96,147.655,0.021444551336793394
AUS,BA:518,2024,SEX_M,1,203.493,0.02712272261257183
AUS,BA:518,2024,SEX_M,2,7.144,9.521935906601856e-4
AUS,BA:518,2024,SEX_M,3,7.582,0.0010105727609722183
AUS,BA:518,2024,SEX_M,5,37.989,0.0050633933812415715
AUS,BA:518,2024,SEX_M,6,15.459,0.002060464826150029
AUS,BA:518,2024,SEX_M,7,100.359,0.01337642729074266
AUS,BA:518,2024,SEX_M,8,13.383,0.0017837635531642306
AUS,BA:518,2024,SEX_M,9,67.072,0.008939743632805147
AUS,BA:518,2024,SEX_M,10,111.968,0.014923741875565463
AUS,BA:518,2024,SEX_M,11,19.325,0.002575747639908747
AUS,BA:518,2024,SEX_M,13,7.636,0.0010177701929284962
AUS,BA:518,2024,SEX_M,14,4.722,6.293754388434206e-4
AUS,BA:518,2024,SEX_M,15,0.944,1.2582177345789685e-4
AUS,BA:518,2024,SEX_M,16,30.273,0.004034960326155627
AUS,BA:518,2024,SEX_M,17,13.343,0.0017784321220855063
AUS,BA:518,2024,SEX_M,18,17.476,0.002329302238294709
AUS,BA:518,2024,SEX_M,19,6.347,8.459648264166011e-4
AUS,BA:518,2024,SEX_M,20,14.361,0.0019141170430390434
AUS,BA:518,2024,SEX_M,21,14.214,0.001894524033824731
AUS,BA:518,2024,SEX_M,22,14.942,0.001991556079457516
AUS,BA:518,2024,SEX_M,23,25.221,0.0033616005809127296
AUS,BA:518,2024,SEX_M,24,51.268,0.006833295213601119
AUS,BA:518,2024,SEX_M,25,76.832,0.01024061281601391
AUS,BA:518,2024,SEX_M,26,27.616,0.003680820016751356
AUS,BA:518,2024,SEX_M,27,13.32,0.0017753665492152397
AUS,BA:518,2024,SEX_M,28,53.354,0.007111329344356599
AUS,BA:518,2024,SEX_M,29,30.334,0.0040430907585506815
AUS,BA:518,2024,SEX_M,30,28.92,0.003854624669917773
AUS,BA:518,2024,SEX_M,31,36.862,0.004913180310598511
AUS,BA:518,2024,SEX_M,32,25.376,0.0033822598763427873
AUS,BA:518,2024,SEX_M,33,67.352,0.008977063650356219
AUS,BA:518,2024,SEX_M,35,80.287,0.010701115175438735
AUS,BA:518,2024,SEX_M,36,26.838,0.0035771236822701655
AUS,BA:518,2024,SEX_M,38,36.579,0.004875460435716536
AUS,BA:518,2024,SEX_M,41,315.847,0.04209791279804698
AUS,BA:518,2024,SEX_M,42,104.613,0.013943424985965005
AUS,BA:518,2024,SEX_M,43,730.189,0.09732380819856806
AUS,BA:518,2024,SEX_M,45,227.782,0.030360100849350282
AUS,BA:518,2024,SEX_M,46,231.659,0.030876849806655646
AUS,BA:518,2024,SEX_M,47,528.784,0.07047938628830565
AUS,BA:518,2024,SEX_M,49,293.421,0.039108845963760124
AUS,BA:518,2024,SEX_M,50,7.104,9.468621595814611e-4
AUS,BA:518,2024,SEX_M,51,32.922,0.004388034349344152
AUS,BA:518,2024,SEX_M,52,151.954,0.020253306953412355
AUS,BA:518,2024,SEX_M,53,76.912,0.01025127567817136
AUS,BA:518,2024,SEX_M,55,42.06,0.005605999779278753
AUS,BA:518,2024,SEX_M,56,400.886,0.05343240198563819
AUS,BA:518,2024,SEX_M,58,6.894,9.188721464181578e-4
AUS,BA:518,2024,SEX_M,59,22.346,0.0029784039721294105
AUS,BA:518,2024,SEX_M,60,16.816,0.0022413336254957558
AUS,BA:518,2024,SEX_M,61,59.438,0.007922240011430588
AUS,BA:518,2024,SEX_M,62,254.37,0.033903903087378416
AUS,BA:518,2024,SEX_M,63,2.904,3.870618963153946e-4
AUS,BA:518,2024,SEX_M,64,113.045,0.015067290657360118
AUS,BA:518,2024,SEX_M,65,54.535,0.007268739846955937
AUS,BA:518,2024,SEX_M,66,100.595,0.013407882734107136
AUS,BA:518,2024,SEX_M,68,96.347,0.012841684753546597
AUS,BA:518,2024,SEX_M,69,116.242,0.01549340528632717
AUS,BA:518,2024,SEX_M,70,72.183,0.009620967238889163
AUS,BA:518,2024,SEX_M,71,215.451,0.028716553933556502
AUS,BA:518,2024,SEX_M,72,32.748,0.0043648426241517015
AUS,BA:518,2024,SEX_M,73,35.603,0.004745373517395659
AUS,BA:518,2024,SEX_M,74,16.785,0.0022372017664097446
AUS,BA:518,2024,SEX_M,75,6.741,8.984794225420368e-4
AUS,BA:518,2024,SEX_M,77,28.68,0.003822636083445426
AUS,BA:518,2024,SEX_M,78,36.781,0.004902384162664094
AUS,BA:518,2024,SEX_M,79,13.826,0.001842809152361104
AUS,BA:518,2024,SEX_M,81,122.539,0.016332705823895365
AUS,BA:518,2024,SEX_M,82,38.528,0.005135234415027384
AUS,BA:518,2024,SEX_M,84,477.966,0.06370606967434018
AUS,BA:518,2024,SEX_M,85,358.26,0.04775096245659548
AUS,BA:518,2024,SEX_M,86,325.64,0.04340318041189569
AUS,BA:518,2024,SEX_M,87,54.832,0.007308325722715467
AUS,BA:518,2024,SEX_M,88,159.928,0.02131612773895607
AUS,BA:518,2024,SEX_M,90,22.284,0.0029701402539573873
AUS,BA:518,2024,SEX_M,91,22.882,0.0030498451485843183
AUS,BA:518,2024,SEX_M,92,16.536,0.002204013607944685
AUS,BA:518,2024,SEX_M,93,77.986,0.010394424602635111
AUS,BA:518,2024,SEX_M,94,35.89,0.004783626535385507
AUS,BA:518,2024,SEX_M,95,6.892,9.186055748642216e-4
AUS,BA:518,2024,SEX_M,96,47.859,0.006378923999916829
AUT,BA:103,2024,SEX_F,1,48.177,0.022617938202893373
AUT,BA:103,2024,SEX_F,2,2.956,0.0013877706234874069
AUT,BA:103,2024,SEX_F,8,0.928,4.356735922179681e-4
AUT,BA:103,2024,SEX_F,10,34.068,0.01599410338327773
AUT,BA:103,2024,SEX_F,11,1.754,8.234606473602543e-4
AUT,BA:103,2024,SEX_F,13,3.392,0.0015924620956932626
AUT,BA:103,2024,SEX_F,14,4.324,0.0020300135913259632
AUT,BA:103,2024,SEX_F,15,1.295,6.07971230519686e-4
AUT,BA:103,2024,SEX_F,16,6.376,0.0029933780430837983
AUT,BA:103,2024,SEX_F,17,3.567,0.001674620370087815
AUT,BA:103,2024,SEX_F,18,4.315,0.002025788308642815
AUT,BA:103,2024,SEX_F,19,0.825,3.8731757928860307e-4
AUT,BA:103,2024,SEX_F,20,6.442,0.0030243634494268863
AUT,BA:103,2024,SEX_F,21,13.222,0.006207409737398679
AUT,BA:103,2024,SEX_F,22,10.653,0.005001326269286653
AUT,BA:103,2024,SEX_F,23,6.761,0.0031741262467518128
AUT,BA:103,2024,SEX_F,24,6.051,0.0028407983906367728
AUT,BA:103,2024,SEX_F,25,18.4,0.008638355707770056
AUT,BA:103,2024,SEX_F,26,14.247,0.006688622487423913
AUT,BA:103,2024,SEX_F,27,16.012,0.0075172473691746825
AUT,BA:103,2024,SEX_F,28,19.023,0.008930839164614663
AUT,BA:103,2024,SEX_F,29,6.552,0.003076005793332033
AUT,BA:103,2024,SEX_F,30,3.28,0.0015398808000807492
AUT,BA:103,2024,SEX_F,31,4.26,0.0019999671366902412
AUT,BA:103,2024,SEX_F,32,8.276,0.003885382165081793
AUT,BA:103,2024,SEX_F,33,5.625,0.0026408016769677483
AUT,BA:103,2024,SEX_F,35,7.445,0.0034952477306710913
AUT,BA:103,2024,SEX_F,36,0.607,2.849718431856752e-4
AUT,BA:103,2024,SEX_F,37,0.585,2.7464337440464583e-4
AUT,BA:103,2024,SEX_F,38,5.617,0.0026370458701382832
AUT,BA:103,2024,SEX_F,41,12.88,0.00604684899543904
AUT,BA:103,2024,SEX_F,42,5.253,0.002466156659397615
AUT,BA:103,2024,SEX_F,43,26.583,0.012480076618459316
AUT,BA:103,2024,SEX_F,45,17.775,0.008344933299218085
AUT,BA:103,2024,SEX_F,46,70.08,0.032900867826115524
AUT,BA:103,2024,SEX_F,47,248.482,0.11665629907489779
AUT,BA:103,2024,SEX_F,49,14.222,0.006676885591081834
AUT,BA:103,2024,SEX_F,50,0.992,4.6572004685369e-4
AUT,BA:103,2024,SEX_F,51,5.537,0.0025994878018436307
AUT,BA:103,2024,SEX_F,52,19.878,0.00933224101951376
AUT,BA:103,2024,SEX_F,53,9.046,0.004246878572417822
AUT,BA:103,2024,SEX_F,55,54.374,0.025527280068167887
AUT,BA:103,2024,SEX_F,56,79.664,0.037400324407814885
AUT,BA:103,2024,SEX_F,58,7.075,0.0033215416648083237
AUT,BA:103,2024,SEX_F,59,3.356,0.001575560964960669
AUT,BA:103,2024,SEX_F,60,3.534,0.0016591276669162707
AUT,BA:103,2024,SEX_F,61,3.273,0.0015365944691049672
AUT,BA:103,2024,SEX_F,62,28.914,0.013574424833394752
AUT,BA:103,2024,SEX_F,63,3.036,0.0014253286917820594
AUT,BA:103,2024,SEX_F,64,49.642,0.023305720328539194
AUT,BA:103,2024,SEX_F,65,12.258,0.005754835014448117
AUT,BA:103,2024,SEX_F,66,13.672,0.0064186738715561
AUT,BA:103,2024,SEX_F,68,23.144,0.010865549157642944
AUT,BA:103,2024,SEX_F,69,50.536,0.023725431741731935
AUT,BA:103,2024,SEX_F,70,26.866,0.01261293828505165
AUT,BA:103,2024,SEX_F,71,26.015,0.012213414333567285
AUT,BA:103,2024,SEX_F,72,8.45,0.003967070963622661
AUT,BA:103,2024,SEX_F,73,16.813,0.007893297527974888
AUT,BA:103,2024,SEX_F,74,16.448,0.007721938841380538
AUT,BA:103,2024,SEX_F,75,6.04,0.0028356341562462578
AUT,BA:103,2024,SEX_F,77,2.05,9.624255000504682e-4
AUT,BA:103,2024,SEX_F,78,5.928,0.0027830528606337442
AUT,BA:103,2024,SEX_F,79,11.698,0.005491928536385551
AUT,BA:103,2024,SEX_F,80,2.784,0.0013070207766539043
AUT,BA:103,2024,SEX_F,81,64.156,0.030119692868896514
AUT,BA:103,2024,SEX_F,82,9.961,0.00467644897853791
AUT,BA:103,2024,SEX_F,84,156.886,0.07365418878093549
AUT,BA:103,2024,SEX_F,85,229.745,0.10785973000443651
AUT,BA:103,2024,SEX_F,86,238.782,0.11210238329417119
AUT,BA:103,2024,SEX_F,87,67.25,0.031572251160192195
AUT,BA:103,2024,SEX_F,88,82.5,0.03873175792886031
AUT,BA:103,2024,SEX_F,90,16.885,0.007927099789440077
AUT,BA:103,2024,SEX_F,91,7.256,0.0034065167943249748
AUT,BA:103,2024,SEX_F,92,4.33,0.0020328304464480623
AUT,BA:103,2024,SEX_F,93,9.649,0.004529972512188765
AUT,BA:103,2024,SEX_F,94,27.837,0.013068799338977994
AUT,BA:103,2024,SEX_F,95,0.928,4.356735922179681e-4
AUT,BA:103,2024,SEX_F,96,53.168,0.024961092188625997
AUT,BA:103,2024,SEX_F,97,5.06,0.0023755478196367656
AUT,BA:103,2024,SEX_F,99,4.309,0.0020229714535207164
AUT,BA:103,2024,SEX_M,1,64.226,0.027232661894541165
AUT,BA:103,2024,SEX_M,2,11.276,0.0047811711070726215
AUT,BA:103,2024,SEX_M,3,0.28,1.1872365288935209e-4
AUT,BA:103,2024,SEX_M,6,1.308,5.546090642116876e-4
AUT,BA:103,2024,SEX_M,7,0.446,1.891098185308965e-4
AUT,BA:103,2024,SEX_M,8,5.211,0.002209531982880049
AUT,BA:103,2024,SEX_M,10,40.368,0.017116558642276302
AUT,BA:103,2024,SEX_M,11,9.992,0.0042367383559657355
AUT,BA:103,2024,SEX_M,13,4.113,0.0017439656583353755
AUT,BA:103,2024,SEX_M,14,0.839,3.557469456220228e-4
AUT,BA:103,2024,SEX_M,15,2.517,0.0010672408368660683
AUT,BA:103,2024,SEX_M,16,23.61,0.01001094801684858
AUT,BA:103,2024,SEX_M,17,13.107,0.005557538994359777
AUT,BA:103,2024,SEX_M,18,7.009,0.0029719074396481024
AUT,BA:103,2024,SEX_M,19,1.169,4.956712508130449e-4
AUT,BA:103,2024,SEX_M,20,17.145,0.007269703674242647
AUT,BA:103,2024,SEX_M,21,13.388,0.0056766866602951625
AUT,BA:103,2024,SEX_M,22,22.634,0.009597111283919981
AUT,BA:103,2024,SEX_M,23,20.17,0.008552343138493684
AUT,BA:103,2024,SEX_M,24,34.164,0.014485981704685087
AUT,BA:103,2024,SEX_M,25,64.685,0.027427283882670496
AUT,BA:103,2024,SEX_M,26,25.318,0.010735162299473628
AUT,BA:103,2024,SEX_M,27,35.5,0.01505246313418571
AUT,BA:103,2024,SEX_M,28,73.082,0.030987721430212955
AUT,BA:103,2024,SEX_M,29,34.016,0.014423227773872142
AUT,BA:103,2024,SEX_M,30,14.914,0.006323730568542131
AUT,BA:103,2024,SEX_M,31,14.646,0.006210095072205181
AUT,BA:103,2024,SEX_M,32,12.495,0.005298043010187336
AUT,BA:103,2024,SEX_M,33,26.466,0.011221929276319972
AUT,BA:103,2024,SEX_M,35,21.96,0.00931132649089347
AUT,BA:103,2024,SEX_M,36,1.615,6.847810693439414e-4
AUT,BA:103,2024,SEX_M,37,3.625,0.0015370472918710759
AUT,BA:103,2024,SEX_M,38,10.04,0.004257090982175338
AUT,BA:103,2024,SEX_M,41,82.047,0.03478899838790239
AUT,BA:103,2024,SEX_M,42,42.182,0.01788571830778089
AUT,BA:103,2024,SEX_M,43,175.964,0.07461103163222124
AUT,BA:103,2024,SEX_M,45,66.653,0.028261741557264228
AUT,BA:103,2024,SEX_M,46,111.173,0.04713880236667121
AUT,BA:103,2024,SEX_M,47,111.311,0.04719731616702382
AUT,BA:103,2024,SEX_M,49,74.077,0.03140961441101619
AUT,BA:103,2024,SEX_M,50,0.451,1.9122988376106352e-4
AUT,BA:103,2024,SEX_M,51,4.928,0.0020895362908525963
AUT,BA:103,2024,SEX_M,52,61.555,0.026100123048585954
AUT,BA:103,2024,SEX_M,53,22.501,0.00954071754879754
AUT,BA:103,2024,SEX_M,55,32.459,0.01376303946119814
AUT,BA:103,2024,SEX_M,56,76.678,0.032512472343749065
AUT,BA:103,2024,SEX_M,58,5.773,0.0024478273147508197
AUT,BA:103,2024,SEX_M,59,6.277,0.0026615298899516533
AUT,BA:103,2024,SEX_M,60,4.633,0.0019644524422727434
AUT,BA:103,2024,SEX_M,61,10.758,0.00456153234922732
AUT,BA:103,2024,SEX_M,62,74.749,0.031694551177950635
AUT,BA:103,2024,SEX_M,63,6.902,0.0029265380437225284
AUT,BA:103,2024,SEX_M,64,34.386,0.014580112600904502
AUT,BA:103,2024,SEX_M,65,14.914,0.006323730568542131
AUT,BA:103,2024,SEX_M,66,20.27,0.008594744443097022
AUT,BA:103,2024,SEX_M,68,20.471,0.008679971065349736
AUT,BA:103,2024,SEX_M,69,24.79,0.010511283411167992
AUT,BA:103,2024,SEX_M,70,34.416,0.014592832992285502
AUT,BA:103,2024,SEX_M,71,48.601,0.020607458050269284
AUT,BA:103,2024,SEX_M,72,10.666,0.004522523148992247
AUT,BA:103,2024,SEX_M,73,15.546,0.00659170681363524
AUT,BA:103,2024,SEX_M,74,11.11,0.004710784941431076
AUT,BA:103,2024,SEX_M,75,1.531,6.491639734771357e-4
AUT,BA:103,2024,SEX_M,77,3.468,0.001470477243643832
AUT,BA:103,2024,SEX_M,78,5.404,0.002291366500764495
AUT,BA:103,2024,SEX_M,79,5.244,0.002223524413399151
AUT,BA:103,2024,SEX_M,80,9.944,0.004216385729756133
AUT,BA:103,2024,SEX_M,81,40.701,0.017257754986605423
AUT,BA:103,2024,SEX_M,82,7.575,0.003211898823703007
AUT,BA:103,2024,SEX_M,84,153.735,0.06518564563194479
AUT,BA:103,2024,SEX_M,85,93.258,0.03954260864698284
AUT,BA:103,2024,SEX_M,86,74.498,0.031588123903396256
AUT,BA:103,2024,SEX_M,87,16.977,0.007198469482509036
AUT,BA:103,2024,SEX_M,88,21.592,0.009155289689953178
AUT,BA:103,2024,SEX_M,90,17.606,0.007465173688464046
AUT,BA:103,2024,SEX_M,91,5.601,0.0023748970708330746
AUT,BA:103,2024,SEX_M,92,4.352,0.001845304776337358
AUT,BA:103,2024,SEX_M,93,15.976,0.006774032423429603
AUT,BA:103,2024,SEX_M,94,20.667,0.008763077622372283
AUT,BA:103,2024,SEX_M,95,2.818,0.001194868763722122
AUT,BA:103,2024,SEX_M,96,15.997,0.006782936697396304
AUT,BA:103,2024,SEX_M,97,0.802,3.4005846291878703e-4
AUT,BA:103,2024,SEX_M,99,3.097,0.0013131684035654406
BEL,BA:2257,2024,SEX_F,1,15.393,0.006505650444592932
BEL,BA:2257,2024,SEX_F,10,42.813,0.018094355387796867
BEL,BA:2257,2024,SEX_F,11,3.363,0.0014213280351566314
BEL,BA:2257,2024,SEX_F,13,4.052,0.0017125248880329083
BEL,BA:2257,2024,SEX_F,18,6.057,0.002559911956272292
BEL,BA:2257,2024,SEX_F,20,11.541,0.004877652944913079
BEL,BA:2257,2024,SEX_F,21,21.572,0.009117124107760588
BEL,BA:2257,2024,SEX_F,22,5.139,0.0021719312437317663
BEL,BA:2257,2024,SEX_F,23,2.447,0.0010341925964996365
BEL,BA:2257,2024,SEX_F,24,5.678,0.0023997325553432513
BEL,BA:2257,2024,SEX_F,25,6.587,0.0027839095354078892
BEL,BA:2257,2024,SEX_F,26,2.856,0.0012070511056816353
BEL,BA:2257,2024,SEX_F,27,2.463,0.0010409547875678809
BEL,BA:2257,2024,SEX_F,28,6.234,0.002634718694964746
BEL,BA:2257,2024,SEX_F,29,5.074,0.0021444598425170228
BEL,BA:2257,2024,SEX_F,31,4.147,0.0017526753975006099
BEL,BA:2257,2024,SEX_F,32,4.597,0.0019428620212949854
BEL,BA:2257,2024,SEX_F,35,7.19,0.0030387596112923525
BEL,BA:2257,2024,SEX_F,36,2.907,0.0012286055897116645
BEL,BA:2257,2024,SEX_F,38,4.147,0.0017526753975006099
BEL,BA:2257,2024,SEX_F,41,9.004,0.003805423023654567
BEL,BA:2257,2024,SEX_F,42,5.662,0.0023929703642750068
BEL,BA:2257,2024,SEX_F,43,21.521,0.009095569623730558
BEL,BA:2257,2024,SEX_F,45,11.45,0.0048391929832124385
BEL,BA:2257,2024,SEX_F,46,53.01,0.02240398428297741
BEL,BA:2257,2024,SEX_F,47,201.125,0.08500285491254163
BEL,BA:2257,2024,SEX_F,49,22.02,0.009306465457671432
BEL,BA:2257,2024,SEX_F,51,4.886,0.0020650040974651506
BEL,BA:2257,2024,SEX_F,52,19.213,0.008120123562136296
BEL,BA:2257,2024,SEX_F,53,11.678,0.004935554205934923
BEL,BA:2257,2024,SEX_F,55,18.669,0.007890209065815983
BEL,BA:2257,2024,SEX_F,56,69.63,0.029428210255116338
BEL,BA:2257,2024,SEX_F,58,4.409,0.0018634062762431128
BEL,BA:2257,2024,SEX_F,59,3.38,0.0014285128631666413
BEL,BA:2257,2024,SEX_F,60,6.362,0.002688816223510702
BEL,BA:2257,2024,SEX_F,61,5.048,0.002133471282031126
BEL,BA:2257,2024,SEX_F,62,30.711,0.012979603118553467
BEL,BA:2257,2024,SEX_F,63,2.501,0.0010570149913549614
BEL,BA:2257,2024,SEX_F,64,23.678,0.010007197507118265
BEL,BA:2257,2024,SEX_F,65,10.779,0.004555603595287937
BEL,BA:2257,2024,SEX_F,66,33.69,0.014238638568072231
BEL,BA:2257,2024,SEX_F,68,16.407,0.006934204303542924
BEL,BA:2257,2024,SEX_F,69,54.565,0.02306118472742242
BEL,BA:2257,2024,SEX_F,70,31.29,0.013224309907835564
BEL,BA:2257,2024,SEX_F,71,24.397,0.010311073468247499
BEL,BA:2257,2024,SEX_F,72,12.153,0.005136306753273429
BEL,BA:2257,2024,SEX_F,73,9.029,0.0038159889471986994
BEL,BA:2257,2024,SEX_F,74,10.877,0.004597022015580934
BEL,BA:2257,2024,SEX_F,75,5.484,0.0023177409886407873
BEL,BA:2257,2024,SEX_F,77,4.316,0.0018241010406589418
BEL,BA:2257,2024,SEX_F,78,48.336,0.0204285792171665
BEL,BA:2257,2024,SEX_F,79,5.47,0.0023118240714560733
BEL,BA:2257,2024,SEX_F,80,4.541,0.0019191943525561296
BEL,BA:2257,2024,SEX_F,81,95.015,0.04015684902182794
BEL,BA:2257,2024,SEX_F,82,23.83,0.010071438322266585
BEL,BA:2257,2024,SEX_F,84,219.151,0.09262130842480255
BEL,BA:2257,2024,SEX_F,85,342.233,0.14464030849115656
BEL,BA:2257,2024,SEX_F,86,286.092,0.12091304794351204
BEL,BA:2257,2024,SEX_F,87,142.889,0.06039016997189888
BEL,BA:2257,2024,SEX_F,88,160.124,0.06767431766322345
BEL,BA:2257,2024,SEX_F,90,12.887,0.005446522268529144
BEL,BA:2257,2024,SEX_F,91,8.917,0.003768653609720988
BEL,BA:2257,2024,SEX_F,93,10.265,0.004338368207220584
BEL,BA:2257,2024,SEX_F,94,24.828,0.010493229990148333
BEL,BA:2257,2024,SEX_F,96,42.65,0.018025465566289128
BEL,BA:2257,2024,SEX_F,97,4.602,0.0019449752060038117
BEL,BA:2257,2024,SEX_F,99,33.066,0.013974913116410699
BEL,BA:2257,2024,SEX_M,1,33.784,0.012630845373836982
BEL,BA:2257,2024,SEX_M,8,2.346,8.771004986686468e-4
BEL,BA:2257,2024,SEX_M,10,66.514,0.024867631103344574
BEL,BA:2257,2024,SEX_M,11,13.46,0.005032298683751059
BEL,BA:2257,2024,SEX_M,13,7.762,0.0029019838323384637
BEL,BA:2257,2024,SEX_M,16,14.499,0.005420750268626049
BEL,BA:2257,2024,SEX_M,17,7.734,0.0028915154546902445
BEL,BA:2257,2024,SEX_M,18,9.451,0.0035334513269042545
BEL,BA:2257,2024,SEX_M,19,4.342,0.001623346276734554
BEL,BA:2257,2024,SEX_M,20,36.979,0.013825362037624845
BEL,BA:2257,2024,SEX_M,21,26.511,0.009911684279712061
BEL,BA:2257,2024,SEX_M,22,17.299,0.006467588033447962
BEL,BA:2257,2024,SEX_M,23,18.453,0.006899034740806709
BEL,BA:2257,2024,SEX_M,24,30.741,0.011493157045853738
BEL,BA:2257,2024,SEX_M,25,43.572,0.01629029110315016
BEL,BA:2257,2024,SEX_M,26,11.299,0.004224364251686718
BEL,BA:2257,2024,SEX_M,27,13.69,0.005118288928718574
BEL,BA:2257,2024,SEX_M,28,38.624,0.014440379224457721
BEL,BA:2257,2024,SEX_M,29,24.794,0.00926974840749805
BEL,BA:2257,2024,SEX_M,30,7.096,0.002652985992562966
BEL,BA:2257,2024,SEX_M,31,8.27,0.0030919101125275825
BEL,BA:2257,2024,SEX_M,32,9.115,0.0034078307951256248
BEL,BA:2257,2024,SEX_M,33,15.848,0.0059251017488920355
BEL,BA:2257,2024,SEX_M,35,22.775,0.008514903604935392
BEL,BA:2257,2024,SEX_M,36,7.854,0.0029363799303254697
BEL,BA:2257,2024,SEX_M,37,2.189,8.184028097125609e-4
BEL,BA:2257,2024,SEX_M,38,19.129,0.007151771286885143
BEL,BA:2257,2024,SEX_M,41,79.481,0.029715611566360916
BEL,BA:2257,2024,SEX_M,42,35.217,0.013166601987047626
BEL,BA:2257,2024,SEX_M,43,194.207,0.07260829349741768
BEL,BA:2257,2024,SEX_M,45,62.735,0.023454773991465283
BEL,BA:2257,2024,SEX_M,46,120.09,0.04489812399195132
BEL,BA:2257,2024,SEX_M,47,158.947,0.059425615073267435
BEL,BA:2257,2024,SEX_M,49,110.276,0.041228957626250506
BEL,BA:2257,2024,SEX_M,50,3.337,0.0012476062932895457
BEL,BA:2257,2024,SEX_M,51,6.897,0.0025785857371345513
BEL,BA:2257,2024,SEX_M,52,72.037,0.026932518594455803
BEL,BA:2257,2024,SEX_M,53,29.009,0.010845613114185327
BEL,BA:2257,2024,SEX_M,55,13.001,0.004860692064446324
BEL,BA:2257,2024,SEX_M,56,90.347,0.03377808983513053
BEL,BA:2257,2024,SEX_M,58,5.254,0.0019643162915622633
BEL,BA:2257,2024,SEX_M,59,9.308,0.0034799878267722777
BEL,BA:2257,2024,SEX_M,60,8.087,0.0030234917871838646
BEL,BA:2257,2024,SEX_M,61,17.236,0.00644403418373947
BEL,BA:2257,2024,SEX_M,62,109.001,0.040752272572626244
BEL,BA:2257,2024,SEX_M,63,4.676,0.001748219067252597
BEL,BA:2257,2024,SEX_M,64,29.25,0.010935715936086068
BEL,BA:2257,2024,SEX_M,65,10.898,0.004074442128939008
BEL,BA:2257,2024,SEX_M,66,40.217,0.015035955138515331
BEL,BA:2257,2024,SEX_M,68,17.021,0.006363651998226359
BEL,BA:2257,2024,SEX_M,69,35.753,0.013366996644884966
BEL,BA:2257,2024,SEX_M,70,51.41,0.019220689103390934
BEL,BA:2257,2024,SEX_M,71,57.385,0.02145456611939484
BEL,BA:2257,2024,SEX_M,72,12.577,0.0047021709172018625
BEL,BA:2257,2024,SEX_M,73,6.992,0.0026141034470124375
BEL,BA:2257,2024,SEX_M,74,11.885,0.004443452441038733
BEL,BA:2257,2024,SEX_M,75,3.256,0.0012173227722357689
BEL,BA:2257,2024,SEX_M,77,10.363,0.0038744213417319633
BEL,BA:2257,2024,SEX_M,78,20.016,0.007483394535955513
BEL,BA:2257,2024,SEX_M,79,4.45,0.0016637243048062567
BEL,BA:2257,2024,SEX_M,80,16.479,0.006161014116607259
BEL,BA:2257,2024,SEX_M,81,51.691,0.01932574675050342
BEL,BA:2257,2024,SEX_M,82,18.38,0.00687174218479528
BEL,BA:2257,2024,SEX_M,84,206.492,0.07720129419057382
BEL,BA:2257,2024,SEX_M,85,147.83,0.05526929527629414
BEL,BA:2257,2024,SEX_M,86,99.97,0.03737584691044527
BEL,BA:2257,2024,SEX_M,87,30.921,0.011560453759306576
BEL,BA:2257,2024,SEX_M,88,32.314,0.012081255547305478
BEL,BA:2257,2024,SEX_M,90,17.48,0.0065352586175310935
BEL,BA:2257,2024,SEX_M,91,5.176,0.0019351543823993673
BEL,BA:2257,2024,SEX_M,93,25.137,0.009397986033688736
BEL,BA:2257,2024,SEX_M,94,20.246,0.007569384780923027
BEL,BA:2257,2024,SEX_M,95,3.415,0.001276768202452442
BEL,BA:2257,2024,SEX_M,96,14.56,0.005443556377073955
BEL,BA:2257,2024,SEX_M,99,29.885,0.011173123786322467
BFA,BA:15678,2018,SEX_F,1,429.091,0.22124262487631866
BFA,BA:15678,2018,SEX_F,2,12.302,0.006343005961971871
BFA,BA:15678,2018,SEX_F,7,55.536,0.02863478939229961
BFA,BA:15678,2018,SEX_F,8,16.817,0.008670974740894241
BFA,BA:15678,2018,SEX_F,10,128.143,0.06607151788204857
BFA,BA:15678,2018,SEX_F,11,160.773,0.08289579723005232
BFA,BA:15678,2018,SEX_F,13,43.054,0.02219897404379263
BFA,BA:15678,2018,SEX_F,14,38.245,0.019719416600196243
BFA,BA:15678,2018,SEX_F,16,9.09,0.0046868740200231105
BFA,BA:15678,2018,SEX_F,18,1.128,5.816054889533628e-4
BFA,BA:15678,2018,SEX_F,20,3.193,0.0016463353955922765
BFA,BA:15678,2018,SEX_F,23,15.475,0.00797902920350469
BFA,BA:15678,2018,SEX_F,32,2.688,0.0013859535055909926
BFA,BA:15678,2018,SEX_F,35,2.168,0.001117837500045116
BFA,BA:15678,2018,SEX_F,36,1.938,9.992477283613627e-4
BFA,BA:15678,2018,SEX_F,41,2.01,0.0010363714829754072
BFA,BA:15678,2018,SEX_F,45,1.403,7.233976072708937e-4
BFA,BA:15678,2018,SEX_F,46,91.363,0.04710746656670753
BFA,BA:15678,2018,SEX_F,47,562.88,0.2902252638493519
BFA,BA:15678,2018,SEX_F,49,1.022,5.269510724382419e-4
BFA,BA:15678,2018,SEX_F,53,1.287,6.635871137260443e-4
BFA,BA:15678,2018,SEX_F,56,125.484,0.06470051699984378
BFA,BA:15678,2018,SEX_F,61,1.379,7.110230223995456e-4
BFA,BA:15678,2018,SEX_F,64,5.346,0.0027564387800927998
BFA,BA:15678,2018,SEX_F,66,1.244,6.414159824982122e-4
BFA,BA:15678,2018,SEX_F,69,3.779,0.0019484815095343602
BFA,BA:15678,2018,SEX_F,70,3.564,0.0018376258533951998
BFA,BA:15678,2018,SEX_F,71,0.737,3.800028770909827e-4
BFA,BA:15678,2018,SEX_F,74,1.35,6.960703990133332e-4
BFA,BA:15678,2018,SEX_F,78,0.955,4.924053563390617e-4
BFA,BA:15678,2018,SEX_F,80,3.126,0.001611789679493096
BFA,BA:15678,2018,SEX_F,81,23.669,0.012203918721664138
BFA,BA:15678,2018,SEX_F,82,6.117,0.003153972319084859
BFA,BA:15678,2018,SEX_F,84,5.251,0.00270745604831038
BFA,BA:15678,2018,SEX_F,85,57.376,0.029583507565769634
BFA,BA:15678,2018,SEX_F,86,21.714,0.011195905662352235
BFA,BA:15678,2018,SEX_F,90,1.164,6.001673662603851e-4
BFA,BA:15678,2018,SEX_F,92,0.804,4.1454859319016294e-4
BFA,BA:15678,2018,SEX_F,96,64.298,0.03315254408574763
BFA,BA:15678,2018,SEX_F,97,24.735,0.012753556533033183
BFA,BA:15678,2018,SEX_F,98,7.761,0.004001631382772207
BFA,BA:15678,2018,SEX_M,1,703.823,0.3009749507906214
BFA,BA:15678,2018,SEX_M,2,7.75,0.0033141228243852732
BFA,BA:15678,2018,SEX_M,3,11.783,0.005038749579320215
BFA,BA:15678,2018,SEX_M,7,165.791,0.07089699834550436
BFA,BA:15678,2018,SEX_M,8,28.188,0.012053999248228656
BFA,BA:15678,2018,SEX_M,9,0.694,2.9677435356430704e-4
BFA,BA:15678,2018,SEX_M,10,37.22,0.015916342132079982
BFA,BA:15678,2018,SEX_M,11,8.435,0.003607048519185778
BFA,BA:15678,2018,SEX_M,13,17.824,0.007622054867334595
BFA,BA:15678,2018,SEX_M,14,47.536,0.020327760332900433
BFA,BA:15678,2018,SEX_M,15,3.746,0.0016018973032448044
BFA,BA:15678,2018,SEX_M,16,32.226,0.013780764146921266
BFA,BA:15678,2018,SEX_M,18,4.758,0.002034657599796791
BFA,BA:15678,2018,SEX_M,20,1.902,8.13349885416876e-4
BFA,BA:15678,2018,SEX_M,21,4.892,0.0020919598525022914
BFA,BA:15678,2018,SEX_M,22,6.835,0.002922842516732044
BFA,BA:15678,2018,SEX_M,23,15.107,0.006460187549417848
BFA,BA:15678,2018,SEX_M,24,13.097,0.005600653758835345
BFA,BA:15678,2018,SEX_M,25,26.963,0.011530154027600017
BFA,BA:15678,2018,SEX_M,27,2.357,0.0010079209673646567
BFA,BA:15678,2018,SEX_M,30,2.683,0.0011473279403646048
BFA,BA:15678,2018,SEX_M,31,7.832,0.003349188382011027
BFA,BA:15678,2018,SEX_M,32,7.116,0.003043006195912981
BFA,BA:15678,2018,SEX_M,33,10.061,0.004302372869179385
BFA,BA:15678,2018,SEX_M,35,1.61,6.884822899690697e-4
BFA,BA:15678,2018,SEX_M,41,97.662,0.04176307913227285
BFA,BA:15678,2018,SEX_M,42,8.383,0.003584811824106031
BFA,BA:15678,2018,SEX_M,43,38.017,0.01625716224705225
BFA,BA:15678,2018,SEX_M,45,80.061,0.03423638547653024
BFA,BA:15678,2018,SEX_M,46,136.261,0.05826912131271764
BFA,BA:15678,2018,SEX_M,47,311.06,0.13301819945203652
BFA,BA:15678,2018,SEX_M,49,63.409,0.027115511505993003
BFA,BA:15678,2018,SEX_M,52,4.84,0.002069723157422545
BFA,BA:15678,2018,SEX_M,53,3.489,0.0014919967141006733
BFA,BA:15678,2018,SEX_M,55,1.783,7.624620639843796e-4
BFA,BA:15678,2018,SEX_M,56,31.804,0.013600304813774094
BFA,BA:15678,2018,SEX_M,59,2.152,9.202570733002721e-4
BFA,BA:15678,2018,SEX_M,61,2.16,9.236781033125407e-4
BFA,BA:15678,2018,SEX_M,62,2.21,9.450595408892199e-4
BFA,BA:15678,2018,SEX_M,63,4.744,0.0020286707972753206
BFA,BA:15678,2018,SEX_M,64,4.264,0.0018234089965392007
BFA,BA:15678,2018,SEX_M,65,0.693,2.9634672481277345e-4
BFA,BA:15678,2018,SEX_M,66,2.303,9.84829014781843e-4
BFA,BA:15678,2018,SEX_M,68,2.533,0.0010831836276345673
BFA,BA:15678,2018,SEX_M,69,5.717,0.0024447535725174974
BFA,BA:15678,2018,SEX_M,70,5.575,0.002384030289799729
BFA,BA:15678,2018,SEX_M,71,4.118,0.0017609751988152975
BFA,BA:15678,2018,SEX_M,72,2.712,0.0011597291741590788
BFA,BA:15678,2018,SEX_M,73,1.006,4.3019452404278514e-4
BFA,BA:15678,2018,SEX_M,74,6.109,0.0026123840431186624
BFA,BA:15678,2018,SEX_M,75,1.578,6.74798169919995e-4
BFA,BA:15678,2018,SEX_M,77,2.084,8.911783181959883e-4
BFA,BA:15678,2018,SEX_M,78,2.68,0.0011460450541100043
BFA,BA:15678,2018,SEX_M,80,37.625,0.016089531776451085
BFA,BA:15678,2018,SEX_M,81,11.026,0.004715034614409293
BFA,BA:15678,2018,SEX_M,82,9.707,0.004150992291136497
BFA,BA:15678,2018,SEX_M,84,34.437,0.014726251316562019
BFA,BA:15678,2018,SEX_M,85,106.091,0.04536756187894942
BFA,BA:15678,2018,SEX_M,86,34.648,0.014816480983135608
BFA,BA:15678,2018,SEX_M,90,3.279,0.0014021946762786206
BFA,BA:15678,2018,SEX_M,92,0.726,3.104584736133817e-4
BFA,BA:15678,2018,SEX_M,93,2.144,9.168360432880034e-4
BFA,BA:15678,2018,SEX_M,94,7.705,0.003294879530566262
BFA,BA:15678,2018,SEX_M,95,27.312,0.011679396461885237
BFA,BA:15678,2018,SEX_M,96,45.352,0.019393819139551082
BFA,BA:15678,2018,SEX_M,97,8.141,0.0034813256662349044
BFA,BA:15678,2018,SEX_M,98,10.648,0.004553390946329598
BGD,BA:673,2024,SEX_F,1,17179.472,0.7614696905359444
BGD,BA:673,2024,SEX_F,2,5.24,2.3225982605334716e-4
BGD,BA:673,2024,SEX_F,3,60.671,0.002689205325664623
BGD,BA:673,2024,SEX_F,8,3.088,1.3687372955204887e-4
BGD,BA:673,2024,SEX_F,10,61.468,0.00272453186790976
BGD,BA:673,2024,SEX_F,11,4.426,1.9617976910536538e-4
BGD,BA:673,2024,SEX_F,12,39.421,0.0017473119471085874
BGD,BA:673,2024,SEX_F,13,259.813,0.011516053852366084
BGD,BA:673,2024,SEX_F,14,1305.168,0.05785078104015171
BGD,BA:673,2024,SEX_F,15,51.807,0.0022963138947224727
BGD,BA:673,2024,SEX_F,16,61.013,0.0027043642685100895
BGD,BA:673,2024,SEX_F,17,12.586,5.578668264708831e-4
BGD,BA:673,2024,SEX_F,20,27.04,0.0011985316214661273
BGD,BA:673,2024,SEX_F,21,13.69,6.068009577615119e-4
BGD,BA:673,2024,SEX_F,22,14.151,6.272345035268923e-4
BGD,BA:673,2024,SEX_F,23,47.691,0.002113874687845454
BGD,BA:673,2024,SEX_F,24,4.898,2.171008832078806e-4
BGD,BA:673,2024,SEX_F,25,17.426,7.723968948102342e-4
BGD,BA:673,2024,SEX_F,27,7.677,3.4027837492586754e-4
BGD,BA:673,2024,SEX_F,31,9.019,3.9976171205632406e-4
BGD,BA:673,2024,SEX_F,32,6.441,2.8549342358962003e-4
BGD,BA:673,2024,SEX_F,35,5.876,2.604501408186008e-4
BGD,BA:673,2024,SEX_F,41,25.413,0.0011264158319644487
BGD,BA:673,2024,SEX_F,42,22.029,9.764220817040428e-4
BGD,BA:673,2024,SEX_F,43,20.086,8.902997836083074e-4
BGD,BA:673,2024,SEX_F,45,3.034,1.344802122606594e-4
BGD,BA:673,2024,SEX_F,46,25.673,0.001137940174478546
BGD,BA:673,2024,SEX_F,47,274.778,0.01217936841284096
BGD,BA:673,2024,SEX_F,49,53.135,0.002355176690332939
BGD,BA:673,2024,SEX_F,52,13.991,6.201426004412939e-4
BGD,BA:673,2024,SEX_F,55,7.827,3.4692703406861606e-4
BGD,BA:673,2024,SEX_F,56,164.643,0.007297701248263595
BGD,BA:673,2024,SEX_F,58,2.29,1.0150286291262691e-4
BGD,BA:673,2024,SEX_F,61,3.923,1.7388459878001544e-4
BGD,BA:673,2024,SEX_F,62,6.16,2.730382687955379e-4
BGD,BA:673,2024,SEX_F,63,1.895,8.39947271700559e-5
BGD,BA:673,2024,SEX_F,64,45.367,0.0020108647955271374
BGD,BA:673,2024,SEX_F,65,9.35,4.144330865646557e-4
BGD,BA:673,2024,SEX_F,66,7.1,3.147031994234284e-4
BGD,BA:673,2024,SEX_F,68,13.88,6.152225926756601e-4
BGD,BA:673,2024,SEX_F,69,13.526,5.995317570987736e-4
BGD,BA:673,2024,SEX_F,70,10.673,4.730742602036974e-4
BGD,BA:673,2024,SEX_F,74,2.609,1.1564234468953869e-4
BGD,BA:673,2024,SEX_F,75,4.443,1.969332838082102e-4
BGD,BA:673,2024,SEX_F,77,6.879,3.0490750828644563e-4
BGD,BA:673,2024,SEX_F,80,2.976,1.3190939739212999e-4
BGD,BA:673,2024,SEX_F,81,13.43,5.952766152474146e-4
BGD,BA:673,2024,SEX_F,82,6.208,2.751658397212174e-4
BGD,BA:673,2024,SEX_F,84,48.32,0.002141754731850713
BGD,BA:673,2024,SEX_F,85,608.398,0.026966872834199296
BGD,BA:673,2024,SEX_F,86,208.394,0.009236937822626188
BGD,BA:673,2024,SEX_F,90,3.459,1.5331807983178013e-4
BGD,BA:673,2024,SEX_F,93,8.272,3.666513895254366e-4
BGD,BA:673,2024,SEX_F,94,44.99,0.0019941544988816965
BGD,BA:673,2024,SEX_F,95,743.642,0.03296148121487847
BGD,BA:673,2024,SEX_F,96,25.778,0.00114259423587847
BGD,BA:673,2024,SEX_F,97,910.287,0.040347919900500614
BGD,BA:673,2024,SEX_M,1,12306.326,0.27129672475090455
BGD,BA:673,2024,SEX_M,2,122.171,0.002693297102607453
BGD,BA:673,2024,SEX_M,3,1180.295,0.0260199646701923
BGD,BA:673,2024,SEX_M,8,39.075,8.614203393963071e-4
BGD,BA:673,2024,SEX_M,10,510.283,0.011249344978839814
BGD,BA:673,2024,SEX_M,11,32.665,7.201099267147887e-4
BGD,BA:673,2024,SEX_M,12,70.956,0.001564246746057693
BGD,BA:673,2024,SEX_M,13,539.55,0.011894544955119064
BGD,BA:673,2024,SEX_M,14,2399.793,0.052904171478973305
BGD,BA:673,2024,SEX_M,15,146.445,0.003228424865077215
BGD,BA:673,2024,SEX_M,16,192.674,0.00424755732496082
BGD,BA:673,2024,SEX_M,17,51.987,0.0011460693329288757
BGD,BA:673,2024,SEX_M,18,56.413,0.0012436418581283138
BGD,BA:673,2024,SEX_M,19,6.815,1.5023876168869692e-4
BGD,BA:673,2024,SEX_M,20,71.661,0.001579788686922041
BGD,BA:673,2024,SEX_M,21,274.293,0.006046873170928503
BGD,BA:673,2024,SEX_M,22,80.725,0.0017796073422333173
BGD,BA:673,2024,SEX_M,23,416.556,0.009183104565516777
BGD,BA:673,2024,SEX_M,24,116.539,0.0025691379381421937
BGD,BA:673,2024,SEX_M,25,188.333,0.00415185865078758
BGD,BA:673,2024,SEX_M,26,3.853,8.494056475224494e-5
BGD,BA:673,2024,SEX_M,27,64.913,0.0014310269607481119
BGD,BA:673,2024,SEX_M,28,10.09,2.2243713946279559e-4
BGD,BA:673,2024,SEX_M,29,8.239,1.8163127770406075e-4
BGD,BA:673,2024,SEX_M,30,26.866,5.922691961157052e-4
BGD,BA:673,2024,SEX_M,31,714.677,0.01575527329235405
BGD,BA:673,2024,SEX_M,32,146.175,0.003222472632405763
BGD,BA:673,2024,SEX_M,33,42.951,9.46867946190935e-4
BGD,BA:673,2024,SEX_M,35,106.898,0.0023565991411589613
BGD,BA:673,2024,SEX_M,36,6.492,1.431181277891446e-4
BGD,BA:673,2024,SEX_M,38,12.32,2.715981722677544e-4
BGD,BA:673,2024,SEX_M,41,2718.529,0.05993080419292906
BGD,BA:673,2024,SEX_M,42,286.143,0.006308110049286691
BGD,BA:673,2024,SEX_M,43,621.945,0.013710967958690626
BGD,BA:673,2024,SEX_M,45,349.903,0.007713718771997083
BGD,BA:673,2024,SEX_M,46,951.416,0.020974257034602095
BGD,BA:673,2024,SEX_M,47,7212.806,0.1590085167631406
BGD,BA:673,2024,SEX_M,49,6195.717,0.13658647833508558
BGD,BA:673,2024,SEX_M,50,86.112,0.0018983654066818882
BGD,BA:673,2024,SEX_M,51,1.23,2.7115726614394308e-5
BGD,BA:673,2024,SEX_M,52,159.799,0.0035228178839460133
BGD,BA:673,2024,SEX_M,53,42.272,9.318991832875415e-4
BGD,BA:673,2024,SEX_M,55,57.615,0.0012701403161693725
BGD,BA:673,2024,SEX_M,56,1378.2,0.030382840991835965
BGD,BA:673,2024,SEX_M,58,35.164,7.752011468850094e-4
BGD,BA:673,2024,SEX_M,59,12.154,2.6793865144012066e-4
BGD,BA:673,2024,SEX_M,60,3.926,8.654987210415614e-5
BGD,BA:673,2024,SEX_M,61,128.762,0.0028385977157094635
BGD,BA:673,2024,SEX_M,62,46.042,0.0010150099876259698
BGD,BA:673,2024,SEX_M,63,15.749,3.471915271952e-4
BGD,BA:673,2024,SEX_M,64,374.311,0.00825180060549638
BGD,BA:673,2024,SEX_M,65,31.495,6.943169184718283e-4
BGD,BA:673,2024,SEX_M,66,21.587,4.758920247357154e-4
BGD,BA:673,2024,SEX_M,68,102.111,0.0022510682604247297
BGD,BA:673,2024,SEX_M,69,96.291,0.002122764578395644
BGD,BA:673,2024,SEX_M,70,112.312,0.0024759524288746775
BGD,BA:673,2024,SEX_M,71,3.132,6.904589898884795e-5
BGD,BA:673,2024,SEX_M,74,46.694,0.0010293835272622179
BGD,BA:673,2024,SEX_M,75,47.172,0.0010399211836213075
BGD,BA:673,2024,SEX_M,77,99.052,0.0021836316687877926
BGD,BA:673,2024,SEX_M,78,2.63,5.797915528118457e-5
BGD,BA:673,2024,SEX_M,79,27.788,6.125949684234058e-4
BGD,BA:673,2024,SEX_M,80,65.061,0.0014342896660643157
BGD,BA:673,2024,SEX_M,81,65.713,0.0014486632057005633
BGD,BA:673,2024,SEX_M,82,112.844,0.002487680531768058
BGD,BA:673,2024,SEX_M,84,696.997,0.01536551227890487
BGD,BA:673,2024,SEX_M,85,1171.494,0.02582594393040914
BGD,BA:673,2024,SEX_M,86,330.553,0.0072871420972096595
BGD,BA:673,2024,SEX_M,87,0.867,1.9113280467219404e-5
BGD,BA:673,2024,SEX_M,90,25.165,5.54770130285555e-4
BGD,BA:673,2024,SEX_M,91,3.8,8.377216352414501e-5
BGD,BA:673,2024,SEX_M,93,19.198,4.232257882464569e-4
BGD,BA:673,2024,SEX_M,94,351.293,0.007744361747601967
BGD,BA:673,2024,SEX_M,95,672.549,0.014826548633157948
BGD,BA:673,2024,SEX_M,96,298.848,0.006588195664437814
BGD,BA:673,2024,SEX_M,97,331.66,0.007311546251162615
BGR,BA:2258,2024,SEX_F,1,33.71,0.025236342729148393
BGR,BA:2258,2024,SEX_F,2,4.423,0.003311193826491348
BGR,BA:2258,2024,SEX_F,10,46.588,0.03487720958367147
BGR,BA:2258,2024,SEX_F,11,4.104,0.0030723806158536046
BGR,BA:2258,2024,SEX_F,13,7.367,0.005515162767298612
BGR,BA:2258,2024,SEX_F,14,63.205,0.047317206828710295
BGR,BA:2258,2024,SEX_F,15,4.262,0.0031906642750409507
BGR,BA:2258,2024,SEX_F,20,6.508,0.00487208894931171
BGR,BA:2258,2024,SEX_F,21,4.652,0.0034826302692375654
BGR,BA:2258,2024,SEX_F,22,9.833,0.007361286207526436
BGR,BA:2258,2024,SEX_F,23,4.458,0.0033373959028936083
BGR,BA:2258,2024,SEX_F,25,19.948,0.014933686287779654
BGR,BA:2258,2024,SEX_F,26,8.06,0.006033963880063366
BGR,BA:2258,2024,SEX_F,27,12.349,0.009244841185471774
BGR,BA:2258,2024,SEX_F,28,6.329,0.004738084044283007
BGR,BA:2258,2024,SEX_F,29,9.823,0.007353799899982933
BGR,BA:2258,2024,SEX_F,31,7.289,0.0054567695684592885
BGR,BA:2258,2024,SEX_F,32,4.078,0.003052916216240497
BGR,BA:2258,2024,SEX_F,35,7.128,0.005336240017008892
BGR,BA:2258,2024,SEX_F,36,4.466,0.0033433849489284107
BGR,BA:2258,2024,SEX_F,41,13.438,0.010060100076959243
BGR,BA:2258,2024,SEX_F,43,4.489,0.0033606034562784675
BGR,BA:2258,2024,SEX_F,45,10.248,0.007671967970581807
BGR,BA:2258,2024,SEX_F,46,47.235,0.03536157368173611
BGR,BA:2258,2024,SEX_F,47,216.058,0.1617476635234157
BGR,BA:2258,2024,SEX_F,49,15.707,0.01175874325858006
BGR,BA:2258,2024,SEX_F,52,8.015,0.006000275496117603
BGR,BA:2258,2024,SEX_F,53,10.072,0.007540208957816155
BGR,BA:2258,2024,SEX_F,55,28.832,0.02158452190942766
BGR,BA:2258,2024,SEX_F,56,58.154,0.04353587288848697
BGR,BA:2258,2024,SEX_F,60,3.81,0.002852283174074618
BGR,BA:2258,2024,SEX_F,61,6.075,0.004547931832678033
BGR,BA:2258,2024,SEX_F,62,21.117,0.01580883563961515
BGR,BA:2258,2024,SEX_F,63,4.378,0.003277505442545585
BGR,BA:2258,2024,SEX_F,64,31.831,0.02382966554172419
BGR,BA:2258,2024,SEX_F,65,9.67,0.007239259394567338
BGR,BA:2258,2024,SEX_F,66,4.691,0.0035118268686572265
BGR,BA:2258,2024,SEX_F,68,10.166,0.0076105802487250835
BGR,BA:2258,2024,SEX_F,69,47.52,0.03557493344672595
BGR,BA:2258,2024,SEX_F,70,3.679,0.0027542125452547296
BGR,BA:2258,2024,SEX_F,71,5.535,0.004143671225328874
BGR,BA:2258,2024,SEX_F,72,5.744,0.004300135052988085
BGR,BA:2258,2024,SEX_F,73,5.966,0.004466331080453851
BGR,BA:2258,2024,SEX_F,74,6.799,0.005089940498827645
BGR,BA:2258,2024,SEX_F,80,3.766,0.0028193434208832052
BGR,BA:2258,2024,SEX_F,81,13.503,0.010108761075992012
BGR,BA:2258,2024,SEX_F,82,7.618,0.005703069086640536
BGR,BA:2258,2024,SEX_F,84,106.01,0.07936234626867461
BGR,BA:2258,2024,SEX_F,85,149.055,0.111587157089683
BGR,BA:2258,2024,SEX_F,86,88.386,0.06616847785400504
BGR,BA:2258,2024,SEX_F,87,12.146,0.009092869142338665
BGR,BA:2258,2024,SEX_F,88,41.956,0.03140955192952091
BGR,BA:2258,2024,SEX_F,90,8.336,0.006240585968264047
BGR,BA:2258,2024,SEX_F,91,6.836,0.005117639836738607
BGR,BA:2258,2024,SEX_F,92,5.219,0.003907103906954182
BGR,BA:2258,2024,SEX_F,93,5.994,0.004487292741575659
BGR,BA:2258,2024,SEX_F,94,7.004,0.005243409803469455
BGR,BA:2258,2024,SEX_F,96,32.134,0.02405650066029233
BGR,BA:2258,2024,SEX_M,1,84.961,0.056024176627062494
BGR,BA:2258,2024,SEX_M,2,17.346,0.011438134765045445
BGR,BA:2258,2024,SEX_M,5,5.46,0.003600381403040939
BGR,BA:2258,2024,SEX_M,7,8.434,0.005561468269825508
BGR,BA:2258,2024,SEX_M,10,45.858,0.03023924732246362
BGR,BA:2258,2024,SEX_M,11,7.107,0.004686430518573618
BGR,BA:2258,2024,SEX_M,13,3.321,0.0021899023149265493
BGR,BA:2258,2024,SEX_M,14,8.286,0.005463875513845645
BGR,BA:2258,2024,SEX_M,16,14.326,0.009446715014645512
BGR,BA:2258,2024,SEX_M,17,3.724,0.002455644751817666
BGR,BA:2258,2024,SEX_M,20,6.823,0.004499157932774419
BGR,BA:2258,2024,SEX_M,21,3.391,0.0022360610508629715
BGR,BA:2258,2024,SEX_M,22,18.254,0.012036879511192181
BGR,BA:2258,2024,SEX_M,23,14.761,0.009733558587964706
BGR,BA:2258,2024,SEX_M,24,8.708,0.005742146750490933
BGR,BA:2258,2024,SEX_M,25,35.13,0.02316509133495022
BGR,BA:2258,2024,SEX_M,26,6.069,0.004001962405687813
BGR,BA:2258,2024,SEX_M,27,15.139,0.009982815762021386
BGR,BA:2258,2024,SEX_M,28,21.569,0.014222825363038464
BGR,BA:2258,2024,SEX_M,29,11.482,0.007571351514600011
BGR,BA:2258,2024,SEX_M,31,16.375,0.010797847156555929
BGR,BA:2258,2024,SEX_M,32,3.693,0.0024352030259029646
BGR,BA:2258,2024,SEX_M,33,14.265,0.009406490973329486
BGR,BA:2258,2024,SEX_M,35,29.4,0.01938666909329736
BGR,BA:2258,2024,SEX_M,36,13.714,0.009043155780458506
BGR,BA:2258,2024,SEX_M,38,3.237,0.0021345118318028423
BGR,BA:2258,2024,SEX_M,41,153.319,0.10110016050051898
BGR,BA:2258,2024,SEX_M,42,16.57,0.010926432206664534
BGR,BA:2258,2024,SEX_M,43,46.111,0.03040607818234812
BGR,BA:2258,2024,SEX_M,45,60.99,0.04021744721089137
BGR,BA:2258,2024,SEX_M,46,63.284,0.041730134928579264
BGR,BA:2258,2024,SEX_M,47,110.852,0.07309697422891835
BGR,BA:2258,2024,SEX_M,49,117.709,0.0776185521191476
BGR,BA:2258,2024,SEX_M,50,11.365,0.007494200484534848
BGR,BA:2258,2024,SEX_M,52,17.949,0.011835759304612056
BGR,BA:2258,2024,SEX_M,53,12.953,0.008541344379778257
BGR,BA:2258,2024,SEX_M,55,16.227,0.010700254400576065
BGR,BA:2258,2024,SEX_M,56,44.238,0.029171002290792135
BGR,BA:2258,2024,SEX_M,58,3.744,0.0024688329620852155
BGR,BA:2258,2024,SEX_M,60,3.261,0.0021503376841239016
BGR,BA:2258,2024,SEX_M,61,10.184,0.006715436668236066
BGR,BA:2258,2024,SEX_M,62,60.089,0.03962331833833827
BGR,BA:2258,2024,SEX_M,63,8.465,0.00558190999574021
BGR,BA:2258,2024,SEX_M,64,13.601,0.008968642392446852
BGR,BA:2258,2024,SEX_M,65,3.244,0.002139127705396485
BGR,BA:2258,2024,SEX_M,68,8.78,0.00578962430745411
BGR,BA:2258,2024,SEX_M,69,18.388,0.01212524051998476
BGR,BA:2258,2024,SEX_M,70,3.538,0.002332994396329458
BGR,BA:2258,2024,SEX_M,71,7.512,0.004953491776491489
BGR,BA:2258,2024,SEX_M,73,6.138,0.004047461731110858
BGR,BA:2258,2024,SEX_M,74,5.41,0.003567410877372066
BGR,BA:2258,2024,SEX_M,80,28.974,0.019105760214598564
BGR,BA:2258,2024,SEX_M,81,12.51,0.00824922552235204
BGR,BA:2258,2024,SEX_M,82,5.539,0.0036524748335977583
BGR,BA:2258,2024,SEX_M,84,113.032,0.07453448914808121
BGR,BA:2258,2024,SEX_M,85,32.486,0.021421609937580206
BGR,BA:2258,2024,SEX_M,86,27.995,0.01846019732200203
BGR,BA:2258,2024,SEX_M,88,9.367,0.006176698278806681
BGR,BA:2258,2024,SEX_M,90,8.323,0.005488273702840611
BGR,BA:2258,2024,SEX_M,92,7.53,0.004965361165732284
BGR,BA:2258,2024,SEX_M,93,8.047,0.005306276401148432
BGR,BA:2258,2024,SEX_M,95,10.639,0.0070154684518228105
BGR,BA:2258,2024,SEX_M,96,7.31,0.0048202908527892425
BIH,BA:493,2024,SEX_F,1,108.196,0.19922553274545504
BIH,BA:493,2024,SEX_F,2,1.761,0.003242598276874804
BIH,BA:493,2024,SEX_F,5,1.741,0.0032057714934917857
BIH,BA:493,2024,SEX_F,10,14.021,0.025817416490665324
BIH,BA:493,2024,SEX_F,11,0.419,7.715211118742435e-4
BIH,BA:493,2024,SEX_F,13,3.818,0.0070302329478182865
BIH,BA:493,2024,SEX_F,14,10.934,0.02013320247549637
BIH,BA:493,2024,SEX_F,15,11.52,0.021212227228618822
BIH,BA:493,2024,SEX_F,16,2.694,0.004960567721692631
BIH,BA:493,2024,SEX_F,17,1.3,0.0023937409198962214
BIH,BA:493,2024,SEX_F,18,0.515,9.482896721127338e-4
BIH,BA:493,2024,SEX_F,20,0.661,0.001217125190808771
BIH,BA:493,2024,SEX_F,21,1.698,0.0031265939092182953
BIH,BA:493,2024,SEX_F,22,1.23,0.0022648471780556557
BIH,BA:493,2024,SEX_F,23,0.834,0.0015356768670718834
BIH,BA:493,2024,SEX_F,24,1.145,0.0021083333486778258
BIH,BA:493,2024,SEX_F,25,3.655,0.006730094663246683
BIH,BA:493,2024,SEX_F,26,0.359,6.610407617251873e-4
BIH,BA:493,2024,SEX_F,27,1.375,0.0025318413575825417
BIH,BA:493,2024,SEX_F,28,0.44,8.101892344264134e-4
BIH,BA:493,2024,SEX_F,29,4.564,0.008403871968004888
BIH,BA:493,2024,SEX_F,31,2.628,0.004839039336528669
BIH,BA:493,2024,SEX_F,32,1.436,0.002644163046900749
BIH,BA:493,2024,SEX_F,33,0.617,0.0011361062673661297
BIH,BA:493,2024,SEX_F,35,4.257,0.007838580843075548
BIH,BA:493,2024,SEX_F,36,1.517,0.002793311519601975
BIH,BA:493,2024,SEX_F,38,1.312,0.002415836989926033
BIH,BA:493,2024,SEX_F,39,0.352,6.481513875411306e-4
BIH,BA:493,2024,SEX_F,41,2.766,0.005093144141871499
BIH,BA:493,2024,SEX_F,42,0.747,0.0013754803593557516
BIH,BA:493,2024,SEX_F,43,0.626,0.0011526783198884882
BIH,BA:493,2024,SEX_F,45,0.567,0.0010440393089085826
BIH,BA:493,2024,SEX_F,46,9.986,0.01838761294314128
BIH,BA:493,2024,SEX_F,47,91.433,0.16835916425297787
BIH,BA:493,2024,SEX_F,49,3.873,0.007131506602121589
BIH,BA:493,2024,SEX_F,51,0.793,0.001460181961136695
BIH,BA:493,2024,SEX_F,52,1.624,0.002990334810701126
BIH,BA:493,2024,SEX_F,53,3.896,0.00717385740301206
BIH,BA:493,2024,SEX_F,55,7.228,0.013309199514622989
BIH,BA:493,2024,SEX_F,56,25.043,0.04611265681304697
BIH,BA:493,2024,SEX_F,58,2.347,0.004321623029997255
BIH,BA:493,2024,SEX_F,60,1.714,0.00315605533592471
BIH,BA:493,2024,SEX_F,61,4.766,0.008775822480173378
BIH,BA:493,2024,SEX_F,62,0.536,9.869577946649037e-4
BIH,BA:493,2024,SEX_F,63,1.992,0.0036679476249486713
BIH,BA:493,2024,SEX_F,64,10.996,0.02024736550398373
BIH,BA:493,2024,SEX_F,65,3.385,0.0062329330875759295
BIH,BA:493,2024,SEX_F,66,0.386,7.107569192922626e-4
BIH,BA:493,2024,SEX_F,68,0.575,0.0010587700222617902
BIH,BA:493,2024,SEX_F,69,10.612,0.01954029126302977
BIH,BA:493,2024,SEX_F,70,0.77,0.0014178311602462234
BIH,BA:493,2024,SEX_F,71,1.351,0.002487649217522919
BIH,BA:493,2024,SEX_F,72,0.395,7.273289718146211e-4
BIH,BA:493,2024,SEX_F,73,2.037,0.0037508078875604636
BIH,BA:493,2024,SEX_F,74,0.753,0.0013865283943706574
BIH,BA:493,2024,SEX_F,75,0.451,8.304439652870737e-4
BIH,BA:493,2024,SEX_F,79,0.79,0.0014546579436292423
BIH,BA:493,2024,SEX_F,80,0.515,9.482896721127338e-4
BIH,BA:493,2024,SEX_F,81,0.683,0.0012576346525300917
BIH,BA:493,2024,SEX_F,82,0.464,8.543813744860359e-4
BIH,BA:493,2024,SEX_F,84,33.334,0.06137919986447742
BIH,BA:493,2024,SEX_F,85,54.357,0.10008967321753762
BIH,BA:493,2024,SEX_F,86,40.481,0.07453925090639918
BIH,BA:493,2024,SEX_F,87,5.255,0.009676237333888187
BIH,BA:493,2024,SEX_F,88,1.632,0.003005065524054333
BIH,BA:493,2024,SEX_F,91,0.994,0.0018302911341360338
BIH,BA:493,2024,SEX_F,92,6.753,0.012434563409276294
BIH,BA:493,2024,SEX_F,93,1.183,0.0021783042371055616
BIH,BA:493,2024,SEX_F,94,1.844,0.0033954294279143326
BIH,BA:493,2024,SEX_F,95,0.235,4.327147047504707e-4
BIH,BA:493,2024,SEX_F,96,12.624,0.023245065671361462
BIH,BA:493,2024,SEX_F,97,1.989,0.0036624236074412186
BIH,BA:493,2024,SEX_F,98,1.332,0.0024526637733090512
BIH,BA:493,2024,SEX_F,99,1.971,0.0036292795023965016
BIH,BA:493,2024,SEX_M,1,87.533,0.10828641660079147
BIH,BA:493,2024,SEX_M,2,16.09,0.019904818104106277
BIH,BA:493,2024,SEX_M,3,0.305,3.7731320831276656e-4
BIH,BA:493,2024,SEX_M,5,13.741,0.016998887853854838
BIH,BA:493,2024,SEX_M,7,1.391,0.0017207956484034698
BIH,BA:493,2024,SEX_M,8,2.331,0.0028836625854985537
BIH,BA:493,2024,SEX_M,9,1,0.0012370924862713658
BIH,BA:493,2024,SEX_M,10,15.961,0.019745233173377272
BIH,BA:493,2024,SEX_M,11,2.49,0.0030803602908157013
BIH,BA:493,2024,SEX_M,13,1.545,0.0019113078912892602
BIH,BA:493,2024,SEX_M,14,2.129,0.002633769903271738
BIH,BA:493,2024,SEX_M,15,6.108,0.007556160906145502
BIH,BA:493,2024,SEX_M,16,20.491,0.025349262136186556
BIH,BA:493,2024,SEX_M,17,2.357,0.0029158269901416096
BIH,BA:493,2024,SEX_M,18,1.158,0.0014325530991022414
BIH,BA:493,2024,SEX_M,19,2.164,0.002677068140291236
BIH,BA:493,2024,SEX_M,20,2.738,0.0033871592274109996
BIH,BA:493,2024,SEX_M,21,1.613,0.001995430180355713
BIH,BA:493,2024,SEX_M,22,5.849,0.007235753952201219
BIH,BA:493,2024,SEX_M,23,9.425,0.011659596683107624
BIH,BA:493,2024,SEX_M,24,8.967,0.011093008324395338
BIH,BA:493,2024,SEX_M,25,35.568,0.044000905551699936
BIH,BA:493,2024,SEX_M,26,1.158,0.0014325530991022414
BIH,BA:493,2024,SEX_M,27,3.834,0.004743012592364417
BIH,BA:493,2024,SEX_M,28,4.343,0.0053726926678765415
BIH,BA:493,2024,SEX_M,29,8.297,0.010264156358593523
BIH,BA:493,2024,SEX_M,30,2.538,0.003139740730156726
BIH,BA:493,2024,SEX_M,31,16.552,0.020476354832763645
BIH,BA:493,2024,SEX_M,32,4.775,0.005907116621945772
BIH,BA:493,2024,SEX_M,33,6.184,0.007650179935102127
BIH,BA:493,2024,SEX_M,35,21.347,0.02640821330443485
BIH,BA:493,2024,SEX_M,36,4.74,0.005863818384926274
BIH,BA:493,2024,SEX_M,37,1.551,0.0019187304462068883
BIH,BA:493,2024,SEX_M,38,8.191,0.010133024555048758
BIH,BA:493,2024,SEX_M,39,1.632,0.002018934937594869
BIH,BA:493,2024,SEX_M,41,67.196,0.0831276667074907
BIH,BA:493,2024,SEX_M,42,20.377,0.02520823359275162
BIH,BA:493,2024,SEX_M,43,25.119,0.031074526162650436
BIH,BA:493,2024,SEX_M,45,16.344,0.020219039595619204
BIH,BA:493,2024,SEX_M,46,14.733,0.01822608360023603
BIH,BA:493,2024,SEX_M,47,52.625,0.06510199209003062
BIH,BA:493,2024,SEX_M,49,55.322,0.06843843052550451
BIH,BA:493,2024,SEX_M,50,0.229,2.832941793561428e-4
BIH,BA:493,2024,SEX_M,51,1.585,0.0019607915907401147
BIH,BA:493,2024,SEX_M,52,7.921,0.00979900958375549
BIH,BA:493,2024,SEX_M,53,8.789,0.010872805861839033
BIH,BA:493,2024,SEX_M,55,4.236,0.005240323771845505
BIH,BA:493,2024,SEX_M,56,28.86,0.035702489153791615
BIH,BA:493,2024,SEX_M,58,4.699,0.005813097592989148
BIH,BA:493,2024,SEX_M,59,0.499,6.173091506494116e-4
BIH,BA:493,2024,SEX_M,60,2.854,0.0035306619558184782
BIH,BA:493,2024,SEX_M,61,8.201,0.010145395479911471
BIH,BA:493,2024,SEX_M,62,4.065,0.005028780956693102
BIH,BA:493,2024,SEX_M,63,5.744,0.007105859241142725
BIH,BA:493,2024,SEX_M,64,6.266,0.007751621518976379
BIH,BA:493,2024,SEX_M,65,3.022,0.0037384934935120674
BIH,BA:493,2024,SEX_M,66,0.357,4.4164201759887755e-4
BIH,BA:493,2024,SEX_M,69,6.129,0.0075821398483572
BIH,BA:493,2024,SEX_M,71,2.219,0.0027451082270361607
BIH,BA:493,2024,SEX_M,72,0.866,0.0010713220931110028
BIH,BA:493,2024,SEX_M,73,1.564,0.0019348126485284162
BIH,BA:493,2024,SEX_M,74,1.496,0.0018506903594619633
BIH,BA:493,2024,SEX_M,75,1.51,0.0018680096542697624
BIH,BA:493,2024,SEX_M,78,0.476,5.888560234651701e-4
BIH,BA:493,2024,SEX_M,79,0.474,5.863818384926274e-4
BIH,BA:493,2024,SEX_M,80,5.915,0.007317402056295129
BIH,BA:493,2024,SEX_M,81,1.488,0.0018407936195717924
BIH,BA:493,2024,SEX_M,82,0.877,0.0010849301104599877
BIH,BA:493,2024,SEX_M,84,58.073,0.07184167195523702
BIH,BA:493,2024,SEX_M,85,21.247,0.02628450405580771
BIH,BA:493,2024,SEX_M,86,16.837,0.020828926191350985
BIH,BA:493,2024,SEX_M,87,2.062,0.002550884706691556
BIH,BA:493,2024,SEX_M,88,0.318,3.9339541063429436e-4
BIH,BA:493,2024,SEX_M,90,1.268,0.001568633272592092
BIH,BA:493,2024,SEX_M,91,0.266,3.290666013481833e-4
BIH,BA:493,2024,SEX_M,92,0.655,8.102955785077447e-4
BIH,BA:493,2024,SEX_M,93,4.238,0.005242797956818049
BIH,BA:493,2024,SEX_M,94,3.413,0.004222196655644171
BIH,BA:493,2024,SEX_M,95,0.78,9.649321392916654e-4
BIH,BA:493,2024,SEX_M,96,7.737,0.009571384566281557
BIH,BA:493,2024,SEX_M,97,0.774,9.575095843740372e-4
BIH,BA:493,2024,SEX_M,98,0.027,3.3401497129326875e-5
BIH,BA:493,2024,SEX_M,99,2.499,0.0030914941231921433
BLR,BA:13362,2024,SEX_F,1,145.287,0.059982511448478125
BLR,BA:13362,2024,SEX_F,2,13.327,0.00550212290207567
BLR,BA:13362,2024,SEX_F,3,0.963,3.97579676948966e-4
BLR,BA:13362,2024,SEX_F,6,0.696,2.8734730545844275e-4
BLR,BA:13362,2024,SEX_F,8,1.553,6.411643180703471e-4
BLR,BA:13362,2024,SEX_F,10,99.672,0.04115011584720389
BLR,BA:13362,2024,SEX_F,11,10.582,0.004368835037875347
BLR,BA:13362,2024,SEX_F,13,20.306,0.008383440207814855
BLR,BA:13362,2024,SEX_F,14,45.355,0.01872505321705125
BLR,BA:13362,2024,SEX_F,15,8.868,0.003661201012651538
BLR,BA:13362,2024,SEX_F,16,11.399,0.004706137837529869
BLR,BA:13362,2024,SEX_F,17,4.449,0.001836793336184787
BLR,BA:13362,2024,SEX_F,18,4.069,0.0016799083130896602
BLR,BA:13362,2024,SEX_F,19,4.568,0.0018859231197329977
BLR,BA:13362,2024,SEX_F,20,17.308,0.007145699946659091
BLR,BA:13362,2024,SEX_F,21,7.743,0.003196738773225176
BLR,BA:13362,2024,SEX_F,22,13.349,0.005511205719202231
BLR,BA:13362,2024,SEX_F,23,18.131,0.007485479878257221
BLR,BA:13362,2024,SEX_F,24,5.668,0.0023400639760609966
BLR,BA:13362,2024,SEX_F,25,7.279,0.003005173902919547
BLR,BA:13362,2024,SEX_F,26,11.696,0.004828755868738429
BLR,BA:13362,2024,SEX_F,27,11.029,0.004553381367674088
BLR,BA:13362,2024,SEX_F,28,30.769,0.01270314546214199
BLR,BA:13362,2024,SEX_F,29,12.708,0.005246565456560188
BLR,BA:13362,2024,SEX_F,30,2.548,0.0010519553653852186
BLR,BA:13362,2024,SEX_F,31,12.812,0.00528950241024938
BLR,BA:13362,2024,SEX_F,32,9.227,0.0038094160739440396
BLR,BA:13362,2024,SEX_F,33,2.912,0.0012022347032973927
BLR,BA:13362,2024,SEX_F,35,39.869,0.01646012890994634
BLR,BA:13362,2024,SEX_F,36,3.687,0.0015221975793466645
BLR,BA:13362,2024,SEX_F,38,2.188,9.033274487687828e-4
BLR,BA:13362,2024,SEX_F,41,26.87,0.011093422554121202
BLR,BA:13362,2024,SEX_F,42,8.793,0.003630236863356447
BLR,BA:13362,2024,SEX_F,43,10.2,0.0042111243041323505
BLR,BA:13362,2024,SEX_F,45,7.767,0.003206647300999605
BLR,BA:13362,2024,SEX_F,46,43.029,0.017764751733579505
BLR,BA:13362,2024,SEX_F,47,389.382,0.1607584317442807
BLR,BA:13362,2024,SEX_F,49,50.704,0.02093341634477713
BLR,BA:13362,2024,SEX_F,51,1.028,4.2441527300471143e-4
BLR,BA:13362,2024,SEX_F,52,11.89,0.0049088498015817305
BLR,BA:13362,2024,SEX_F,53,24.322,0.010041467188735984
BLR,BA:13362,2024,SEX_F,55,9.662,0.003989008139855566
BLR,BA:13362,2024,SEX_F,56,52.734,0.021771512652364253
BLR,BA:13362,2024,SEX_F,58,6.792,0.0028041133601634243
BLR,BA:13362,2024,SEX_F,59,1.621,6.692384800978962e-4
BLR,BA:13362,2024,SEX_F,60,1.344,5.548775553680275e-4
BLR,BA:13362,2024,SEX_F,61,8.322,0.0034357820057832763
BLR,BA:13362,2024,SEX_F,62,19.866,0.008201783865283654
BLR,BA:13362,2024,SEX_F,63,2.523,0.001041633982286855
BLR,BA:13362,2024,SEX_F,64,34.219,0.014127496329716169
BLR,BA:13362,2024,SEX_F,65,8.242,0.0034027535798685136
BLR,BA:13362,2024,SEX_F,66,0.611,2.522546029240065e-4
BLR,BA:13362,2024,SEX_F,68,16.909,0.006980970672409208
BLR,BA:13362,2024,SEX_F,69,24.582,0.010148809572958965
BLR,BA:13362,2024,SEX_F,70,2.24,9.247959256133791e-4
BLR,BA:13362,2024,SEX_F,71,15.619,0.0064483873045336456
BLR,BA:13362,2024,SEX_F,72,3.255,0.0013438440794069414
BLR,BA:13362,2024,SEX_F,73,7.616,0.0031443061470854887
BLR,BA:13362,2024,SEX_F,74,7.314,0.003019623839257256
BLR,BA:13362,2024,SEX_F,75,11.566,0.004775084676626938
BLR,BA:13362,2024,SEX_F,77,1.143,4.71893635257184e-4
BLR,BA:13362,2024,SEX_F,78,1.17,4.8304072900341667e-4
BLR,BA:13362,2024,SEX_F,79,7.492,0.003093112086917605
BLR,BA:13362,2024,SEX_F,80,9.772,0.004034422225488366
BLR,BA:13362,2024,SEX_F,81,16.52,0.00682036995139867
BLR,BA:13362,2024,SEX_F,82,4.444,0.0018347290595651143
BLR,BA:13362,2024,SEX_F,84,79.174,0.03268740741719361
BLR,BA:13362,2024,SEX_F,85,445.244,0.18382135584991222
BLR,BA:13362,2024,SEX_F,86,282.56,0.1166564003309448
BLR,BA:13362,2024,SEX_F,87,16.244,0.0067064218819927355
BLR,BA:13362,2024,SEX_F,88,34.932,0.0144218621756815
BLR,BA:13362,2024,SEX_F,90,17.269,0.007129598589025643
BLR,BA:13362,2024,SEX_F,91,16.744,0.006912849543960008
BLR,BA:13362,2024,SEX_F,92,2.962,0.00122287746949412
BLR,BA:13362,2024,SEX_F,93,14.387,0.005939749545446287
BLR,BA:13362,2024,SEX_F,94,5.747,0.0023726795466518253
BLR,BA:13362,2024,SEX_F,95,5.212,0.0021518019483468443
BLR,BA:13362,2024,SEX_F,96,53.396,0.022044822876808923
BLR,BA:13362,2024,SEX_F,97,14.551,0.0060074578185715525
BLR,BA:13362,2024,SEX_F,98,4.154,0.0017150010156240965
BLR,BA:13362,2024,SEX_M,1,257.808,0.10874510440766759
BLR,BA:13362,2024,SEX_M,2,57.91,0.024426817617172587
BLR,BA:13362,2024,SEX_M,3,1.108,4.6736166326760887e-4
BLR,BA:13362,2024,SEX_M,6,9.509,0.004010958534306582
BLR,BA:13362,2024,SEX_M,8,7.647,0.003225554728346033
BLR,BA:13362,2024,SEX_M,10,87.919,0.03708481053504052
BLR,BA:13362,2024,SEX_M,11,10.338,0.004360636168646697
BLR,BA:13362,2024,SEX_M,12,1.24,5.23040128566638e-4
BLR,BA:13362,2024,SEX_M,13,11.482,0.00484318286790495
BLR,BA:13362,2024,SEX_M,14,4.707,0.001985443455776746
BLR,BA:13362,2024,SEX_M,15,3.682,0.0015530917365986785
BLR,BA:13362,2024,SEX_M,16,37.557,0.015841788797239697
BLR,BA:13362,2024,SEX_M,17,7.257,0.0030610501717807195
BLR,BA:13362,2024,SEX_M,18,4.565,0.0019255469249247602
BLR,BA:13362,2024,SEX_M,19,14.02,0.005913727905245375
BLR,BA:13362,2024,SEX_M,20,22.69,0.009570790739658885
BLR,BA:13362,2024,SEX_M,21,6.717,0.0028332746319210543
BLR,BA:13362,2024,SEX_M,22,22.437,0.00946407368116908
BLR,BA:13362,2024,SEX_M,23,42.269,0.017829341285792923
BLR,BA:13362,2024,SEX_M,24,19.3,0.008140866517206543
BLR,BA:13362,2024,SEX_M,25,29.314,0.012364837361937442
BLR,BA:13362,2024,SEX_M,26,22.417,0.009455637550063166
BLR,BA:13362,2024,SEX_M,27,19.082,0.008048912688152086
BLR,BA:13362,2024,SEX_M,28,79.41,0.033495658556029616
BLR,BA:13362,2024,SEX_M,29,36.366,0.015339417189882546
BLR,BA:13362,2024,SEX_M,30,3.971,0.0016749938310791287
BLR,BA:13362,2024,SEX_M,31,24.071,0.010153305592522213
BLR,BA:13362,2024,SEX_M,32,5.552,0.002341869995001592
BLR,BA:13362,2024,SEX_M,33,19.678,0.00830030939510831
BLR,BA:13362,2024,SEX_M,35,126.285,0.05326784083551442
BLR,BA:13362,2024,SEX_M,36,10.035,0.004232828782392107
BLR,BA:13362,2024,SEX_M,37,2.377,0.0010026341819378214
BLR,BA:13362,2024,SEX_M,38,6.771,0.002856052185907021
BLR,BA:13362,2024,SEX_M,41,181.4,0.0765157091306356
BLR,BA:13362,2024,SEX_M,42,43.026,0.01814864884815175
BLR,BA:13362,2024,SEX_M,43,79.588,0.03357074012287225
BLR,BA:13362,2024,SEX_M,45,56.622,0.023883530773951757
BLR,BA:13362,2024,SEX_M,46,32.813,0.013840738498917012
BLR,BA:13362,2024,SEX_M,47,131.263,0.0553675938677763
BLR,BA:13362,2024,SEX_M,49,249.79,0.10536305944730687
BLR,BA:13362,2024,SEX_M,50,0.858,3.6191002444368987e-4
BLR,BA:13362,2024,SEX_M,51,1.393,5.875765315268765e-4
BLR,BA:13362,2024,SEX_M,52,22.364,0.009433281802632495
BLR,BA:13362,2024,SEX_M,53,5.873,0.0024772698992515042
BLR,BA:13362,2024,SEX_M,55,3.733,0.0015746038709187578
BLR,BA:13362,2024,SEX_M,56,26.1,0.01100915109321714
BLR,BA:13362,2024,SEX_M,58,11.133,0.004695972380106759
BLR,BA:13362,2024,SEX_M,59,1.016,4.2855546018040664e-4
BLR,BA:13362,2024,SEX_M,60,2.068,8.722959563514576e-4
BLR,BA:13362,2024,SEX_M,61,15.045,0.006346079624423443
BLR,BA:13362,2024,SEX_M,62,36.456,0.01537737977985916
BLR,BA:13362,2024,SEX_M,63,2.022,8.528928548078564e-4
BLR,BA:13362,2024,SEX_M,64,12.937,0.005456911405860158
BLR,BA:13362,2024,SEX_M,65,2.619,0.0011047113683193752
BLR,BA:13362,2024,SEX_M,68,15.444,0.006514380439986418
BLR,BA:13362,2024,SEX_M,69,8.144,0.003435192586327984
BLR,BA:13362,2024,SEX_M,70,2.021,8.524710482525608e-4
BLR,BA:13362,2024,SEX_M,71,11.857,0.005001360326140828
BLR,BA:13362,2024,SEX_M,72,2.059,8.684996973537966e-4
BLR,BA:13362,2024,SEX_M,73,3.846,0.0016222680116671692
BLR,BA:13362,2024,SEX_M,74,6.211,0.002619840514941443
BLR,BA:13362,2024,SEX_M,75,4.856,0.0020482926325158016
BLR,BA:13362,2024,SEX_M,77,3.036,0.001280604701877672
BLR,BA:13362,2024,SEX_M,79,1.535,6.474730623788624e-4
BLR,BA:13362,2024,SEX_M,80,18.13,0.007647352847510602
BLR,BA:13362,2024,SEX_M,81,23.889,0.0100765367994584
BLR,BA:13362,2024,SEX_M,82,2.447,0.0010321606408085187
BLR,BA:13362,2024,SEX_M,84,133.393,0.056266041830556085
BLR,BA:13362,2024,SEX_M,85,83.292,0.035133111603687435
BLR,BA:13362,2024,SEX_M,86,54.251,0.022883427431345707
BLR,BA:13362,2024,SEX_M,87,4.606,0.0019428409936918828
BLR,BA:13362,2024,SEX_M,88,3.734,0.0015750256774740535
BLR,BA:13362,2024,SEX_M,90,9.122,0.003847719397407155
BLR,BA:13362,2024,SEX_M,91,6.107,0.0025759726331906923
BLR,BA:13362,2024,SEX_M,92,1.184,4.994189614700802e-4
BLR,BA:13362,2024,SEX_M,93,11.339,0.004782864530497669
BLR,BA:13362,2024,SEX_M,94,5.666,0.0023899559423052994
BLR,BA:13362,2024,SEX_M,95,9.076,0.003828316295863554
BLR,BA:13362,2024,SEX_M,96,6.699,0.0028256821139257325
BLR,BA:13362,2024,SEX_M,97,4.05,0.001708316548947487
BLR,BA:13362,2024,SEX_M,98,1.151,4.854993451453229e-4
BOL,BA:74,2024,SEX_F,1,757.512,0.2325990994642476
BOL,BA:74,2024,SEX_F,2,3.425,0.0010516690371440295
BOL,BA:74,2024,SEX_F,3,2.522,7.743968793218225e-4
BOL,BA:74,2024,SEX_F,6,2.237,6.868857331653121e-4
BOL,BA:74,2024,SEX_F,7,5.326,0.0016353837348406133
BOL,BA:74,2024,SEX_F,8,0.808,2.481017757700368e-4
BOL,BA:74,2024,SEX_F,10,178.909,0.05493519876391275
BOL,BA:74,2024,SEX_F,11,6.768,0.002078159428727238
BOL,BA:74,2024,SEX_F,12,1,3.0705665318073855e-4
BOL,BA:74,2024,SEX_F,13,25.153,0.007723395997455116
BOL,BA:74,2024,SEX_F,14,131.392,0.0403447877747236
BOL,BA:74,2024,SEX_F,15,8.967,0.0027533770090716826
BOL,BA:74,2024,SEX_F,16,5.743,0.0017634263592169815
BOL,BA:74,2024,SEX_F,17,3.32,0.0010194280885600518
BOL,BA:74,2024,SEX_F,18,4.459,0.001369165616532913
BOL,BA:74,2024,SEX_F,20,2.001,6.144203630146578e-4
BOL,BA:74,2024,SEX_F,21,4.416,0.0013559621804461416
BOL,BA:74,2024,SEX_F,22,2.585,7.937414484722091e-4
BOL,BA:74,2024,SEX_F,23,11.204,0.003440262742236995
BOL,BA:74,2024,SEX_F,24,0.845,2.594628719377241e-4
BOL,BA:74,2024,SEX_F,25,2.688,8.253682837498252e-4
BOL,BA:74,2024,SEX_F,28,0.308,9.457344917966746e-5
BOL,BA:74,2024,SEX_F,31,9.177,0.0028178589062396375
BOL,BA:74,2024,SEX_F,32,15.005,0.004607385080976982
BOL,BA:74,2024,SEX_F,33,0.568,1.7440817900665949e-4
BOL,BA:74,2024,SEX_F,35,6.074,0.001865062111419806
BOL,BA:74,2024,SEX_F,36,1.315,4.0377949893267116e-4
BOL,BA:74,2024,SEX_F,41,7.567,0.0023234976946186485
BOL,BA:74,2024,SEX_F,42,5.317,0.001632620224961987
BOL,BA:74,2024,SEX_F,43,5.307,0.0016295496584301796
BOL,BA:74,2024,SEX_F,45,22.004,0.006756474596588971
BOL,BA:74,2024,SEX_F,46,31.447,0.009656010572574685
BOL,BA:74,2024,SEX_F,47,697.754,0.21425000798347305
BOL,BA:74,2024,SEX_F,49,17.166,0.005270934508500558
BOL,BA:74,2024,SEX_F,50,0.572,1.7563640561938244e-4
BOL,BA:74,2024,SEX_F,51,0.575,1.7655757557892465e-4
BOL,BA:74,2024,SEX_F,52,6.624,0.002033943270669212
BOL,BA:74,2024,SEX_F,53,0.615,1.888398417061542e-4
BOL,BA:74,2024,SEX_F,55,12.457,0.0038250047286724604
BOL,BA:74,2024,SEX_F,56,450.271,0.13825870628434433
BOL,BA:74,2024,SEX_F,58,0.614,1.8853278505297347e-4
BOL,BA:74,2024,SEX_F,59,0.233,7.154420019111208e-5
BOL,BA:74,2024,SEX_F,60,2.573,7.900567686340402e-4
BOL,BA:74,2024,SEX_F,61,3.39,0.0010409220542827037
BOL,BA:74,2024,SEX_F,62,1.331,4.08692405383563e-4
BOL,BA:74,2024,SEX_F,64,20.054,0.00615771412288653
BOL,BA:74,2024,SEX_F,65,1.955,6.002957569683438e-4
BOL,BA:74,2024,SEX_F,66,0.709,2.177031671051436e-4
BOL,BA:74,2024,SEX_F,68,16.006,0.004914748790810901
BOL,BA:74,2024,SEX_F,69,34.894,0.01071443485608869
BOL,BA:74,2024,SEX_F,71,4.423,0.0013581115770184065
BOL,BA:74,2024,SEX_F,73,2.87,8.812525946287196e-4
BOL,BA:74,2024,SEX_F,74,10.066,0.003090832270917314
BOL,BA:74,2024,SEX_F,75,3.705,0.0011376449000346364
BOL,BA:74,2024,SEX_F,77,3.413,0.0010479843573058605
BOL,BA:74,2024,SEX_F,78,0.935,2.8709797072399055e-4
BOL,BA:74,2024,SEX_F,79,2.899,8.90157237570961e-4
BOL,BA:74,2024,SEX_F,80,0.758,2.3274894311099982e-4
BOL,BA:74,2024,SEX_F,81,58.224,0.01787806657479532
BOL,BA:74,2024,SEX_F,82,6.218,0.0019092782694778321
BOL,BA:74,2024,SEX_F,84,51.315,0.0157566121579696
BOL,BA:74,2024,SEX_F,85,175.666,0.05393941403764761
BOL,BA:74,2024,SEX_F,86,127.271,0.039079407306965776
BOL,BA:74,2024,SEX_F,87,2.169,6.660058807490219e-4
BOL,BA:74,2024,SEX_F,88,15.312,0.0047016514735034685
BOL,BA:74,2024,SEX_F,90,4.276,0.001312974249000838
BOL,BA:74,2024,SEX_F,91,0.512,1.5721300642853814e-4
BOL,BA:74,2024,SEX_F,93,8.432,0.0025891016996199873
BOL,BA:74,2024,SEX_F,94,16.193,0.004972168384955699
BOL,BA:74,2024,SEX_F,95,8.725,0.0026790692990019435
BOL,BA:74,2024,SEX_F,96,86.719,0.026627645907180465
BOL,BA:74,2024,SEX_F,97,133.049,0.04085358064904408
BOL,BA:74,2024,SEX_F,99,0.416,1.2773556772318722e-4
BOL,BA:74,2024,SEX_M,1,793.124,0.22334587967340838
BOL,BA:74,2024,SEX_M,2,18.977,0.005343974912576433
BOL,BA:74,2024,SEX_M,3,6.37,0.0017938093583343983
BOL,BA:74,2024,SEX_M,6,11.916,0.0033555780712578795
BOL,BA:74,2024,SEX_M,7,64.184,0.018074389302250395
BOL,BA:74,2024,SEX_M,8,11.197,0.003153105711973353
BOL,BA:74,2024,SEX_M,9,2.652,7.468104267351373e-4
BOL,BA:74,2024,SEX_M,10,110.715,0.031177645699841904
BOL,BA:74,2024,SEX_M,11,15.338,0.004319222596253218
BOL,BA:74,2024,SEX_M,12,0.295,8.307280387890856e-5
BOL,BA:74,2024,SEX_M,13,6.081,0.0017124261708055693
BOL,BA:74,2024,SEX_M,14,51.333,0.014455512683105128
BOL,BA:74,2024,SEX_M,15,17.216,0.004848072513828101
BOL,BA:74,2024,SEX_M,16,16.869,0.004750356368248504
BOL,BA:74,2024,SEX_M,17,4.087,0.0011509103371291501
BOL,BA:74,2024,SEX_M,18,7.575,0.002133140641975364
BOL,BA:74,2024,SEX_M,20,7.366,0.0020742856724475945
BOL,BA:74,2024,SEX_M,21,4.016,0.0011309165436532093
BOL,BA:74,2024,SEX_M,22,10.459,0.0029452829009135747
BOL,BA:74,2024,SEX_M,23,35.984,0.010133192456876765
BOL,BA:74,2024,SEX_M,24,8.238,0.0023198432486591478
BOL,BA:74,2024,SEX_M,25,62.967,0.017731678785909272
BOL,BA:74,2024,SEX_M,26,0.198,5.575733955262337e-5
BOL,BA:74,2024,SEX_M,27,2.021,5.691191072517769e-4
BOL,BA:74,2024,SEX_M,28,2.867,8.073550126129859e-4
BOL,BA:74,2024,SEX_M,29,3.908,0.0011005034493517785
BOL,BA:74,2024,SEX_M,31,44.357,0.0124910520734127
BOL,BA:74,2024,SEX_M,32,12.574,0.0035408726643165974
BOL,BA:74,2024,SEX_M,33,11.901,0.0033513540303826803
BOL,BA:74,2024,SEX_M,35,8.81,0.0024809200073667268
BOL,BA:74,2024,SEX_M,36,6.124,0.001724535087981139
BOL,BA:74,2024,SEX_M,37,0.555,1.562895123823534e-4
BOL,BA:74,2024,SEX_M,41,293.717,0.08271150758271656
BOL,BA:74,2024,SEX_M,42,33.082,0.009315981348888315
BOL,BA:74,2024,SEX_M,43,147.767,0.04161158986703282
BOL,BA:74,2024,SEX_M,45,159.736,0.044982092882716394
BOL,BA:74,2024,SEX_M,46,69.985,0.019707966710052257
BOL,BA:74,2024,SEX_M,47,280.314,0.07893718625936398
BOL,BA:74,2024,SEX_M,49,413.889,0.11655227025300877
BOL,BA:74,2024,SEX_M,50,4.29,0.0012080756903068398
BOL,BA:74,2024,SEX_M,51,2.085,5.871416816526249e-4
BOL,BA:74,2024,SEX_M,52,27.035,0.007613129670733196
BOL,BA:74,2024,SEX_M,53,1.975,5.561653819011674e-4
BOL,BA:74,2024,SEX_M,55,7.84,0.0022077653641038746
BOL,BA:74,2024,SEX_M,56,126.366,0.03558500994902427
BOL,BA:74,2024,SEX_M,58,1.85,5.209650412745113e-4
BOL,BA:74,2024,SEX_M,59,2.43,6.842946217821959e-4
BOL,BA:74,2024,SEX_M,60,8.252,0.002323785686809334
BOL,BA:74,2024,SEX_M,61,7.802,0.0021970644605533714
BOL,BA:74,2024,SEX_M,62,7.667,0.0021590480926765828
BOL,BA:74,2024,SEX_M,64,24.042,0.006770292714768541
BOL,BA:74,2024,SEX_M,65,2.516,7.085124561333353e-4
BOL,BA:74,2024,SEX_M,66,1.104,3.108894084146273e-4
BOL,BA:74,2024,SEX_M,68,16.942,0.00477091336717447
BOL,BA:74,2024,SEX_M,69,35.429,0.009976902944494413
BOL,BA:74,2024,SEX_M,70,0.33,9.292889925437229e-5
BOL,BA:74,2024,SEX_M,71,14.393,0.004053108021115698
BOL,BA:74,2024,SEX_M,73,4.414,0.0012429944282084824
BOL,BA:74,2024,SEX_M,74,15.77,0.004440874973458942
BOL,BA:74,2024,SEX_M,75,3.993,0.0011244396809779046
BOL,BA:74,2024,SEX_M,77,3.87,0.001089802545801275
BOL,BA:74,2024,SEX_M,78,2.63,7.406151667848457e-4
BOL,BA:74,2024,SEX_M,79,2.778,7.822923700868067e-4
BOL,BA:74,2024,SEX_M,80,22.794,0.006418852513952006
BOL,BA:74,2024,SEX_M,81,31.322,0.008820360552864996
BOL,BA:74,2024,SEX_M,82,7.425,0.0020909002332233765
BOL,BA:74,2024,SEX_M,84,97.854,0.027555953053446502
BOL,BA:74,2024,SEX_M,85,123.233,0.03470274861155776
BOL,BA:74,2024,SEX_M,86,59.251,0.016685243059760036
BOL,BA:74,2024,SEX_M,87,0.775,2.1824211188526825e-4
BOL,BA:74,2024,SEX_M,88,3.038,8.555090785902515e-4
BOL,BA:74,2024,SEX_M,90,25.11,0.007071044425082691
BOL,BA:74,2024,SEX_M,91,1.118,3.148318465648128e-4
BOL,BA:74,2024,SEX_M,93,16.682,0.004697696658671025
BOL,BA:74,2024,SEX_M,94,14.136,0.003980736120787293
BOL,BA:74,2024,SEX_M,95,29.338,0.00826166074643871
BOL,BA:74,2024,SEX_M,96,29.01,0.008169295052634364
BOL,BA:74,2024,SEX_M,97,4.849,0.0013654916135892462
BOL,BA:74,2024,SEX_M,99,0.6,1.689616350079496e-4
BRA,BX:6355,2024,SEX_F,1,1293.421,0.029549916432712684
BRA,BX:6355,2024,SEX_F,2,56.886,0.0012996360397668615
BRA,BX:6355,2024,SEX_F,3,71.528,0.0016341519293401553
BRA,BX:6355,2024,SEX_F,5,0.4,9.138529970585815e-6
BRA,BX:6355,2024,SEX_F,6,28.373,6.482187771385782e-4
BRA,BX:6355,2024,SEX_F,7,46.304,0.0010578762293950137
BRA,BX:6355,2024,SEX_F,8,17.123,3.911976217158522e-4
BRA,BX:6355,2024,SEX_F,9,6.464,1.4767864432466675e-4
BRA,BX:6355,2024,SEX_F,10,731.964,0.016722687378474686
BRA,BX:6355,2024,SEX_F,11,41.773,9.54359531153203e-4
BRA,BX:6355,2024,SEX_F,12,18.456,4.2165177284282944e-4
BRA,BX:6355,2024,SEX_F,13,304.362,0.006953553147268599
BRA,BX:6355,2024,SEX_F,14,1162.347,0.02655535723930127
BRA,BX:6355,2024,SEX_F,15,233.877,0.005343229934826746
BRA,BX:6355,2024,SEX_F,16,82.235,0.001878767530327811
BRA,BX:6355,2024,SEX_F,17,75.73,0.0017301521866811592
BRA,BX:6355,2024,SEX_F,18,88.369,0.0020189068874267445
BRA,BX:6355,2024,SEX_F,19,6.22,1.421041410426094e-4
BRA,BX:6355,2024,SEX_F,20,152.923,0.003493728546729736
BRA,BX:6355,2024,SEX_F,21,113.425,0.0025913444047842397
BRA,BX:6355,2024,SEX_F,22,135.424,0.003093940706841533
BRA,BX:6355,2024,SEX_F,23,98.928,0.0022601412323252834
BRA,BX:6355,2024,SEX_F,24,42.245,9.651429965184941e-4
BRA,BX:6355,2024,SEX_F,25,148.081,0.0033831066414357945
BRA,BX:6355,2024,SEX_F,26,64.775,0.0014798706971117404
BRA,BX:6355,2024,SEX_F,27,70.69,0.0016150067090517778
BRA,BX:6355,2024,SEX_F,28,67.474,0.001541532928088268
BRA,BX:6355,2024,SEX_F,29,118.47,0.0027066041140382533
BRA,BX:6355,2024,SEX_F,30,21.417,4.89299740950091e-4
BRA,BX:6355,2024,SEX_F,31,115.729,0.002643982337414814
BRA,BX:6355,2024,SEX_F,32,138.193,0.0031572021805629136
BRA,BX:6355,2024,SEX_F,33,24.831,5.672970942490408e-4
BRA,BX:6355,2024,SEX_F,35,71.278,0.0016284403481085393
BRA,BX:6355,2024,SEX_F,36,37.388,8.54178396350656e-4
BRA,BX:6355,2024,SEX_F,37,2.019,4.61267300265319e-5
BRA,BX:6355,2024,SEX_F,38,58.42,0.001334682302204058
BRA,BX:6355,2024,SEX_F,41,184.355,0.0042118342318183686
BRA,BX:6355,2024,SEX_F,42,53.758,0.0012281727353968806
BRA,BX:6355,2024,SEX_F,43,96.62,0.0022074119143950036
BRA,BX:6355,2024,SEX_F,45,413.988,0.0094581043636572
BRA,BX:6355,2024,SEX_F,46,2572.934,0.058782086178348104
BRA,BX:6355,2024,SEX_F,47,5095.697,0.11641794938881055
BRA,BX:6355,2024,SEX_F,49,429.956,0.009822914480082986
BRA,BX:6355,2024,SEX_F,50,16.893,3.859429669827654e-4
BRA,BX:6355,2024,SEX_F,51,22.299,5.094501995352327e-4
BRA,BX:6355,2024,SEX_F,52,156.77,0.003581618358721845
BRA,BX:6355,2024,SEX_F,53,63.694,0.0014551738198662321
BRA,BX:6355,2024,SEX_F,55,283.154,0.006469028288228138
BRA,BX:6355,2024,SEX_F,56,2865.577,0.06546790324380347
BRA,BX:6355,2024,SEX_F,58,84.858,0.0019386934406099275
BRA,BX:6355,2024,SEX_F,59,19.161,4.37758431915987e-4
BRA,BX:6355,2024,SEX_F,60,43.847,0.0010017428090506905
BRA,BX:6355,2024,SEX_F,61,149.605,0.0034179244406237264
BRA,BX:6355,2024,SEX_F,62,172.891,0.003949923962861379
BRA,BX:6355,2024,SEX_F,63,35.002,7.996670650761117e-4
BRA,BX:6355,2024,SEX_F,64,497.6,0.011368331283408752
BRA,BX:6355,2024,SEX_F,65,121.111,0.0027669412581690462
BRA,BX:6355,2024,SEX_F,66,150.937,0.0034483557454257777
BRA,BX:6355,2024,SEX_F,68,312.317,0.007135295662058624
BRA,BX:6355,2024,SEX_F,69,1081.54,0.024709214260968452
BRA,BX:6355,2024,SEX_F,70,89.942,0.002054844156536073
BRA,BX:6355,2024,SEX_F,71,274.625,0.0062741719829303225
BRA,BX:6355,2024,SEX_F,72,24.638,5.628877535382332e-4
BRA,BX:6355,2024,SEX_F,73,223.22,0.005099756650085413
BRA,BX:6355,2024,SEX_F,74,241.189,0.0055102822626890546
BRA,BX:6355,2024,SEX_F,75,108.151,0.002470852887122066
BRA,BX:6355,2024,SEX_F,77,53.743,0.0012278300405229835
BRA,BX:6355,2024,SEX_F,78,459.751,0.010503620731266995
BRA,BX:6355,2024,SEX_F,79,65.229,0.0014902429286283551
BRA,BX:6355,2024,SEX_F,80,138.009,0.0031529984567764437
BRA,BX:6355,2024,SEX_F,81,588.637,0.013448192165739302
BRA,BX:6355,2024,SEX_F,82,352.178,0.008045973019952427
BRA,BX:6355,2024,SEX_F,84,2057.418,0.04700444013755681
BRA,BX:6355,2024,SEX_F,85,4643.137,0.10607861658008975
BRA,BX:6355,2024,SEX_F,86,4328.003,0.09887896282071328
BRA,BX:6355,2024,SEX_F,87,245.972,0.005619556234812335
BRA,BX:6355,2024,SEX_F,88,643.152,0.01469365956910552
BRA,BX:6355,2024,SEX_F,90,98.586,0.0022523277892004326
BRA,BX:6355,2024,SEX_F,91,19.037,4.349254876251053e-4
BRA,BX:6355,2024,SEX_F,92,28.729,6.563520688123996e-4
BRA,BX:6355,2024,SEX_F,93,311.024,0.007105755363928705
BRA,BX:6355,2024,SEX_F,94,275.487,0.006293865515016935
BRA,BX:6355,2024,SEX_F,95,101.889,0.002327789200432545
BRA,BX:6355,2024,SEX_F,96,2296.645,0.05246989791074014
BRA,BX:6355,2024,SEX_F,97,5426.311,0.12397126425804868
BRA,BX:6355,2024,SEX_F,99,3.908,8.92834378126234e-5
BRA,BX:6355,2024,SEX_M,1,5838.587,0.10075026726852143
BRA,BX:6355,2024,SEX_M,2,281.694,0.004860892847522676
BRA,BX:6355,2024,SEX_M,3,306.434,0.005287804634950562
BRA,BX:6355,2024,SEX_M,5,4.093,7.062853459750762e-5
BRA,BX:6355,2024,SEX_M,6,119.253,0.002057821802188267
BRA,BX:6355,2024,SEX_M,7,208.639,0.003600260647419837
BRA,BX:6355,2024,SEX_M,8,124.421,0.0021470004649783766
BRA,BX:6355,2024,SEX_M,9,17.142,2.958012069558943e-4
BRA,BX:6355,2024,SEX_M,10,1288.267,0.02223024929888281
BRA,BX:6355,2024,SEX_M,11,136.006,0.0023469104511284196
BRA,BX:6355,2024,SEX_M,12,18.945,3.2691365451985874e-4
BRA,BX:6355,2024,SEX_M,13,215.349,0.003716047959208079
BRA,BX:6355,2024,SEX_M,14,333.781,0.005759702640237159
BRA,BX:6355,2024,SEX_M,15,247.28,0.004267047162294572
BRA,BX:6355,2024,SEX_M,16,333.222,0.005750056573577005
BRA,BX:6355,2024,SEX_M,17,172.772,0.002981342091248616
BRA,BX:6355,2024,SEX_M,18,182.438,0.003148137941583214
BRA,BX:6355,2024,SEX_M,19,33.462,5.77418036819399e-4
BRA,BX:6355,2024,SEX_M,20,376.268,0.006492855474208403
BRA,BX:6355,2024,SEX_M,21,93.426,0.0016121528153693492
BRA,BX:6355,2024,SEX_M,22,349.265,0.006026893509943439
BRA,BX:6355,2024,SEX_M,23,487.714,0.008415960205885373
BRA,BX:6355,2024,SEX_M,24,242.045,0.0041767123519799
BRA,BX:6355,2024,SEX_M,25,1049.42,0.018108721421284252
BRA,BX:6355,2024,SEX_M,26,119.26,0.002057942593720684
BRA,BX:6355,2024,SEX_M,27,145.267,0.0025067176485160368
BRA,BX:6355,2024,SEX_M,28,291.262,0.005025997616403436
BRA,BX:6355,2024,SEX_M,29,432.28,0.007459394804742387
BRA,BX:6355,2024,SEX_M,30,102.34,0.0017659722039357268
BRA,BX:6355,2024,SEX_M,31,570.53,0.009845027569977039
BRA,BX:6355,2024,SEX_M,32,184.579,0.0031850828945695965
BRA,BX:6355,2024,SEX_M,33,298.4,0.005149170467602314
BRA,BX:6355,2024,SEX_M,35,198.119,0.0034187282301303716
BRA,BX:6355,2024,SEX_M,36,153.524,0.002649199888968424
BRA,BX:6355,2024,SEX_M,37,9.035,1.5590735648387033e-4
BRA,BX:6355,2024,SEX_M,38,229.905,0.003967225322902513
BRA,BX:6355,2024,SEX_M,39,1.476,2.5469757406772842e-05
BRA,BX:6355,2024,SEX_M,41,4725.342,0.08154018591059267
BRA,BX:6355,2024,SEX_M,42,545.222,0.009408314412490177
BRA,BX:6355,2024,SEX_M,43,1951.09,0.033667878711910855
BRA,BX:6355,2024,SEX_M,45,2809.858,0.04848672195628721
BRA,BX:6355,2024,SEX_M,46,2883.804,0.04976272919287341
BRA,BX:6355,2024,SEX_M,47,5560.744,0.09595582701976127
BRA,BX:6355,2024,SEX_M,49,3857.448,0.06656386501981103
BRA,BX:6355,2024,SEX_M,50,78.728,0.0013585251091601709
BRA,BX:6355,2024,SEX_M,51,57.184,9.86763284247221e-4
BRA,BX:6355,2024,SEX_M,52,558.439,0.00963638608162657
BRA,BX:6355,2024,SEX_M,53,541.001,0.009335477118442759
BRA,BX:6355,2024,SEX_M,55,193.139,0.0033327936827823174
BRA,BX:6355,2024,SEX_M,56,2216.5,0.038247775943165314
BRA,BX:6355,2024,SEX_M,58,237.727,0.004102201232411848
BRA,BX:6355,2024,SEX_M,59,31.189,5.381953006502969e-4
BRA,BX:6355,2024,SEX_M,60,92.193,0.0015908762497307647
BRA,BX:6355,2024,SEX_M,61,337.373,0.0058216859523002535
BRA,BX:6355,2024,SEX_M,62,605.537,0.010449106023594178
BRA,BX:6355,2024,SEX_M,63,40.561,6.999179066233829e-4
BRA,BX:6355,2024,SEX_M,64,539.296,0.009306055752332634
BRA,BX:6355,2024,SEX_M,65,85.765,0.0014799551111056048
BRA,BX:6355,2024,SEX_M,66,187.037,0.0032274979783811467
BRA,BX:6355,2024,SEX_M,68,415.472,0.007169357079476101
BRA,BX:6355,2024,SEX_M,69,903.572,0.015591978075577608
BRA,BX:6355,2024,SEX_M,70,102.596,0.0017703897228355464
BRA,BX:6355,2024,SEX_M,71,461.881,0.00797018768346724
BRA,BX:6355,2024,SEX_M,72,24.032,4.146945867205725e-4
BRA,BX:6355,2024,SEX_M,73,297.677,0.005136694427896964
BRA,BX:6355,2024,SEX_M,74,247.117,0.004264234445182577
BRA,BX:6355,2024,SEX_M,75,57.969,0.0010003091918111212
BRA,BX:6355,2024,SEX_M,77,111.314,0.0019208269484942493
BRA,BX:6355,2024,SEX_M,78,589.348,0.01016974972098019
BRA,BX:6355,2024,SEX_M,79,63.629,0.001097977773736822
BRA,BX:6355,2024,SEX_M,80,766.575,0.01322796699464559
BRA,BX:6355,2024,SEX_M,81,928.827,0.01602777666860474
BRA,BX:6355,2024,SEX_M,82,213.439,0.0036830891267914554
BRA,BX:6355,2024,SEX_M,84,3141.222,0.054204717005974123
BRA,BX:6355,2024,SEX_M,85,1792.346,0.030928602851625797
BRA,BX:6355,2024,SEX_M,86,1474.417,0.025442441264513407
BRA,BX:6355,2024,SEX_M,87,51.145,8.825547036378029e-4
BRA,BX:6355,2024,SEX_M,88,60.515,0.001044242797744484
BRA,BX:6355,2024,SEX_M,90,239.802,0.00413800729380687
BRA,BX:6355,2024,SEX_M,91,14.731,2.541971520048582e-4
BRA,BX:6355,2024,SEX_M,92,31.848,5.49566960630692e-4
BRA,BX:6355,2024,SEX_M,93,459.228,0.00792440769268122
BRA,BX:6355,2024,SEX_M,94,243.296,0.0041982995244161285
BRA,BX:6355,2024,SEX_M,95,621.715,0.01072827251094294
BRA,BX:6355,2024,SEX_M,96,808.186,0.013946003631131515
BRA,BX:6355,2024,SEX_M,97,494.938,0.008540617067339659
BRA,BX:6355,2024,SEX_M,99,3.168,5.4666796385268544e-5
BRB,BA:338,2023,SEX_F,1,0.412,0.006986129480788145
BRB,BA:338,2023,SEX_F,10,1,0.016956624953369283
BRB,BA:338,2023,SEX_F,11,0.171,0.002899582867026148
BRB,BA:338,2023,SEX_F,14,0.626,0.010614847220809171
BRB,BA:338,2023,SEX_F,18,0.194,0.0032895852409536414
BRB,BA:338,2023,SEX_F,20,0.105,0.0017804456201037748
BRB,BA:338,2023,SEX_F,25,0.188,0.0031878454912334254
BRB,BA:338,2023,SEX_F,31,0.11,0.0018652287448706214
BRB,BA:338,2023,SEX_F,35,0.716,0.012140943466612408
BRB,BA:338,2023,SEX_F,41,0.535,0.009071794350052568
BRB,BA:338,2023,SEX_F,45,0.227,0.0038491538644148276
BRB,BA:338,2023,SEX_F,46,0.79,0.013395733713161734
BRB,BA:338,2023,SEX_F,47,7.699,0.1305490555159901
BRB,BA:338,2023,SEX_F,49,0.331,0.005612642859565233
BRB,BA:338,2023,SEX_F,50,0.141,0.002390884118425069
BRB,BA:338,2023,SEX_F,51,0.529,0.008970054600332351
BRB,BA:338,2023,SEX_F,52,0.721,0.012225726591379254
BRB,BA:338,2023,SEX_F,55,4.072,0.06904737681011973
BRB,BA:338,2023,SEX_F,56,3.702,0.06277342557737309
BRB,BA:338,2023,SEX_F,58,0.188,0.0031878454912334254
BRB,BA:338,2023,SEX_F,61,0.502,0.00851222572659138
BRB,BA:338,2023,SEX_F,64,2.383,0.040407637263879005
BRB,BA:338,2023,SEX_F,65,1.441,0.02443449655780514
BRB,BA:338,2023,SEX_F,66,0.128,0.0021704479940312686
BRB,BA:338,2023,SEX_F,68,0.335,0.0056804693593787104
BRB,BA:338,2023,SEX_F,69,1.36,0.02306100993658223
BRB,BA:338,2023,SEX_F,73,0.098,0.00166174924543019
BRB,BA:338,2023,SEX_F,74,0.242,0.004103503238715367
BRB,BA:338,2023,SEX_F,77,0.179,0.003035235866653102
BRB,BA:338,2023,SEX_F,79,0.197,0.003340455115813749
BRB,BA:338,2023,SEX_F,80,1.114,0.018889680198053385
BRB,BA:338,2023,SEX_F,81,1.122,0.01902533319768034
BRB,BA:338,2023,SEX_F,82,0.333,0.005646556109471972
BRB,BA:338,2023,SEX_F,84,6.407,0.10864109607623701
BRB,BA:338,2023,SEX_F,85,4.13,0.07003086105741514
BRB,BA:338,2023,SEX_F,86,3.503,0.0593990572116526
BRB,BA:338,2023,SEX_F,87,0.698,0.01183572421745176
BRB,BA:338,2023,SEX_F,88,5.019,0.08510530064096045
BRB,BA:338,2023,SEX_F,90,0.354,0.006002645233492726
BRB,BA:338,2023,SEX_F,92,0.139,0.002356970868518331
BRB,BA:338,2023,SEX_F,93,0.353,0.005985688608539357
BRB,BA:338,2023,SEX_F,94,0.526,0.008919184725472243
BRB,BA:338,2023,SEX_F,95,0.141,0.002390884118425069
BRB,BA:338,2023,SEX_F,96,1.317,0.022331875063587348
BRB,BA:338,2023,SEX_F,97,3.23,0.05476989859938279
BRB,BA:338,2023,SEX_F,99,1.266,0.021467087190965514
BRB,BA:338,2023,SEX_M,1,0.889,0.014112903225806453
BRB,BA:338,2023,SEX_M,3,0.31,0.004921259842519685
BRB,BA:338,2023,SEX_M,10,1.756,0.027876555753111508
BRB,BA:338,2023,SEX_M,11,0.405,0.006429387858775718
BRB,BA:338,2023,SEX_M,14,0.172,0.002730505461010922
BRB,BA:338,2023,SEX_M,15,0.117,0.0018573787147574297
BRB,BA:338,2023,SEX_M,18,0.17,0.0026987553975107953
BRB,BA:338,2023,SEX_M,20,0.21,0.003333756667513335
BRB,BA:338,2023,SEX_M,25,0.829,0.013160401320802642
BRB,BA:338,2023,SEX_M,31,0.393,0.006238887477774956
BRB,BA:338,2023,SEX_M,32,0.111,0.0017621285242570485
BRB,BA:338,2023,SEX_M,35,0.957,0.01519240538481077
BRB,BA:338,2023,SEX_M,36,0.094,0.001492252984505969
BRB,BA:338,2023,SEX_M,38,0.42,0.00666751333502667
BRB,BA:338,2023,SEX_M,41,8.783,0.1394304038608077
BRB,BA:338,2023,SEX_M,42,0.116,0.0018415036830073661
BRB,BA:338,2023,SEX_M,43,0.925,0.014684404368808739
BRB,BA:338,2023,SEX_M,45,3.072,0.04876809753619508
BRB,BA:338,2023,SEX_M,46,1.134,0.01800228600457201
BRB,BA:338,2023,SEX_M,47,5.73,0.09096393192786387
BRB,BA:338,2023,SEX_M,49,2.121,0.03367094234188468
BRB,BA:338,2023,SEX_M,50,0.148,0.002349504699009398
BRB,BA:338,2023,SEX_M,51,0.539,0.008556642113284227
BRB,BA:338,2023,SEX_M,52,0.643,0.01020764541529083
BRB,BA:338,2023,SEX_M,53,0.319,0.005064135128270257
BRB,BA:338,2023,SEX_M,55,3.255,0.05167322834645669
BRB,BA:338,2023,SEX_M,56,2.075,0.03294069088138177
BRB,BA:338,2023,SEX_M,58,0.381,0.006048387096774194
BRB,BA:338,2023,SEX_M,61,0.352,0.005588011176022352
BRB,BA:338,2023,SEX_M,64,0.765,0.012144399288798579
BRB,BA:338,2023,SEX_M,65,0.513,0.008143891287782576
BRB,BA:338,2023,SEX_M,66,0.177,0.0028098806197612396
BRB,BA:338,2023,SEX_M,68,0.498,0.007905765811531624
BRB,BA:338,2023,SEX_M,69,0.468,0.007429514859029719
BRB,BA:338,2023,SEX_M,70,0.191,0.0030321310642621286
BRB,BA:338,2023,SEX_M,71,0.253,0.004016383032766066
BRB,BA:338,2023,SEX_M,74,0.418,0.006635763271526543
BRB,BA:338,2023,SEX_M,77,0.546,0.008667767335534673
BRB,BA:338,2023,SEX_M,79,0.144,0.002286004572009144
BRB,BA:338,2023,SEX_M,80,1.1,0.017462534925069852
BRB,BA:338,2023,SEX_M,81,1.867,0.029638684277368557
BRB,BA:338,2023,SEX_M,84,6.193,0.09831407162814325
BRB,BA:338,2023,SEX_M,85,1.896,0.030099060198120395
BRB,BA:338,2023,SEX_M,86,1.342,0.02130429260858522
BRB,BA:338,2023,SEX_M,88,5.067,0.08043878587757176
BRB,BA:338,2023,SEX_M,90,0.536,0.008509017018034037
BRB,BA:338,2023,SEX_M,93,0.548,0.008699517399034799
BRB,BA:338,2023,SEX_M,94,0.378,0.006000762001524004
BRB,BA:338,2023,SEX_M,95,0.608,0.009652019304038608
BRB,BA:338,2023,SEX_M,96,0.421,0.006683388366776733
BRB,BA:338,2023,SEX_M,97,1.149,0.018240411480822963
BRB,BA:338,2023,SEX_M,99,1.488,0.023622047244094488
BRN,BA:8230,2024,SEX_F,1,0.24,0.0027507793874931227
BRN,BA:8230,2024,SEX_F,6,1.171,0.013421511094810197
BRN,BA:8230,2024,SEX_F,9,0.403,0.004619017054832203
BRN,BA:8230,2024,SEX_F,10,1.409,0.016149367320740876
BRN,BA:8230,2024,SEX_F,14,0.949,0.010877040161379057
BRN,BA:8230,2024,SEX_F,18,0.241,0.002762240968274344
BRN,BA:8230,2024,SEX_F,19,0.918,0.010521731157161195
BRN,BA:8230,2024,SEX_F,20,0.247,0.002831010452961672
BRN,BA:8230,2024,SEX_F,33,0.218,0.002498624610306253
BRN,BA:8230,2024,SEX_F,35,0.284,0.003255088941866862
BRN,BA:8230,2024,SEX_F,38,0.136,0.0015587749862461032
BRN,BA:8230,2024,SEX_F,41,1.07,0.01226389143590684
BRN,BA:8230,2024,SEX_F,42,0.159,0.0018223913442141939
BRN,BA:8230,2024,SEX_F,43,0.992,0.011369888134971575
BRN,BA:8230,2024,SEX_F,45,1.019,0.011679350816064549
BRN,BA:8230,2024,SEX_F,46,2.46,0.02819548872180451
BRN,BA:8230,2024,SEX_F,47,8.182,0.09377865395195305
BRN,BA:8230,2024,SEX_F,49,0.166,0.0019026224096827435
BRN,BA:8230,2024,SEX_F,50,0.091,0.0010430038510911425
BRN,BA:8230,2024,SEX_F,51,0.682,0.007816798092792959
BRN,BA:8230,2024,SEX_F,52,0.646,0.0074041811846689894
BRN,BA:8230,2024,SEX_F,53,0.257,0.002945626260773886
BRN,BA:8230,2024,SEX_F,55,0.854,0.00978818998716303
BRN,BA:8230,2024,SEX_F,56,8.463,0.09699935815147624
BRN,BA:8230,2024,SEX_F,60,0.495,0.005673482486704566
BRN,BA:8230,2024,SEX_F,61,0.745,0.008538877682009902
BRN,BA:8230,2024,SEX_F,62,0.414,0.0047450944434256365
BRN,BA:8230,2024,SEX_F,64,2.129,0.024401705483220244
BRN,BA:8230,2024,SEX_F,65,0.786,0.009008802494039977
BRN,BA:8230,2024,SEX_F,68,0.861,0.009868421052631578
BRN,BA:8230,2024,SEX_F,69,1.016,0.011644966073720887
BRN,BA:8230,2024,SEX_F,71,0.836,0.009581881533101045
BRN,BA:8230,2024,SEX_F,74,0.267,0.0030602420685860994
BRN,BA:8230,2024,SEX_F,77,0.185,0.002120392444525949
BRN,BA:8230,2024,SEX_F,78,0.543,0.006223638364203191
BRN,BA:8230,2024,SEX_F,79,0.562,0.006441408399046397
BRN,BA:8230,2024,SEX_F,80,0.662,0.007587566477168531
BRN,BA:8230,2024,SEX_F,81,0.89,0.010200806895286997
BRN,BA:8230,2024,SEX_F,84,14.269,0.1635452961672474
BRN,BA:8230,2024,SEX_F,85,14.249,0.16331606455162295
BRN,BA:8230,2024,SEX_F,86,5.653,0.06479231615624426
BRN,BA:8230,2024,SEX_F,87,0.199,0.002280854575463048
BRN,BA:8230,2024,SEX_F,88,0.313,0.003587474784522281
BRN,BA:8230,2024,SEX_F,91,0.412,0.004722171281863194
BRN,BA:8230,2024,SEX_F,93,0.678,0.007770951769668073
BRN,BA:8230,2024,SEX_F,96,2.67,0.03060242068586099
BRN,BA:8230,2024,SEX_F,97,7.157,0.08203053365120117
BRN,BA:8230,2024,SEX_M,1,1.063,0.008022096612305579
BRN,BA:8230,2024,SEX_M,3,0.386,0.0029130096823611986
BRN,BA:8230,2024,SEX_M,6,2.522,0.019032669479054253
BRN,BA:8230,2024,SEX_M,8,0.336,0.002535676821951717
BRN,BA:8230,2024,SEX_M,9,2.749,0.020745760665313303
BRN,BA:8230,2024,SEX_M,10,0.733,0.005531699733603001
BRN,BA:8230,2024,SEX_M,14,2.115,0.015961179995321075
BRN,BA:8230,2024,SEX_M,18,0.299,0.0022564505052487
BRN,BA:8230,2024,SEX_M,19,4.493,0.03390713083639602
BRN,BA:8230,2024,SEX_M,20,0.771,0.005818472707514208
BRN,BA:8230,2024,SEX_M,23,0.35,0.0026413300228663714
BRN,BA:8230,2024,SEX_M,24,0.382,0.00288282305352844
BRN,BA:8230,2024,SEX_M,25,0.458,0.003456369001350852
BRN,BA:8230,2024,SEX_M,31,0.6,0.0045279943249137795
BRN,BA:8230,2024,SEX_M,33,0.366,0.0027620765381974055
BRN,BA:8230,2024,SEX_M,35,0.881,0.0066486050004150666
BRN,BA:8230,2024,SEX_M,36,0.454,0.0034261823725180935
BRN,BA:8230,2024,SEX_M,38,0.538,0.004060101578006023
BRN,BA:8230,2024,SEX_M,39,0.374,0.0028224497958629228
BRN,BA:8230,2024,SEX_M,41,17.457,0.13174199488336644
BRN,BA:8230,2024,SEX_M,42,0.694,0.005237380102483605
BRN,BA:8230,2024,SEX_M,43,4.26,0.03214875970688784
BRN,BA:8230,2024,SEX_M,45,5.294,0.03995200326015592
BRN,BA:8230,2024,SEX_M,46,3.314,0.025009621987940444
BRN,BA:8230,2024,SEX_M,47,8.312,0.06272781471447222
BRN,BA:8230,2024,SEX_M,49,0.719,0.005426046532688346
BRN,BA:8230,2024,SEX_M,50,0.737,0.00556188636243576
BRN,BA:8230,2024,SEX_M,51,1.087,0.0082032163853021315
BRN,BA:8230,2024,SEX_M,52,1.552,0.01171241198711031
BRN,BA:8230,2024,SEX_M,53,0.68,0.005131726901568951
BRN,BA:8230,2024,SEX_M,55,0.926,0.0069882045747836005
BRN,BA:8230,2024,SEX_M,56,10.961,0.08271890965896657
BRN,BA:8230,2024,SEX_M,60,0.458,0.003456369001350852
BRN,BA:8230,2024,SEX_M,61,0.965,0.0072825242059029955
BRN,BA:8230,2024,SEX_M,62,1.098,0.008286229614592218
BRN,BA:8230,2024,SEX_M,63,0.098,7.395724064025841e-4
BRN,BA:8230,2024,SEX_M,64,1.907,0.014391475296017631
BRN,BA:8230,2024,SEX_M,65,0.418,0.0031545027130232667
BRN,BA:8230,2024,SEX_M,68,0.774,0.005841112679138776
BRN,BA:8230,2024,SEX_M,69,0.452,0.0034110890581017144
BRN,BA:8230,2024,SEX_M,70,0.158,0.0011923718388939621
BRN,BA:8230,2024,SEX_M,71,2.969,0.02240602525111502
BRN,BA:8230,2024,SEX_M,74,0.377,0.002845089767487492
BRN,BA:8230,2024,SEX_M,77,0.486,0.0036676754031801616
BRN,BA:8230,2024,SEX_M,78,0.55,0.004150661464504299
BRN,BA:8230,2024,SEX_M,79,0.293,0.0022111705619995625
BRN,BA:8230,2024,SEX_M,80,3.072,0.023183330943558553
BRN,BA:8230,2024,SEX_M,81,1.13,0.0085277226452542855
BRN,BA:8230,2024,SEX_M,82,0.339,0.002558316793576286
BRN,BA:8230,2024,SEX_M,84,27.41,0.20685387407647784
BRN,BA:8230,2024,SEX_M,85,6.018,0.04541578307888521
BRN,BA:8230,2024,SEX_M,86,2.492,0.018806269762808567
BRN,BA:8230,2024,SEX_M,91,0.27,0.002037597446211201
BRN,BA:8230,2024,SEX_M,93,0.777,0.005863752650763345
BRN,BA:8230,2024,SEX_M,94,0.106,7.999456640681011e-4
BRN,BA:8230,2024,SEX_M,95,0.737,0.00556188636243576
BRN,BA:8230,2024,SEX_M,96,2.106,0.015893260080447367
BRN,BA:8230,2024,SEX_M,97,0.907,0.006844818087827997
BRN,BA:8230,2024,SEX_M,99,0.279,0.002105517361084908
BTN,BA:625,2024,SEX_F,1,75.855,0.5274264537167728
BTN,BA:625,2024,SEX_F,2,0.313,0.0021763163932944415
BTN,BA:625,2024,SEX_F,5,0.186,0.0012932742784433422
BTN,BA:625,2024,SEX_F,9,0.177,0.0012306964907767288
BTN,BA:625,2024,SEX_F,10,0.975,0.006779260330549778
BTN,BA:625,2024,SEX_F,11,0.675,0.004693334074996
BTN,BA:625,2024,SEX_F,13,7.202,0.0500761363083277
BTN,BA:625,2024,SEX_F,14,1.388,0.009650885475695477
BTN,BA:625,2024,SEX_F,16,0.119,8.274174147029985e-4
BTN,BA:625,2024,SEX_F,20,0.326,0.0022667065310351055
BTN,BA:625,2024,SEX_F,23,0.493,0.0034278721466267084
BTN,BA:625,2024,SEX_F,24,0.169,0.0011750717906286283
BTN,BA:625,2024,SEX_F,31,0.156,0.0010846816528879645
BTN,BA:625,2024,SEX_F,35,1.379,0.009588307688028866
BTN,BA:625,2024,SEX_F,41,0.283,0.0019677237677390635
BTN,BA:625,2024,SEX_F,42,1.247,0.008670500135585204
BTN,BA:625,2024,SEX_F,43,0.108,7.5093345199936e-4
BTN,BA:625,2024,SEX_F,45,0.615,0.004276148823885244
BTN,BA:625,2024,SEX_F,46,1.936,0.013461177435840379
BTN,BA:625,2024,SEX_F,47,16.366,0.11379423032797709
BTN,BA:625,2024,SEX_F,49,0.331,0.0023014719686276683
BTN,BA:625,2024,SEX_F,51,0.178,0.0012376495782952415
BTN,BA:625,2024,SEX_F,52,0.134,9.317137274806875e-4
BTN,BA:625,2024,SEX_F,55,3.058,0.02126254163161151
BTN,BA:625,2024,SEX_F,56,7.395,0.05141808219940062
BTN,BA:625,2024,SEX_F,60,0.2,0.0013906175037025187
BTN,BA:625,2024,SEX_F,61,0.437,0.0030384992455900033
BTN,BA:625,2024,SEX_F,62,0.157,0.001091634740406477
BTN,BA:625,2024,SEX_F,64,1.328,0.009233700224584723
BTN,BA:625,2024,SEX_F,65,0.182,0.0012654619283692919
BTN,BA:625,2024,SEX_F,68,0.16,0.0011124940029620149
BTN,BA:625,2024,SEX_F,70,0.126,8.760890273325867e-4
BTN,BA:625,2024,SEX_F,74,0.232,0.0016131163042949217
BTN,BA:625,2024,SEX_F,75,0.058,4.032790760737304e-4
BTN,BA:625,2024,SEX_F,78,0.108,7.5093345199936e-4
BTN,BA:625,2024,SEX_F,79,0.486,0.00337920053399712
BTN,BA:625,2024,SEX_F,80,0.125,8.691359398140742e-4
BTN,BA:625,2024,SEX_F,81,0.177,0.0012306964907767288
BTN,BA:625,2024,SEX_F,82,0.077,5.353877389254697e-4
BTN,BA:625,2024,SEX_F,84,5.596,0.03890947775359647
BTN,BA:625,2024,SEX_F,85,8.657,0.060192878647763515
BTN,BA:625,2024,SEX_F,86,2.486,0.017285375571022308
BTN,BA:625,2024,SEX_F,88,0.156,0.0010846816528879645
BTN,BA:625,2024,SEX_F,90,0.16,0.0011124940029620149
BTN,BA:625,2024,SEX_F,93,0.477,0.0033166227463305065
BTN,BA:625,2024,SEX_F,94,0.252,0.0017521780546651735
BTN,BA:625,2024,SEX_F,95,0.08,5.562470014810074e-4
BTN,BA:625,2024,SEX_F,96,0.74,0.005145284763699319
BTN,BA:625,2024,SEX_F,97,0.075,5.214815638884445e-4
BTN,BA:625,2024,SEX_F,99,0.225,0.0015644446916653334
BTN,BA:625,2024,SEX_M,1,76.993,0.34381237747779525
BTN,BA:625,2024,SEX_M,2,1.274,0.005689049250018978
BTN,BA:625,2024,SEX_M,5,1.077,0.004809345402096106
BTN,BA:625,2024,SEX_M,8,1.817,0.008113816709014508
BTN,BA:625,2024,SEX_M,9,0.565,0.0025230084978498605
BTN,BA:625,2024,SEX_M,10,1.016,0.004536949794363644
BTN,BA:625,2024,SEX_M,11,0.85,0.0037956765011900556
BTN,BA:625,2024,SEX_M,13,0.165,7.368077914074815e-4
BTN,BA:625,2024,SEX_M,14,0.857,0.0038269350135527974
BTN,BA:625,2024,SEX_M,16,2.501,0.011168219917030976
BTN,BA:625,2024,SEX_M,18,0.166,7.412732931735874e-4
BTN,BA:625,2024,SEX_M,20,0.438,0.001955889773554405
BTN,BA:625,2024,SEX_M,21,0.12,5.358602119327138e-4
BTN,BA:625,2024,SEX_M,23,2.235,0.009980396447246794
BTN,BA:625,2024,SEX_M,24,2.025,0.009042641076364544
BTN,BA:625,2024,SEX_M,25,0.28,0.0012503404945096656
BTN,BA:625,2024,SEX_M,31,3.046,0.013601918379558717
BTN,BA:625,2024,SEX_M,32,0.199,8.886348514550838e-4
BTN,BA:625,2024,SEX_M,33,0.62,0.002768611094985688
BTN,BA:625,2024,SEX_M,35,5.391,0.024073520021077165
BTN,BA:625,2024,SEX_M,38,0.109,4.867396925055483e-4
BTN,BA:625,2024,SEX_M,41,13.844,0.06182040644997074
BTN,BA:625,2024,SEX_M,42,5.824,0.02600708228580104
BTN,BA:625,2024,SEX_M,43,2.357,0.01052518766271172
BTN,BA:625,2024,SEX_M,45,3.547,0.0158391347643778
BTN,BA:625,2024,SEX_M,46,3.649,0.016294615944520606
BTN,BA:625,2024,SEX_M,47,12.175,0.05436748400233992
BTN,BA:625,2024,SEX_M,49,11.998,0.05357709018973916
BTN,BA:625,2024,SEX_M,51,0.385,0.00171921817995079
BTN,BA:625,2024,SEX_M,52,0.476,0.0021255788406664314
BTN,BA:625,2024,SEX_M,53,0.113,5.046016995699722e-4
BTN,BA:625,2024,SEX_M,55,3.188,0.014236019630345762
BTN,BA:625,2024,SEX_M,56,3.764,0.016808148647622787
BTN,BA:625,2024,SEX_M,59,0.45,0.0020094757947476767
BTN,BA:625,2024,SEX_M,60,0.317,0.0014155640598555856
BTN,BA:625,2024,SEX_M,61,0.854,0.0038135385082544797
BTN,BA:625,2024,SEX_M,62,0.57,0.0025453360066803902
BTN,BA:625,2024,SEX_M,63,0.24,0.0010717204238654275
BTN,BA:625,2024,SEX_M,64,2.305,0.01029298157087421
BTN,BA:625,2024,SEX_M,65,0.366,0.001634373646394777
BTN,BA:625,2024,SEX_M,68,0.292,0.0013039265157029367
BTN,BA:625,2024,SEX_M,69,0.322,0.0014378915686861153
BTN,BA:625,2024,SEX_M,70,0.216,9.645483814788848e-4
BTN,BA:625,2024,SEX_M,71,0.165,7.368077914074815e-4
BTN,BA:625,2024,SEX_M,74,0.18,8.037903178990706e-4
BTN,BA:625,2024,SEX_M,75,0.057,2.5453360066803905e-4
BTN,BA:625,2024,SEX_M,77,0.198,8.841693496889777e-4
BTN,BA:625,2024,SEX_M,78,0.227,0.0010136689009060502
BTN,BA:625,2024,SEX_M,79,3.743,0.016714373110534562
BTN,BA:625,2024,SEX_M,80,0.608,0.0027150250737924164
BTN,BA:625,2024,SEX_M,82,0.107,4.778086889733364e-4
BTN,BA:625,2024,SEX_M,84,24.454,0.10919938018835486
BTN,BA:625,2024,SEX_M,85,14.113,0.06302162642505324
BTN,BA:625,2024,SEX_M,86,3.708,0.016558080548720856
BTN,BA:625,2024,SEX_M,88,0.28,0.0012503404945096656
BTN,BA:625,2024,SEX_M,90,0.887,0.003960900066535976
BTN,BA:625,2024,SEX_M,93,0.515,0.002299733409544563
BTN,BA:625,2024,SEX_M,94,4.397,0.019634811265567854
BTN,BA:625,2024,SEX_M,95,0.146,6.519632578514683e-4
BTN,BA:625,2024,SEX_M,96,0.711,0.0031749717557013287
BTN,BA:625,2024,SEX_M,99,0.447,0.001996079289449359
BWA,BX:15710,2020,SEX_F,1,57.221,0.1410523772900274
BWA,BX:15710,2020,SEX_F,8,1.052,0.002593228026583052
BWA,BX:15710,2020,SEX_F,10,6.019,0.014837109783273185
BWA,BX:15710,2020,SEX_F,11,3.743,0.009226665877852057
BWA,BX:15710,2020,SEX_F,14,4.179,0.01030142578240549
BWA,BX:15710,2020,SEX_F,18,1.587,0.003912027450748388
BWA,BX:15710,2020,SEX_F,23,1.684,0.0041511368790549995
BWA,BX:15710,2020,SEX_F,29,1.125,0.0027731763592261727
BWA,BX:15710,2020,SEX_F,32,1.554,0.003830680944211087
BWA,BX:15710,2020,SEX_F,35,0.819,0.0020188723895166534
BWA,BX:15710,2020,SEX_F,36,1.549,0.003818355715947859
BWA,BX:15710,2020,SEX_F,38,0.792,0.0019523161568952257
BWA,BX:15710,2020,SEX_F,41,1.908,0.004703307105247589
BWA,BX:15710,2020,SEX_F,42,1.464,0.0036088268354729927
BWA,BX:15710,2020,SEX_F,43,0.571,0.0014075410676605729
BWA,BX:15710,2020,SEX_F,45,2.947,0.00726448953834625
BWA,BX:15710,2020,SEX_F,46,4.238,0.010446863475911575
BWA,BX:15710,2020,SEX_F,47,75.987,0.18731142400757259
BWA,BX:15710,2020,SEX_F,49,2.616,0.006448559427320594
BWA,BX:15710,2020,SEX_F,52,1.532,0.003776449939852886
BWA,BX:15710,2020,SEX_F,53,0.611,0.0015061428937663925
BWA,BX:15710,2020,SEX_F,55,6.474,0.015958705555226882
BWA,BX:15710,2020,SEX_F,56,12.184,0.030034116231832608
BWA,BX:15710,2020,SEX_F,61,0.542,0.001336054743733854
BWA,BX:15710,2020,SEX_F,64,3.726,0.009184760101757084
BWA,BX:15710,2020,SEX_F,65,1.394,0.0034362736397878083
BWA,BX:15710,2020,SEX_F,66,1.295,0.003192234120175905
BWA,BX:15710,2020,SEX_F,69,2.622,0.006463349701236467
BWA,BX:15710,2020,SEX_F,72,0.658,0.0016220000394407304
BWA,BX:15710,2020,SEX_F,73,0.642,0.0015825593089984027
BWA,BX:15710,2020,SEX_F,75,2.263,0.005578398311936737
BWA,BX:15710,2020,SEX_F,79,0.606,0.0014938176655031649
BWA,BX:15710,2020,SEX_F,80,8.639,0.02129552939320436
BWA,BX:15710,2020,SEX_F,81,8.467,0.020871541540949338
BWA,BX:15710,2020,SEX_F,82,1.081,0.0026647143505097713
BWA,BX:15710,2020,SEX_F,84,82.835,0.20419205663688889
BWA,BX:15710,2020,SEX_F,85,51.621,0.12724812163521268
BWA,BX:15710,2020,SEX_F,86,15.153,0.03735283677453706
BWA,BX:15710,2020,SEX_F,87,0.884,0.0021791003569386104
BWA,BX:15710,2020,SEX_F,88,1.078,0.002657319213551835
BWA,BX:15710,2020,SEX_F,91,0.934,0.0023023526395708847
BWA,BX:15710,2020,SEX_F,94,0.908,0.002238261452602102
BWA,BX:15710,2020,SEX_F,96,7.113,0.017533869727267348
BWA,BX:15710,2020,SEX_F,97,21.355,0.05264104991224437
BWA,BX:15710,2020,SEX_M,1,106.148,0.24620765797945862
BWA,BX:15710,2020,SEX_M,2,0.485,0.0011249454923318144
BWA,BX:15710,2020,SEX_M,3,1.113,0.00258157594425837
BWA,BX:15710,2020,SEX_M,7,1.129,0.0026186875481291104
BWA,BX:15710,2020,SEX_M,8,5.797,0.013445997977417582
BWA,BX:15710,2020,SEX_M,9,0.761,0.0017651206591020841
BWA,BX:15710,2020,SEX_M,10,6.08,0.014102409470881302
BWA,BX:15710,2020,SEX_M,11,1.4,0.0032472653386897733
BWA,BX:15710,2020,SEX_M,14,1.209,0.0028042455674828115
BWA,BX:15710,2020,SEX_M,16,1.55,0.0035951866249779637
BWA,BX:15710,2020,SEX_M,18,0.376,8.721226909623963e-4
BWA,BX:15710,2020,SEX_M,22,0.784,0.0018184685896662732
BWA,BX:15710,2020,SEX_M,23,5.789,0.013427442175482213
BWA,BX:15710,2020,SEX_M,24,0.878,0.002036499262406872
BWA,BX:15710,2020,SEX_M,25,4.252,0.009862408728649226
BWA,BX:15710,2020,SEX_M,27,0.82,0.0019019696983754387
BWA,BX:15710,2020,SEX_M,29,0.67,0.0015540484120872488
BWA,BX:15710,2020,SEX_M,31,1.802,0.004179694385942123
BWA,BX:15710,2020,SEX_M,33,1.845,0.004279431821344737
BWA,BX:15710,2020,SEX_M,35,1.442,0.0033446832988504667
BWA,BX:15710,2020,SEX_M,36,4.725,0.010959520518077985
BWA,BX:15710,2020,SEX_M,38,1.673,0.0038804820797342793
BWA,BX:15710,2020,SEX_M,41,30.768,0.07136561424343354
BWA,BX:15710,2020,SEX_M,42,4.934,0.01144429084363953
BWA,BX:15710,2020,SEX_M,43,15.437,0.03580573930953859
BWA,BX:15710,2020,SEX_M,45,15.835,0.03672889045582326
BWA,BX:15710,2020,SEX_M,46,7.403,0.017171075215943136
BWA,BX:15710,2020,SEX_M,47,31.159,0.07227252906302475
BWA,BX:15710,2020,SEX_M,49,17.919,0.04156267685998718
BWA,BX:15710,2020,SEX_M,52,2.612,0.0060584693318983494
BWA,BX:15710,2020,SEX_M,53,0.809,0.001876455470714305
BWA,BX:15710,2020,SEX_M,55,3.723,0.008635406325672876
BWA,BX:15710,2020,SEX_M,56,3.701,0.008584377870350608
BWA,BX:15710,2020,SEX_M,58,0.958,0.0022220572817605736
BWA,BX:15710,2020,SEX_M,60,0.668,0.0015494094616034064
BWA,BX:15710,2020,SEX_M,61,1.6,0.003711160387074027
BWA,BX:15710,2020,SEX_M,64,3.029,0.007025690507779517
BWA,BX:15710,2020,SEX_M,65,0.581,0.001347615115556256
BWA,BX:15710,2020,SEX_M,66,0.804,0.0018648580945046986
BWA,BX:15710,2020,SEX_M,68,0.927,0.0021501535492610144
BWA,BX:15710,2020,SEX_M,69,0.506,0.001173654472412161
BWA,BX:15710,2020,SEX_M,71,1.069,0.0024795190336138343
BWA,BX:15710,2020,SEX_M,72,0.262,6.07702513383372e-4
BWA,BX:15710,2020,SEX_M,74,0.451,0.0010460833341064913
BWA,BX:15710,2020,SEX_M,75,1.129,0.0026186875481291104
BWA,BX:15710,2020,SEX_M,77,0.85,0.0019715539556330766
BWA,BX:15710,2020,SEX_M,79,1.35,0.0031312915765937103
BWA,BX:15710,2020,SEX_M,80,26.577,0.06164469350454151
BWA,BX:15710,2020,SEX_M,81,1.495,0.003467615486672294
BWA,BX:15710,2020,SEX_M,82,1.246,0.0028900661514338986
BWA,BX:15710,2020,SEX_M,84,57.118,0.13248378686805892
BWA,BX:15710,2020,SEX_M,85,20.615,0.04781598211220691
BWA,BX:15710,2020,SEX_M,86,7.275,0.016874182384977218
BWA,BX:15710,2020,SEX_M,87,0.435,0.001008971730235751
BWA,BX:15710,2020,SEX_M,88,0.845,0.0019599565794234703
BWA,BX:15710,2020,SEX_M,91,0.423,9.811380273326959e-4
BWA,BX:15710,2020,SEX_M,93,1.424,0.003302932744495884
BWA,BX:15710,2020,SEX_M,94,1.234,0.0028622324485308433
BWA,BX:15710,2020,SEX_M,95,2.905,0.00673807557778128
BWA,BX:15710,2020,SEX_M,96,2.865,0.00664529656810443
BWA,BX:15710,2020,SEX_M,97,6.845,0.01587680803095107
BWA,BX:15710,2020,SEX_M,99,0.618,0.001433435699507343
CHE,BA:253,2024,SEX_F,1,30.573,0.014277668499184612
CHE,BA:253,2024,SEX_F,10,29.321,0.013692981325502633
CHE,BA:253,2024,SEX_F,11,0.792,3.698660076326894e-4
CHE,BA:253,2024,SEX_F,12,0.49,2.2883124209598207e-4
CHE,BA:253,2024,SEX_F,13,1.95,9.106549430350307e-4
CHE,BA:253,2024,SEX_F,14,1.511,7.056408302184263e-4
CHE,BA:253,2024,SEX_F,15,1.296,6.052352852171281e-4
CHE,BA:253,2024,SEX_F,16,5.384,0.002514341647846464
CHE,BA:253,2024,SEX_F,17,1.921,8.971118695232276e-4
CHE,BA:253,2024,SEX_F,18,3.773,0.001762000564139062
CHE,BA:253,2024,SEX_F,20,7.127,0.0033283270661593144
CHE,BA:253,2024,SEX_F,21,14.936,0.006975149861113445
CHE,BA:253,2024,SEX_F,22,4.844,0.002262160279005994
CHE,BA:253,2024,SEX_F,23,3.143,0.0014677889671585135
CHE,BA:253,2024,SEX_F,24,1.108,5.174388086578534e-4
CHE,BA:253,2024,SEX_F,25,14.283,0.006670197205830432
CHE,BA:253,2024,SEX_F,26,35.65,0.01664864036881992
CHE,BA:253,2024,SEX_F,27,7.74,0.003614599620046737
CHE,BA:253,2024,SEX_F,28,15.165,0.0070820934416031996
CHE,BA:253,2024,SEX_F,30,1.778,8.30330507033992e-4
CHE,BA:253,2024,SEX_F,31,1.754,8.191224461966378e-4
CHE,BA:253,2024,SEX_F,32,10.557,0.004930145760831189
CHE,BA:253,2024,SEX_F,33,2.306,0.001076907845455785
CHE,BA:253,2024,SEX_F,35,6.869,0.0032078404121577567
CHE,BA:253,2024,SEX_F,37,0.678,3.166277186552568e-4
CHE,BA:253,2024,SEX_F,38,2.202,0.00102833958182725
CHE,BA:253,2024,SEX_F,41,7.957,0.003715939170117815
CHE,BA:253,2024,SEX_F,42,2.513,0.0011735773701779652
CHE,BA:253,2024,SEX_F,43,26.379,0.012319059867856962
CHE,BA:253,2024,SEX_F,45,16.045,0.007493055672306189
CHE,BA:253,2024,SEX_F,46,67.348,0.03145168671975551
CHE,BA:253,2024,SEX_F,47,179.343,0.0837536356147341
CHE,BA:253,2024,SEX_F,49,21.821,0.010190462313829439
CHE,BA:253,2024,SEX_F,50,0.645,3.012166350038948e-4
CHE,BA:253,2024,SEX_F,51,4.293,0.0020048418822817366
CHE,BA:253,2024,SEX_F,52,15.418,0.0072002450829303085
CHE,BA:253,2024,SEX_F,53,14.28,0.0066687961982257625
CHE,BA:253,2024,SEX_F,55,26.948,0.012584784310209235
CHE,BA:253,2024,SEX_F,56,64.325,0.03003993805678377
CHE,BA:253,2024,SEX_F,58,7.149,0.0033386011219268892
CHE,BA:253,2024,SEX_F,59,2.095,9.783703105940458e-4
CHE,BA:253,2024,SEX_F,60,4.407,0.0020580801712591695
CHE,BA:253,2024,SEX_F,61,4.078,0.0019044363372804386
CHE,BA:253,2024,SEX_F,62,25.24,0.011787143980617525
CHE,BA:253,2024,SEX_F,63,3.989,0.00186287311167525
CHE,BA:253,2024,SEX_F,64,53.591,0.025027132847277093
CHE,BA:253,2024,SEX_F,65,24.423,0.011405602909612591
CHE,BA:253,2024,SEX_F,66,27.298,0.01274823519742065
CHE,BA:253,2024,SEX_F,68,29.248,0.013658890140455682
CHE,BA:253,2024,SEX_F,69,41.445,0.019354920058506076
CHE,BA:253,2024,SEX_F,70,54.754,0.02557025679535388
CHE,BA:253,2024,SEX_F,71,44.603,0.020829714063687936
CHE,BA:253,2024,SEX_F,72,14.285,0.006671131210900212
CHE,BA:253,2024,SEX_F,73,7.768,0.0036276756910236505
CHE,BA:253,2024,SEX_F,74,16.145,0.007539755925795164
CHE,BA:253,2024,SEX_F,75,6.484,0.0030280444362251993
CHE,BA:253,2024,SEX_F,77,1.899,8.868378137556529e-4
CHE,BA:253,2024,SEX_F,78,11.712,0.005469533688628861
CHE,BA:253,2024,SEX_F,79,8.36,0.003904141191678388
CHE,BA:253,2024,SEX_F,80,3.438,0.0016055547149509926
CHE,BA:253,2024,SEX_F,81,39.955,0.018659086281520333
CHE,BA:253,2024,SEX_F,82,9.047,0.004224971933147653
CHE,BA:253,2024,SEX_F,84,118.588,0.05538089660750677
CHE,BA:253,2024,SEX_F,85,213.422,0.09966861500124222
CHE,BA:253,2024,SEX_F,86,299.48,0.13985791914878512
CHE,BA:253,2024,SEX_F,87,126.31,0.0589870901819255
CHE,BA:253,2024,SEX_F,88,99.812,0.046612457012416654
CHE,BA:253,2024,SEX_F,90,9.184,0.004288951280427549
CHE,BA:253,2024,SEX_F,91,12.072,0.005637654601189175
CHE,BA:253,2024,SEX_F,92,0.845,3.9461714198184663e-4
CHE,BA:253,2024,SEX_F,93,18.534,0.008655424981646799
CHE,BA:253,2024,SEX_F,94,51.881,0.024228558512615603
CHE,BA:253,2024,SEX_F,95,1.882,8.78898770662527e-4
CHE,BA:253,2024,SEX_F,96,45.525,0.021260290400856294
CHE,BA:253,2024,SEX_F,97,44.982,0.021006708024411153
CHE,BA:253,2024,SEX_F,99,2.92,0.0013636474018780972
CHE,BA:253,2024,SEX_M,1,59.573,0.024337105660287944
CHE,BA:253,2024,SEX_M,2,5.68,0.002320426370175004
CHE,BA:253,2024,SEX_M,8,3.476,0.001420035574423999
CHE,BA:253,2024,SEX_M,10,36.004,0.014708561801369868
CHE,BA:253,2024,SEX_M,11,5.05,0.0020630551354548893
CHE,BA:253,2024,SEX_M,12,0.584,2.3857904932785253e-4
CHE,BA:253,2024,SEX_M,13,3.14,0.0012827709159066046
CHE,BA:253,2024,SEX_M,14,1.031,4.21190068248315e-4
CHE,BA:253,2024,SEX_M,15,0.831,3.3948491436891346e-4
CHE,BA:253,2024,SEX_M,16,28.623,0.011693233097450554
CHE,BA:253,2024,SEX_M,17,4.753,0.001941722981943978
CHE,BA:253,2024,SEX_M,18,7.387,0.0030177798585356965
CHE,BA:253,2024,SEX_M,20,13.432,0.005487318134540608
CHE,BA:253,2024,SEX_M,21,24.179,0.00987774457825025
CHE,BA:253,2024,SEX_M,22,11.317,0.004623286132265937
CHE,BA:253,2024,SEX_M,23,13.036,0.005325541929859393
CHE,BA:253,2024,SEX_M,24,7.349,0.00300225587929861
CHE,BA:253,2024,SEX_M,25,54.915,0.022434192626436682
CHE,BA:253,2024,SEX_M,26,57.137,0.023341936886036835
CHE,BA:253,2024,SEX_M,27,17.287,0.007062184975566073
CHE,BA:253,2024,SEX_M,28,62.658,0.025597407658877715
CHE,BA:253,2024,SEX_M,29,3.312,0.0013530373482428897
CHE,BA:253,2024,SEX_M,30,9.721,0.003971279004308313
CHE,BA:253,2024,SEX_M,31,6.205,0.0025349023991084333
CHE,BA:253,2024,SEX_M,32,11.691,0.004776074770020418
CHE,BA:253,2024,SEX_M,33,13.914,0.005684227555389967
CHE,BA:253,2024,SEX_M,35,25.992,0.010618401798167027
CHE,BA:253,2024,SEX_M,36,2.211,9.032504761367842e-4
CHE,BA:253,2024,SEX_M,37,4.28,0.0017484902930191934
CHE,BA:253,2024,SEX_M,38,8.206,0.003352362463671846
CHE,BA:253,2024,SEX_M,41,61.25,0.025022203375566727
CHE,BA:253,2024,SEX_M,42,16.436,0.00671452954580922
CHE,BA:253,2024,SEX_M,43,190.339,0.07775838642125707
CHE,BA:253,2024,SEX_M,45,62.902,0.025697087946610585
CHE,BA:253,2024,SEX_M,46,119.818,0.04894874063761068
CHE,BA:253,2024,SEX_M,47,86.564,0.03536362470208258
CHE,BA:253,2024,SEX_M,49,84.093,0.034354157525902575
CHE,BA:253,2024,SEX_M,50,1.391,5.682593452312378e-4
CHE,BA:253,2024,SEX_M,51,5.154,0.002105541815472178
CHE,BA:253,2024,SEX_M,52,32.177,0.01314513368188752
CHE,BA:253,2024,SEX_M,53,23.773,0.009711883115875066
CHE,BA:253,2024,SEX_M,55,22.679,0.009264955924154739
CHE,BA:253,2024,SEX_M,56,62.361,0.0254760755053668
CHE,BA:253,2024,SEX_M,58,7.637,0.0031199113008849484
CHE,BA:253,2024,SEX_M,59,5.914,0.002416021400213904
CHE,BA:253,2024,SEX_M,60,4.761,0.0019449911880991542
CHE,BA:253,2024,SEX_M,61,15.228,0.006221030416377634
CHE,BA:253,2024,SEX_M,62,93.813,0.03832502800444149
CHE,BA:253,2024,SEX_M,63,5.118,0.002090834887773886
CHE,BA:253,2024,SEX_M,64,80.309,0.032808296014504294
CHE,BA:253,2024,SEX_M,65,22.561,0.009216749883365892
CHE,BA:253,2024,SEX_M,66,44.137,0.018031101883875734
CHE,BA:253,2024,SEX_M,68,29.27,0.011957549270250417
CHE,BA:253,2024,SEX_M,69,31.756,0.01297314433297138
CHE,BA:253,2024,SEX_M,70,77.991,0.031861333281042035
CHE,BA:253,2024,SEX_M,71,98.802,0.04036316306796316
CHE,BA:253,2024,SEX_M,72,17.923,0.00732200736490257
CHE,BA:253,2024,SEX_M,73,8.006,0.0032706573097924445
CHE,BA:253,2024,SEX_M,74,18.262,0.007460497600728156
CHE,BA:253,2024,SEX_M,75,1.982,8.096980749448694e-4
CHE,BA:253,2024,SEX_M,77,7.251,0.0029622203538977035
CHE,BA:253,2024,SEX_M,78,18.98,0.007753819103155208
CHE,BA:253,2024,SEX_M,79,5.109,0.0020871581558493126
CHE,BA:253,2024,SEX_M,80,12.482,0.005099218653613451
CHE,BA:253,2024,SEX_M,81,47.928,0.019579823075659787
CHE,BA:253,2024,SEX_M,82,6.321,0.002582291388358486
CHE,BA:253,2024,SEX_M,84,123.569,0.050481120798618856
CHE,BA:253,2024,SEX_M,85,118.784,0.04852632499205418
CHE,BA:253,2024,SEX_M,86,92.9,0.03795204397698203
CHE,BA:253,2024,SEX_M,87,45.179,0.018456785735587417
CHE,BA:253,2024,SEX_M,88,37.984,0.015517442824775945
CHE,BA:253,2024,SEX_M,90,9.175,0.003748223934217547
CHE,BA:253,2024,SEX_M,91,5.394,0.00220358800012746
CHE,BA:253,2024,SEX_M,92,0.783,3.198756774378571e-4
CHE,BA:253,2024,SEX_M,93,18.356,0.0074988990230514755
CHE,BA:253,2024,SEX_M,94,31.904,0.013033606146842137
CHE,BA:253,2024,SEX_M,95,2.655,0.0010846359177490556
CHE,BA:253,2024,SEX_M,96,10.914,0.0044586502471989425
CHE,BA:253,2024,SEX_M,97,15.086,0.0061630197571232595
CHE,BA:253,2024,SEX_M,99,1.691,6.908170760503402e-4
CHL,BX:138,2020,SEX_F,1,131.811,0.03963247703658
CHL,BX:138,2020,SEX_F,2,3.593,0.0010803308524511
CHL,BX:138,2020,SEX_F,3,14.065,0.0042290157082451214
CHL,BX:138,2020,SEX_F,7,10.753,0.003233174966993231
CHL,BX:138,2020,SEX_F,8,5.593,0.001681683957071807
CHL,BX:138,2020,SEX_F,9,4.512,0.0013566526040243148
CHL,BX:138,2020,SEX_F,10,106.531,0.03203137379417427
CHL,BX:138,2020,SEX_F,11,4.723,0.0014200953565617995
CHL,BX:138,2020,SEX_F,14,32.866,0.009882035568232077
CHL,BX:138,2020,SEX_F,16,2.766,8.316713436904377e-4
CHL,BX:138,2020,SEX_F,17,3.733,0.0011224255697745496
CHL,BX:138,2020,SEX_F,18,6.274,0.0018864446891951577
CHL,BX:138,2020,SEX_F,20,5.99,0.0018010525483390175
CHL,BX:138,2020,SEX_F,21,6.928,0.002083087154406129
CHL,BX:138,2020,SEX_F,22,1.042,3.133049675073883e-4
CHL,BX:138,2020,SEX_F,23,2.303,6.92458099970744e-4
CHL,BX:138,2020,SEX_F,25,4.095,0.0012312704817108973
CHL,BX:138,2020,SEX_F,27,3.165,9.516412880622687e-4
CHL,BX:138,2020,SEX_F,31,5.171,0.001554798451996838
CHL,BX:138,2020,SEX_F,32,5.096,0.0015322477105735614
CHL,BX:138,2020,SEX_F,33,4.126,0.0012405914548325185
CHL,BX:138,2020,SEX_F,35,8.853,0.002661889517603559
CHL,BX:138,2020,SEX_F,36,3.769,0.0011332499256577224
CHL,BX:138,2020,SEX_F,38,2.197,6.605863854258466e-4
CHL,BX:138,2020,SEX_F,41,37.235,0.011195691425276011
CHL,BX:138,2020,SEX_F,42,4.377,0.001316061269462417
CHL,BX:138,2020,SEX_F,43,6.493,0.0019522928541511253
CHL,BX:138,2020,SEX_F,45,16.979,0.005105187181677491
CHL,BX:138,2020,SEX_F,47,683.869,0.20562337315192913
CHL,BX:138,2020,SEX_F,49,28.734,0.008639640054085697
CHL,BX:138,2020,SEX_F,50,2.043,6.142821963700522e-4
CHL,BX:138,2020,SEX_F,51,5.333,0.0016035080534711151
CHL,BX:138,2020,SEX_F,52,17.342,0.00521433277016615
CHL,BX:138,2020,SEX_F,53,7.44,0.00223703354918903
CHL,BX:138,2020,SEX_F,55,15.865,0.004770233502403758
CHL,BX:138,2020,SEX_F,56,191.656,0.05762646530959311
CHL,BX:138,2020,SEX_F,58,3.262,9.80806913636373e-4
CHL,BX:138,2020,SEX_F,59,0.929,2.793285170963184e-4
CHL,BX:138,2020,SEX_F,60,2.785,8.373841981843344e-4
CHL,BX:138,2020,SEX_F,61,23.366,0.007025608321283719
CHL,BX:138,2020,SEX_F,62,13.717,0.004124380268041119
CHL,BX:138,2020,SEX_F,63,0.555,1.668754865322462e-4
CHL,BX:138,2020,SEX_F,64,48.559,0.014600552703638454
CHL,BX:138,2020,SEX_F,65,22.123,0.00665186736676195
CHL,BX:138,2020,SEX_F,66,9.325,0.0028038088502940458
CHL,BX:138,2020,SEX_F,68,28.851,0.008674819210706008
CHL,BX:138,2020,SEX_F,69,65.452,0.019679881701817257
CHL,BX:138,2020,SEX_F,70,5.005,0.001504886144313319
CHL,BX:138,2020,SEX_F,71,21.082,0.006338863075806872
CHL,BX:138,2020,SEX_F,72,6.014,0.0018082687855944658
CHL,BX:138,2020,SEX_F,73,17.062,0.0051301433355192515
CHL,BX:138,2020,SEX_F,74,19.583,0.005888148923893652
CHL,BX:138,2020,SEX_F,75,7.846,0.0023591082294270333
CHL,BX:138,2020,SEX_F,77,4.158,0.00125021310450645
CHL,BX:138,2020,SEX_F,78,10.588,0.0031835633358620226
CHL,BX:138,2020,SEX_F,79,5.254,0.001579754605838597
CHL,BX:138,2020,SEX_F,80,20.575,0.006186420063785523
CHL,BX:138,2020,SEX_F,81,85.148,0.025602007076121976
CHL,BX:138,2020,SEX_F,82,23.623,0.0071028821952274805
CHL,BX:138,2020,SEX_F,84,166.235,0.04998296667331161
CHL,BX:138,2020,SEX_F,85,504.942,0.15182421967669452
CHL,BX:138,2020,SEX_F,86,345.173,0.10378542759062165
CHL,BX:138,2020,SEX_F,87,20.318,0.006109146189841762
CHL,BX:138,2020,SEX_F,88,6.828,0.0020530194991750937
CHL,BX:138,2020,SEX_F,90,7.122,0.0021414184055543375
CHL,BX:138,2020,SEX_F,91,3.811,0.001145878340854757
CHL,BX:138,2020,SEX_F,92,4.727,0.001421298062771041
CHL,BX:138,2020,SEX_F,93,9.029,0.0027148085908101816
CHL,BX:138,2020,SEX_F,94,23.205,0.006977199396361752
CHL,BX:138,2020,SEX_F,95,29.367,0.00882996831169815
CHL,BX:138,2020,SEX_F,96,75.901,0.022821650996908138
CHL,BX:138,2020,SEX_F,97,286.193,0.08605152453535699
CHL,BX:138,2020,SEX_F,99,0.799,2.4024056529597243e-4
CHL,BX:138,2020,SEX_M,1,283.573,0.07207755632802582
CHL,BX:138,2020,SEX_M,2,35.155,0.008935570356528116
CHL,BX:138,2020,SEX_M,3,48.618,0.012357546852330651
CHL,BX:138,2020,SEX_M,5,4.069,0.0010342436575369906
CHL,BX:138,2020,SEX_M,6,2.924,7.432117116338561e-4
CHL,BX:138,2020,SEX_M,7,85.835,0.021817228887856376
CHL,BX:138,2020,SEX_M,8,23.911,0.006077611230122139
CHL,BX:138,2020,SEX_M,9,15.949,0.004053858956514491
CHL,BX:138,2020,SEX_M,10,92.748,0.0235743501472698
CHL,BX:138,2020,SEX_M,11,19.958,0.005072852031733413
CHL,BX:138,2020,SEX_M,14,13.613,0.003460102951597703
CHL,BX:138,2020,SEX_M,16,28.565,0.007260548065260295
CHL,BX:138,2020,SEX_M,17,12.238,0.003110610440141974
CHL,BX:138,2020,SEX_M,18,11.482,0.002918453102934315
CHL,BX:138,2020,SEX_M,19,0.914,2.3231720397857202e-4
CHL,BX:138,2020,SEX_M,20,13.242,0.0033658035175976484
CHL,BX:138,2020,SEX_M,21,5.64,0.0014335547378984091
CHL,BX:138,2020,SEX_M,22,11.704,0.0029748802575111674
CHL,BX:138,2020,SEX_M,23,11.909,0.003026986413764567
CHL,BX:138,2020,SEX_M,24,4.853,0.0012335179331597482
CHL,BX:138,2020,SEX_M,25,62.503,0.015886785777103594
CHL,BX:138,2020,SEX_M,27,13.645,0.0034682365955006726
CHL,BX:138,2020,SEX_M,30,2.841,7.221150727605286e-4
CHL,BX:138,2020,SEX_M,31,36.578,0.0092972633338383
CHL,BX:138,2020,SEX_M,32,6.645,0.0016890019917260512
CHL,BX:138,2020,SEX_M,33,49.974,0.01270221001271899
CHL,BX:138,2020,SEX_M,35,33.591,0.008538038510770472
CHL,BX:138,2020,SEX_M,36,18.201,0.004626264146185984
CHL,BX:138,2020,SEX_M,37,0.991,2.518887846200928e-4
CHL,BX:138,2020,SEX_M,38,15.035,0.0038215417525359193
CHL,BX:138,2020,SEX_M,39,0.668,1.6978981647449245e-4
CHL,BX:138,2020,SEX_M,41,340.998,0.0866736344882769
CHL,BX:138,2020,SEX_M,42,35.15,0.008934299474668278
CHL,BX:138,2020,SEX_M,43,198.178,0.05037216504383528
CHL,BX:138,2020,SEX_M,45,140.531,0.035719659729007334
CHL,BX:138,2020,SEX_M,47,562.457,0.1429632796478946
CHL,BX:138,2020,SEX_M,49,264.178,0.06714780559371028
CHL,BX:138,2020,SEX_M,50,8.101,0.0020590827893111727
CHL,BX:138,2020,SEX_M,51,5.933,0.0015080284148849756
CHL,BX:138,2020,SEX_M,52,44.241,0.011245016872227575
CHL,BX:138,2020,SEX_M,53,20.934,0.0053209281707739895
CHL,BX:138,2020,SEX_M,55,9.939,0.002526258960987995
CHL,BX:138,2020,SEX_M,56,113.836,0.02893442147932683
CHL,BX:138,2020,SEX_M,58,4.046,0.0010283976009817313
CHL,BX:138,2020,SEX_M,59,3.767,9.574823932027142e-4
CHL,BX:138,2020,SEX_M,60,6.444,0.001637912540960523
CHL,BX:138,2020,SEX_M,61,45.794,0.011639752777893572
CHL,BX:138,2020,SEX_M,62,52.266,0.013284782257269194
CHL,BX:138,2020,SEX_M,63,1.624,4.127824280757122e-4
CHL,BX:138,2020,SEX_M,64,42.081,0.010695995908777121
CHL,BX:138,2020,SEX_M,65,14.239,0.003619217360449548
CHL,BX:138,2020,SEX_M,66,6.146,0.0015621679821141176
CHL,BX:138,2020,SEX_M,68,25.343,0.0064415917947800334
CHL,BX:138,2020,SEX_M,69,48.548,0.012339754506292903
CHL,BX:138,2020,SEX_M,70,7.035,0.0017881307767934947
CHL,BX:138,2020,SEX_M,71,50.306,0.012786596568212301
CHL,BX:138,2020,SEX_M,72,6.192,0.0015738600952246366
CHL,BX:138,2020,SEX_M,73,17.828,0.004531456359441993
CHL,BX:138,2020,SEX_M,74,17.098,0.004345907607905496
CHL,BX:138,2020,SEX_M,75,4.19,0.0010649989985450949
CHL,BX:138,2020,SEX_M,77,8.809,0.002239039660664377
CHL,BX:138,2020,SEX_M,78,8.023,0.002039257032297684
CHL,BX:138,2020,SEX_M,79,7.044,0.0017904183641412048
CHL,BX:138,2020,SEX_M,80,87.895,0.02234083221411005
CHL,BX:138,2020,SEX_M,81,76.518,0.019449067630232356
CHL,BX:138,2020,SEX_M,82,13.826,0.0035142425188268455
CHL,BX:138,2020,SEX_M,84,195.089,0.04958701423082673
CHL,BX:138,2020,SEX_M,85,189.225,0.048096523985607535
CHL,BX:138,2020,SEX_M,86,135.826,0.03452375989889882
CHL,BX:138,2020,SEX_M,87,2.824,7.177940744370759e-4
CHL,BX:138,2020,SEX_M,88,1.953,4.964064544531194e-4
CHL,BX:138,2020,SEX_M,90,6.038,0.001534716933941595
CHL,BX:138,2020,SEX_M,91,2.678,6.806843241297766e-4
CHL,BX:138,2020,SEX_M,92,3.395,8.629287828306914e-4
CHL,BX:138,2020,SEX_M,93,16.372,0.004161375561856872
CHL,BX:138,2020,SEX_M,94,25.831,0.006565629864300321
CHL,BX:138,2020,SEX_M,95,24.582,0.006248163575712535
CHL,BX:138,2020,SEX_M,96,27.309,0.006941302542068734
CHL,BX:138,2020,SEX_M,97,36.044,0.009161533151207492
COL,BA:358,2024,SEX_F,1,554.269,0.05805873740165969
COL,BA:358,2024,SEX_F,2,3.394,3.555157418892866e-4
COL,BA:358,2024,SEX_F,3,14.516,0.0015205263727946035
COL,BA:358,2024,SEX_F,5,4.15,4.347054592930287e-4
COL,BA:358,2024,SEX_F,6,8.521,8.925602936472042e-4
COL,BA:358,2024,SEX_F,7,28.451,0.002980193981288183
COL,BA:358,2024,SEX_F,8,3.834,4.01604995404692e-4
COL,BA:358,2024,SEX_F,9,3.697,3.8725447783284986e-4
COL,BA:358,2024,SEX_F,10,248.901,0.026071957475540756
COL,BA:358,2024,SEX_F,11,20.619,0.002159805268713966
COL,BA:358,2024,SEX_F,12,2.314,2.42387574169655e-4
COL,BA:358,2024,SEX_F,13,41.033,0.004298137135221891
COL,BA:358,2024,SEX_F,14,311.576,0.03263705739389993
COL,BA:358,2024,SEX_F,15,109.531,0.011473186424536078
COL,BA:358,2024,SEX_F,16,24.927,0.002611060959951163
COL,BA:358,2024,SEX_F,17,10.967,0.0011487746438714808
COL,BA:358,2024,SEX_F,18,17.343,0.0018166498266310835
COL,BA:358,2024,SEX_F,19,1.386,1.4518114857352716e-4
COL,BA:358,2024,SEX_F,20,36.43,0.003815980694468683
COL,BA:358,2024,SEX_F,21,33.036,0.0034604649525793963
COL,BA:358,2024,SEX_F,22,33.965,0.0035577761264789687
COL,BA:358,2024,SEX_F,23,17.666,0.001850483528643529
COL,BA:358,2024,SEX_F,24,3.399,3.560394834065071e-4
COL,BA:358,2024,SEX_F,25,19.786,0.002072549931945028
COL,BA:358,2024,SEX_F,26,3.486,3.651525858061441e-4
COL,BA:358,2024,SEX_F,27,6.059,6.346699705678219e-4
COL,BA:358,2024,SEX_F,28,3.942,4.129178121766552e-4
COL,BA:358,2024,SEX_F,29,6.098,6.387551544021419e-4
COL,BA:358,2024,SEX_F,30,1.845,1.9326061985437058e-4
COL,BA:358,2024,SEX_F,31,20.316,0.0021280665327704025
COL,BA:358,2024,SEX_F,32,59.674,0.00625075025972342
COL,BA:358,2024,SEX_F,33,8.489,8.89208347936993e-4
COL,BA:358,2024,SEX_F,35,20.112,0.002106697878867805
COL,BA:358,2024,SEX_F,36,14.11,0.0014779985615962974
COL,BA:358,2024,SEX_F,38,45.808,0.004798310284167484
COL,BA:358,2024,SEX_F,39,0.721,7.552352678319847e-5
COL,BA:358,2024,SEX_F,41,44.772,0.0046897910417993925
COL,BA:358,2024,SEX_F,42,38.692,0.0040529213568592445
COL,BA:358,2024,SEX_F,43,20.979,0.0021975146579538427
COL,BA:358,2024,SEX_F,45,75.184,0.007875396446141462
COL,BA:358,2024,SEX_F,46,177.427,0.018585177235176914
COL,BA:358,2024,SEX_F,47,1572.952,0.16476405339900915
COL,BA:358,2024,SEX_F,49,87.676,0.0091839122527652
COL,BA:358,2024,SEX_F,50,2.874,3.010466240983529e-4
COL,BA:358,2024,SEX_F,51,11.773,0.001233201776447428
COL,BA:358,2024,SEX_F,52,40.523,0.004244715500465398
COL,BA:358,2024,SEX_F,53,23.365,0.0024474441099714733
COL,BA:358,2024,SEX_F,55,84.647,0.008866629641633011
COL,BA:358,2024,SEX_F,56,1045.974,0.1095640019466425
COL,BA:358,2024,SEX_F,58,7.329,7.67700315941833e-4
COL,BA:358,2024,SEX_F,59,9.999,0.001047378286137589
COL,BA:358,2024,SEX_F,60,8.882,9.303744311905254e-4
COL,BA:358,2024,SEX_F,61,54.196,0.005676939053456622
COL,BA:358,2024,SEX_F,62,51.654,0.005410668866101712
COL,BA:358,2024,SEX_F,63,6.753,7.073652931580296e-4
COL,BA:358,2024,SEX_F,64,145.263,0.015216052803200777
COL,BA:358,2024,SEX_F,65,74.694,0.0078240697774538525
COL,BA:358,2024,SEX_F,66,15.348,0.0016076769612600975
COL,BA:358,2024,SEX_F,68,104.414,0.010937189355812602
COL,BA:358,2024,SEX_F,69,132.41,0.013869722859033717
COL,BA:358,2024,SEX_F,70,48.84,0.005115907140210005
COL,BA:358,2024,SEX_F,71,46.514,0.004872262586399021
COL,BA:358,2024,SEX_F,72,6.273,6.570861075048599e-4
COL,BA:358,2024,SEX_F,73,54.493,0.005708049299579521
COL,BA:358,2024,SEX_F,74,42.15,0.0044151409901689535
COL,BA:358,2024,SEX_F,75,17.295,0.0018116219080657667
COL,BA:358,2024,SEX_F,77,15.237,0.0015960498995778018
COL,BA:358,2024,SEX_F,78,26.009,0.0027243986242776828
COL,BA:358,2024,SEX_F,79,20.436,0.002140636329183695
COL,BA:358,2024,SEX_F,80,26.918,0.0028196148321083725
COL,BA:358,2024,SEX_F,81,448.317,0.046960445155150056
COL,BA:358,2024,SEX_F,82,147.175,0.015416331559385904
COL,BA:358,2024,SEX_F,84,346.895,0.03633666272324221
COL,BA:358,2024,SEX_F,85,599.329,0.06277869595485097
COL,BA:358,2024,SEX_F,86,597.392,0.06257579849107976
COL,BA:358,2024,SEX_F,87,24.977,0.002616298375123368
COL,BA:358,2024,SEX_F,88,151.207,0.015838676718872527
COL,BA:358,2024,SEX_F,90,16.417,0.001719652897641844
COL,BA:358,2024,SEX_F,91,7.451,7.804796089620136e-4
COL,BA:358,2024,SEX_F,92,56.804,0.005950122628838843
COL,BA:358,2024,SEX_F,93,35.779,0.0037477895489265722
COL,BA:358,2024,SEX_F,94,83.71,0.008768480481305886
COL,BA:358,2024,SEX_F,95,71.93,0.007534545466734351
COL,BA:358,2024,SEX_F,96,418.602,0.04384784931830853
COL,BA:358,2024,SEX_F,97,649.61,0.06804554540032394
COL,BA:358,2024,SEX_F,99,4.783,5.010111353731461e-4
COL,BA:358,2024,SEX_M,1,2555.594,0.18946285715641356
COL,BA:358,2024,SEX_M,2,35.383,0.0026231726458762154
COL,BA:358,2024,SEX_M,3,120.277,0.008916918755562093
COL,BA:358,2024,SEX_M,5,63.86,0.004734358453654441
COL,BA:358,2024,SEX_M,6,23.107,0.0017130726712902159
COL,BA:358,2024,SEX_M,7,119.323,0.00884619251120277
COL,BA:358,2024,SEX_M,8,25.092,0.001860233672394257
COL,BA:358,2024,SEX_M,9,12.971,9.616248591035353e-4
COL,BA:358,2024,SEX_M,10,319.13,0.023659189059109645
COL,BA:358,2024,SEX_M,11,45.438,0.0033686153995795575
COL,BA:358,2024,SEX_M,12,1.004,7.443307058360569e-5
COL,BA:358,2024,SEX_M,13,33.277,0.0024670411253094092
COL,BA:358,2024,SEX_M,14,104.036,0.007712867461390441
COL,BA:358,2024,SEX_M,15,76.63,0.005681081871336358
COL,BA:358,2024,SEX_M,16,34.182,0.0025341346799689344
COL,BA:358,2024,SEX_M,17,30.102,0.002231657660067429
COL,BA:358,2024,SEX_M,18,24.14,0.0017896557010839058
COL,BA:358,2024,SEX_M,19,6.566,4.867804197728635e-4
COL,BA:358,2024,SEX_M,20,60.547,0.00448874414803344
COL,BA:358,2024,SEX_M,21,22.266,0.001650723854197773
COL,BA:358,2024,SEX_M,22,73.514,0.005450072461039033
COL,BA:358,2024,SEX_M,23,79.849,0.0059197273436557086
COL,BA:358,2024,SEX_M,24,15.121,0.0011210183867477108
COL,BA:358,2024,SEX_M,25,171.602,0.01272197587478875
COL,BA:358,2024,SEX_M,26,4.873,3.61267283818636e-4
COL,BA:358,2024,SEX_M,27,23.394,0.001734349853817601
COL,BA:358,2024,SEX_M,28,18.903,0.0014014027223524883
COL,BA:358,2024,SEX_M,29,19.496,0.0014453656813724865
COL,BA:358,2024,SEX_M,30,9.002,6.673769934199388e-4
COL,BA:358,2024,SEX_M,31,140.023,0.010380818568055996
COL,BA:358,2024,SEX_M,32,38.659,0.0028660439000912476
COL,BA:358,2024,SEX_M,33,72.679,0.005388168463093504
COL,BA:358,2024,SEX_M,35,71.076,0.005269327614342986
COL,BA:358,2024,SEX_M,36,42.736,0.0031682985104192953
COL,BA:358,2024,SEX_M,37,1.203,8.918623895625265e-5
COL,BA:358,2024,SEX_M,38,111.867,0.008293430584637667
COL,BA:358,2024,SEX_M,39,1.578,1.1698743563837628e-4
COL,BA:358,2024,SEX_M,41,972.56,0.07210221825377644
COL,BA:358,2024,SEX_M,42,188.3,0.013959907560650351
COL,BA:358,2024,SEX_M,43,277.402,0.020565620165371896
COL,BA:358,2024,SEX_M,45,503.829,0.03735213099508713
COL,BA:358,2024,SEX_M,46,316.754,0.023483040676931712
COL,BA:358,2024,SEX_M,47,1409.405,0.10448838829271592
COL,BA:358,2024,SEX_M,49,1148.399,0.08513831058281095
COL,BA:358,2024,SEX_M,50,15.569,0.0011542315497172879
COL,BA:358,2024,SEX_M,51,21.113,0.0015652444414658037
COL,BA:358,2024,SEX_M,52,205.025,0.015199840932673065
COL,BA:358,2024,SEX_M,53,151.899,0.01126126393284773
COL,BA:358,2024,SEX_M,55,69.691,0.005166648527930343
COL,BA:358,2024,SEX_M,56,491.026,0.03640296107209718
COL,BA:358,2024,SEX_M,58,20.021,0.0014842873567274598
COL,BA:358,2024,SEX_M,59,14.951,0.0011084151775851482
COL,BA:358,2024,SEX_M,60,17.811,0.0013204456376141444
COL,BA:358,2024,SEX_M,61,82.111,0.006087424162042278
COL,BA:358,2024,SEX_M,62,119.852,0.008885410732655688
COL,BA:358,2024,SEX_M,63,12.438,9.22110091552677e-4
COL,BA:358,2024,SEX_M,64,122.012,0.009045545625544719
COL,BA:358,2024,SEX_M,65,47.158,0.0034961302216948978
COL,BA:358,2024,SEX_M,66,17.176,0.0012733689445657483
COL,BA:358,2024,SEX_M,68,200.528,0.014866448982061038
COL,BA:358,2024,SEX_M,69,124.636,0.009240079865795099
COL,BA:358,2024,SEX_M,70,43.713,0.0032407298948417887
COL,BA:358,2024,SEX_M,71,97.054,0.007195246247431541
COL,BA:358,2024,SEX_M,72,5.296,3.926270336760715e-4
COL,BA:358,2024,SEX_M,73,68.493,0.0050778329715965185
COL,BA:358,2024,SEX_M,74,53.982,0.004002037864785062
COL,BA:358,2024,SEX_M,75,12.78,9.474647829267736e-4
COL,BA:358,2024,SEX_M,77,25.52,0.0018919641048741208
COL,BA:358,2024,SEX_M,78,14.368,0.0010651935838100065
COL,BA:358,2024,SEX_M,79,19.526,0.0014475897771070564
COL,BA:358,2024,SEX_M,80,94.116,0.0069774331384926625
COL,BA:358,2024,SEX_M,81,76.946,0.0057045090130738284
COL,BA:358,2024,SEX_M,82,128.731,0.00954366893356389
COL,BA:358,2024,SEX_M,84,417.487,0.03095103519794601
COL,BA:358,2024,SEX_M,85,380.621,0.02821791808625755
COL,BA:358,2024,SEX_M,86,236.883,0.01756168232973732
COL,BA:358,2024,SEX_M,87,6.514,4.8292532049960905e-4
COL,BA:358,2024,SEX_M,88,9.664,7.164553726294477e-4
COL,BA:358,2024,SEX_M,90,43.449,0.003221157852377573
COL,BA:358,2024,SEX_M,91,6.641,4.923406591092883e-4
COL,BA:358,2024,SEX_M,92,30.228,0.0022409988621526224
COL,BA:358,2024,SEX_M,93,71.834,0.005325523099903119
COL,BA:358,2024,SEX_M,94,76.001,0.0056344499974348775
COL,BA:358,2024,SEX_M,95,165.367,0.01225973464462064
COL,BA:358,2024,SEX_M,96,185.014,0.013716294941190463
COL,BA:358,2024,SEX_M,97,56.917,0.004219628564150484
COL,BA:358,2024,SEX_M,99,3.317,2.459108517189443e-4
CRI,BA:12883,2024,SEX_F,1,55.004,0.06263173057105735
CRI,BA:12883,2024,SEX_F,3,1.566,0.0017831664983324088
CRI,BA:12883,2024,SEX_F,8,1.073,0.0012217992673759096
CRI,BA:12883,2024,SEX_F,10,18.72,0.02131601331339891
CRI,BA:12883,2024,SEX_F,11,0.849,9.667358602070338e-4
CRI,BA:12883,2024,SEX_F,13,2.412,0.0027464863307648593
CRI,BA:12883,2024,SEX_F,14,9.873,0.011242147406153175
CRI,BA:12883,2024,SEX_F,15,0.817,9.302982306114801e-4
CRI,BA:12883,2024,SEX_F,16,1.61,0.0018332682390262952
CRI,BA:12883,2024,SEX_F,17,5.027,0.0057241238742765125
CRI,BA:12883,2024,SEX_F,18,1.948,0.002218140701629331
CRI,BA:12883,2024,SEX_F,20,4.816,0.00548386325413083
CRI,BA:12883,2024,SEX_F,21,1.422,0.001619197165152417
CRI,BA:12883,2024,SEX_F,22,4.163,0.004740307875196563
CRI,BA:12883,2024,SEX_F,23,1.406,0.0016009783503546401
CRI,BA:12883,2024,SEX_F,25,0.464,5.283456291355286e-4
CRI,BA:12883,2024,SEX_F,26,3.373,0.0038407538945563315
CRI,BA:12883,2024,SEX_F,31,0.881,0.0010031734898025876
CRI,BA:12883,2024,SEX_F,32,32.392,0.036883990558099225
CRI,BA:12883,2024,SEX_F,33,0.207,2.3570591644623792e-4
CRI,BA:12883,2024,SEX_F,35,3.05,0.003472961570826211
CRI,BA:12883,2024,SEX_F,36,1.218,0.0013869072764807623
CRI,BA:12883,2024,SEX_F,38,0.781,8.893058973164823e-4
CRI,BA:12883,2024,SEX_F,41,2.644,0.0030106591453326237
CRI,BA:12883,2024,SEX_F,43,0.679,7.73160952980655e-4
CRI,BA:12883,2024,SEX_F,45,8.365,0.009525024111462707
CRI,BA:12883,2024,SEX_F,46,20.441,0.02327567458008478
CRI,BA:12883,2024,SEX_F,47,121.48,0.1383263513521207
CRI,BA:12883,2024,SEX_F,49,8.312,0.00946467428744507
CRI,BA:12883,2024,SEX_F,50,0.264,3.00610444163318e-4
CRI,BA:12883,2024,SEX_F,52,4.414,0.005026115532336687
CRI,BA:12883,2024,SEX_F,53,1.14,0.0012980905543416002
CRI,BA:12883,2024,SEX_F,55,13.493,0.015364154254150187
CRI,BA:12883,2024,SEX_F,56,72.82,0.08291838084838186
CRI,BA:12883,2024,SEX_F,60,0.67,7.629128696569054e-4
CRI,BA:12883,2024,SEX_F,61,3.054,0.003477516274525655
CRI,BA:12883,2024,SEX_F,62,9.55,0.010874355082423055
CRI,BA:12883,2024,SEX_F,63,1.088,0.0012388794062488256
CRI,BA:12883,2024,SEX_F,64,20.498,0.02334057910780186
CRI,BA:12883,2024,SEX_F,65,7.12,0.008107372585010696
CRI,BA:12883,2024,SEX_F,68,4.808,0.005474753846731942
CRI,BA:12883,2024,SEX_F,69,11.832,0.013472813542955977
CRI,BA:12883,2024,SEX_F,70,2.723,0.0031006145433966465
CRI,BA:12883,2024,SEX_F,71,2.816,0.0032065114044087244
CRI,BA:12883,2024,SEX_F,73,5.062,0.0057639775316466494
CRI,BA:12883,2024,SEX_F,74,8.076,0.009195946769177864
CRI,BA:12883,2024,SEX_F,75,1.955,0.0022261114331033585
CRI,BA:12883,2024,SEX_F,77,1.168,0.0013299734802377095
CRI,BA:12883,2024,SEX_F,78,1.795,0.00204392328512559
CRI,BA:12883,2024,SEX_F,79,3.487,0.003970562949990491
CRI,BA:12883,2024,SEX_F,80,1.75,0.0019926828685068424
CRI,BA:12883,2024,SEX_F,81,1.15,0.0013094773135902107
CRI,BA:12883,2024,SEX_F,82,14.689,0.016726010660284004
CRI,BA:12883,2024,SEX_F,84,38.187,0.04348261754266902
CRI,BA:12883,2024,SEX_F,85,100.447,0.11437658062451818
CRI,BA:12883,2024,SEX_F,86,59.666,0.06794023773275958
CRI,BA:12883,2024,SEX_F,87,4.334,0.004935021458347803
CRI,BA:12883,2024,SEX_F,88,9.613,0.0109460916656893
CRI,BA:12883,2024,SEX_F,90,1.291,0.001470030618995619
CRI,BA:12883,2024,SEX_F,91,0.528,6.01220888326636e-4
CRI,BA:12883,2024,SEX_F,92,2.196,0.0025005323309948723
CRI,BA:12883,2024,SEX_F,93,2.715,0.0030915051359977582
CRI,BA:12883,2024,SEX_F,94,4.446,0.00506255316193224
CRI,BA:12883,2024,SEX_F,95,8.15,0.00928020878761758
CRI,BA:12883,2024,SEX_F,96,31.17,0.03549252857791902
CRI,BA:12883,2024,SEX_F,97,104.292,0.11875478955560892
CRI,BA:12883,2024,SEX_F,99,0.763,8.688097306689833e-4
CRI,BA:12883,2024,SEX_M,1,199.75,0.1465379626858226
CRI,BA:12883,2024,SEX_M,2,1.46,0.0010710659600565756
CRI,BA:12883,2024,SEX_M,3,6.622,0.004857944374996331
CRI,BA:12883,2024,SEX_M,7,1.405,0.0010307175848489648
CRI,BA:12883,2024,SEX_M,8,0.883,6.477748237876413e-4
CRI,BA:12883,2024,SEX_M,10,34.234,0.02511429594286083
CRI,BA:12883,2024,SEX_M,11,4.258,0.003123697847891027
CRI,BA:12883,2024,SEX_M,13,3.222,0.002363681180344032
CRI,BA:12883,2024,SEX_M,14,2.533,0.001858226080015963
CRI,BA:12883,2024,SEX_M,15,0.74,5.428690482478534e-4
CRI,BA:12883,2024,SEX_M,16,5.563,0.004081054750544336
CRI,BA:12883,2024,SEX_M,17,3.449,0.0025302099289281708
CRI,BA:12883,2024,SEX_M,18,3.138,0.002302058207299681
CRI,BA:12883,2024,SEX_M,20,8.605,0.006312686702936187
CRI,BA:12883,2024,SEX_M,21,5.874,0.0043092064721728255
CRI,BA:12883,2024,SEX_M,22,4.384,0.0032161323074575534
CRI,BA:12883,2024,SEX_M,23,4.548,0.003336443826258429
CRI,BA:12883,2024,SEX_M,24,1.827,0.0013402996637146326
CRI,BA:12883,2024,SEX_M,25,11.406,0.008367519411236509
CRI,BA:12883,2024,SEX_M,26,3.891,0.00285446414423297
CRI,BA:12883,2024,SEX_M,28,1.232,9.038036046504803e-4
CRI,BA:12883,2024,SEX_M,30,2.148,0.001575787453562688
CRI,BA:12883,2024,SEX_M,31,17.68,0.012970168612191958
CRI,BA:12883,2024,SEX_M,32,32.129,0.023570053582642272
CRI,BA:12883,2024,SEX_M,33,6.568,0.004818329606610677
CRI,BA:12883,2024,SEX_M,35,16.403,0.01203335270055343
CRI,BA:12883,2024,SEX_M,36,6.969,0.005112505942215258
CRI,BA:12883,2024,SEX_M,37,2.343,0.0017188407838442169
CRI,BA:12883,2024,SEX_M,38,3.258,0.002390091025934468
CRI,BA:12883,2024,SEX_M,41,85.626,0.0628158177368523
CRI,BA:12883,2024,SEX_M,42,3.838,0.002815582982669272
CRI,BA:12883,2024,SEX_M,43,36.233,0.02658077597995199
CRI,BA:12883,2024,SEX_M,45,58.883,0.04319697049726805
CRI,BA:12883,2024,SEX_M,46,60.962,0.044722139080115735
CRI,BA:12883,2024,SEX_M,47,124.678,0.09146463134789982
CRI,BA:12883,2024,SEX_M,49,78.878,0.057865438902289436
CRI,BA:12883,2024,SEX_M,50,0.525,3.851435815271933e-4
CRI,BA:12883,2024,SEX_M,51,0.577,4.232911362689343e-4
CRI,BA:12883,2024,SEX_M,52,15.924,0.01168195503283624
CRI,BA:12883,2024,SEX_M,53,12.525,0.009188425445005897
CRI,BA:12883,2024,SEX_M,55,20.817,0.015271493212669681
CRI,BA:12883,2024,SEX_M,56,37.845,0.02776335017694596
CRI,BA:12883,2024,SEX_M,58,2.188,0.0016051317264409505
CRI,BA:12883,2024,SEX_M,59,1.871,0.0013725783638807213
CRI,BA:12883,2024,SEX_M,60,0.852,6.25033012306988e-4
CRI,BA:12883,2024,SEX_M,61,6.985,0.005124243651366563
CRI,BA:12883,2024,SEX_M,62,30.512,0.022383811351538517
CRI,BA:12883,2024,SEX_M,64,30.258,0.022197475218761552
CRI,BA:12883,2024,SEX_M,65,2.69,0.001973402351063143
CRI,BA:12883,2024,SEX_M,66,0.808,5.927543121408994e-4
CRI,BA:12883,2024,SEX_M,68,17.324,0.012709004583575424
CRI,BA:12883,2024,SEX_M,69,13.061,0.009581638701574613
CRI,BA:12883,2024,SEX_M,70,4.813,0.003530849634076917
CRI,BA:12883,2024,SEX_M,71,12.613,0.009252982845338074
CRI,BA:12883,2024,SEX_M,72,0.9,6.602461397609028e-4
CRI,BA:12883,2024,SEX_M,73,9.52,0.006983936945026438
CRI,BA:12883,2024,SEX_M,74,3.57,0.002618976354384914
CRI,BA:12883,2024,SEX_M,75,1.379,0.0010116438074780944
CRI,BA:12883,2024,SEX_M,77,3.906,0.0028654682465623182
CRI,BA:12883,2024,SEX_M,78,2.168,0.0015904595900018193
CRI,BA:12883,2024,SEX_M,79,9.233,0.006773391787124906
CRI,BA:12883,2024,SEX_M,80,8.134,0.005967157889794648
CRI,BA:12883,2024,SEX_M,81,20.159,0.014788779923822265
CRI,BA:12883,2024,SEX_M,82,22.062,0.016184833706005597
CRI,BA:12883,2024,SEX_M,84,63.804,0.04680704966811627
CRI,BA:12883,2024,SEX_M,85,41.17,0.03020259285995152
CRI,BA:12883,2024,SEX_M,86,36.59,0.026842673615390483
CRI,BA:12883,2024,SEX_M,87,1.886,0.0013835824662100696
CRI,BA:12883,2024,SEX_M,88,1.066,7.820248722056915e-4
CRI,BA:12883,2024,SEX_M,90,4.92,0.0036093455640262683
CRI,BA:12883,2024,SEX_M,91,0.813,5.964223462506822e-4
CRI,BA:12883,2024,SEX_M,92,2.744,0.002013017119448797
CRI,BA:12883,2024,SEX_M,93,9.379,0.006880498383130563
CRI,BA:12883,2024,SEX_M,94,7.36,0.005399346209600272
CRI,BA:12883,2024,SEX_M,95,11.695,0.008579531782781953
CRI,BA:12883,2024,SEX_M,96,32.334,0.02372044298114337
CRI,BA:12883,2024,SEX_M,97,9.32,0.006837215580635127
CRI,BA:12883,2024,SEX_M,99,1.208,8.861970409235228e-4
CYP,BA:36,2024,SEX_F,1,2.013,0.008604991151350381
CYP,BA:36,2024,SEX_F,10,3.17,0.01355083057614541
CYP,BA:36,2024,SEX_F,11,0.284,0.001214017628903879
CYP,BA:36,2024,SEX_F,14,0.193,8.250190224593263e-4
CYP,BA:36,2024,SEX_F,16,0.107,4.573939658194192e-4
CYP,BA:36,2024,SEX_F,17,0.111,4.7449280566313584e-4
CYP,BA:36,2024,SEX_F,18,0.613,0.0026203972060495698
CYP,BA:36,2024,SEX_F,21,1.1,0.004702180957022067
CYP,BA:36,2024,SEX_F,22,0.153,6.540306240221602e-4
CYP,BA:36,2024,SEX_F,23,0.575,0.002457958227534262
CYP,BA:36,2024,SEX_F,25,0.476,0.002034761941402276
CYP,BA:36,2024,SEX_F,27,0.246,0.0010515786503885712
CYP,BA:36,2024,SEX_F,31,0.175,7.480742431626014e-4
CYP,BA:36,2024,SEX_F,32,0.244,0.001043029230466713
CYP,BA:36,2024,SEX_F,35,0.416,0.001778279343746527
CYP,BA:36,2024,SEX_F,37,0.373,0.0015944668154265736
CYP,BA:36,2024,SEX_F,38,0.181,7.737225029281764e-4
CYP,BA:36,2024,SEX_F,39,0.248,0.0010601280703104296
CYP,BA:36,2024,SEX_F,41,2.859,0.012221395778296444
CYP,BA:36,2024,SEX_F,42,0.893,0.0038173159951097324
CYP,BA:36,2024,SEX_F,43,1.582,0.006762591158189918
CYP,BA:36,2024,SEX_F,45,1.096,0.0046850821171783505
CYP,BA:36,2024,SEX_F,46,9.443,0.04036608616105398
CYP,BA:36,2024,SEX_F,47,26.719,0.114215975446066
CYP,BA:36,2024,SEX_F,49,0.703,0.0030051211025331932
CYP,BA:36,2024,SEX_F,50,0.157,6.711294638658768e-4
CYP,BA:36,2024,SEX_F,51,0.829,0.0035437345576102663
CYP,BA:36,2024,SEX_F,52,4.875,0.020839211059529614
CYP,BA:36,2024,SEX_F,53,0.82,0.0035052621679619042
CYP,BA:36,2024,SEX_F,55,8.359,0.035732300563406774
CYP,BA:36,2024,SEX_F,56,10.714,0.04579924252139493
CYP,BA:36,2024,SEX_F,58,0.508,0.0021715526601520092
CYP,BA:36,2024,SEX_F,59,0.366,0.0015645438457000695
CYP,BA:36,2024,SEX_F,60,0.805,0.003441141518547967
CYP,BA:36,2024,SEX_F,61,1.514,0.006471910880846736
CYP,BA:36,2024,SEX_F,62,4.683,0.020018466747031217
CYP,BA:36,2024,SEX_F,63,0.611,0.0026118477861277116
CYP,BA:36,2024,SEX_F,64,5.763,0.024635153504834698
CYP,BA:36,2024,SEX_F,65,2.208,0.009438559593731567
CYP,BA:36,2024,SEX_F,66,6.263,0.026772508485299277
CYP,BA:36,2024,SEX_F,68,1.72,0.0073525011327981405
CYP,BA:36,2024,SEX_F,69,13.272,0.0567339506014517
CYP,BA:36,2024,SEX_F,70,3.163,0.013520907606418905
CYP,BA:36,2024,SEX_F,71,2.068,0.008840100199201485
CYP,BA:36,2024,SEX_F,72,0.104,4.4456983593663173e-4
CYP,BA:36,2024,SEX_F,73,1.947,0.008322860293929058
CYP,BA:36,2024,SEX_F,74,1.378,0.00589055032616037
CYP,BA:36,2024,SEX_F,75,1.196,0.005112553113271265
CYP,BA:36,2024,SEX_F,77,0.665,0.002842682124017886
CYP,BA:36,2024,SEX_F,78,0.89,0.003804491865226945
CYP,BA:36,2024,SEX_F,79,0.743,0.0031761095009703597
CYP,BA:36,2024,SEX_F,80,0.99,0.00423196286131986
CYP,BA:36,2024,SEX_F,81,2.941,0.012571921995092633
CYP,BA:36,2024,SEX_F,82,1.475,0.006305197192370499
CYP,BA:36,2024,SEX_F,84,18.056,0.07718416305453676
CYP,BA:36,2024,SEX_F,85,27.629,0.11810596151051153
CYP,BA:36,2024,SEX_F,86,15.224,0.0650781844451854
CYP,BA:36,2024,SEX_F,87,1.796,0.007677379089828756
CYP,BA:36,2024,SEX_F,88,1.996,0.008532321082014587
CYP,BA:36,2024,SEX_F,90,0.451,0.0019278941923790475
CYP,BA:36,2024,SEX_F,91,0.408,0.0017440816640590937
CYP,BA:36,2024,SEX_F,92,1.346,0.005753759607410638
CYP,BA:36,2024,SEX_F,93,1.469,0.006279548932604924
CYP,BA:36,2024,SEX_F,94,1.434,0.006129934083972403
CYP,BA:36,2024,SEX_F,95,0.119,5.08690485350569e-4
CYP,BA:36,2024,SEX_F,96,8.142,0.03480468850188515
CYP,BA:36,2024,SEX_F,97,20.207,0.08637906418049537
CYP,BA:36,2024,SEX_F,99,0.657,0.0028084844443304526
CYP,BA:36,2024,SEX_M,1,7.441,0.029538678956916642
CYP,BA:36,2024,SEX_M,2,0.7,0.002778803288515206
CYP,BA:36,2024,SEX_M,3,0.436,0.0017307974768466141
CYP,BA:36,2024,SEX_M,8,0.51,0.0020245566816325072
CYP,BA:36,2024,SEX_M,10,4.433,0.01759776425426844
CYP,BA:36,2024,SEX_M,11,1.314,0.0052162107444414015
CYP,BA:36,2024,SEX_M,14,0.267,0.0010599149686193715
CYP,BA:36,2024,SEX_M,16,1.681,0.006673097611420088
CYP,BA:36,2024,SEX_M,17,0.166,6.589733512764632e-4
CYP,BA:36,2024,SEX_M,18,0.266,0.0010559452496357784
CYP,BA:36,2024,SEX_M,20,0.457,0.0018141615755020704
CYP,BA:36,2024,SEX_M,21,0.893,0.0035449590523486847
CYP,BA:36,2024,SEX_M,22,1.048,0.004160265494805623
CYP,BA:36,2024,SEX_M,23,2.793,0.011087425121175673
CYP,BA:36,2024,SEX_M,25,4.306,0.01709360994335211
CYP,BA:36,2024,SEX_M,27,0.658,0.002612075091204294
CYP,BA:36,2024,SEX_M,28,0.251,9.96399464881881e-4
CYP,BA:36,2024,SEX_M,29,0.135,5.359120627850755e-4
CYP,BA:36,2024,SEX_M,30,0.115,4.5651768311321246e-4
CYP,BA:36,2024,SEX_M,31,1.618,0.00642300531545372
CYP,BA:36,2024,SEX_M,32,0.722,0.0028661371061542555
CYP,BA:36,2024,SEX_M,33,0.436,0.0017307974768466141
CYP,BA:36,2024,SEX_M,35,1.997,0.007927528810235524
CYP,BA:36,2024,SEX_M,36,0.305,0.0012107642899959112
CYP,BA:36,2024,SEX_M,38,1.322,0.005247968496310147
CYP,BA:36,2024,SEX_M,39,0.512,0.002032496119599694
CYP,BA:36,2024,SEX_M,41,17.692,0.07023226825773005
CYP,BA:36,2024,SEX_M,42,3.332,0.013227103653332382
CYP,BA:36,2024,SEX_M,43,17.581,0.0697916294505512
CYP,BA:36,2024,SEX_M,45,8.542,0.0339093395578527
CYP,BA:36,2024,SEX_M,46,13.689,0.054341483166406655
CYP,BA:36,2024,SEX_M,47,18.394,0.07301901098421243
CYP,BA:36,2024,SEX_M,49,5.586,0.022174850242351347
CYP,BA:36,2024,SEX_M,50,0.446,0.0017704946666825456
CYP,BA:36,2024,SEX_M,51,0.576,0.002286558134549655
CYP,BA:36,2024,SEX_M,52,7.724,0.030662109429273506
CYP,BA:36,2024,SEX_M,53,0.852,0.0033822005740213653
CYP,BA:36,2024,SEX_M,55,8.272,0.032837515432282555
CYP,BA:36,2024,SEX_M,56,13.247,0.05258686737565848
CYP,BA:36,2024,SEX_M,58,1.15,0.004565176831132124
CYP,BA:36,2024,SEX_M,59,0.379,0.0015045234947818045
CYP,BA:36,2024,SEX_M,60,0.448,0.001778434104649732
CYP,BA:36,2024,SEX_M,61,2.816,0.011178728657798315
CYP,BA:36,2024,SEX_M,62,10.683,0.04240850790172564
CYP,BA:36,2024,SEX_M,63,2.035,0.008078378131612064
CYP,BA:36,2024,SEX_M,64,3.63,0.01441007991044314
CYP,BA:36,2024,SEX_M,65,0.645,0.002560468744417583
CYP,BA:36,2024,SEX_M,66,7.389,0.0293322535697698
CYP,BA:36,2024,SEX_M,68,1.656,0.006573854636830259
CYP,BA:36,2024,SEX_M,69,7.738,0.03071768549504381
CYP,BA:36,2024,SEX_M,70,2.941,0.011674943530747458
CYP,BA:36,2024,SEX_M,71,2.924,0.011607458308026375
CYP,BA:36,2024,SEX_M,72,0.128,5.081240298999235e-4
CYP,BA:36,2024,SEX_M,73,1.468,0.005827547467914747
CYP,BA:36,2024,SEX_M,74,0.874,0.0034695343916604144
CYP,BA:36,2024,SEX_M,75,0.16,6.351550373749043e-4
CYP,BA:36,2024,SEX_M,77,0.936,0.0037156569686431903
CYP,BA:36,2024,SEX_M,78,0.964,0.003826809100183798
CYP,BA:36,2024,SEX_M,79,0.329,0.001306037545602147
CYP,BA:36,2024,SEX_M,80,1.093,0.004338902849067315
CYP,BA:36,2024,SEX_M,81,2.081,0.008260985204857348
CYP,BA:36,2024,SEX_M,82,1.105,0.004386539476870433
CYP,BA:36,2024,SEX_M,84,18.612,0.07388440972263573
CYP,BA:36,2024,SEX_M,85,8.393,0.03331785142929732
CYP,BA:36,2024,SEX_M,86,8.31,0.03298836475365909
CYP,BA:36,2024,SEX_M,88,0.75,0.002977289237694864
CYP,BA:36,2024,SEX_M,90,0.581,0.002306406729467621
CYP,BA:36,2024,SEX_M,91,0.312,0.0012385523228810634
CYP,BA:36,2024,SEX_M,92,1.54,0.006113367234733454
CYP,BA:36,2024,SEX_M,93,2.905,0.011532033647338106
CYP,BA:36,2024,SEX_M,94,1.414,0.005613182642800716
CYP,BA:36,2024,SEX_M,95,0.444,0.0017625552287153594
CYP,BA:36,2024,SEX_M,96,2.132,0.0084634408730206
CYP,BA:36,2024,SEX_M,97,1.1,0.004366690881952467
CYP,BA:36,2024,SEX_M,99,1.127,0.004473873294509482
CZE,BA:149,2024,SEX_F,1,38.173,0.016296742188467227
CZE,BA:149,2024,SEX_F,2,4.605,0.0019659575558088594
CZE,BA:149,2024,SEX_F,5,1.279,5.460281680520154e-4
CZE,BA:149,2024,SEX_F,10,49.722,0.021227218586303605
CZE,BA:149,2024,SEX_F,11,4.112,0.0017554869640577697
CZE,BA:149,2024,SEX_F,13,15.787,0.0067397550344309365
CZE,BA:149,2024,SEX_F,14,15.544,0.006636013951681413
CZE,BA:149,2024,SEX_F,15,2.435,0.00103954541767526
CZE,BA:149,2024,SEX_F,16,8.109,0.0034618783539748185
CZE,BA:149,2024,SEX_F,17,9.001,0.0038426892420924084
CZE,BA:149,2024,SEX_F,18,7.01,0.002992695432403931
CZE,BA:149,2024,SEX_F,19,1.884,8.043135798358068e-4
CZE,BA:149,2024,SEX_F,20,14.107,0.006022532733940407
CZE,BA:149,2024,SEX_F,21,9.581,0.004090301702976043
CZE,BA:149,2024,SEX_F,22,33.145,0.014150198303427718
CZE,BA:149,2024,SEX_F,23,15.382,0.006566853229848397
CZE,BA:149,2024,SEX_F,24,5.808,0.002479539953124398
CZE,BA:149,2024,SEX_F,25,37.724,0.01610505599030041
CZE,BA:149,2024,SEX_F,26,26.581,0.011347908315082582
CZE,BA:149,2024,SEX_F,27,30.422,0.012987700491382653
CZE,BA:149,2024,SEX_F,28,36.861,0.015736625725227004
CZE,BA:149,2024,SEX_F,29,75.377,0.03217980080004438
CZE,BA:149,2024,SEX_F,30,7.93,0.0033854600255296967
CZE,BA:149,2024,SEX_F,31,7.511,0.0032065813684430708
CZE,BA:149,2024,SEX_F,32,24.671,0.010532494866310612
CZE,BA:149,2024,SEX_F,33,6.5,0.002774967234040735
CZE,BA:149,2024,SEX_F,35,15.682,0.006694928640650278
CZE,BA:149,2024,SEX_F,36,5.176,0.002209727754368438
CZE,BA:149,2024,SEX_F,37,1.437,6.134812177410056e-4
CZE,BA:149,2024,SEX_F,38,8.326,0.003554519567788179
CZE,BA:149,2024,SEX_F,41,15.064,0.006431093294398405
CZE,BA:149,2024,SEX_F,42,4.929,0.00210427899947489
CZE,BA:149,2024,SEX_F,43,15.213,0.006494704081763339
CZE,BA:149,2024,SEX_F,45,9.961,0.004252530556658425
CZE,BA:149,2024,SEX_F,46,60.182,0.025692781242929157
CZE,BA:149,2024,SEX_F,47,245.008,0.10459833416582345
CZE,BA:149,2024,SEX_F,49,31.564,0.01347524088850181
CZE,BA:149,2024,SEX_F,52,23.094,0.00985924512352873
CZE,BA:149,2024,SEX_F,53,18.779,0.008017093798161687
CZE,BA:149,2024,SEX_F,55,28.8,0.012295239436980488
CZE,BA:149,2024,SEX_F,56,72.64,0.03101132613549523
CZE,BA:149,2024,SEX_F,58,4.863,0.0020761024090984763
CZE,BA:149,2024,SEX_F,59,2.138,9.127507609813986e-4
CZE,BA:149,2024,SEX_F,60,3.67,0.0015667891921429995
CZE,BA:149,2024,SEX_F,61,7.967,0.0034012559928619283
CZE,BA:149,2024,SEX_F,62,24.957,0.010654593424608404
CZE,BA:149,2024,SEX_F,63,3.424,0.0014617673552854578
CZE,BA:149,2024,SEX_F,64,34.398,0.01468512660254357
CZE,BA:149,2024,SEX_F,65,14.784,0.0063115562443166505
CZE,BA:149,2024,SEX_F,66,9.461,0.004039071538655291
CZE,BA:149,2024,SEX_F,68,19.532,0.008338563079274405
CZE,BA:149,2024,SEX_F,69,57.877,0.02470873516993471
CZE,BA:149,2024,SEX_F,70,1.558,6.651383000977639e-4
CZE,BA:149,2024,SEX_F,71,19.251,0.008218599111156645
CZE,BA:149,2024,SEX_F,72,10.339,0.004413905574268794
CZE,BA:149,2024,SEX_F,73,13.933,0.005948248995675317
CZE,BA:149,2024,SEX_F,74,19.122,0.008163526684511837
CZE,BA:149,2024,SEX_F,75,3.901,0.001665407258460447
CZE,BA:149,2024,SEX_F,78,1.799,7.680255467752741e-4
CZE,BA:149,2024,SEX_F,79,10.159,0.004337060327787666
CZE,BA:149,2024,SEX_F,80,6.161,0.00263024201983461
CZE,BA:149,2024,SEX_F,81,23.204,0.009906206107489417
CZE,BA:149,2024,SEX_F,82,12.728,0.0054338127622877656
CZE,BA:149,2024,SEX_F,84,173.884,0.07423421577291371
CZE,BA:149,2024,SEX_F,85,318.022,0.135769327646785
CZE,BA:149,2024,SEX_F,86,228.491,0.09754692896510794
CZE,BA:149,2024,SEX_F,87,78.101,0.033342725530125454
CZE,BA:149,2024,SEX_F,88,44.67,0.019070428668399943
CZE,BA:149,2024,SEX_F,90,14.121,0.006028509586444496
CZE,BA:149,2024,SEX_F,91,17.072,0.007288344710698989
CZE,BA:149,2024,SEX_F,92,3.676,0.0015693507003590372
CZE,BA:149,2024,SEX_F,93,9.431,0.004026263997575103
CZE,BA:149,2024,SEX_F,94,14.13,0.006032351848768552
CZE,BA:149,2024,SEX_F,95,1.592,6.796535133219769e-4
CZE,BA:149,2024,SEX_F,96,52.86,0.02256688738329127
CZE,BA:149,2024,SEX_F,98,35.978,0.015359657099433472
CZE,BA:149,2024,SEX_M,1,78.915,0.027778716465951682
CZE,BA:149,2024,SEX_M,2,32.077,0.011291362707702363
CZE,BA:149,2024,SEX_M,5,10.074,0.003546129248913353
CZE,BA:149,2024,SEX_M,8,5.753,0.00202510239914617
CZE,BA:149,2024,SEX_M,10,42.604,0.0149969516101553
CZE,BA:149,2024,SEX_M,11,9.62,0.003386317587308562
CZE,BA:149,2024,SEX_M,13,12.629,0.004445509855521812
CZE,BA:149,2024,SEX_M,14,2.23,7.849779854156022e-4
CZE,BA:149,2024,SEX_M,15,1.295,4.558504444453833e-4
CZE,BA:149,2024,SEX_M,16,28.434,0.010008997326146742
CZE,BA:149,2024,SEX_M,17,11.857,0.004173759629180625
CZE,BA:149,2024,SEX_M,18,12.862,0.00452752773471546
CZE,BA:149,2024,SEX_M,19,6.876,0.0024204074563756416
CZE,BA:149,2024,SEX_M,20,21.42,0.007540012756772288
CZE,BA:149,2024,SEX_M,21,3.666,0.0012904615670554249
CZE,BA:149,2024,SEX_M,22,46.238,0.01627614891912404
CZE,BA:149,2024,SEX_M,23,35.707,0.012569151984410273
CZE,BA:149,2024,SEX_M,24,36.769,0.012942984549662008
CZE,BA:149,2024,SEX_M,25,145.14,0.051090450584403806
CZE,BA:149,2024,SEX_M,26,30.452,0.01071934960173808
CZE,BA:149,2024,SEX_M,27,42.602,0.01499624759402488
CZE,BA:149,2024,SEX_M,28,101.155,0.03560737583619518
CZE,BA:149,2024,SEX_M,29,147.015,0.05175046570667029
CZE,BA:149,2024,SEX_M,30,23.223,0.008174683298343735
CZE,BA:149,2024,SEX_M,31,24.713,0.008699175315504834
CZE,BA:149,2024,SEX_M,32,19.398,0.006828252448920113
CZE,BA:149,2024,SEX_M,33,52.796,0.018584617810763288
CZE,BA:149,2024,SEX_M,35,50.161,0.017657076558938126
CZE,BA:149,2024,SEX_M,36,12.168,0.004283234137460559
CZE,BA:149,2024,SEX_M,37,4.88,0.0017177993582188963
CZE,BA:149,2024,SEX_M,38,38.555,0.013571670954124907
CZE,BA:149,2024,SEX_M,39,1.35,4.7521088803186684e-4
CZE,BA:149,2024,SEX_M,41,102.791,0.036183261030876754
CZE,BA:149,2024,SEX_M,42,48.092,0.016928771872021138
CZE,BA:149,2024,SEX_M,43,227.491,0.0800786667624129
CZE,BA:149,2024,SEX_M,45,83.724,0.029471523251540753
CZE,BA:149,2024,SEX_M,46,80.86,0.028463372152782777
CZE,BA:149,2024,SEX_M,47,100.169,0.035260295883899305
CZE,BA:149,2024,SEX_M,49,167.233,0.05886736476906162
CZE,BA:149,2024,SEX_M,50,2.405,8.465793968271405e-4
CZE,BA:149,2024,SEX_M,51,2.967,0.0010444079294744807
CZE,BA:149,2024,SEX_M,52,35.147,0.01237202746789335
CZE,BA:149,2024,SEX_M,53,16.831,0.005924647745529148
CZE,BA:149,2024,SEX_M,55,12.315,0.004334979323046251
CZE,BA:149,2024,SEX_M,56,48.87,0.017202634146753576
CZE,BA:149,2024,SEX_M,58,6.303,0.0022187068350110048
CZE,BA:149,2024,SEX_M,59,3.426,0.0012059796314053154
CZE,BA:149,2024,SEX_M,60,4.541,0.0015984686241131165
CZE,BA:149,2024,SEX_M,61,13.369,0.004705995823776316
CZE,BA:149,2024,SEX_M,62,104.528,0.03679469904014443
CZE,BA:149,2024,SEX_M,63,7.592,0.002672445231065135
CZE,BA:149,2024,SEX_M,64,28.272,0.009951972019582917
CZE,BA:149,2024,SEX_M,65,11.813,0.004158271274311439
CZE,BA:149,2024,SEX_M,66,13.064,0.004598633363887636
CZE,BA:149,2024,SEX_M,68,22.959,0.008081753169128614
CZE,BA:149,2024,SEX_M,69,22.291,0.007846611781569143
CZE,BA:149,2024,SEX_M,70,2.772,9.757663567587664e-4
CZE,BA:149,2024,SEX_M,71,50.564,0.017798935809217268
CZE,BA:149,2024,SEX_M,72,10.629,0.0037414937251042312
CZE,BA:149,2024,SEX_M,73,14.884,0.005239288042567634
CZE,BA:149,2024,SEX_M,74,17.241,0.006068971052264752
CZE,BA:149,2024,SEX_M,75,1.116,3.928410007730099e-4
CZE,BA:149,2024,SEX_M,77,3.764,0.0013249583574458863
CZE,BA:149,2024,SEX_M,78,2.051,7.219685417432289e-4
CZE,BA:149,2024,SEX_M,79,2.359,8.303870258275361e-4
CZE,BA:149,2024,SEX_M,80,20.83,0.0073323279982991
CZE,BA:149,2024,SEX_M,81,20.622,0.0072591103207356724
CZE,BA:149,2024,SEX_M,82,6.612,0.002327477327160521
CZE,BA:149,2024,SEX_M,84,175.705,0.06184957709751049
CZE,BA:149,2024,SEX_M,85,97.238,0.034228560244772346
CZE,BA:149,2024,SEX_M,86,65.797,0.02316107466654277
CZE,BA:149,2024,SEX_M,87,8.887,0.0031282956755105187
CZE,BA:149,2024,SEX_M,88,8.5,0.002992068554274717
CZE,BA:149,2024,SEX_M,90,13.398,0.004716204057667372
CZE,BA:149,2024,SEX_M,91,9.717,0.003420462369633815
CZE,BA:149,2024,SEX_M,93,18.053,0.00635480160121429
CZE,BA:149,2024,SEX_M,94,8.113,0.002855841433038915
CZE,BA:149,2024,SEX_M,95,11.519,0.004054780903140055
CZE,BA:149,2024,SEX_M,96,5.85,0.0020592471814714227
CZE,BA:149,2024,SEX_M,98,4.936,0.0017375118098705885
DEU,BA:2242,2024,SEX_F,1,140.179,0.007018564731826126
DEU,BA:2242,2024,SEX_F,2,12.344,6.180466621224413e-4
DEU,BA:2242,2024,SEX_F,10,283.824,0.01421066719298767
DEU,BA:2242,2024,SEX_F,11,13.631,6.824849361139824e-4
DEU,BA:2242,2024,SEX_F,13,40.346,0.0020200672901808177
DEU,BA:2242,2024,SEX_F,14,27.584,0.00138109195787309
DEU,BA:2242,2024,SEX_F,16,25.927,0.001298128305966343
DEU,BA:2242,2024,SEX_F,17,27.778,0.001390805264131333
DEU,BA:2242,2024,SEX_F,18,53.368,0.0026720604556181504
DEU,BA:2242,2024,SEX_F,20,128.311,0.006424350718048653
DEU,BA:2242,2024,SEX_F,21,109.196,0.005467289640077941
DEU,BA:2242,2024,SEX_F,22,74.292,0.003719695611017532
DEU,BA:2242,2024,SEX_F,23,40.661,0.0020358388957032233
DEU,BA:2242,2024,SEX_F,24,24.936,0.0012485103343069666
DEU,BA:2242,2024,SEX_F,25,189.23,0.009474479088903885
DEU,BA:2242,2024,SEX_F,26,136.564,0.006837566782735667
DEU,BA:2242,2024,SEX_F,27,87.343,0.004373140765534704
DEU,BA:2242,2024,SEX_F,28,260.683,0.013052029975863931
DEU,BA:2242,2024,SEX_F,29,219.758,0.011002972972675265
DEU,BA:2242,2024,SEX_F,30,44.643,0.002235212016942008
DEU,BA:2242,2024,SEX_F,31,38.987,0.001952024077784156
DEU,BA:2242,2024,SEX_F,32,181.4,0.009082442037346958
DEU,BA:2242,2024,SEX_F,33,34.572,0.0017309712575256841
DEU,BA:2242,2024,SEX_F,35,107.94,0.0054044034923441606
DEU,BA:2242,2024,SEX_F,38,33.596,0.0016821043147007078
DEU,BA:2242,2024,SEX_F,41,57.168,0.0028623210936662125
DEU,BA:2242,2024,SEX_F,42,47.036,0.0023550261503233272
DEU,BA:2242,2024,SEX_F,43,299.07,0.014974012900272077
DEU,BA:2242,2024,SEX_F,45,156.488,0.007835133349175032
DEU,BA:2242,2024,SEX_F,46,419.247,0.02099110571571996
DEU,BA:2242,2024,SEX_F,47,2150.347,0.1076648400644042
DEU,BA:2242,2024,SEX_F,49,130.064,0.006512120954495561
DEU,BA:2242,2024,SEX_F,51,37.872,0.0018961976010937378
DEU,BA:2242,2024,SEX_F,52,221.247,0.01107752510163673
DEU,BA:2242,2024,SEX_F,53,116.701,0.005843054400222863
DEU,BA:2242,2024,SEX_F,55,238.537,0.011943211004755412
DEU,BA:2242,2024,SEX_F,56,587.762,0.029428413984317104
DEU,BA:2242,2024,SEX_F,58,110.25,0.005520061932841798
DEU,BA:2242,2024,SEX_F,59,25.55,0.0012792524479284168
DEU,BA:2242,2024,SEX_F,60,21.477,0.0010753230850942704
DEU,BA:2242,2024,SEX_F,61,62.687,0.003138649636136542
DEU,BA:2242,2024,SEX_F,62,274.453,0.013741474445843355
DEU,BA:2242,2024,SEX_F,63,47.906,0.0023985858227185413
DEU,BA:2242,2024,SEX_F,64,335.682,0.016807124079276196
DEU,BA:2242,2024,SEX_F,65,173.61,0.008692407729348432
DEU,BA:2242,2024,SEX_F,66,161.77,0.00809959563606184
DEU,BA:2242,2024,SEX_F,68,203.693,0.010198621091032603
DEU,BA:2242,2024,SEX_F,69,435.278,0.021793755265337982
DEU,BA:2242,2024,SEX_F,70,125.251,0.006271140835831003
DEU,BA:2242,2024,SEX_F,71,214.526,0.01074101411523646
DEU,BA:2242,2024,SEX_F,72,121.681,0.006092395973243745
DEU,BA:2242,2024,SEX_F,73,121.553,0.006085987193856862
DEU,BA:2242,2024,SEX_F,74,116.419,0.005828935058136139
DEU,BA:2242,2024,SEX_F,75,56.092,0.002808447291945235
DEU,BA:2242,2024,SEX_F,77,21.853,0.0010941488745432365
DEU,BA:2242,2024,SEX_F,78,74.538,0.0037320124839016955
DEU,BA:2242,2024,SEX_F,79,67.16,0.0033626064345546954
DEU,BA:2242,2024,SEX_F,80,30.421,0.0015231365447526562
DEU,BA:2242,2024,SEX_F,81,523.54,0.026212909064126936
DEU,BA:2242,2024,SEX_F,82,169.492,0.008486225280011084
DEU,BA:2242,2024,SEX_F,84,1642.46,0.08223565462326839
DEU,BA:2242,2024,SEX_F,85,2131.196,0.10670597651723092
DEU,BA:2242,2024,SEX_F,86,2578.737,0.1291137228889856
DEU,BA:2242,2024,SEX_F,87,847.788,0.04244754889723431
DEU,BA:2242,2024,SEX_F,88,1292.856,0.06473147564849084
DEU,BA:2242,2024,SEX_F,90,94.482,0.004730580422120261
DEU,BA:2242,2024,SEX_F,91,55.383,0.0027729486623725833
DEU,BA:2242,2024,SEX_F,92,28.542,0.0014290576660967857
DEU,BA:2242,2024,SEX_F,93,108.43,0.005428937100934569
DEU,BA:2242,2024,SEX_F,94,292.599,0.014650019061111812
DEU,BA:2242,2024,SEX_F,95,15.727,7.874286985741765e-4
DEU,BA:2242,2024,SEX_F,96,487.595,0.024413193633959156
DEU,BA:2242,2024,SEX_F,97,103.293,0.005171734759446965
DEU,BA:2242,2024,SEX_M,1,281.235,0.01244236940124346
DEU,BA:2242,2024,SEX_M,2,44.363,0.0019627031974944927
DEU,BA:2242,2024,SEX_M,8,31.418,0.0013899918639154693
DEU,BA:2242,2024,SEX_M,10,322.245,0.014256729524076658
DEU,BA:2242,2024,SEX_M,11,50.886,0.002251293079992443
DEU,BA:2242,2024,SEX_M,13,46.087,0.002038976224847929
DEU,BA:2242,2024,SEX_M,14,16.277,7.201253284407694e-4
DEU,BA:2242,2024,SEX_M,16,98.086,0.00433951053421646
DEU,BA:2242,2024,SEX_M,17,99.324,0.004394282000494623
DEU,BA:2242,2024,SEX_M,18,95.444,0.004222623447054175
DEU,BA:2242,2024,SEX_M,19,19.281,8.530279816714673e-4
DEU,BA:2242,2024,SEX_M,20,321.728,0.01423385646424967
DEU,BA:2242,2024,SEX_M,21,109.985,0.004865944845398908
DEU,BA:2242,2024,SEX_M,22,191.569,0.00847537562475086
DEU,BA:2242,2024,SEX_M,23,152.324,0.006739102446974982
DEU,BA:2242,2024,SEX_M,24,177.661,0.007860059346078242
DEU,BA:2242,2024,SEX_M,25,759.884,0.033618708304778866
DEU,BA:2242,2024,SEX_M,26,275.517,0.01218939424439488
DEU,BA:2242,2024,SEX_M,27,240.525,0.010641281846975246
DEU,BA:2242,2024,SEX_M,28,1040.946,0.04605342385814985
DEU,BA:2242,2024,SEX_M,29,899.642,0.039801867096461926
DEU,BA:2242,2024,SEX_M,30,203.266,0.008992873073099554
DEU,BA:2242,2024,SEX_M,31,133.378,0.005900895500201077
DEU,BA:2242,2024,SEX_M,32,246.35,0.010898990886612002
DEU,BA:2242,2024,SEX_M,33,192.85,0.008532049492523338
DEU,BA:2242,2024,SEX_M,35,313.541,0.013871648068111279
DEU,BA:2242,2024,SEX_M,36,25.068,0.0011090558292899926
DEU,BA:2242,2024,SEX_M,37,28.232,0.001249037185755348
DEU,BA:2242,2024,SEX_M,38,156.806,0.0069373946213358295
DEU,BA:2242,2024,SEX_M,39,17.721,7.840106251335551e-4
DEU,BA:2242,2024,SEX_M,41,228.076,0.010090514493423661
DEU,BA:2242,2024,SEX_M,42,279.686,0.012373838705552928
DEU,BA:2242,2024,SEX_M,43,1799.293,0.07960413236998079
DEU,BA:2242,2024,SEX_M,45,602.754,0.02666697930939286
DEU,BA:2242,2024,SEX_M,46,759.365,0.03359574676116145
DEU,BA:2242,2024,SEX_M,47,1264.382,0.055938655957768445
DEU,BA:2242,2024,SEX_M,49,532.066,0.023539608220321095
DEU,BA:2242,2024,SEX_M,50,19.618,8.679375003594651e-4
DEU,BA:2242,2024,SEX_M,51,49.824,0.0022043081872724023
DEU,BA:2242,2024,SEX_M,52,726.507,0.032142046568134054
DEU,BA:2242,2024,SEX_M,53,225.377,0.00997110561823403
DEU,BA:2242,2024,SEX_M,55,133.59,0.0059102747819869995
DEU,BA:2242,2024,SEX_M,56,597.348,0.02642780762385186
DEU,BA:2242,2024,SEX_M,58,93.485,0.004135953574324835
DEU,BA:2242,2024,SEX_M,59,45.656,0.0020199079680095697
DEU,BA:2242,2024,SEX_M,60,23.473,0.0010384900064194986
DEU,BA:2242,2024,SEX_M,61,153.178,0.006776885025489966
DEU,BA:2242,2024,SEX_M,62,787.134,0.03482429994943151
DEU,BA:2242,2024,SEX_M,63,94.577,0.004184265723901373
DEU,BA:2242,2024,SEX_M,64,293.107,0.012967609181255061
DEU,BA:2242,2024,SEX_M,65,131.991,0.005839531991535639
DEU,BA:2242,2024,SEX_M,66,215.198,0.00952076736682415
DEU,BA:2242,2024,SEX_M,68,193.709,0.008570053280514408
DEU,BA:2242,2024,SEX_M,69,237.393,0.010502716231156822
DEU,BA:2242,2024,SEX_M,70,185.317,0.008198775295856612
DEU,BA:2242,2024,SEX_M,71,372.039,0.01645971045449256
DEU,BA:2242,2024,SEX_M,72,146.415,0.0064776770881400285
DEU,BA:2242,2024,SEX_M,73,104.512,0.004623808952878399
DEU,BA:2242,2024,SEX_M,74,120.963,0.005351632371086858
DEU,BA:2242,2024,SEX_M,77,59.085,0.0026140323788734327
DEU,BA:2242,2024,SEX_M,78,71.202,0.0031501114232131023
DEU,BA:2242,2024,SEX_M,79,38.251,0.001692296733930569
DEU,BA:2242,2024,SEX_M,80,146.079,0.006462811811347249
DEU,BA:2242,2024,SEX_M,81,557.632,0.024670696513428955
DEU,BA:2242,2024,SEX_M,82,200.605,0.008875145389928153
DEU,BA:2242,2024,SEX_M,84,1447.382,0.06403492278240817
DEU,BA:2242,2024,SEX_M,85,814.954,0.03605510947435761
DEU,BA:2242,2024,SEX_M,86,780.441,0.034528188944746734
DEU,BA:2242,2024,SEX_M,87,226.742,0.010031495805204703
DEU,BA:2242,2024,SEX_M,88,444.507,0.019665832117049892
DEU,BA:2242,2024,SEX_M,90,110.39,0.004883862812961636
DEU,BA:2242,2024,SEX_M,91,26.97,0.0011932039139919857
DEU,BA:2242,2024,SEX_M,92,21.989,9.728350339180487e-4
DEU,BA:2242,2024,SEX_M,93,136.921,0.006057644534953529
DEU,BA:2242,2024,SEX_M,94,199.158,0.008811127367549717
DEU,BA:2242,2024,SEX_M,95,56.156,0.0024844478677839804
DEU,BA:2242,2024,SEX_M,96,256.874,0.011364592591871612
DNK,BA:2487,2024,SEX_F,1,10.757,0.007593850089760904
DNK,BA:2487,2024,SEX_F,10,21.641,0.015277355191272261
DNK,BA:2487,2024,SEX_F,20,4.301,0.0030362693349504184
DNK,BA:2487,2024,SEX_F,21,22.23,0.015693156781201534
DNK,BA:2487,2024,SEX_F,22,3.002,0.0021192468131878994
DNK,BA:2487,2024,SEX_F,23,2.728,0.0019258178901987307
DNK,BA:2487,2024,SEX_F,25,4.361,0.0030786260334151995
DNK,BA:2487,2024,SEX_F,26,5.478,0.0038671665698345476
DNK,BA:2487,2024,SEX_F,27,4.296,0.0030327396100783533
DNK,BA:2487,2024,SEX_F,28,14.244,0.01005548021553912
DNK,BA:2487,2024,SEX_F,31,3.335,0.0023543264896674363
DNK,BA:2487,2024,SEX_F,32,7.446,0.005256466279479379
DNK,BA:2487,2024,SEX_F,35,8.742,0.00617137096631866
DNK,BA:2487,2024,SEX_F,38,2.255,0.00159190591730137
DNK,BA:2487,2024,SEX_F,41,2.736,0.001931465449994035
DNK,BA:2487,2024,SEX_F,43,13.632,0.00962344189119835
DNK,BA:2487,2024,SEX_F,45,7.511,0.005302352702816227
DNK,BA:2487,2024,SEX_F,46,59.861,0.042258572113338055
DNK,BA:2487,2024,SEX_F,47,128.11,0.09043861067205257
DNK,BA:2487,2024,SEX_F,49,8.309,0.005865696792397819
DNK,BA:2487,2024,SEX_F,50,3.841,0.002711534646720427
DNK,BA:2487,2024,SEX_F,52,10.386,0.007331944504253671
DNK,BA:2487,2024,SEX_F,53,3.458,0.0024411577215202387
DNK,BA:2487,2024,SEX_F,55,13.545,0.009562024678424416
DNK,BA:2487,2024,SEX_F,56,47.222,0.03333613358173184
DNK,BA:2487,2024,SEX_F,58,7.431,0.0052458771048631845
DNK,BA:2487,2024,SEX_F,59,3.309,0.002335971920332698
DNK,BA:2487,2024,SEX_F,60,3.031,0.0021397192174458773
DNK,BA:2487,2024,SEX_F,61,3.924,0.002770128079596708
DNK,BA:2487,2024,SEX_F,62,14.97,0.010567996266962976
DNK,BA:2487,2024,SEX_F,64,24.858,0.01754838017395896
DNK,BA:2487,2024,SEX_F,65,10.383,0.0073298266693304324
DNK,BA:2487,2024,SEX_F,66,3.178,0.0022434931286845917
DNK,BA:2487,2024,SEX_F,68,15.346,0.010833431577342272
DNK,BA:2487,2024,SEX_F,69,18.889,0.013334594621687618
DNK,BA:2487,2024,SEX_F,70,13.969,0.009861345347575538
DNK,BA:2487,2024,SEX_F,71,17.457,0.012323681418328169
DNK,BA:2487,2024,SEX_F,72,9.611,0.006784837149083578
DNK,BA:2487,2024,SEX_F,73,7.167,0.005059507631618146
DNK,BA:2487,2024,SEX_F,74,12.86,0.009078452370951494
DNK,BA:2487,2024,SEX_F,75,5.706,0.0040281220240007175
DNK,BA:2487,2024,SEX_F,78,13.298,0.009387656269744398
DNK,BA:2487,2024,SEX_F,79,2.607,0.001840398548294755
DNK,BA:2487,2024,SEX_F,81,24.689,0.01742907547328316
DNK,BA:2487,2024,SEX_F,82,5.599,0.003952585911738524
DNK,BA:2487,2024,SEX_F,84,88.83,0.06270909207710897
DNK,BA:2487,2024,SEX_F,85,154.945,0.10938264406042607
DNK,BA:2487,2024,SEX_F,86,172.126,0.12151148466581625
DNK,BA:2487,2024,SEX_F,87,113.452,0.08009086923710644
DNK,BA:2487,2024,SEX_F,88,162.743,0.11488760297089883
DNK,BA:2487,2024,SEX_F,90,8.917,0.006294911336840939
DNK,BA:2487,2024,SEX_F,91,11.806,0.008334386367920166
DNK,BA:2487,2024,SEX_F,93,21.685,0.015308416770146435
DNK,BA:2487,2024,SEX_F,94,30.119,0.02126235668434588
DNK,BA:2487,2024,SEX_F,96,20.209,0.01426644198791281
DNK,BA:2487,2024,SEX_M,1,35.363,0.02205013985935499
DNK,BA:2487,2024,SEX_M,2,3.352,0.0020900961119972267
DNK,BA:2487,2024,SEX_M,6,2.212,0.001379263902069769
DNK,BA:2487,2024,SEX_M,9,3.06,0.001908023300331597
DNK,BA:2487,2024,SEX_M,10,29.266,0.018248434610295593
DNK,BA:2487,2024,SEX_M,11,3.019,0.0018824582822552587
DNK,BA:2487,2024,SEX_M,16,5.647,0.003521113587245925
DNK,BA:2487,2024,SEX_M,17,3.121,0.0019460590589329787
DNK,BA:2487,2024,SEX_M,20,8.654,0.005396089425186157
DNK,BA:2487,2024,SEX_M,21,27.901,0.017397306569461403
DNK,BA:2487,2024,SEX_M,22,10.086,0.006288994446779245
DNK,BA:2487,2024,SEX_M,23,10.293,0.00641806661121344
DNK,BA:2487,2024,SEX_M,24,2.797,0.0017440330624272802
DNK,BA:2487,2024,SEX_M,25,27.395,0.01708179683417781
DNK,BA:2487,2024,SEX_M,26,13.069,0.008149005396089426
DNK,BA:2487,2024,SEX_M,27,7.609,0.004744493232752655
DNK,BA:2487,2024,SEX_M,28,52.206,0.032552373992520055
DNK,BA:2487,2024,SEX_M,29,2.635,0.0016430200641744308
DNK,BA:2487,2024,SEX_M,30,2.103,0.001311298366208284
DNK,BA:2487,2024,SEX_M,31,9.186,0.0057278111231523045
DNK,BA:2487,2024,SEX_M,32,8.182,0.0051017799487951395
DNK,BA:2487,2024,SEX_M,33,12.006,0.007486185537183384
DNK,BA:2487,2024,SEX_M,35,17.008,0.010605117742496667
DNK,BA:2487,2024,SEX_M,36,2.936,0.0018307047090763298
DNK,BA:2487,2024,SEX_M,37,4.59,0.0028620349504973955
DNK,BA:2487,2024,SEX_M,38,8.736,0.005447219461338835
DNK,BA:2487,2024,SEX_M,41,21.126,0.013172843216603046
DNK,BA:2487,2024,SEX_M,42,17.308,0.010792178850372314
DNK,BA:2487,2024,SEX_M,43,127.617,0.07957392467922138
DNK,BA:2487,2024,SEX_M,45,40.489,0.025246390655923538
DNK,BA:2487,2024,SEX_M,46,109.901,0.06852734272213819
DNK,BA:2487,2024,SEX_M,47,108.9,0.06790318215885978
DNK,BA:2487,2024,SEX_M,49,50.15,0.03127038186654562
DNK,BA:2487,2024,SEX_M,50,10.086,0.006288994446779245
DNK,BA:2487,2024,SEX_M,51,3.428,0.0021374849259923902
DNK,BA:2487,2024,SEX_M,52,29.126,0.018161139426620294
DNK,BA:2487,2024,SEX_M,53,14.027,0.00874635386723899
DNK,BA:2487,2024,SEX_M,55,8.852,0.005519549756384084
DNK,BA:2487,2024,SEX_M,56,41.935,0.02614802519588416
DNK,BA:2487,2024,SEX_M,58,12.371,0.007713776551765421
DNK,BA:2487,2024,SEX_M,59,4.555,0.00284021115457857
DNK,BA:2487,2024,SEX_M,60,5.473,0.003412618144678049
DNK,BA:2487,2024,SEX_M,61,9.374,0.0058450360840877095
DNK,BA:2487,2024,SEX_M,62,54.088,0.03372587067592661
DNK,BA:2487,2024,SEX_M,63,7.005,0.004367876868896352
DNK,BA:2487,2024,SEX_M,64,28.479,0.017757710970635148
DNK,BA:2487,2024,SEX_M,65,9.253,0.005769588103911199
DNK,BA:2487,2024,SEX_M,66,6.625,0.0041309327989205325
DNK,BA:2487,2024,SEX_M,68,25.228,0.015730592098289392
DNK,BA:2487,2024,SEX_M,69,17.836,0.011121406400233453
DNK,BA:2487,2024,SEX_M,70,17.798,0.01109771199323587
DNK,BA:2487,2024,SEX_M,71,41.214,0.025698454999956353
DNK,BA:2487,2024,SEX_M,72,9.725,0.006063897580302216
DNK,BA:2487,2024,SEX_M,73,6.191,0.003860317729527097
DNK,BA:2487,2024,SEX_M,74,8.524,0.0053150296117733765
DNK,BA:2487,2024,SEX_M,77,6.374,0.003974425005331242
DNK,BA:2487,2024,SEX_M,78,6.551,0.004084791058977874
DNK,BA:2487,2024,SEX_M,80,5.034,0.003138885390153353
DNK,BA:2487,2024,SEX_M,81,35.155,0.021920444157894542
DNK,BA:2487,2024,SEX_M,82,8.853,0.005520173293410337
DNK,BA:2487,2024,SEX_M,84,86.378,0.05385988125360872
DNK,BA:2487,2024,SEX_M,85,107.061,0.06675649756758206
DNK,BA:2487,2024,SEX_M,86,50.087,0.031231099033891735
DNK,BA:2487,2024,SEX_M,87,29.987,0.018698004806223398
DNK,BA:2487,2024,SEX_M,88,42.403,0.026439840524170165
DNK,BA:2487,2024,SEX_M,90,8.248,0.005142933392527782
DNK,BA:2487,2024,SEX_M,91,7.551,0.004708328085230029
DNK,BA:2487,2024,SEX_M,93,21.593,0.013464035007862803
DNK,BA:2487,2024,SEX_M,94,19.179,0.011958816626490098
DNK,BA:2487,2024,SEX_M,95,3.69,0.0023008516268704553
DNK,BA:2487,2024,SEX_M,96,6.494,0.004049249448481501
DOM,BA:13413,2024,SEX_F,1,22.362,0.010750067422276898
DOM,BA:13413,2024,SEX_F,10,22.679,0.01090245859358813
DOM,BA:13413,2024,SEX_F,11,1.582,7.605136688150458e-4
DOM,BA:13413,2024,SEX_F,12,28.543,0.013721454898222409
DOM,BA:13413,2024,SEX_F,13,6.39,0.0030718598885765753
DOM,BA:13413,2024,SEX_F,14,27.49,0.013215247001090776
DOM,BA:13413,2024,SEX_F,15,3.058,0.0014700700374440012
DOM,BA:13413,2024,SEX_F,16,1.399,6.725402166069842e-4
DOM,BA:13413,2024,SEX_F,18,1.902,9.143470278673938e-4
DOM,BA:13413,2024,SEX_F,20,4.011,0.0019282050098717754
DOM,BA:13413,2024,SEX_F,21,5.713,0.0027464061883314514
DOM,BA:13413,2024,SEX_F,22,4.015,0.0019301279268599295
DOM,BA:13413,2024,SEX_F,23,3.219,0.0015474674462172139
DOM,BA:13413,2024,SEX_F,25,2.188,0.00105183559252043
DOM,BA:13413,2024,SEX_F,27,3.896,0.0018729211464623377
DOM,BA:13413,2024,SEX_F,31,1.873,9.004058797032748e-4
DOM,BA:13413,2024,SEX_F,32,24.172,0.011620187359416742
DOM,BA:13413,2024,SEX_F,35,4.634,0.0022276993307768157
DOM,BA:13413,2024,SEX_F,36,3.387,0.0016282299597196966
DOM,BA:13413,2024,SEX_F,41,11.883,0.005712505642559537
DOM,BA:13413,2024,SEX_F,43,1.306,6.278323966323956e-4
DOM,BA:13413,2024,SEX_F,45,16.263,0.007818099744588553
DOM,BA:13413,2024,SEX_F,46,29.012,0.013946916915083507
DOM,BA:13413,2024,SEX_F,47,369.568,0.17766214636955677
DOM,BA:13413,2024,SEX_F,49,6.711,0.003226173976875962
DOM,BA:13413,2024,SEX_F,51,2.077,9.984746460991467e-4
DOM,BA:13413,2024,SEX_F,52,3.405,0.001636883086166391
DOM,BA:13413,2024,SEX_F,53,7.545,0.0036271021689061444
DOM,BA:13413,2024,SEX_F,55,31.231,0.015013655114262133
DOM,BA:13413,2024,SEX_F,56,199.285,0.09580212799608495
DOM,BA:13413,2024,SEX_F,58,1.805,8.677162909046508e-4
DOM,BA:13413,2024,SEX_F,59,1.443,6.936923034766821e-4
DOM,BA:13413,2024,SEX_F,60,4.197,0.0020176206498209526
DOM,BA:13413,2024,SEX_F,61,8.687,0.0041760949690242116
DOM,BA:13413,2024,SEX_F,63,2.111,0.0010148194404984588
DOM,BA:13413,2024,SEX_F,64,44.88,0.021575128607091817
DOM,BA:13413,2024,SEX_F,65,8.702,0.004183305907729791
DOM,BA:13413,2024,SEX_F,66,4.881,0.002346439454795347
DOM,BA:13413,2024,SEX_F,68,7.995,0.0038434303300735086
DOM,BA:13413,2024,SEX_F,69,30.375,0.014602150878797102
DOM,BA:13413,2024,SEX_F,71,2.917,0.0014022872136115602
DOM,BA:13413,2024,SEX_F,73,4.39,0.0021104013944993998
DOM,BA:13413,2024,SEX_F,74,4.333,0.0020829998274182007
DOM,BA:13413,2024,SEX_F,77,4.564,0.0021940482834841143
DOM,BA:13413,2024,SEX_F,78,2.357,0.0011330788352699513
DOM,BA:13413,2024,SEX_F,79,6.337,0.00304638123848353
DOM,BA:13413,2024,SEX_F,81,10.175,0.00489142008861763
DOM,BA:13413,2024,SEX_F,82,23.57,0.011330788352699512
DOM,BA:13413,2024,SEX_F,84,113.13,0.05438489971747543
DOM,BA:13413,2024,SEX_F,85,226.014,0.10865154004017936
DOM,BA:13413,2024,SEX_F,86,127.641,0.06136076182125238
DOM,BA:13413,2024,SEX_F,87,1.813,8.715621248809595e-4
DOM,BA:13413,2024,SEX_F,88,21.341,0.0102592428610505
DOM,BA:13413,2024,SEX_F,91,1.158,5.566844680706845e-4
DOM,BA:13413,2024,SEX_F,92,130.942,0.06294764906572675
DOM,BA:13413,2024,SEX_F,93,3.496,0.0016806294476469027
DOM,BA:13413,2024,SEX_F,94,6.471,0.003110798957586701
DOM,BA:13413,2024,SEX_F,95,8.793,0.004227052269210301
DOM,BA:13413,2024,SEX_F,96,190.018,0.09134721006377836
DOM,BA:13413,2024,SEX_F,97,223.051,0.10722713928120402
DOM,BA:13413,2024,SEX_F,99,1.787,8.590631644579562e-4
DOM,BA:13413,2024,SEX_M,1,326.67,0.11206706390604848
DOM,BA:13413,2024,SEX_M,2,0.851,2.9194315787812547e-4
DOM,BA:13413,2024,SEX_M,3,9.755,0.0033465399589907335
DOM,BA:13413,2024,SEX_M,7,4.106,0.0014086000073414609
DOM,BA:13413,2024,SEX_M,8,2.957,0.0010144252853650023
DOM,BA:13413,2024,SEX_M,10,57.3,0.019657277257833828
DOM,BA:13413,2024,SEX_M,11,22.946,0.007871830435571643
DOM,BA:13413,2024,SEX_M,12,20.214,0.006934593411690279
DOM,BA:13413,2024,SEX_M,13,4.608,0.0015808155951849614
DOM,BA:13413,2024,SEX_M,14,23.712,0.008134613583555947
DOM,BA:13413,2024,SEX_M,15,4.671,0.001602428308400381
DOM,BA:13413,2024,SEX_M,16,3.8,0.0013036239717237094
DOM,BA:13413,2024,SEX_M,17,1.769,6.068712647313794e-4
DOM,BA:13413,2024,SEX_M,18,4.482,0.0015375901687541228
DOM,BA:13413,2024,SEX_M,20,12.828,0.0044007600813873015
DOM,BA:13413,2024,SEX_M,21,8.424,0.0028899285099475073
DOM,BA:13413,2024,SEX_M,22,12.846,0.004406935142305992
DOM,BA:13413,2024,SEX_M,23,15.226,0.005223415419332948
DOM,BA:13413,2024,SEX_M,24,1.207,4.1407214049224146e-4
DOM,BA:13413,2024,SEX_M,25,61.94,0.021249070739096463
DOM,BA:13413,2024,SEX_M,27,4.206,0.0014429059013341902
DOM,BA:13413,2024,SEX_M,28,2.639,9.053325424681235e-4
DOM,BA:13413,2024,SEX_M,29,1.284,4.404876788666429e-4
DOM,BA:13413,2024,SEX_M,31,47.634,0.016341269544496627
DOM,BA:13413,2024,SEX_M,32,13.902,0.004769205382869213
DOM,BA:13413,2024,SEX_M,33,16.241,0.005571620243359149
DOM,BA:13413,2024,SEX_M,35,10.468,0.0035911409831588924
DOM,BA:13413,2024,SEX_M,36,10.616,0.0036419137062681313
DOM,BA:13413,2024,SEX_M,38,2.923,0.0010027612814074744
DOM,BA:13413,2024,SEX_M,41,282.646,0.09696423713468938
DOM,BA:13413,2024,SEX_M,42,7.648,0.002623714772563929
DOM,BA:13413,2024,SEX_M,43,128.926,0.044229216889066045
DOM,BA:13413,2024,SEX_M,45,171.454,0.05881882748629392
DOM,BA:13413,2024,SEX_M,46,64.267,0.02204736889230727
DOM,BA:13413,2024,SEX_M,47,365.455,0.12537260489112848
DOM,BA:13413,2024,SEX_M,49,241.557,0.08286828835201686
DOM,BA:13413,2024,SEX_M,50,4.359,0.0014953939191430657
DOM,BA:13413,2024,SEX_M,51,3.64,0.001248734541335343
DOM,BA:13413,2024,SEX_M,52,18.947,0.006499937734802401
DOM,BA:13413,2024,SEX_M,53,12.021,0.004123911516865977
DOM,BA:13413,2024,SEX_M,55,59.979,0.020576332157899044
DOM,BA:13413,2024,SEX_M,56,116.35,0.03991490766054042
DOM,BA:13413,2024,SEX_M,58,2.066,7.087597698897852e-4
DOM,BA:13413,2024,SEX_M,59,2.825,9.691415052945999e-4
DOM,BA:13413,2024,SEX_M,60,4.601,0.0015784141826054704
DOM,BA:13413,2024,SEX_M,61,13.322,0.004570231197711384
DOM,BA:13413,2024,SEX_M,62,5.924,0.002032281160129278
DOM,BA:13413,2024,SEX_M,63,3.237,0.0011104817885446443
DOM,BA:13413,2024,SEX_M,64,50.001,0.017153290055304526
DOM,BA:13413,2024,SEX_M,65,8.15,0.00279593036040743
DOM,BA:13413,2024,SEX_M,66,3.66,0.0012555957201338887
DOM,BA:13413,2024,SEX_M,68,12.906,0.0044275186787016306
DOM,BA:13413,2024,SEX_M,69,31.616,0.010846151444741263
DOM,BA:13413,2024,SEX_M,71,6.044,0.0020734482329205525
DOM,BA:13413,2024,SEX_M,73,8.689,0.0029808391290282402
DOM,BA:13413,2024,SEX_M,74,8.714,0.0029894156025264225
DOM,BA:13413,2024,SEX_M,75,2.28,7.821743830342256e-4
DOM,BA:13413,2024,SEX_M,77,5.719,0.001961954077444183
DOM,BA:13413,2024,SEX_M,78,2.664,9.139090159663058e-4
DOM,BA:13413,2024,SEX_M,79,6.348,0.0021777381506584495
DOM,BA:13413,2024,SEX_M,80,27.014,0.009267394203195865
DOM,BA:13413,2024,SEX_M,81,18.637,0.006393589463424941
DOM,BA:13413,2024,SEX_M,82,25.126,0.008619698924613138
DOM,BA:13413,2024,SEX_M,84,189.034,0.06484980365021571
DOM,BA:13413,2024,SEX_M,85,84.347,0.028935992406047294
DOM,BA:13413,2024,SEX_M,86,34.55,0.011852686374487937
DOM,BA:13413,2024,SEX_M,88,8.796,0.00301754643560046
DOM,BA:13413,2024,SEX_M,90,7.86,0.002696443267828515
DOM,BA:13413,2024,SEX_M,92,12.42,0.004260792033896966
DOM,BA:13413,2024,SEX_M,93,7.818,0.0026820347923515687
DOM,BA:13413,2024,SEX_M,94,9.136,0.003134186475175739
DOM,BA:13413,2024,SEX_M,95,48.721,0.016714174612197593
DOM,BA:13413,2024,SEX_M,96,52.4,0.017976288452190098
DOM,BA:13413,2024,SEX_M,97,22.852,0.007839582895218477
ECU,BA:19,2024,SEX_F,1,1037.073,0.3056232787798327
ECU,BA:19,2024,SEX_F,2,0.754,2.2220224825059934e-4
ECU,BA:19,2024,SEX_F,3,6.059,0.0017855748304381718
ECU,BA:19,2024,SEX_F,6,0.348,1.0255488380796893e-4
ECU,BA:19,2024,SEX_F,7,3.977,0.0011720137152422196
ECU,BA:19,2024,SEX_F,8,0.496,1.4617017922055343e-4
ECU,BA:19,2024,SEX_F,9,0.535,1.576633989576534e-4
ECU,BA:19,2024,SEX_F,10,115.568,0.03405765175838894
ECU,BA:19,2024,SEX_F,11,3.668,0.0010809520511713508
ECU,BA:19,2024,SEX_F,12,0.58,1.7092480634661486e-4
ECU,BA:19,2024,SEX_F,13,7.236,0.002132434308145009
ECU,BA:19,2024,SEX_F,14,77.963,0.022975535650346785
ECU,BA:19,2024,SEX_F,15,9.456,0.0027866637393337765
ECU,BA:19,2024,SEX_F,16,3.145,9.268250275174204e-4
ECU,BA:19,2024,SEX_F,17,1.018,3.0000250493250684e-4
ECU,BA:19,2024,SEX_F,18,4.551,0.0013411703339369732
ECU,BA:19,2024,SEX_F,19,1.327,3.910641690033758e-4
ECU,BA:19,2024,SEX_F,20,6.125,0.0018050248946086486
ECU,BA:19,2024,SEX_F,21,2.865,8.443096037638822e-4
ECU,BA:19,2024,SEX_F,22,5.243,0.0015451013097850033
ECU,BA:19,2024,SEX_F,23,11.942,0.003519282823088405
ECU,BA:19,2024,SEX_F,24,0.229,6.748582871271519e-5
ECU,BA:19,2024,SEX_F,25,6.28,0.0018507030756150717
ECU,BA:19,2024,SEX_F,27,0.648,1.909642664010456e-4
ECU,BA:19,2024,SEX_F,28,0.781,2.3015909268397626e-4
ECU,BA:19,2024,SEX_F,29,0.378,1.113958220672766e-4
ECU,BA:19,2024,SEX_F,31,6.026,0.0017758497983529332
ECU,BA:19,2024,SEX_F,32,16.881,0.004974795958512424
ECU,BA:19,2024,SEX_F,33,1.336,3.937164504811681e-4
ECU,BA:19,2024,SEX_F,35,4.017,0.0011838016329212967
ECU,BA:19,2024,SEX_F,36,2.289,6.74563589185175e-4
ECU,BA:19,2024,SEX_F,38,1.446,4.261332240986295e-4
ECU,BA:19,2024,SEX_F,41,7.458,0.002197857251263886
ECU,BA:19,2024,SEX_F,42,3.586,0.001056786819929243
ECU,BA:19,2024,SEX_F,43,3.753,0.0011060013762393892
ECU,BA:19,2024,SEX_F,45,24.579,0.007243380715850772
ECU,BA:19,2024,SEX_F,46,50.34,0.014835094399118266
ECU,BA:19,2024,SEX_F,47,594.1,0.1750800473284895
ECU,BA:19,2024,SEX_F,49,28.157,0.008297809952244198
ECU,BA:19,2024,SEX_F,50,0.521,1.5353762776997647e-4
ECU,BA:19,2024,SEX_F,51,0.806,2.3752654123339933e-4
ECU,BA:19,2024,SEX_F,52,8.676,0.002556799344591777
ECU,BA:19,2024,SEX_F,53,3.59,0.0010579656116971507
ECU,BA:19,2024,SEX_F,55,13.181,0.0038844135731978115
ECU,BA:19,2024,SEX_F,56,335.512,0.09887469590856113
ECU,BA:19,2024,SEX_F,58,0.566,1.6679903515893796e-4
ECU,BA:19,2024,SEX_F,59,1.906,5.616942774080137e-4
ECU,BA:19,2024,SEX_F,60,0.961,2.8320472223982226e-4
ECU,BA:19,2024,SEX_F,61,12.169,0.0035861792559171665
ECU,BA:19,2024,SEX_F,62,2.787,8.213231642896822e-4
ECU,BA:19,2024,SEX_F,63,0.344,1.0137609204006124e-4
ECU,BA:19,2024,SEX_F,64,23.785,0.007009390549921095
ECU,BA:19,2024,SEX_F,65,6.651,0.0019600360120885095
ECU,BA:19,2024,SEX_F,66,1.627,4.7947355159645244e-4
ECU,BA:19,2024,SEX_F,68,7.196,0.002120646390465932
ECU,BA:19,2024,SEX_F,69,35.003,0.010315312063018209
ECU,BA:19,2024,SEX_F,70,0.732,2.1571889352710706e-4
ECU,BA:19,2024,SEX_F,71,7.783,0.0022936340824063857
ECU,BA:19,2024,SEX_F,72,1.328,3.913588669453527e-4
ECU,BA:19,2024,SEX_F,73,10.03,0.0029558203580285296
ECU,BA:19,2024,SEX_F,74,5.232,0.001541859632423257
ECU,BA:19,2024,SEX_F,75,4.843,0.0014272221329942342
ECU,BA:19,2024,SEX_F,77,2.124,6.259384287589828e-4
ECU,BA:19,2024,SEX_F,78,8.075,0.0023796858814636467
ECU,BA:19,2024,SEX_F,79,4.847,0.001428400924762142
ECU,BA:19,2024,SEX_F,80,7.49,0.0022072875854071473
ECU,BA:19,2024,SEX_F,81,80.443,0.02370638654644955
ECU,BA:19,2024,SEX_F,82,21.552,0.006351330045486627
ECU,BA:19,2024,SEX_F,84,77.364,0.022799011583102612
ECU,BA:19,2024,SEX_F,85,192.29,0.05666746726274237
ECU,BA:19,2024,SEX_F,86,117.599,0.03465618327854408
ECU,BA:19,2024,SEX_F,87,3.449,0.0010164132018784047
ECU,BA:19,2024,SEX_F,88,17.108,0.0050416923913411855
ECU,BA:19,2024,SEX_F,90,3.016,8.888089930023974e-4
ECU,BA:19,2024,SEX_F,91,2.754,8.115981322044438e-4
ECU,BA:19,2024,SEX_F,92,2.57,7.5737371088069e-4
ECU,BA:19,2024,SEX_F,93,9.26,0.0027289029427063
ECU,BA:19,2024,SEX_F,94,10.907,0.0032142704531422906
ECU,BA:19,2024,SEX_F,95,14.932,0.004400429669599403
ECU,BA:19,2024,SEX_F,96,102.847,0.03030879923850052
ECU,BA:19,2024,SEX_F,97,176.931,0.05214120157191883
ECU,BA:19,2024,SEX_F,99,0.305,8.988287230296127e-5
ECU,BA:19,2024,SEX_M,1,1511.228,0.31172246158822037
ECU,BA:19,2024,SEX_M,2,15.561,0.003209782524393604
ECU,BA:19,2024,SEX_M,3,115.113,0.023744469875362825
ECU,BA:19,2024,SEX_M,6,2.463,5.080453928141795e-4
ECU,BA:19,2024,SEX_M,7,22.56,0.004653473025533044
ECU,BA:19,2024,SEX_M,8,3.639,7.50620050528136e-4
ECU,BA:19,2024,SEX_M,9,5.804,0.001197196695044051
ECU,BA:19,2024,SEX_M,10,141.999,0.029290271106057923
ECU,BA:19,2024,SEX_M,11,16.081,0.003317043427464401
ECU,BA:19,2024,SEX_M,12,0.569,1.1736818047554531e-4
ECU,BA:19,2024,SEX_M,13,10.413,0.0021478995839927123
ECU,BA:19,2024,SEX_M,14,24.583,0.005070759192671933
ECU,BA:19,2024,SEX_M,15,15.182,0.0031316058277323883
ECU,BA:19,2024,SEX_M,16,27.328,0.005636972998305277
ECU,BA:19,2024,SEX_M,17,6.167,0.001272073056226165
ECU,BA:19,2024,SEX_M,18,8.167,0.0016846149911138462
ECU,BA:19,2024,SEX_M,19,10.667,0.002200292409723448
ECU,BA:19,2024,SEX_M,20,14.156,0.002919971815135008
ECU,BA:19,2024,SEX_M,21,6.185,0.001275785933640154
ECU,BA:19,2024,SEX_M,22,19.858,0.004096128871499787
ECU,BA:19,2024,SEX_M,23,14.04,0.0028960443829115223
ECU,BA:19,2024,SEX_M,24,3.667,7.563956376165635e-4
ECU,BA:19,2024,SEX_M,25,73.058,0.015069744339512109
ECU,BA:19,2024,SEX_M,26,0.723,1.4913390946189677e-4
ECU,BA:19,2024,SEX_M,27,3.937,8.120887988264005e-4
ECU,BA:19,2024,SEX_M,28,5.685,0.0011726504499182339
ECU,BA:19,2024,SEX_M,29,4.05,8.353974181475544e-4
ECU,BA:19,2024,SEX_M,30,1.879,3.875831478269765e-4
ECU,BA:19,2024,SEX_M,31,50.046,0.010323036836694447
ECU,BA:19,2024,SEX_M,32,8.818,0.0018188973909197864
ECU,BA:19,2024,SEX_M,33,20.174,0.00416131049721204
ECU,BA:19,2024,SEX_M,35,14.198,0.0029286351957676492
ECU,BA:19,2024,SEX_M,36,15.168,0.0031287180341881744
ECU,BA:19,2024,SEX_M,37,0.99,2.042082577694022e-4
ECU,BA:19,2024,SEX_M,38,8.728,0.001800333003849841
ECU,BA:19,2024,SEX_M,39,0.243,5.012384508885327e-5
ECU,BA:19,2024,SEX_M,41,370.973,0.07652095960554389
ECU,BA:19,2024,SEX_M,42,23.722,0.004893159889702787
ECU,BA:19,2024,SEX_M,43,104.424,0.021539639504355616
ECU,BA:19,2024,SEX_M,45,158.305,0.03265372550119719
ECU,BA:19,2024,SEX_M,46,95.271,0.01965164133934214
ECU,BA:19,2024,SEX_M,47,466.128,0.09614867351266254
ECU,BA:19,2024,SEX_M,49,325.757,0.0671942115416032
ECU,BA:19,2024,SEX_M,50,4.407,9.090361535250056e-4
ECU,BA:19,2024,SEX_M,51,0.909,1.8750030940645112e-4
ECU,BA:19,2024,SEX_M,52,76.826,0.015846973344840497
ECU,BA:19,2024,SEX_M,53,25.604,0.0052813618504320954
ECU,BA:19,2024,SEX_M,55,16.548,0.003413371969260674
ECU,BA:19,2024,SEX_M,56,168.607,0.034778729007803634
ECU,BA:19,2024,SEX_M,58,2.826,5.829217539962936e-4
ECU,BA:19,2024,SEX_M,59,5.044,0.001040430759786732
ECU,BA:19,2024,SEX_M,60,4.132,8.523116374779494e-4
ECU,BA:19,2024,SEX_M,61,27.809,0.005736189333645764
ECU,BA:19,2024,SEX_M,62,10.745,0.0022163815451840675
ECU,BA:19,2024,SEX_M,63,0.929,1.9162572875532796e-4
ECU,BA:19,2024,SEX_M,64,18.49,0.0038139501880366127
ECU,BA:19,2024,SEX_M,65,3.934,8.11469985924069e-4
ECU,BA:19,2024,SEX_M,66,2.569,5.299101153632265e-4
ECU,BA:19,2024,SEX_M,68,15.059,0.0031062344987367956
ECU,BA:19,2024,SEX_M,69,38.908,0.00802559080130495
ECU,BA:19,2024,SEX_M,70,2.214,4.566839219206631e-4
ECU,BA:19,2024,SEX_M,71,14.965,0.003086845027797075
ECU,BA:19,2024,SEX_M,72,0.827,1.7058609007605617e-4
ECU,BA:19,2024,SEX_M,73,15.106,0.003115929234206656
ECU,BA:19,2024,SEX_M,74,10.327,0.002130160280792542
ECU,BA:19,2024,SEX_M,75,3.159,6.516099861550925e-4
ECU,BA:19,2024,SEX_M,77,4.066,8.386977536266559e-4
ECU,BA:19,2024,SEX_M,78,8.865,0.0018285921263896472
ECU,BA:19,2024,SEX_M,79,4.572,9.430708631532394e-4
ECU,BA:19,2024,SEX_M,80,78.134,0.016116775770257042
ECU,BA:19,2024,SEX_M,81,36.666,0.007563131292295859
ECU,BA:19,2024,SEX_M,82,17.15,0.0035375470916618663
ECU,BA:19,2024,SEX_M,84,158.475,0.032688791565662643
ECU,BA:19,2024,SEX_M,85,111.349,0.02296806595390421
ECU,BA:19,2024,SEX_M,86,63.91,0.013182777529335853
ECU,BA:19,2024,SEX_M,87,1.812,3.737629930082392e-4
ECU,BA:19,2024,SEX_M,88,1.45,2.990929027935689e-4
ECU,BA:19,2024,SEX_M,90,9.829,0.0020274373390055094
ECU,BA:19,2024,SEX_M,91,2.827,5.831280249637374e-4
ECU,BA:19,2024,SEX_M,92,2.517,5.191840250561468e-4
ECU,BA:19,2024,SEX_M,93,18.881,0.003894602136307155
ECU,BA:19,2024,SEX_M,94,13.1,0.002702149673514312
ECU,BA:19,2024,SEX_M,95,53.615,0.011059217919501515
ECU,BA:19,2024,SEX_M,96,31.321,0.006460612971308532
ECU,BA:19,2024,SEX_M,97,11.243,0.0023191044869711
ECU,BA:19,2024,SEX_M,99,0.559,1.1530547080110692e-4
EGY,BA:582,2024,SEX_F,1,950.162,0.19283850884531342
EGY,BA:582,2024,SEX_F,10,58.851,0.011944004374049414
EGY,BA:582,2024,SEX_F,12,1.759,3.5699484620402234e-4
EGY,BA:582,2024,SEX_F,13,27.23,0.005526418227478982
EGY,BA:582,2024,SEX_F,14,212.717,0.04317161608867597
EGY,BA:582,2024,SEX_F,15,9.637,0.0019558609055532485
EGY,BA:582,2024,SEX_F,16,4.128,8.377912024617421e-4
EGY,BA:582,2024,SEX_F,17,3.464,7.03030214468865e-4
EGY,BA:582,2024,SEX_F,18,4.01,8.138427136316826e-4
EGY,BA:582,2024,SEX_F,19,6.367,0.0012922036303473624
EGY,BA:582,2024,SEX_F,20,9.284,0.0018842183923582399
EGY,BA:582,2024,SEX_F,21,20.963,0.004254509926648619
EGY,BA:582,2024,SEX_F,22,4.02,8.158722465833824e-4
EGY,BA:582,2024,SEX_F,23,8.278,0.0016800473774172243
EGY,BA:582,2024,SEX_F,25,4.828,9.79858509080739e-4
EGY,BA:582,2024,SEX_F,26,1.912,3.880467003650317e-4
EGY,BA:582,2024,SEX_F,27,7.118,0.0014446215550200292
EGY,BA:582,2024,SEX_F,28,2.249,4.564419608373203e-4
EGY,BA:582,2024,SEX_F,29,2.425,4.921617407872395e-4
EGY,BA:582,2024,SEX_F,31,2.058,4.1767788145985105e-4
EGY,BA:582,2024,SEX_F,32,9.606,0.0019495693534029783
EGY,BA:582,2024,SEX_F,35,15.01,0.003046328960501635
EGY,BA:582,2024,SEX_F,36,8.805,0.0017870037639718117
EGY,BA:582,2024,SEX_F,37,2.638,5.353907926584485e-4
EGY,BA:582,2024,SEX_F,38,17.088,0.003468065907864886
EGY,BA:582,2024,SEX_F,41,33.592,0.006817607091350494
EGY,BA:582,2024,SEX_F,43,2.327,4.722723178605799e-4
EGY,BA:582,2024,SEX_F,45,3.75,7.610748568874838e-4
EGY,BA:582,2024,SEX_F,46,41.282,0.00837831793120776
EGY,BA:582,2024,SEX_F,47,721.808,0.14649331208006422
EGY,BA:582,2024,SEX_F,49,4.825,9.792496491952292e-4
EGY,BA:582,2024,SEX_F,52,11.942,0.0024236682509200884
EGY,BA:582,2024,SEX_F,53,6.443,0.001307628080780282
EGY,BA:582,2024,SEX_F,55,11.416,0.0023169148176606707
EGY,BA:582,2024,SEX_F,56,48.046,0.009751094019737611
EGY,BA:582,2024,SEX_F,58,4.237,8.599131116352717e-4
EGY,BA:582,2024,SEX_F,60,2.333,4.734900376315999e-4
EGY,BA:582,2024,SEX_F,61,33.343,0.006767071720853166
EGY,BA:582,2024,SEX_F,62,7.243,0.0014699907169162787
EGY,BA:582,2024,SEX_F,63,5.259,0.0010673313792990073
EGY,BA:582,2024,SEX_F,64,43.588,0.008846328229869771
EGY,BA:582,2024,SEX_F,65,24.353,0.004942521597274905
EGY,BA:582,2024,SEX_F,66,3.184,6.462032918212662e-4
EGY,BA:582,2024,SEX_F,68,12.182,0.0024723770417608873
EGY,BA:582,2024,SEX_F,69,62.597,0.012704267417756218
EGY,BA:582,2024,SEX_F,70,11.32,0.002297431301324351
EGY,BA:582,2024,SEX_F,71,14.225,0.0028870106237931883
EGY,BA:582,2024,SEX_F,72,7.41,0.001503883917209668
EGY,BA:582,2024,SEX_F,73,12.455,0.002527783291342296
EGY,BA:582,2024,SEX_F,74,8.418,0.0017084608387410234
EGY,BA:582,2024,SEX_F,75,5.629,0.0011424240985119054
EGY,BA:582,2024,SEX_F,77,4.183,8.489536336960919e-4
EGY,BA:582,2024,SEX_F,78,3.459,7.02015447993015e-4
EGY,BA:582,2024,SEX_F,79,12.663,0.002569997576737655
EGY,BA:582,2024,SEX_F,80,3.569,7.243403104617145e-4
EGY,BA:582,2024,SEX_F,81,11.426,0.0023189443506123706
EGY,BA:582,2024,SEX_F,82,9.009,0.001828406236186491
EGY,BA:582,2024,SEX_F,84,282.754,0.057385856022496955
EGY,BA:582,2024,SEX_F,85,1146.093,0.23260335092126586
EGY,BA:582,2024,SEX_F,86,577.754,0.11725707809764568
EGY,BA:582,2024,SEX_F,87,6.33,0.0012846943584260725
EGY,BA:582,2024,SEX_F,88,106.06,0.02152522648572974
EGY,BA:582,2024,SEX_F,90,2.057,4.1747492816468105e-4
EGY,BA:582,2024,SEX_F,91,3.523,7.150044588838947e-4
EGY,BA:582,2024,SEX_F,93,19.863,0.004031261301961624
EGY,BA:582,2024,SEX_F,94,11.762,0.002387136657789489
EGY,BA:582,2024,SEX_F,95,6.439,0.0013068162675996021
EGY,BA:582,2024,SEX_F,96,47.087,0.009556461809669587
EGY,BA:582,2024,SEX_F,97,135.397,0.027479267306131903
EGY,BA:582,2024,SEX_M,1,4461.827,0.1789109609988254
EGY,BA:582,2024,SEX_M,2,2.308,9.254650572182404e-5
EGY,BA:582,2024,SEX_M,3,179.08,0.007180774802714147
EGY,BA:582,2024,SEX_M,6,13.158,5.276113181489432e-4
EGY,BA:582,2024,SEX_M,7,2.95,1.1828951121290335e-4
EGY,BA:582,2024,SEX_M,8,34.156,0.0013695920491484496
EGY,BA:582,2024,SEX_M,9,12.016,4.8181924296076157e-4
EGY,BA:582,2024,SEX_M,10,704.976,0.02826822591756873
EGY,BA:582,2024,SEX_M,11,17.78,7.129449184289564e-4
EGY,BA:582,2024,SEX_M,12,14.27,5.722004491552986e-4
EGY,BA:582,2024,SEX_M,13,195.377,0.007834254180421498
EGY,BA:582,2024,SEX_M,14,386.168,0.015484618293581174
EGY,BA:582,2024,SEX_M,15,58.978,0.0023649080651913946
EGY,BA:582,2024,SEX_M,16,151.959,0.006093273164203925
EGY,BA:582,2024,SEX_M,17,61.54,0.0024676394983193465
EGY,BA:582,2024,SEX_M,18,58.821,0.0023586126573065043
EGY,BA:582,2024,SEX_M,19,78.6,0.0031517137563844754
EGY,BA:582,2024,SEX_M,20,107.889,0.004326148161101332
EGY,BA:582,2024,SEX_M,21,71.487,0.0028664956908734988
EGY,BA:582,2024,SEX_M,22,93.121,0.0037339788385277193
EGY,BA:582,2024,SEX_M,23,303.689,0.012177363854486579
EGY,BA:582,2024,SEX_M,24,72.694,0.002914894145122304
EGY,BA:582,2024,SEX_M,25,330.674,0.013259412146039186
EGY,BA:582,2024,SEX_M,26,20.214,8.105437897144502e-4
EGY,BA:582,2024,SEX_M,27,151.836,0.006088341093058438
EGY,BA:582,2024,SEX_M,28,15.162,6.079679894949291e-4
EGY,BA:582,2024,SEX_M,29,24.305,9.74585277976141e-4
EGY,BA:582,2024,SEX_M,30,9.399,3.768824121661283e-4
EGY,BA:582,2024,SEX_M,31,483.128,0.019372533889243242
EGY,BA:582,2024,SEX_M,32,49.497,0.0019847376055949413
EGY,BA:582,2024,SEX_M,33,81.064,0.0032505155718517953
EGY,BA:582,2024,SEX_M,35,234.115,0.009387575904274192
EGY,BA:582,2024,SEX_M,36,135.84,0.005446931255308742
EGY,BA:582,2024,SEX_M,37,37.281,0.0014948987347553387
EGY,BA:582,2024,SEX_M,38,87.942,0.003526310574605134
EGY,BA:582,2024,SEX_M,41,419.785,0.016832597445596148
EGY,BA:582,2024,SEX_M,42,30.967,0.0012417190826203314
EGY,BA:582,2024,SEX_M,43,3554.833,0.14254218915711825
EGY,BA:582,2024,SEX_M,45,600.894,0.024094731373141134
EGY,BA:582,2024,SEX_M,46,371.445,0.0148942533872803
EGY,BA:582,2024,SEX_M,47,2896.925,0.11616130246455594
EGY,BA:582,2024,SEX_M,49,2443.549,0.09798176841856907
EGY,BA:582,2024,SEX_M,50,15.029,6.026349369554998e-4
EGY,BA:582,2024,SEX_M,51,12.744,5.110106884397425e-4
EGY,BA:582,2024,SEX_M,52,179.891,0.0072132943937628455
EGY,BA:582,2024,SEX_M,53,40.254,0.0016141105031743088
EGY,BA:582,2024,SEX_M,55,197.486,0.007918821156403874
EGY,BA:582,2024,SEX_M,56,800.586,0.032102009025048624
EGY,BA:582,2024,SEX_M,58,21.268,8.528072286359419e-4
EGY,BA:582,2024,SEX_M,59,11.492,4.6080781791819843e-4
EGY,BA:582,2024,SEX_M,61,95.807,0.003841682440940553
EGY,BA:582,2024,SEX_M,62,38.204,0.0015319093174161896
EGY,BA:582,2024,SEX_M,63,21.747,8.720142374057658e-4
EGY,BA:582,2024,SEX_M,64,122.158,0.004898308512117236
EGY,BA:582,2024,SEX_M,65,31.758,0.0012734367108811473
EGY,BA:582,2024,SEX_M,66,14.422,5.782953663432176e-4
EGY,BA:582,2024,SEX_M,68,63.76,0.0025566573677744805
EGY,BA:582,2024,SEX_M,69,280.058,0.011229804722462131
EGY,BA:582,2024,SEX_M,70,88.424,0.003545637877793141
EGY,BA:582,2024,SEX_M,71,63.227,0.002535285059477369
EGY,BA:582,2024,SEX_M,72,12.028,4.8230042063349203e-4
EGY,BA:582,2024,SEX_M,73,46.265,0.0018551404190728725
EGY,BA:582,2024,SEX_M,74,49.606,0.0019891083027889097
EGY,BA:582,2024,SEX_M,75,11.548,4.630533137242738e-4
EGY,BA:582,2024,SEX_M,77,43.629,0.001749441723629749
EGY,BA:582,2024,SEX_M,78,9.967,3.9965815534203654e-4
EGY,BA:582,2024,SEX_M,79,82.275,0.0032990744186581775
EGY,BA:582,2024,SEX_M,80,94.793,0.0038010229275948298
EGY,BA:582,2024,SEX_M,81,40.581,0.001627222594756214
EGY,BA:582,2024,SEX_M,82,32.001,0.0012831805587539388
EGY,BA:582,2024,SEX_M,84,930.914,0.03732791933601651
EGY,BA:582,2024,SEX_M,85,1021.58,0.04096345724233146
EGY,BA:582,2024,SEX_M,86,388.043,0.015559802304945306
EGY,BA:582,2024,SEX_M,87,2.566,1.0289182568552881e-4
EGY,BA:582,2024,SEX_M,88,11.802,4.732382411304018e-4
EGY,BA:582,2024,SEX_M,90,14.447,5.792978198280727e-4
EGY,BA:582,2024,SEX_M,91,10.169,4.077579794996658e-4
EGY,BA:582,2024,SEX_M,93,112.681,0.00451829844507836
EGY,BA:582,2024,SEX_M,94,208.928,0.008377624067352363
EGY,BA:582,2024,SEX_M,95,170.21,0.006825104306287553
EGY,BA:582,2024,SEX_M,96,316.133,0.012676345101108058
EGY,BA:582,2024,SEX_M,97,168.633,0.006761869540462892
ESP,BA:2244,2024,SEX_F,1,193.929,0.0192956787227554
ESP,BA:2244,2024,SEX_F,2,3.774,3.755080029272511e-4
ESP,BA:2244,2024,SEX_F,3,5.261,5.234625340223286e-4
ESP,BA:2244,2024,SEX_F,7,1.64,1.631778285110471e-4
ESP,BA:2244,2024,SEX_F,8,3.427,3.4098196238253566e-4
ESP,BA:2244,2024,SEX_F,10,186.772,0.018583566699186153
ESP,BA:2244,2024,SEX_F,11,19.296,0.0019199264505787592
ESP,BA:2244,2024,SEX_F,12,1.976,1.966093836206275e-4
ESP,BA:2244,2024,SEX_F,13,22.177,0.002206582135908227
ESP,BA:2244,2024,SEX_F,14,27.476,0.0027338256196155672
ESP,BA:2244,2024,SEX_F,15,22.331,0.0022219049320001175
ESP,BA:2244,2024,SEX_F,16,14.934,0.0014859132262097423
ESP,BA:2244,2024,SEX_F,17,11.059,0.0011003558570144329
ESP,BA:2244,2024,SEX_F,18,24.108,0.0023987140791123926
ESP,BA:2244,2024,SEX_F,19,1.969,1.9591289288917792e-4
ESP,BA:2244,2024,SEX_F,20,50.822,0.005056721707675876
ESP,BA:2244,2024,SEX_F,21,63.815,0.006349508003922239
ESP,BA:2244,2024,SEX_F,22,29.636,0.002948742759605727
ESP,BA:2244,2024,SEX_F,23,20.341,0.002023902566916591
ESP,BA:2244,2024,SEX_F,24,11.506,0.0011448317651512854
ESP,BA:2244,2024,SEX_F,25,29.605,0.0029456583006521645
ESP,BA:2244,2024,SEX_F,26,17.609,0.001752072184299408
ESP,BA:2244,2024,SEX_F,27,23.624,0.0023505567199664495
ESP,BA:2244,2024,SEX_F,28,34.452,0.0034279283828430457
ESP,BA:2244,2024,SEX_F,29,49.339,0.004909165171284484
ESP,BA:2244,2024,SEX_F,30,16.844,0.0016759556972195597
ESP,BA:2244,2024,SEX_F,31,15.602,0.0015523783417252179
ESP,BA:2244,2024,SEX_F,32,26.164,0.00260328335680673
ESP,BA:2244,2024,SEX_F,33,12.437,0.0012374650324340811
ESP,BA:2244,2024,SEX_F,35,33.397,0.0033229572797460003
ESP,BA:2244,2024,SEX_F,36,13.543,0.0013475105680031164
ESP,BA:2244,2024,SEX_F,37,2.165,2.1541463336976647e-4
ESP,BA:2244,2024,SEX_F,38,15.287,0.0015210362588099862
ESP,BA:2244,2024,SEX_F,39,3.554,3.5361829422454966e-4
ESP,BA:2244,2024,SEX_F,41,49.614,0.004936527307162861
ESP,BA:2244,2024,SEX_F,42,17.771,0.0017681909697986698
ESP,BA:2244,2024,SEX_F,43,63.339,0.006302146634183666
ESP,BA:2244,2024,SEX_F,45,48.722,0.004847774488240999
ESP,BA:2244,2024,SEX_F,46,288.871,0.028742282012082128
ESP,BA:2244,2024,SEX_F,47,1204.402,0.11983640427705011
ESP,BA:2244,2024,SEX_F,49,99.001,0.00985046841489157
ESP,BA:2244,2024,SEX_F,50,6.865,6.830584102002064e-4
ESP,BA:2244,2024,SEX_F,51,25.479,0.002535126763800591
ESP,BA:2244,2024,SEX_F,52,89.007,0.008856078647733398
ESP,BA:2244,2024,SEX_F,53,51.851,0.005159105845198966
ESP,BA:2244,2024,SEX_F,55,265.776,0.026444360091678085
ESP,BA:2244,2024,SEX_F,56,746.449,0.07427068714283086
ESP,BA:2244,2024,SEX_F,58,23.645,0.002352646192160798
ESP,BA:2244,2024,SEX_F,59,20.764,0.0020659905068313306
ESP,BA:2244,2024,SEX_F,60,14.863,0.001478848820219325
ESP,BA:2244,2024,SEX_F,61,50.323,0.005007071868391113
ESP,BA:2244,2024,SEX_F,62,133.672,0.013300187007761395
ESP,BA:2244,2024,SEX_F,63,8.544,8.50116687072187e-4
ESP,BA:2244,2024,SEX_F,64,127.385,0.012674638832243743
ESP,BA:2244,2024,SEX_F,65,78.758,0.007836316718215273
ESP,BA:2244,2024,SEX_F,66,37.979,0.0037788602128177185
ESP,BA:2244,2024,SEX_F,68,80.073,0.007967157477051874
ESP,BA:2244,2024,SEX_F,69,219.996,0.021889310707997756
ESP,BA:2244,2024,SEX_F,70,84.592,0.008416791993540547
ESP,BA:2244,2024,SEX_F,71,107.858,0.010731728187527146
ESP,BA:2244,2024,SEX_F,72,44.398,0.004417542213556994
ESP,BA:2244,2024,SEX_F,73,59.215,0.0058918140946839365
ESP,BA:2244,2024,SEX_F,74,61.727,0.006141754768598418
ESP,BA:2244,2024,SEX_F,75,23.624,0.0023505567199664495
ESP,BA:2244,2024,SEX_F,77,13.643,0.0013574604355952537
ESP,BA:2244,2024,SEX_F,78,27.605,0.002746660948809424
ESP,BA:2244,2024,SEX_F,79,42.599,0.004238544095574449
ESP,BA:2244,2024,SEX_F,80,28.717,0.0028573034764339876
ESP,BA:2244,2024,SEX_F,81,407.314,0.04052720368423698
ESP,BA:2244,2024,SEX_F,82,95.409,0.00949306917098201
ESP,BA:2244,2024,SEX_F,84,630.121,0.06269620517024971
ESP,BA:2244,2024,SEX_F,85,1044.545,0.10393084444028763
ESP,BA:2244,2024,SEX_F,86,975.643,0.09707518667195338
ESP,BA:2244,2024,SEX_F,87,326.746,0.032510794362604026
ESP,BA:2244,2024,SEX_F,88,269.561,0.026820962580040467
ESP,BA:2244,2024,SEX_F,90,31.016,0.003086050932377218
ESP,BA:2244,2024,SEX_F,91,26.917,0.0026782058597755215
ESP,BA:2244,2024,SEX_F,92,25.908,0.002577811695770859
ESP,BA:2244,2024,SEX_F,93,97.156,0.009666893357816644
ESP,BA:2244,2024,SEX_F,94,78.112,0.007772040573570068
ESP,BA:2244,2024,SEX_F,95,15.063,0.0014987485554035992
ESP,BA:2244,2024,SEX_F,96,249.513,0.02482621312516884
ESP,BA:2244,2024,SEX_F,97,517.155,0.0514562377461162
ESP,BA:2244,2024,SEX_F,99,3.208,3.191917523557556e-4
ESP,BA:2244,2024,SEX_M,1,492.06,0.04242035514956525
ESP,BA:2244,2024,SEX_M,2,29.943,0.0025813776658200876
ESP,BA:2244,2024,SEX_M,3,27.021,0.0023294728620420328
ESP,BA:2244,2024,SEX_M,5,1.447,1.2474546579974174e-4
ESP,BA:2244,2024,SEX_M,6,1.163,1.0026190513137501e-4
ESP,BA:2244,2024,SEX_M,7,3.374,2.9087159751784976e-4
ESP,BA:2244,2024,SEX_M,8,20.094,0.001732298127007609
ESP,BA:2244,2024,SEX_M,10,299.561,0.02582507013160776
ESP,BA:2244,2024,SEX_M,11,48.968,0.004221517601438668
ESP,BA:2244,2024,SEX_M,12,1.642,1.4155636132907802e-4
ESP,BA:2244,2024,SEX_M,13,28.12,0.002424217345050959
ESP,BA:2244,2024,SEX_M,14,10.633,9.166679598124766e-4
ESP,BA:2244,2024,SEX_M,15,30.194,0.0026030163057065665
ESP,BA:2244,2024,SEX_M,16,52.684,0.004541872923423354
ESP,BA:2244,2024,SEX_M,17,38.866,0.0033506270032983843
ESP,BA:2244,2024,SEX_M,18,49.508,0.0042680708505968305
ESP,BA:2244,2024,SEX_M,19,14.604,0.0012590067605662944
ESP,BA:2244,2024,SEX_M,20,85.264,0.007350585622632466
ESP,BA:2244,2024,SEX_M,21,44.343,0.0038227976433710766
ESP,BA:2244,2024,SEX_M,22,77.968,0.006721599500673299
ESP,BA:2244,2024,SEX_M,23,81.157,0.006996522299868444
ESP,BA:2244,2024,SEX_M,24,60.832,0.0052443097273876214
ESP,BA:2244,2024,SEX_M,25,231.247,0.019935739274217608
ESP,BA:2244,2024,SEX_M,26,35.495,0.003060014034942524
ESP,BA:2244,2024,SEX_M,27,58.637,0.005055079390531759
ESP,BA:2244,2024,SEX_M,28,145.676,0.012558687267341516
ESP,BA:2244,2024,SEX_M,29,169.848,0.014642548635213914
ESP,BA:2244,2024,SEX_M,30,70.093,0.006042697950450102
ESP,BA:2244,2024,SEX_M,31,76.536,0.006598147180683506
ESP,BA:2244,2024,SEX_M,32,30.501,0.0026294826899501884
ESP,BA:2244,2024,SEX_M,33,123.063,0.01060922685398315
ESP,BA:2244,2024,SEX_M,35,73.094,0.006301413322160554
ESP,BA:2244,2024,SEX_M,36,32.501,0.002801902131276714
ESP,BA:2244,2024,SEX_M,37,8.978,7.739908721147762e-4
ESP,BA:2244,2024,SEX_M,38,67.012,0.005777085801086588
ESP,BA:2244,2024,SEX_M,39,3.993,3.442354146084096e-4
ESP,BA:2244,2024,SEX_M,41,547.458,0.047196201254868696
ESP,BA:2244,2024,SEX_M,42,110.534,0.009529105263793126
ESP,BA:2244,2024,SEX_M,43,675.138,0.05820345838915413
ESP,BA:2244,2024,SEX_M,45,285.764,0.02463563461561672
ESP,BA:2244,2024,SEX_M,46,535.752,0.04618703026478454
ESP,BA:2244,2024,SEX_M,47,765.687,0.06600966238549194
ESP,BA:2244,2024,SEX_M,49,589.461,0.05081726815188774
ESP,BA:2244,2024,SEX_M,50,16.648,0.0014352194296020043
ESP,BA:2244,2024,SEX_M,51,33.228,0.002864576598198907
ESP,BA:2244,2024,SEX_M,52,202.294,0.017439709231854148
ESP,BA:2244,2024,SEX_M,53,92.771,0.007997761995651583
ESP,BA:2244,2024,SEX_M,55,199.302,0.017181769747629666
ESP,BA:2244,2024,SEX_M,56,639.936,0.055168703802365944
ESP,BA:2244,2024,SEX_M,58,29.587,0.0025506870052639657
ESP,BA:2244,2024,SEX_M,59,43,0.0037070179885203137
ESP,BA:2244,2024,SEX_M,60,29.504,0.002543531598448915
ESP,BA:2244,2024,SEX_M,61,79.612,0.006863328281443703
ESP,BA:2244,2024,SEX_M,62,383.262,0.03304090996084355
ESP,BA:2244,2024,SEX_M,63,14.998,0.0012929733905076202
ESP,BA:2244,2024,SEX_M,64,122.798,0.010586381278007383
ESP,BA:2244,2024,SEX_M,65,47.517,0.004096427296756274
ESP,BA:2244,2024,SEX_M,66,35.501,0.0030605312932665035
ESP,BA:2244,2024,SEX_M,68,84.362,0.007272824454594202
ESP,BA:2244,2024,SEX_M,69,155.505,0.013406042611740731
ESP,BA:2244,2024,SEX_M,70,84.169,0.007256185978506193
ESP,BA:2244,2024,SEX_M,71,213.218,0.018381464220379635
ESP,BA:2244,2024,SEX_M,72,42.693,0.003680551604276692
ESP,BA:2244,2024,SEX_M,73,62.134,0.00535655478369119
ESP,BA:2244,2024,SEX_M,74,70.704,0.006095372089775355
ESP,BA:2244,2024,SEX_M,75,10.888,9.386514385816087e-4
ESP,BA:2244,2024,SEX_M,77,34.209,0.0029491483341695683
ESP,BA:2244,2024,SEX_M,78,12.142,0.0010467584282933407
ESP,BA:2244,2024,SEX_M,79,24.399,0.002103430974462957
ESP,BA:2244,2024,SEX_M,80,128.175,0.011049930946013751
ESP,BA:2244,2024,SEX_M,81,251.637,0.02169355547854154
ESP,BA:2244,2024,SEX_M,82,56.586,0.0048782632534514064
ESP,BA:2244,2024,SEX_M,84,791.258,0.06821413115257224
ESP,BA:2244,2024,SEX_M,85,489.211,0.04217474365539561
ESP,BA:2244,2024,SEX_M,86,377.199,0.03251822042446218
ESP,BA:2244,2024,SEX_M,87,68.274,0.005885882468563626
ESP,BA:2244,2024,SEX_M,88,43.325,0.0037350361477358745
ESP,BA:2244,2024,SEX_M,90,47.259,0.004074185188825152
ESP,BA:2244,2024,SEX_M,91,15.93,0.0013733208501657814
ESP,BA:2244,2024,SEX_M,92,39.522,0.0034071805800534845
ESP,BA:2244,2024,SEX_M,93,154.433,0.013313625791189712
ESP,BA:2244,2024,SEX_M,94,44.906,0.0038713337161044932
ESP,BA:2244,2024,SEX_M,95,39.953,0.0034443369696593516
ESP,BA:2244,2024,SEX_M,96,83.076,0.007161958753821246
ESP,BA:2244,2024,SEX_M,97,65.868,0.005678461880647814
ESP,BA:2244,2024,SEX_M,99,2.713,2.3388697215943283e-4
EST,BA:42,2023,SEX_F,1,3.662,0.011388834463819771
EST,BA:42,2023,SEX_F,10,6.2,0.019282024488171103
EST,BA:42,2023,SEX_F,13,1.744,0.005423846888285549
EST,BA:42,2023,SEX_F,14,4.799,0.014924908954634376
EST,BA:42,2023,SEX_F,16,4.631,0.014402428291083933
EST,BA:42,2023,SEX_F,25,2.926,0.00909987155683688
EST,BA:42,2023,SEX_F,26,4.183,0.013009146521616085
EST,BA:42,2023,SEX_F,27,3.882,0.012073035332754875
EST,BA:42,2023,SEX_F,31,2.632,0.008185530395623605
EST,BA:42,2023,SEX_F,41,2.083,0.00647813822723555
EST,BA:42,2023,SEX_F,43,2.119,0.006590098369424931
EST,BA:42,2023,SEX_F,45,2.49,0.007743909834765492
EST,BA:42,2023,SEX_F,46,10.055,0.03127108971428394
EST,BA:42,2023,SEX_F,47,40.919,0.12725825161797957
EST,BA:42,2023,SEX_F,49,3.038,0.00944819199920384
EST,BA:42,2023,SEX_F,52,3.81,0.011849115048376114
EST,BA:42,2023,SEX_F,53,2.978,0.00926159176222154
EST,BA:42,2023,SEX_F,55,4.714,0.01466055861890945
EST,BA:42,2023,SEX_F,56,12.686,0.039453510105957844
EST,BA:42,2023,SEX_F,58,1.832,0.0056975272358595905
EST,BA:42,2023,SEX_F,61,2.482,0.007719029803167852
EST,BA:42,2023,SEX_F,62,7.959,0.024752521435702227
EST,BA:42,2023,SEX_F,64,9.771,0.03038784859256772
EST,BA:42,2023,SEX_F,68,7.042,0.021900647813822727
EST,BA:42,2023,SEX_F,69,7.746,0.02409009059441506
EST,BA:42,2023,SEX_F,70,2.427,0.007547979585934075
EST,BA:42,2023,SEX_F,71,2.667,0.008294380533863279
EST,BA:42,2023,SEX_F,72,1.77,0.0055047069909778795
EST,BA:42,2023,SEX_F,73,2.154,0.006698948507664605
EST,BA:42,2023,SEX_F,74,3.155,0.009812062461319326
EST,BA:42,2023,SEX_F,81,7.593,0.02361425999011019
EST,BA:42,2023,SEX_F,84,22.206,0.0690607477071496
EST,BA:42,2023,SEX_F,85,53.855,0.16748926271136366
EST,BA:42,2023,SEX_F,86,32.319,0.10051221765051643
EST,BA:42,2023,SEX_F,87,8.447,0.026270203363158273
EST,BA:42,2023,SEX_F,88,4.05,0.012595515996305318
EST,BA:42,2023,SEX_F,90,2.854,0.008875951272458119
EST,BA:42,2023,SEX_F,91,4.373,0.013600047272060038
EST,BA:42,2023,SEX_F,93,4.098,0.012744796185891158
EST,BA:42,2023,SEX_F,94,2.406,0.00748266950299027
EST,BA:42,2023,SEX_F,96,10.786,0.03354450260151831
EST,BA:42,2023,SEX_M,1,7.723,0.023913918563245082
EST,BA:42,2023,SEX_M,2,5.513,0.01707075398668524
EST,BA:42,2023,SEX_M,10,4.528,0.014020746245548844
EST,BA:42,2023,SEX_M,16,12.353,0.03825050317386592
EST,BA:42,2023,SEX_M,18,1.981,0.00613407648242762
EST,BA:42,2023,SEX_M,20,2.114,0.006545904938845021
EST,BA:42,2023,SEX_M,22,3.086,0.009555658770707538
EST,BA:42,2023,SEX_M,23,3.529,0.010927388140579036
EST,BA:42,2023,SEX_M,25,16.154,0.05002012695463693
EST,BA:42,2023,SEX_M,26,4.141,0.01282241833101099
EST,BA:42,2023,SEX_M,27,4.147,0.012840997058368168
EST,BA:42,2023,SEX_M,28,3.182,0.009852918408422355
EST,BA:42,2023,SEX_M,29,2.764,0.00855860040253909
EST,BA:42,2023,SEX_M,31,5.786,0.01791608608143675
EST,BA:42,2023,SEX_M,32,1.85,0.0057284409351292765
EST,BA:42,2023,SEX_M,33,5.903,0.018278371264901682
EST,BA:42,2023,SEX_M,35,4.733,0.014655519430252359
EST,BA:42,2023,SEX_M,38,2.091,0.006474686483975848
EST,BA:42,2023,SEX_M,41,21.733,0.06729524694225111
EST,BA:42,2023,SEX_M,42,8.822,0.027316922124167822
EST,BA:42,2023,SEX_M,43,22.014,0.06816535067347886
EST,BA:42,2023,SEX_M,45,11.308,0.03501470815915776
EST,BA:42,2023,SEX_M,46,14.668,0.045418795479176335
EST,BA:42,2023,SEX_M,47,11.843,0.03667131134850596
EST,BA:42,2023,SEX_M,49,25.084,0.07767146617123392
EST,BA:42,2023,SEX_M,50,1.857,0.005750116117045982
EST,BA:42,2023,SEX_M,52,8.574,0.026549001393404548
EST,BA:42,2023,SEX_M,53,2.715,0.008406874129122154
EST,BA:42,2023,SEX_M,56,4.163,0.012890540331320637
EST,BA:42,2023,SEX_M,61,1.736,0.005375445115342932
EST,BA:42,2023,SEX_M,62,17.082,0.05289363678588016
EST,BA:42,2023,SEX_M,64,4.317,0.013367394333488155
EST,BA:42,2023,SEX_M,68,6.521,0.020191980182690816
EST,BA:42,2023,SEX_M,69,2.278,0.0070537234866078335
EST,BA:42,2023,SEX_M,70,1.98,0.00613098002786809
EST,BA:42,2023,SEX_M,71,6.749,0.020897971822263505
EST,BA:42,2023,SEX_M,74,1.87,0.005790370026319863
EST,BA:42,2023,SEX_M,77,2.02,0.006254838210249264
EST,BA:42,2023,SEX_M,80,2.879,0.008914692676884965
EST,BA:42,2023,SEX_M,81,3.485,0.010791144139959744
EST,BA:42,2023,SEX_M,84,19.283,0.05970893327140424
EST,BA:42,2023,SEX_M,85,12.34,0.03821024926459204
EST,BA:42,2023,SEX_M,86,5.37,0.01662796098467255
EST,BA:42,2023,SEX_M,90,3.102,0.009605202043660008
EST,BA:42,2023,SEX_M,93,3.629,0.01123703359653197
EST,BA:42,2023,SEX_M,96,3.95,0.012230995510140888
ETH,BA:1126,2021,SEX_F,1,8529.357,0.5460342187607431
ETH,BA:1126,2021,SEX_F,2,1.959,1.254116851425372e-4
ETH,BA:1126,2021,SEX_F,5,1.882,1.204822825105947e-4
ETH,BA:1126,2021,SEX_F,6,0.934,5.9793013743302586e-5
ETH,BA:1126,2021,SEX_F,7,6.607,4.2296835310706656e-4
ETH,BA:1126,2021,SEX_F,8,30.241,0.001935974870033419
ETH,BA:1126,2021,SEX_F,9,5.072,3.247003915482127e-4
ETH,BA:1126,2021,SEX_F,10,109.927,0.007037330430149918
ETH,BA:1126,2021,SEX_F,11,114.668,0.007340840792202378
ETH,BA:1126,2021,SEX_F,12,2.848,1.823238791658734e-4
ETH,BA:1126,2021,SEX_F,13,92.916,0.005948316557786619
ETH,BA:1126,2021,SEX_F,14,11.828,7.57207458839168e-4
ETH,BA:1126,2021,SEX_F,15,8.919,5.709784684973402e-4
ETH,BA:1126,2021,SEX_F,16,34.912,0.002235003956965931
ETH,BA:1126,2021,SEX_F,17,2.37,1.5172317191823031e-4
ETH,BA:1126,2021,SEX_F,18,2.633,1.6855996272603394e-4
ETH,BA:1126,2021,SEX_F,20,11.2,7.170040191916369e-4
ETH,BA:1126,2021,SEX_F,22,5.667,3.6279123006776844e-4
ETH,BA:1126,2021,SEX_F,23,44,0.002816801503967145
ETH,BA:1126,2021,SEX_F,24,3.154,2.019134532616449e-4
ETH,BA:1126,2021,SEX_F,25,27.02,0.0017297721962998241
ETH,BA:1126,2021,SEX_F,31,3.017,1.931429576697472e-4
ETH,BA:1126,2021,SEX_F,32,30.682,0.00196420690328909
ETH,BA:1126,2021,SEX_F,33,0.714,4.570900622346685e-5
ETH,BA:1126,2021,SEX_F,35,5.541,3.5472493485186253e-4
ETH,BA:1126,2021,SEX_F,36,106.079,0.00679098833498479
ETH,BA:1126,2021,SEX_F,37,3.813,2.4410145760515284e-4
ETH,BA:1126,2021,SEX_F,38,16.618,0.0010638547134755913
ETH,BA:1126,2021,SEX_F,39,11.342,7.260946058635309e-4
ETH,BA:1126,2021,SEX_F,41,36.3,0.0023238612407728947
ETH,BA:1126,2021,SEX_F,42,12.941,8.284597332463369e-4
ETH,BA:1126,2021,SEX_F,43,27.41,0.0017547393005395329
ETH,BA:1126,2021,SEX_F,45,2.935,1.8789346395780844e-4
ETH,BA:1126,2021,SEX_F,46,119.353,0.007640766134158879
ETH,BA:1126,2021,SEX_F,47,1231.497,0.07883824094843245
ETH,BA:1126,2021,SEX_F,49,11.342,7.260946058635309e-4
ETH,BA:1126,2021,SEX_F,51,0.719,4.602909730346312e-5
ETH,BA:1126,2021,SEX_F,52,5.539,3.54596898419864e-4
ETH,BA:1126,2021,SEX_F,55,8.999,5.760999257772805e-4
ETH,BA:1126,2021,SEX_F,56,261.092,0.016714644051677042
ETH,BA:1126,2021,SEX_F,58,0.389,2.4903086023709534e-5
ETH,BA:1126,2021,SEX_F,59,1.834,1.1740940814263056e-4
ETH,BA:1126,2021,SEX_F,60,2.734,1.7502580254195852e-4
ETH,BA:1126,2021,SEX_F,61,4.062,2.600419933889669e-4
ETH,BA:1126,2021,SEX_F,62,7.386,4.728385433704849e-4
ETH,BA:1126,2021,SEX_F,63,15.331,9.814632694845522e-4
ETH,BA:1126,2021,SEX_F,64,84.005,0.005377850235017273
ETH,BA:1126,2021,SEX_F,65,2.75,1.7605009399794658e-4
ETH,BA:1126,2021,SEX_F,66,16.806,0.001075890138083451
ETH,BA:1126,2021,SEX_F,68,3.07,1.9653592311770761e-4
ETH,BA:1126,2021,SEX_F,69,17.532,0.0011223673628989088
ETH,BA:1126,2021,SEX_F,70,4.731,3.0287017989246736e-4
ETH,BA:1126,2021,SEX_F,71,1.14,7.298076623914876e-5
ETH,BA:1126,2021,SEX_F,72,6.213,3.977451760033607e-4
ETH,BA:1126,2021,SEX_F,73,1.1,7.042003759917863e-5
ETH,BA:1126,2021,SEX_F,74,22.807,0.0014600634522949699
ETH,BA:1126,2021,SEX_F,75,3.316,2.1228440425352391e-4
ETH,BA:1126,2021,SEX_F,78,17.308,0.0011080272825150761
ETH,BA:1126,2021,SEX_F,79,2.519,1.6126188610211906e-4
ETH,BA:1126,2021,SEX_F,80,3.34,2.13820841437506e-4
ETH,BA:1126,2021,SEX_F,81,5.621,3.598463921318028e-4
ETH,BA:1126,2021,SEX_F,82,56.169,0.0035958391744620585
ETH,BA:1126,2021,SEX_F,84,102.22,0.006543942039443672
ETH,BA:1126,2021,SEX_F,85,347.256,0.022230709615036703
ETH,BA:1126,2021,SEX_F,86,170.703,0.010928101525720536
ETH,BA:1126,2021,SEX_F,87,11.067,7.084895964637362e-4
ETH,BA:1126,2021,SEX_F,88,6.073,3.887826257634653e-4
ETH,BA:1126,2021,SEX_F,90,2.366,1.514670990542333e-4
ETH,BA:1126,2021,SEX_F,91,3.549,2.2720064858134994e-4
ETH,BA:1126,2021,SEX_F,92,2.021,1.2938081453449092e-4
ETH,BA:1126,2021,SEX_F,93,6.526,4.17782877611127e-4
ETH,BA:1126,2021,SEX_F,94,38.588,0.0024703349189791864
ETH,BA:1126,2021,SEX_F,95,1.633,1.0454174672678064e-4
ETH,BA:1126,2021,SEX_F,96,593.412,0.0379891775925489
ETH,BA:1126,2021,SEX_F,97,2326.202,0.14891930209389503
ETH,BA:1126,2021,SEX_F,98,769.734,0.04927699747396924
ETH,BA:1126,2021,SEX_F,99,14.994,9.598891306928039e-4
ETH,BA:1126,2021,SEX_M,1,14977.334,0.6993843808260793
ETH,BA:1126,2021,SEX_M,2,1.975,9.222496821740816e-5
ETH,BA:1126,2021,SEX_M,5,5.782,2.6999734999141975e-4
ETH,BA:1126,2021,SEX_M,6,1.263,5.8977283472702026e-5
ETH,BA:1126,2021,SEX_M,7,10.851,5.067003190516941e-4
ETH,BA:1126,2021,SEX_M,8,110.476,0.005158807893056397
ETH,BA:1126,2021,SEX_M,9,12.746,5.951895923539669e-4
ETH,BA:1126,2021,SEX_M,10,129.008,0.006024181620147541
ETH,BA:1126,2021,SEX_M,11,19.133,8.934381351410989e-4
ETH,BA:1126,2021,SEX_M,12,3.5,1.63436652537179e-4
ETH,BA:1126,2021,SEX_M,13,106.769,0.004985705129926305
ETH,BA:1126,2021,SEX_M,14,29.756,0.0013894917236846568
ETH,BA:1126,2021,SEX_M,15,9.818,4.584631584600067e-4
ETH,BA:1126,2021,SEX_M,16,126.262,0.005895953892185514
ETH,BA:1126,2021,SEX_M,17,4.059,1.895398207566885e-4
ETH,BA:1126,2021,SEX_M,18,2.182,1.0189107881032132e-4
ETH,BA:1126,2021,SEX_M,20,16.903,7.893056393816963e-4
ETH,BA:1126,2021,SEX_M,21,1.964,9.171131016657702e-5
ETH,BA:1126,2021,SEX_M,22,18.147,8.473956953120535e-4
ETH,BA:1126,2021,SEX_M,23,53.981,0.002520706840174132
ETH,BA:1126,2021,SEX_M,24,19.061,8.90076009717477e-4
ETH,BA:1126,2021,SEX_M,25,43.816,0.0020460401050197245
ETH,BA:1126,2021,SEX_M,26,4.226,1.9733808389203386e-4
ETH,BA:1126,2021,SEX_M,27,4.939,2.306324648231792e-4
ETH,BA:1126,2021,SEX_M,28,4.056,1.8939973219737088e-4
ETH,BA:1126,2021,SEX_M,29,5.121,2.3913117075511254e-4
ETH,BA:1126,2021,SEX_M,30,2.997,1.3994847075826444e-4
ETH,BA:1126,2021,SEX_M,31,15.195,7.09548552943553e-4
ETH,BA:1126,2021,SEX_M,32,29.623,0.0013832811308882441
ETH,BA:1126,2021,SEX_M,33,9.945,4.643935741377844e-4
ETH,BA:1126,2021,SEX_M,35,31.602,0.001475692883851409
ETH,BA:1126,2021,SEX_M,36,39.586,0.0018485152363819338
ETH,BA:1126,2021,SEX_M,37,5.896,2.7532071524548785e-4
ETH,BA:1126,2021,SEX_M,38,11.72,5.472793050673538e-4
ETH,BA:1126,2021,SEX_M,39,5.399,2.5211271058520843e-4
ETH,BA:1126,2021,SEX_M,41,374.61,0.01749285840198647
ETH,BA:1126,2021,SEX_M,42,61.578,0.0028754577685526886
ETH,BA:1126,2021,SEX_M,43,225.247,0.010518175906869133
ETH,BA:1126,2021,SEX_M,45,13.5,6.303985169291191e-4
ETH,BA:1126,2021,SEX_M,46,162.708,0.007597843103148378
ETH,BA:1126,2021,SEX_M,47,834.654,0.03897515879621903
ETH,BA:1126,2021,SEX_M,49,428.358,0.020002685030720266
ETH,BA:1126,2021,SEX_M,50,1.479,6.906365974356794e-5
ETH,BA:1126,2021,SEX_M,51,6.297,2.940458860076046e-4
ETH,BA:1126,2021,SEX_M,52,95.92,0.004479098203247489
ETH,BA:1126,2021,SEX_M,53,1.419,6.62618885572163e-5
ETH,BA:1126,2021,SEX_M,55,4.499,2.1008614278993383e-4
ETH,BA:1126,2021,SEX_M,56,80.851,0.0037754333697952746
ETH,BA:1126,2021,SEX_M,58,3.517,1.6423048770664532e-4
ETH,BA:1126,2021,SEX_M,59,8.018,3.7441002286945756e-4
ETH,BA:1126,2021,SEX_M,60,8.136,3.799201728692824e-4
ETH,BA:1126,2021,SEX_M,61,17.428,8.138211372622732e-4
ETH,BA:1126,2021,SEX_M,62,9.272,4.3296704066420684e-4
ETH,BA:1126,2021,SEX_M,63,14.292,6.673818965889607e-4
ETH,BA:1126,2021,SEX_M,64,126.71,0.0059168737837102725
ETH,BA:1126,2021,SEX_M,65,4.011,1.8729840380760717e-4
ETH,BA:1126,2021,SEX_M,66,33.166,0.0015487257194423082
ETH,BA:1126,2021,SEX_M,68,9.92,4.632261694768045e-4
ETH,BA:1126,2021,SEX_M,69,45.606,0.0021296262787458818
ETH,BA:1126,2021,SEX_M,70,7.703,3.5970072414111146e-4
ETH,BA:1126,2021,SEX_M,71,8.787,4.103193902411978e-4
ETH,BA:1126,2021,SEX_M,72,14.219,6.639730749788995e-4
ETH,BA:1126,2021,SEX_M,73,0.921,4.300718771049768e-5
ETH,BA:1126,2021,SEX_M,74,33.986,0.0015870165923224473
ETH,BA:1126,2021,SEX_M,75,13.403,6.258689868445173e-4
ETH,BA:1126,2021,SEX_M,77,2.178,1.0170429406456454e-4
ETH,BA:1126,2021,SEX_M,78,25.642,0.0011973836126738127
ETH,BA:1126,2021,SEX_M,79,5.41,2.526263686360396e-4
ETH,BA:1126,2021,SEX_M,80,30.866,0.0014413244906321622
ETH,BA:1126,2021,SEX_M,81,12.504,5.838891152356819e-4
ETH,BA:1126,2021,SEX_M,82,104.402,0.004875175256624733
ETH,BA:1126,2021,SEX_M,84,263.956,0.012325738587743894
ETH,BA:1126,2021,SEX_M,85,589.707,0.02753706801649778
ETH,BA:1126,2021,SEX_M,86,124.207,0.00579999322905297
ETH,BA:1126,2021,SEX_M,87,1.092,5.099223559159986e-5
ETH,BA:1126,2021,SEX_M,88,4.7,2.1947207626421184e-4
ETH,BA:1126,2021,SEX_M,90,8.767,4.0938546651241383e-4
ETH,BA:1126,2021,SEX_M,91,2.789,1.3023566397891208e-4
ETH,BA:1126,2021,SEX_M,92,1.666,7.77958466076972e-5
ETH,BA:1126,2021,SEX_M,93,14.279,6.667748461652512e-4
ETH,BA:1126,2021,SEX_M,94,96.974,0.0045283159837544
ETH,BA:1126,2021,SEX_M,95,14.522,6.781220194699754e-4
ETH,BA:1126,2021,SEX_M,96,771.587,0.03603017040605838
ETH,BA:1126,2021,SEX_M,97,686.102,0.032038346908303886
ETH,BA:1126,2021,SEX_M,98,69.655,0.0032526228664220584
ETH,BA:1126,2021,SEX_M,99,58.714,0.002741719890590837
FIN,BA:2486,2024,SEX_F,1,19.759,0.01621960619495541
FIN,BA:2486,2024,SEX_F,10,17.466,0.014337347122885329
FIN,BA:2486,2024,SEX_F,16,3.762,0.0030881197684813123
FIN,BA:2486,2024,SEX_F,17,3.784,0.0031061789484139513
FIN,BA:2486,2024,SEX_F,20,4.303,0.003532211420461214
FIN,BA:2486,2024,SEX_F,21,3.49,0.002864842634768682
FIN,BA:2486,2024,SEX_F,22,3.609,0.0029625263807679576
FIN,BA:2486,2024,SEX_F,25,6.541,0.005369322542699699
FIN,BA:2486,2024,SEX_F,26,6.008,0.0049317978652407566
FIN,BA:2486,2024,SEX_F,27,4.771,0.0039163794299373585
FIN,BA:2486,2024,SEX_F,28,10.724,0.008803029345346516
FIN,BA:2486,2024,SEX_F,35,4.322,0.0035478079849484935
FIN,BA:2486,2024,SEX_F,41,7.551,0.006198403075970864
FIN,BA:2486,2024,SEX_F,43,7.995,0.006562870161884129
FIN,BA:2486,2024,SEX_F,45,5.272,0.004327636209312462
FIN,BA:2486,2024,SEX_F,46,26.35,0.021629972328411108
FIN,BA:2486,2024,SEX_F,47,101.196,0.0830689442028801
FIN,BA:2486,2024,SEX_F,49,8.941,0.007339414898987618
FIN,BA:2486,2024,SEX_F,51,3.454,0.002835291249424363
FIN,BA:2486,2024,SEX_F,52,7.349,0.006032586969316631
FIN,BA:2486,2024,SEX_F,53,4.444,0.003647954346393129
FIN,BA:2486,2024,SEX_F,55,9.733,0.00798954537656263
FIN,BA:2486,2024,SEX_F,56,57.52,0.04721654680570045
FIN,BA:2486,2024,SEX_F,58,8.494,0.006972485197628992
FIN,BA:2486,2024,SEX_F,61,3.909,0.0032087879253039474
FIN,BA:2486,2024,SEX_F,62,22.726,0.018655132870416348
FIN,BA:2486,2024,SEX_F,63,3.123,0.0025635826786196544
FIN,BA:2486,2024,SEX_F,64,16.973,0.013932657318031184
FIN,BA:2486,2024,SEX_F,65,6.274,0.005150149768062667
FIN,BA:2486,2024,SEX_F,66,5.22,0.004284950874926223
FIN,BA:2486,2024,SEX_F,68,12.335,0.010125453839504783
FIN,BA:2486,2024,SEX_F,69,22.57,0.018527076867257634
FIN,BA:2486,2024,SEX_F,70,9.565,0.007851638911622475
FIN,BA:2486,2024,SEX_F,71,20.876,0.017136520012444412
FIN,BA:2486,2024,SEX_F,72,9.904,0.008129914456948144
FIN,BA:2486,2024,SEX_F,73,5.232,0.004294801336707663
FIN,BA:2486,2024,SEX_F,74,9.613,0.007891040758748233
FIN,BA:2486,2024,SEX_F,75,3.083,0.0025307478060148554
FIN,BA:2486,2024,SEX_F,78,9.796,0.008041260300915187
FIN,BA:2486,2024,SEX_F,81,42.786,0.03512182148172287
FIN,BA:2486,2024,SEX_F,82,8.246,0.0067689089874792404
FIN,BA:2486,2024,SEX_F,84,72.336,0.05937858361851787
FIN,BA:2486,2024,SEX_F,85,130.407,0.10704743079434943
FIN,BA:2486,2024,SEX_F,86,148.835,0.12217445660338017
FIN,BA:2486,2024,SEX_F,87,89.036,0.0730871429310213
FIN,BA:2486,2024,SEX_F,88,139.406,0.114434456258614
FIN,BA:2486,2024,SEX_F,90,10.401,0.008537887749062768
FIN,BA:2486,2024,SEX_F,91,7.901,0.006485708211262852
FIN,BA:2486,2024,SEX_F,93,14.722,0.01208487486219614
FIN,BA:2486,2024,SEX_F,94,30,0.024626154453598982
FIN,BA:2486,2024,SEX_F,96,20.662,0.016960853444008737
FIN,BA:2486,2024,SEX_F,97,5.442,0.004467184417882856
FIN,BA:2486,2024,SEX_M,1,46.508,0.035438851826310916
FIN,BA:2486,2024,SEX_M,2,23.225,0.01769732806540963
FIN,BA:2486,2024,SEX_M,8,3.201,0.0024391451942896115
FIN,BA:2486,2024,SEX_M,10,16.517,0.012585867283374417
FIN,BA:2486,2024,SEX_M,16,18.626,0.014192914210821089
FIN,BA:2486,2024,SEX_M,17,11.108,0.008464237681402375
FIN,BA:2486,2024,SEX_M,18,3.124,0.002380471598550686
FIN,BA:2486,2024,SEX_M,20,7.973,0.006075384140603271
FIN,BA:2486,2024,SEX_M,22,10.602,0.008078668337975152
FIN,BA:2486,2024,SEX_M,23,7.181,0.005471884298717182
FIN,BA:2486,2024,SEX_M,24,9.646,0.00735020135711265
FIN,BA:2486,2024,SEX_M,25,31.951,0.0243464942526546
FIN,BA:2486,2024,SEX_M,26,19.757,0.01505473027290842
FIN,BA:2486,2024,SEX_M,27,16.166,0.0123184071261749
FIN,BA:2486,2024,SEX_M,28,42.711,0.03254555776110703
FIN,BA:2486,2024,SEX_M,29,7.422,0.0056555250334325196
FIN,BA:2486,2024,SEX_M,30,7.088,0.005401018786980558
FIN,BA:2486,2024,SEX_M,31,4.772,0.00363623894631366
FIN,BA:2486,2024,SEX_M,32,3.746,0.002854432332961226
FIN,BA:2486,2024,SEX_M,33,19.774,0.015067684183655975
FIN,BA:2486,2024,SEX_M,35,9.919,0.007558225923823385
FIN,BA:2486,2024,SEX_M,38,7.649,0.005828497841649871
FIN,BA:2486,2024,SEX_M,41,55.865,0.04256883670071513
FIN,BA:2486,2024,SEX_M,42,19.173,0.014609725338992413
FIN,BA:2486,2024,SEX_M,43,82.014,0.06249423741470421
FIN,BA:2486,2024,SEX_M,45,40.363,0.03075639408844473
FIN,BA:2486,2024,SEX_M,46,56.056,0.04271437769793766
FIN,BA:2486,2024,SEX_M,47,49.443,0.03767530641713878
FIN,BA:2486,2024,SEX_M,49,62.291,0.0474654149632909
FIN,BA:2486,2024,SEX_M,50,5.322,0.004055336058734555
FIN,BA:2486,2024,SEX_M,52,26.549,0.02023019861393155
FIN,BA:2486,2024,SEX_M,53,12.781,0.009739054897911754
FIN,BA:2486,2024,SEX_M,55,5.939,0.004525486819395815
FIN,BA:2486,2024,SEX_M,56,30.067,0.02291089614392557
FIN,BA:2486,2024,SEX_M,58,8.987,0.006848046816957431
FIN,BA:2486,2024,SEX_M,59,3.571,0.0027210832517363956
FIN,BA:2486,2024,SEX_M,61,10.065,0.007669477157302386
FIN,BA:2486,2024,SEX_M,62,68.731,0.052372661152364657
FIN,BA:2486,2024,SEX_M,63,7.154,0.005451310440471065
FIN,BA:2486,2024,SEX_M,64,12.349,0.009409873165973887
FIN,BA:2486,2024,SEX_M,65,4.338,0.0033055332248760807
FIN,BA:2486,2024,SEX_M,66,7.322,0.005579325558446902
FIN,BA:2486,2024,SEX_M,68,15.343,0.01169128544704327
FIN,BA:2486,2024,SEX_M,69,8.892,0.006775657315721094
FIN,BA:2486,2024,SEX_M,70,15.524,0.011829206496767237
FIN,BA:2486,2024,SEX_M,71,47.839,0.036453066838369484
FIN,BA:2486,2024,SEX_M,72,9.985,0.0076085175773138915
FIN,BA:2486,2024,SEX_M,73,7.237,0.0055145560047091275
FIN,BA:2486,2024,SEX_M,74,8.437,0.006428949704536535
FIN,BA:2486,2024,SEX_M,77,4.71,0.0035889952718225772
FIN,BA:2486,2024,SEX_M,78,7.139,0.005439880519223223
FIN,BA:2486,2024,SEX_M,80,8.797,0.006703267814484759
FIN,BA:2486,2024,SEX_M,81,41.087,0.0313080782873406
FIN,BA:2486,2024,SEX_M,82,6.024,0.004590256373133589
FIN,BA:2486,2024,SEX_M,84,51.565,0.039292259276333584
FIN,BA:2486,2024,SEX_M,85,63.431,0.04833408897812694
FIN,BA:2486,2024,SEX_M,86,33.75,0.025717322807645854
FIN,BA:2486,2024,SEX_M,87,15.926,0.012135528386209418
FIN,BA:2486,2024,SEX_M,88,14.774,0.011257710434375106
FIN,BA:2486,2024,SEX_M,90,9.878,0.0075269841390792815
FIN,BA:2486,2024,SEX_M,91,4.054,0.0030891267159169275
FIN,BA:2486,2024,SEX_M,93,15.112,0.011515264659826493
FIN,BA:2486,2024,SEX_M,94,16.328,0.0124418502756516
FIN,BA:2486,2024,SEX_M,95,3.479,0.0026509797347496274
FIN,BA:2486,2024,SEX_M,96,5.988,0.004562824562138767
FJI,BA:1135,2024,SEX_F,1,13.65,0.13064076183184192
FJI,BA:1135,2024,SEX_F,2,0.182,0.0017418768244245588
FJI,BA:1135,2024,SEX_F,3,1.77,0.01694023065511796
FJI,BA:1135,2024,SEX_F,10,2.67,0.02555390725941523
FJI,BA:1135,2024,SEX_F,11,0.213,0.002038570129683687
FJI,BA:1135,2024,SEX_F,12,0.252,0.0024118294492032353
FJI,BA:1135,2024,SEX_F,13,0.3,0.0028712255347657562
FJI,BA:1135,2024,SEX_F,14,1.979,0.018940517777671438
FJI,BA:1135,2024,SEX_F,16,0.437,0.004182418528975451
FJI,BA:1135,2024,SEX_F,22,0.234,0.00223955591711729
FJI,BA:1135,2024,SEX_F,31,0.27,0.002584102981289181
FJI,BA:1135,2024,SEX_F,32,0.506,0.004842800401971575
FJI,BA:1135,2024,SEX_F,35,0.259,0.002478824711681103
FJI,BA:1135,2024,SEX_F,41,1.653,0.015820452696559316
FJI,BA:1135,2024,SEX_F,42,0.328,0.003139206584677227
FJI,BA:1135,2024,SEX_F,43,0.435,0.0041632770254103465
FJI,BA:1135,2024,SEX_F,45,0.612,0.005857300090922142
FJI,BA:1135,2024,SEX_F,46,2.2,0.02105565392161555
FJI,BA:1135,2024,SEX_F,47,22.978,0.21991673445949184
FJI,BA:1135,2024,SEX_F,49,1.321,0.01264296310475188
FJI,BA:1135,2024,SEX_F,50,0.244,0.002335263434942815
FJI,BA:1135,2024,SEX_F,51,1.254,0.012001722735320861
FJI,BA:1135,2024,SEX_F,52,0.467,0.0044695410824520275
FJI,BA:1135,2024,SEX_F,55,6.522,0.062420443125807544
FJI,BA:1135,2024,SEX_F,56,3.502,0.033516772742498924
FJI,BA:1135,2024,SEX_F,60,0.334,0.003196631095372542
FJI,BA:1135,2024,SEX_F,61,0.676,0.006469828205005504
FJI,BA:1135,2024,SEX_F,62,0.452,0.004325979805713739
FJI,BA:1135,2024,SEX_F,64,2.244,0.02147676700004786
FJI,BA:1135,2024,SEX_F,65,0.635,0.006077427381920851
FJI,BA:1135,2024,SEX_F,66,0.179,0.0017131645690769011
FJI,BA:1135,2024,SEX_F,68,0.557,0.005330908742881755
FJI,BA:1135,2024,SEX_F,69,0.962,0.009207063214815524
FJI,BA:1135,2024,SEX_F,72,0.205,0.0019620041154232667
FJI,BA:1135,2024,SEX_F,79,0.208,0.0019907163707709244
FJI,BA:1135,2024,SEX_F,80,0.74,0.007082356319088865
FJI,BA:1135,2024,SEX_F,82,0.814,0.007790591950997751
FJI,BA:1135,2024,SEX_F,84,5.594,0.05353878547159881
FJI,BA:1135,2024,SEX_F,85,9.445,0.09039575058620856
FJI,BA:1135,2024,SEX_F,86,3.877,0.03710580466095612
FJI,BA:1135,2024,SEX_F,87,0.23,0.00220127290998708
FJI,BA:1135,2024,SEX_F,90,0.179,0.0017131645690769011
FJI,BA:1135,2024,SEX_F,93,0.39,0.0037325931951954832
FJI,BA:1135,2024,SEX_F,94,2.548,0.024386275541943822
FJI,BA:1135,2024,SEX_F,96,1.22,0.011676317174714075
FJI,BA:1135,2024,SEX_F,98,7.829,0.07492941570560369
FJI,BA:1135,2024,SEX_F,99,0.929,0.008891228405991292
FJI,BA:1135,2024,SEX_M,1,68.646,0.3248653611350363
FJI,BA:1135,2024,SEX_M,2,1.127,0.005333497392407218
FJI,BA:1135,2024,SEX_M,3,5.927,0.028049369161311073
FJI,BA:1135,2024,SEX_M,7,1.218,0.005764152461359353
FJI,BA:1135,2024,SEX_M,8,0.544,0.0025744654671424373
FJI,BA:1135,2024,SEX_M,10,4.703,0.022256821860240594
FJI,BA:1135,2024,SEX_M,11,0.779,0.0036865966891616885
FJI,BA:1135,2024,SEX_M,12,0.314,0.0014859966115491274
FJI,BA:1135,2024,SEX_M,13,0.274,0.0012966976801415953
FJI,BA:1135,2024,SEX_M,14,1.309,0.006194807530311489
FJI,BA:1135,2024,SEX_M,16,0.583,0.002759031925264781
FJI,BA:1135,2024,SEX_M,17,0.151,7.146034660634338e-4
FJI,BA:1135,2024,SEX_M,21,0.288,0.0013629523061342314
FJI,BA:1135,2024,SEX_M,22,0.549,0.002598127833568379
FJI,BA:1135,2024,SEX_M,23,0.641,0.0030335153758057026
FJI,BA:1135,2024,SEX_M,25,0.186,8.802400310450244e-4
FJI,BA:1135,2024,SEX_M,31,1.084,0.0051300010411441214
FJI,BA:1135,2024,SEX_M,32,0.356,0.001684760489527036
FJI,BA:1135,2024,SEX_M,33,0.277,0.0013108950999971601
FJI,BA:1135,2024,SEX_M,35,1.915,0.009062686341135601
FJI,BA:1135,2024,SEX_M,36,0.663,0.0031376297880798456
FJI,BA:1135,2024,SEX_M,41,11.87,0.05617445789518516
FJI,BA:1135,2024,SEX_M,42,1.997,0.009450749150521043
FJI,BA:1135,2024,SEX_M,43,2.52,0.011925832678674525
FJI,BA:1135,2024,SEX_M,45,3.448,0.01631756788732927
FJI,BA:1135,2024,SEX_M,46,4.848,0.022943030486592894
FJI,BA:1135,2024,SEX_M,47,25.006,0.11834022696941872
FJI,BA:1135,2024,SEX_M,49,9.959,0.04713070144719032
FJI,BA:1135,2024,SEX_M,50,0.469,0.002219529970753314
FJI,BA:1135,2024,SEX_M,51,1.497,0.007084512507926891
FJI,BA:1135,2024,SEX_M,52,1.131,0.0053524272855479714
FJI,BA:1135,2024,SEX_M,53,0.159,7.524632523449403e-4
FJI,BA:1135,2024,SEX_M,55,9.142,0.04326427077319147
FJI,BA:1135,2024,SEX_M,56,2.651,0.012545786679034191
FJI,BA:1135,2024,SEX_M,60,0.485,0.0022952495433163273
FJI,BA:1135,2024,SEX_M,61,0.815,0.0038569657274284672
FJI,BA:1135,2024,SEX_M,62,0.306,0.0014481368252676208
FJI,BA:1135,2024,SEX_M,64,2.121,0.010037575837884392
FJI,BA:1135,2024,SEX_M,65,0.484,0.002290517070031139
FJI,BA:1135,2024,SEX_M,68,0.911,0.004311283162806545
FJI,BA:1135,2024,SEX_M,69,1.209,0.0057215602017926595
FJI,BA:1135,2024,SEX_M,74,0.182,8.613101379042712e-4
FJI,BA:1135,2024,SEX_M,79,0.364,0.0017226202758085425
FJI,BA:1135,2024,SEX_M,80,2.996,0.014178489962424157
FJI,BA:1135,2024,SEX_M,81,0.204,9.654245501784139e-4
FJI,BA:1135,2024,SEX_M,82,0.697,0.0032985338797762473
FJI,BA:1135,2024,SEX_M,84,10.152,0.04804406879123165
FJI,BA:1135,2024,SEX_M,85,8.112,0.03838982328944752
FJI,BA:1135,2024,SEX_M,86,3.065,0.01450503061910215
FJI,BA:1135,2024,SEX_M,90,0.899,0.004254493483384285
FJI,BA:1135,2024,SEX_M,93,0.568,0.002688044825986956
FJI,BA:1135,2024,SEX_M,94,4.83,0.022857845967459507
FJI,BA:1135,2024,SEX_M,95,0.203,9.606920768932257e-4
FJI,BA:1135,2024,SEX_M,96,1.788,0.008461662233916686
FJI,BA:1135,2024,SEX_M,98,3.864,0.018286276773967606
FJI,BA:1135,2024,SEX_M,99,0.82,0.0038806280938544087
FRA,BA:148,2024,SEX_F,1,189.241,0.013615686823014563
FRA,BA:148,2024,SEX_F,2,8.21,5.907006875727225e-4
FRA,BA:148,2024,SEX_F,3,3.655,2.629733268061267e-4
FRA,BA:148,2024,SEX_F,8,2.3,1.6548253123230955e-4
FRA,BA:148,2024,SEX_F,9,1.292,9.295801319658433e-5
FRA,BA:148,2024,SEX_F,10,244.688,0.017605038957465808
FRA,BA:148,2024,SEX_F,11,13.382,9.628205360655506e-4
FRA,BA:148,2024,SEX_F,13,21.961,0.0015800703775620652
FRA,BA:148,2024,SEX_F,14,28.894,0.0020788922858375443
FRA,BA:148,2024,SEX_F,15,35.509,0.0025548344354469916
FRA,BA:148,2024,SEX_F,16,13.381,9.62748587138928e-4
FRA,BA:148,2024,SEX_F,17,23.549,0.0016943252730389816
FRA,BA:148,2024,SEX_F,18,20.497,0.001474737148986369
FRA,BA:148,2024,SEX_F,19,1.323,9.518842992188937e-5
FRA,BA:148,2024,SEX_F,20,66.164,0.004760428781067187
FRA,BA:148,2024,SEX_F,21,47.282,0.0034018891485765477
FRA,BA:148,2024,SEX_F,22,36.074,0.002595485578988841
FRA,BA:148,2024,SEX_F,23,29.109,0.0020943613050614343
FRA,BA:148,2024,SEX_F,24,20.178,0.001451785441393714
FRA,BA:148,2024,SEX_F,25,57.163,0.004112816492535874
FRA,BA:148,2024,SEX_F,26,59.596,0.004287868231009009
FRA,BA:148,2024,SEX_F,27,26.088,0.0018770035977341269
FRA,BA:148,2024,SEX_F,28,40.781,0.002934149176602094
FRA,BA:148,2024,SEX_F,29,36.902,0.002655059290232473
FRA,BA:148,2024,SEX_F,30,35.745,0.0025718143821299587
FRA,BA:148,2024,SEX_F,31,12.942,9.311630083515437e-4
FRA,BA:148,2024,SEX_F,32,60.804,0.004374782534369283
FRA,BA:148,2024,SEX_F,33,34.085,0.002452379163936205
FRA,BA:148,2024,SEX_F,35,81.176,0.005840526067527809
FRA,BA:148,2024,SEX_F,36,21.714,0.0015622989926862476
FRA,BA:148,2024,SEX_F,37,10.332,7.433763098661837e-4
FRA,BA:148,2024,SEX_F,38,38.099,0.0027411821553998965
FRA,BA:148,2024,SEX_F,39,1.442,1.0375035218999582e-4
FRA,BA:148,2024,SEX_F,41,45.28,0.003257847397477816
FRA,BA:148,2024,SEX_F,42,43.966,0.0031633065078955315
FRA,BA:148,2024,SEX_F,43,155.136,0.011161868680545903
FRA,BA:148,2024,SEX_F,45,110.414,0.007944168784123578
FRA,BA:148,2024,SEX_F,46,418.302,0.030096379904146764
FRA,BA:148,2024,SEX_F,47,1191.241,0.08570851129900334
FRA,BA:148,2024,SEX_F,49,144.626,0.01040568546174087
FRA,BA:148,2024,SEX_F,50,5.647,4.0629558863863137e-4
FRA,BA:148,2024,SEX_F,51,22.985,0.0016537460784237545
FRA,BA:148,2024,SEX_F,52,113.6,0.008173398064343636
FRA,BA:148,2024,SEX_F,53,79.961,0.005753108121681176
FRA,BA:148,2024,SEX_F,55,155.838,0.011212376827035068
FRA,BA:148,2024,SEX_F,56,422.311,0.03038482315097734
FRA,BA:148,2024,SEX_F,58,60.069,0.004321900073301567
FRA,BA:148,2024,SEX_F,59,43.243,0.003111287433947288
FRA,BA:148,2024,SEX_F,60,14.566,0.0010480080651868787
FRA,BA:148,2024,SEX_F,61,28.043,0.00201766374928159
FRA,BA:148,2024,SEX_F,62,147.201,0.010590953947794435
FRA,BA:148,2024,SEX_F,63,31.149,0.002241137115371831
FRA,BA:148,2024,SEX_F,64,256.957,0.018487780338200248
FRA,BA:148,2024,SEX_F,65,117.166,0.00842996793668034
FRA,BA:148,2024,SEX_F,66,166.723,0.01199554089332363
FRA,BA:148,2024,SEX_F,68,214.906,0.01546225602478727
FRA,BA:148,2024,SEX_F,69,284.775,0.020489255578991717
FRA,BA:148,2024,SEX_F,70,241.678,0.017388472688331352
FRA,BA:148,2024,SEX_F,71,174.186,0.012532495732709164
FRA,BA:148,2024,SEX_F,72,115.128,0.00828333602422319
FRA,BA:148,2024,SEX_F,73,57.972,0.004171023174173674
FRA,BA:148,2024,SEX_F,74,95.7,0.006885512277796533
FRA,BA:148,2024,SEX_F,75,32.279,0.0023224394024555306
FRA,BA:148,2024,SEX_F,77,43.388,0.0031217200283075856
FRA,BA:148,2024,SEX_F,78,68.035,0.004895045222778339
FRA,BA:148,2024,SEX_F,79,35.395,0.002546632257811999
FRA,BA:148,2024,SEX_F,80,35.465,0.002551668682675591
FRA,BA:148,2024,SEX_F,81,245.251,0.017645546203154415
FRA,BA:148,2024,SEX_F,82,175.621,0.0126357424424128
FRA,BA:148,2024,SEX_F,84,1272.701,0.09156947086169201
FRA,BA:148,2024,SEX_F,85,1513.556,0.10889872958341285
FRA,BA:148,2024,SEX_F,86,1507.033,0.10842940673505268
FRA,BA:148,2024,SEX_F,87,560.984,0.040362196652533024
FRA,BA:148,2024,SEX_F,88,1049.131,0.0754838493366453
FRA,BA:148,2024,SEX_F,90,106.638,0.007672489637196099
FRA,BA:148,2024,SEX_F,91,50.616,0.0036417668699367744
FRA,BA:148,2024,SEX_F,92,7.249,5.21557769088266e-4
FRA,BA:148,2024,SEX_F,93,131.524,0.009463010625129688
FRA,BA:148,2024,SEX_F,94,142.877,0.010279846789077694
FRA,BA:148,2024,SEX_F,95,12.288,8.841084103402696e-4
FRA,BA:148,2024,SEX_F,96,353.631,0.02544337087052733
FRA,BA:148,2024,SEX_F,97,261.94,0.018846301839561378
FRA,BA:148,2024,SEX_F,99,10.819,7.784154371314597e-4
FRA,BA:148,2024,SEX_M,1,440.451,0.03020017435084344
FRA,BA:148,2024,SEX_M,2,28.436,0.0019497564038691796
FRA,BA:148,2024,SEX_M,3,11.489,7.877602800693841e-4
FRA,BA:148,2024,SEX_M,6,1.5,1.0284971887057848e-4
FRA,BA:148,2024,SEX_M,8,19.563,0.0013413660335100843
FRA,BA:148,2024,SEX_M,9,3.03,2.0775643211856852e-4
FRA,BA:148,2024,SEX_M,10,331.736,0.022745969559500145
FRA,BA:148,2024,SEX_M,11,28.442,0.001950167802744662
FRA,BA:148,2024,SEX_M,12,1.643,1.1265472540290695e-4
FRA,BA:148,2024,SEX_M,13,26.776,0.0018359360483190727
FRA,BA:148,2024,SEX_M,14,9.838,6.745570228325006e-4
FRA,BA:148,2024,SEX_M,15,14.003,9.601364088964736e-4
FRA,BA:148,2024,SEX_M,16,58.058,0.003980832652125363
FRA,BA:148,2024,SEX_M,17,46.108,0.003161463225123088
FRA,BA:148,2024,SEX_M,18,30.74,0.002107733572054388
FRA,BA:148,2024,SEX_M,19,4.685,3.2123395527244007e-4
FRA,BA:148,2024,SEX_M,20,96.542,0.006619545039468925
FRA,BA:148,2024,SEX_M,21,39.032,0.0026762868179709457
FRA,BA:148,2024,SEX_M,22,108.271,0.0074237612745576016
FRA,BA:148,2024,SEX_M,23,96.895,0.006643749006643134
FRA,BA:148,2024,SEX_M,24,100.501,0.006890999730808005
FRA,BA:148,2024,SEX_M,25,272.726,0.01869986161913159
FRA,BA:148,2024,SEX_M,26,109.998,0.007542175584217261
FRA,BA:148,2024,SEX_M,27,82.281,0.005641718478926712
FRA,BA:148,2024,SEX_M,28,154.429,0.010588652823643043
FRA,BA:148,2024,SEX_M,29,140.823,0.00965573730700765
FRA,BA:148,2024,SEX_M,30,143.76,0.009857117056556241
FRA,BA:148,2024,SEX_M,31,32.147,0.0022042066083549907
FRA,BA:148,2024,SEX_M,32,61.46,0.004214095814523836
FRA,BA:148,2024,SEX_M,33,163.055,0.011180107273628117
FRA,BA:148,2024,SEX_M,35,169.705,0.011636074360621014
FRA,BA:148,2024,SEX_M,36,49.764,0.0034121422732503117
FRA,BA:148,2024,SEX_M,37,30.611,0.0020988884962315187
FRA,BA:148,2024,SEX_M,38,96.21,0.006596780968358903
FRA,BA:148,2024,SEX_M,39,7.947,5.448978105763247e-4
FRA,BA:148,2024,SEX_M,41,137.005,0.009393950489242402
FRA,BA:148,2024,SEX_M,42,169.896,0.0116491705581572
FRA,BA:148,2024,SEX_M,43,1357.855,0.09310333667800623
FRA,BA:148,2024,SEX_M,45,388.237,0.026620044203437852
FRA,BA:148,2024,SEX_M,46,714.354,0.04898073871604881
FRA,BA:148,2024,SEX_M,47,838.214,0.05747338283558871
FRA,BA:148,2024,SEX_M,49,655.037,0.04491358086655141
FRA,BA:148,2024,SEX_M,50,8.985,6.160698160347651e-4
FRA,BA:148,2024,SEX_M,51,40.036,0.0027451275631349865
FRA,BA:148,2024,SEX_M,52,297.376,0.020390025332571428
FRA,BA:148,2024,SEX_M,53,91.748,0.006290837337958557
FRA,BA:148,2024,SEX_M,55,124.314,0.008523773301118061
FRA,BA:148,2024,SEX_M,56,544.403,0.03732779700153303
FRA,BA:148,2024,SEX_M,58,104.836,0.007188235418343977
FRA,BA:148,2024,SEX_M,59,59.058,0.004049399131372416
FRA,BA:148,2024,SEX_M,60,15.955,0.0010939781763867197
FRA,BA:148,2024,SEX_M,61,69.124,0.004739589311473244
FRA,BA:148,2024,SEX_M,62,416.143,0.02853346037330609
FRA,BA:148,2024,SEX_M,63,45.299,0.003105992943412223
FRA,BA:148,2024,SEX_M,64,232.639,0.015951237165555004
FRA,BA:148,2024,SEX_M,65,73.217,0.005020231911031429
FRA,BA:148,2024,SEX_M,66,127.115,0.008715828009489055
FRA,BA:148,2024,SEX_M,68,167.731,0.011500724130587331
FRA,BA:148,2024,SEX_M,69,132.893,0.009112005126578523
FRA,BA:148,2024,SEX_M,70,225.929,0.015491156089807282
FRA,BA:148,2024,SEX_M,71,361.835,0.024809752018357174
FRA,BA:148,2024,SEX_M,72,109.192,0.0074869110019441364
FRA,BA:148,2024,SEX_M,73,57.951,0.003973496038845929
FRA,BA:148,2024,SEX_M,74,92.63,0.006351312972654456
FRA,BA:148,2024,SEX_M,75,13.639,9.351782104505465e-4
FRA,BA:148,2024,SEX_M,77,75.524,0.005178414778654379
FRA,BA:148,2024,SEX_M,78,41.382,0.0028374180442015187
FRA,BA:148,2024,SEX_M,79,15.542,0.001065660220457687
FRA,BA:148,2024,SEX_M,80,107.677,0.007383032785884853
FRA,BA:148,2024,SEX_M,81,277.769,0.019045642373974474
FRA,BA:148,2024,SEX_M,82,134.247,0.009204844139479033
FRA,BA:148,2024,SEX_M,84,1129.621,0.07745413485353449
FRA,BA:148,2024,SEX_M,85,728.834,0.04997358133554612
FRA,BA:148,2024,SEX_M,86,484.932,0.033250079914231574
FRA,BA:148,2024,SEX_M,87,138.71,0.009510856336358627
FRA,BA:148,2024,SEX_M,88,194.636,0.013345505254729275
FRA,BA:148,2024,SEX_M,90,99.1,0.006794938093382884
FRA,BA:148,2024,SEX_M,91,29.133,0.001997547239904375
FRA,BA:148,2024,SEX_M,92,8.591,5.890546232114264e-4
FRA,BA:148,2024,SEX_M,93,177.616,0.012178503777944445
FRA,BA:148,2024,SEX_M,94,80.74,0.0055360575344070035
FRA,BA:148,2024,SEX_M,95,34.786,0.002385153547087962
FRA,BA:148,2024,SEX_M,96,103.002,0.007062484495404882
FRA,BA:148,2024,SEX_M,97,27.701,0.0018993600416225963
FRA,BA:148,2024,SEX_M,99,9.542,6.542613449753732e-4
GBR,BA:666,2024,SEX_F,1,70.883,0.004381747012913057
GBR,BA:666,2024,SEX_F,2,3.559,2.200053273557492e-4
GBR,BA:666,2024,SEX_F,3,4.629,2.8614910377346527e-4
GBR,BA:666,2024,SEX_F,8,2.35,1.4526904166507746e-4
GBR,BA:666,2024,SEX_F,9,21.58,0.0013340025187797322
GBR,BA:666,2024,SEX_F,10,93.982,0.005809648967560557
GBR,BA:666,2024,SEX_F,11,20.737,0.001281891113620728
GBR,BA:666,2024,SEX_F,12,4.089,2.5276813249723476e-4
GBR,BA:666,2024,SEX_F,13,27.52,0.0017011932028182686
GBR,BA:666,2024,SEX_F,14,24.633,0.001522728639717384
GBR,BA:666,2024,SEX_F,15,8.114,5.015800017321015e-4
GBR,BA:666,2024,SEX_F,16,11.786,7.285706064104691e-4
GBR,BA:666,2024,SEX_F,17,13.823,8.544910480580279e-4
GBR,BA:666,2024,SEX_F,18,33.705,0.0020835289571580575
GBR,BA:666,2024,SEX_F,19,3.256,2.0127489347297536e-4
GBR,BA:666,2024,SEX_F,20,31.563,0.001951117771095676
GBR,BA:666,2024,SEX_F,21,67.266,0.004158156321975787
GBR,BA:666,2024,SEX_F,22,31.07,0.0019206421806527473
GBR,BA:666,2024,SEX_F,23,23.931,0.0014793333770582843
GBR,BA:666,2024,SEX_F,24,7.085,4.3797070646683987e-4
GBR,BA:666,2024,SEX_F,25,43.72,0.0027026223411051853
GBR,BA:666,2024,SEX_F,26,52.891,0.0032695425032798343
GBR,BA:666,2024,SEX_F,27,26.509,0.001638696606595548
GBR,BA:666,2024,SEX_F,28,59.708,0.003690946357335508
GBR,BA:666,2024,SEX_F,29,32.292,0.0019961820823185877
GBR,BA:666,2024,SEX_F,30,44.49,0.0027502211334805514
GBR,BA:666,2024,SEX_F,31,23.193,0.0014337127163141026
GBR,BA:666,2024,SEX_F,32,51.202,0.003165134243121402
GBR,BA:666,2024,SEX_F,33,34.503,0.0021328586147107095
GBR,BA:666,2024,SEX_F,35,49.2,0.003041377382945451
GBR,BA:666,2024,SEX_F,36,23.786,0.0014703699681044818
GBR,BA:666,2024,SEX_F,37,1.018,6.292931251704205e-5
GBR,BA:666,2024,SEX_F,38,15.962,9.867167842799855e-4
GBR,BA:666,2024,SEX_F,39,12.639,7.813001777042186e-4
GBR,BA:666,2024,SEX_F,41,139.457,0.008620759465313491
GBR,BA:666,2024,SEX_F,42,72.062,0.004454628800199494
GBR,BA:666,2024,SEX_F,43,85.054,0.005257750242460211
GBR,BA:666,2024,SEX_F,45,67.185,0.004153149176284353
GBR,BA:666,2024,SEX_F,46,247.669,0.015310058842616199
GBR,BA:666,2024,SEX_F,47,1344.776,0.08312949820178561
GBR,BA:666,2024,SEX_F,49,143.831,0.008891145332650958
GBR,BA:666,2024,SEX_F,50,16.941,0.001047235248871522
GBR,BA:666,2024,SEX_F,51,29.616,0.0018307608246608228
GBR,BA:666,2024,SEX_F,52,114.242,0.0070620535565539475
GBR,BA:666,2024,SEX_F,53,66.966,0.004139611337933436
GBR,BA:666,2024,SEX_F,55,201.198,0.01243737899784266
GBR,BA:666,2024,SEX_F,56,690.318,0.04267312098049061
GBR,BA:666,2024,SEX_F,58,87.299,0.005396528539710467
GBR,BA:666,2024,SEX_F,59,53.468,0.0033052106892546215
GBR,BA:666,2024,SEX_F,60,22.962,0.0014194330786014928
GBR,BA:666,2024,SEX_F,61,47.278,0.00292256585184746
GBR,BA:666,2024,SEX_F,62,269.5,0.01665957733137803
GBR,BA:666,2024,SEX_F,63,7.271,4.4946859657309703e-4
GBR,BA:666,2024,SEX_F,64,262.645,0.016235824446010325
GBR,BA:666,2024,SEX_F,65,115.295,0.007127146450542597
GBR,BA:666,2024,SEX_F,66,249.239,0.015407110925771164
GBR,BA:666,2024,SEX_F,68,210.809,0.01303149846994609
GBR,BA:666,2024,SEX_F,69,352.386,0.021783309155825523
GBR,BA:666,2024,SEX_F,70,305.402,0.018878917388339564
GBR,BA:666,2024,SEX_F,71,195.521,0.012086446083147916
GBR,BA:666,2024,SEX_F,72,105.381,0.006514296544556394
GBR,BA:666,2024,SEX_F,73,126.246,0.0078041001847018576
GBR,BA:666,2024,SEX_F,74,171.208,0.010583498759742373
GBR,BA:666,2024,SEX_F,75,92.771,0.005734789048642936
GBR,BA:666,2024,SEX_F,77,45.046,0.002784591170572374
GBR,BA:666,2024,SEX_F,78,120.402,0.007442843895556874
GBR,BA:666,2024,SEX_F,79,74.704,0.004617948292999125
GBR,BA:666,2024,SEX_F,80,33.366,0.002062573125190202
GBR,BA:666,2024,SEX_F,81,313.3,0.019367145001561177
GBR,BA:666,2024,SEX_F,82,88.447,0.0054674940119791935
GBR,BA:666,2024,SEX_F,84,1407.553,0.08701015974587437
GBR,BA:666,2024,SEX_F,85,2454.488,0.15172813597380108
GBR,BA:666,2024,SEX_F,86,2038.914,0.12603875864574882
GBR,BA:666,2024,SEX_F,87,855.906,0.05290921037250628
GBR,BA:666,2024,SEX_F,88,853.054,0.052732909390877006
GBR,BA:666,2024,SEX_F,90,98.266,0.0060744713396853195
GBR,BA:666,2024,SEX_F,91,66.324,0.004099925072082807
GBR,BA:666,2024,SEX_F,92,30.943,0.0019127914707414858
GBR,BA:666,2024,SEX_F,93,198.395,0.012264107030273634
GBR,BA:666,2024,SEX_F,94,201.948,0.012483741457948536
GBR,BA:666,2024,SEX_F,95,15.419,9.531503631633315e-4
GBR,BA:666,2024,SEX_F,96,351.801,0.02174714643694294
GBR,BA:666,2024,SEX_F,97,34.058,0.002105350221714556
GBR,BA:666,2024,SEX_F,98,1.829,1.130625860448624e-4
GBR,BA:666,2024,SEX_F,99,22.048,0.0013629326938857987
GBR,BA:666,2024,SEX_M,1,178.653,0.010420855500246908
GBR,BA:666,2024,SEX_M,2,21.168,0.0012347325218676796
GBR,BA:666,2024,SEX_M,3,12.039,7.022366227685654e-4
GBR,BA:666,2024,SEX_M,6,8.606,5.019892329550856e-4
GBR,BA:666,2024,SEX_M,7,3.609,0.00021051349543747429
GBR,BA:666,2024,SEX_M,8,19.481,0.0011363295662558705
GBR,BA:666,2024,SEX_M,9,72.078,0.004204320233899216
GBR,BA:666,2024,SEX_M,10,178.407,0.010406506284431552
GBR,BA:666,2024,SEX_M,11,37.787,0.0022041212114424606
GBR,BA:666,2024,SEX_M,12,3.352,1.9552264802061894e-4
GBR,BA:666,2024,SEX_M,13,28.86,0.0016834080017527036
GBR,BA:666,2024,SEX_M,14,16.819,9.810547186929564e-4
GBR,BA:666,2024,SEX_M,15,3.645,2.1261338067874583e-4
GBR,BA:666,2024,SEX_M,16,58.926,0.003437162159088005
GBR,BA:666,2024,SEX_M,17,32.463,0.0018935715163166328
GBR,BA:666,2024,SEX_M,18,50.888,0.002968304448828537
GBR,BA:666,2024,SEX_M,19,21.459,0.0012517065942346246
GBR,BA:666,2024,SEX_M,20,60.862,0.0035500893209519423
GBR,BA:666,2024,SEX_M,21,85.072,0.004962262145707069
GBR,BA:666,2024,SEX_M,22,77.262,0.004506703708642321
GBR,BA:666,2024,SEX_M,23,68.83,0.004014863921020048
GBR,BA:666,2024,SEX_M,24,49.738,0.002901224781399029
GBR,BA:666,2024,SEX_M,25,168.59,0.009833879245165916
GBR,BA:666,2024,SEX_M,26,130.137,0.007590910156759931
GBR,BA:666,2024,SEX_M,27,60.736,0.0035427397226074917
GBR,BA:666,2024,SEX_M,28,190.227,0.011095968605315715
GBR,BA:666,2024,SEX_M,29,153.53,0.008955427252567311
GBR,BA:666,2024,SEX_M,30,155.558,0.009073720787825609
GBR,BA:666,2024,SEX_M,31,57.939,0.0033795903053898094
GBR,BA:666,2024,SEX_M,32,65.347,0.0038117000239270243
GBR,BA:666,2024,SEX_M,33,189.596,0.011059162283447874
GBR,BA:666,2024,SEX_M,35,147.692,0.008614895862607773
GBR,BA:666,2024,SEX_M,36,60.078,0.003504358486808695
GBR,BA:666,2024,SEX_M,37,10.37,6.048836097773921e-4
GBR,BA:666,2024,SEX_M,38,95.174,0.005551513276466106
GBR,BA:666,2024,SEX_M,39,20.874,0.0012175834590639617
GBR,BA:666,2024,SEX_M,41,641.068,0.03739358977365219
GBR,BA:666,2024,SEX_M,42,327.15,0.019082707130055335
GBR,BA:666,2024,SEX_M,43,822.144,0.04795577921666579
GBR,BA:666,2024,SEX_M,45,314.087,0.018320740438201713
GBR,BA:666,2024,SEX_M,46,469.922,0.027410618676355997
GBR,BA:666,2024,SEX_M,47,1076.985,0.06282069184919041
GBR,BA:666,2024,SEX_M,49,603.033,0.03517500268610319
GBR,BA:666,2024,SEX_M,50,37.467,0.00218545556485338
GBR,BA:666,2024,SEX_M,51,50.722,0.002958621644660452
GBR,BA:666,2024,SEX_M,52,300.486,0.017527392128020198
GBR,BA:666,2024,SEX_M,53,270.115,0.01575584727627968
GBR,BA:666,2024,SEX_M,55,139.709,0.008149246310355804
GBR,BA:666,2024,SEX_M,56,662.508,0.038644188095120595
GBR,BA:666,2024,SEX_M,58,86.432,0.005041591143710661
GBR,BA:666,2024,SEX_M,59,100.92,0.005886678293031284
GBR,BA:666,2024,SEX_M,60,33.083,0.0019297362065829762
GBR,BA:666,2024,SEX_M,61,113.838,0.00664018711377423
GBR,BA:666,2024,SEX_M,62,798.833,0.046596045192796864
GBR,BA:666,2024,SEX_M,63,29.265,0.0017070317107170088
GBR,BA:666,2024,SEX_M,64,304.073,0.01773662236025467
GBR,BA:666,2024,SEX_M,65,169.607,0.009893201003231837
GBR,BA:666,2024,SEX_M,66,363.514,0.02120382454432198
GBR,BA:666,2024,SEX_M,68,191.804,0.011187955244912529
GBR,BA:666,2024,SEX_M,69,279.533,0.01630520058745456
GBR,BA:666,2024,SEX_M,70,349.345,0.02037734471144485
GBR,BA:666,2024,SEX_M,71,484.937,0.02828644581240301
GBR,BA:666,2024,SEX_M,72,111.751,0.006518452099926071
GBR,BA:666,2024,SEX_M,73,144.151,0.0084083488170704785
GBR,BA:666,2024,SEX_M,74,177.944,0.010379499427022976
GBR,BA:666,2024,SEX_M,75,25.189,0.001469278037288595
GBR,BA:666,2024,SEX_M,77,72.608,0.004235235211062381
GBR,BA:666,2024,SEX_M,78,109.416,0.006382251209971373
GBR,BA:666,2024,SEX_M,79,40.048,0.002336005670623433
GBR,BA:666,2024,SEX_M,80,160.119,0.009339764581865598
GBR,BA:666,2024,SEX_M,81,344.343,0.020085577323199284
GBR,BA:666,2024,SEX_M,82,78.073,0.004554009456716522
GBR,BA:666,2024,SEX_M,84,1194.734,0.06968900816237057
GBR,BA:666,2024,SEX_M,85,1057.915,0.0617083359727724
GBR,BA:666,2024,SEX_M,86,633.811,0.0369702879070992
GBR,BA:666,2024,SEX_M,87,255.797,0.014920676251709506
GBR,BA:666,2024,SEX_M,88,230.403,0.01343944053457478
GBR,BA:666,2024,SEX_M,90,110.401,0.006439706403378386
GBR,BA:666,2024,SEX_M,91,55.757,0.003252313927710516
GBR,BA:666,2024,SEX_M,92,40.322,0.0023519881305153335
GBR,BA:666,2024,SEX_M,93,264.957,0.015454980385321938
GBR,BA:666,2024,SEX_M,94,190.59,0.011117142448165205
GBR,BA:666,2024,SEX_M,95,76.249,0.004447615271158763
GBR,BA:666,2024,SEX_M,96,87.699,0.005115495438174302
GBR,BA:666,2024,SEX_M,97,18.132,0.0010576421998537778
GBR,BA:666,2024,SEX_M,99,46.953,0.002738775325928437
GEO,BA:13950,2024,SEX_F,1,329.507,0.37484955144146215
GEO,BA:13950,2024,SEX_F,7,0.54,6.143079138785809e-4
GEO,BA:13950,2024,SEX_F,10,21.238,0.024160502731395
GEO,BA:13950,2024,SEX_F,11,3.613,0.0041101749867468755
GEO,BA:13950,2024,SEX_F,13,0.958,0.0010898277435105195
GEO,BA:13950,2024,SEX_F,14,10.258,0.011669575149197189
GEO,BA:13950,2024,SEX_F,20,1.207,0.0013730919482434207
GEO,BA:13950,2024,SEX_F,21,1.193,0.0013571654467724945
GEO,BA:13950,2024,SEX_F,22,0.465,5.289873702843335e-4
GEO,BA:13950,2024,SEX_F,23,1.476,0.0016791082979347879
GEO,BA:13950,2024,SEX_F,24,0.71,8.077011460255415e-4
GEO,BA:13950,2024,SEX_F,31,0.436,4.959967600945579e-4
GEO,BA:13950,2024,SEX_F,32,1.573,0.0017894562009833476
GEO,BA:13950,2024,SEX_F,35,2.668,0.003035136137459359
GEO,BA:13950,2024,SEX_F,36,2.194,0.0024959103019437157
GEO,BA:13950,2024,SEX_F,38,12.729,0.014480602658815659
GEO,BA:13950,2024,SEX_F,41,3.895,0.0044309802306612455
GEO,BA:13950,2024,SEX_F,42,0.812,9.23737085313718e-4
GEO,BA:13950,2024,SEX_F,43,0.363,4.1295143099615716e-4
GEO,BA:13950,2024,SEX_F,45,1.096,0.0012468175437239347
GEO,BA:13950,2024,SEX_F,46,7.19,0.008179396112568512
GEO,BA:13950,2024,SEX_F,47,98.972,0.11259126454146463
GEO,BA:13950,2024,SEX_F,49,6.394,0.007273860743221568
GEO,BA:13950,2024,SEX_F,52,1.969,0.002239948671160974
GEO,BA:13950,2024,SEX_F,53,1.125,0.0012798081539137102
GEO,BA:13950,2024,SEX_F,55,12.642,0.014381630828246332
GEO,BA:13950,2024,SEX_F,56,26.633,0.030297893833941193
GEO,BA:13950,2024,SEX_F,58,1.002,0.0011398824624191445
GEO,BA:13950,2024,SEX_F,60,1.254,0.0014265594888958157
GEO,BA:13950,2024,SEX_F,61,2.657,0.003022622457732203
GEO,BA:13950,2024,SEX_F,62,0.947,0.0010773140637833631
GEO,BA:13950,2024,SEX_F,63,0.686,7.803985720753825e-4
GEO,BA:13950,2024,SEX_F,64,20.685,0.023531405923293416
GEO,BA:13950,2024,SEX_F,65,0.561,6.381976660849702e-4
GEO,BA:13950,2024,SEX_F,66,0.348,3.9588732227730764e-4
GEO,BA:13950,2024,SEX_F,68,1.19,0.0013537526250287245
GEO,BA:13950,2024,SEX_F,69,5.582,0.006350123657907849
GEO,BA:13950,2024,SEX_F,70,0.457,5.198865123009472e-4
GEO,BA:13950,2024,SEX_F,71,1.066,0.0012126893262862357
GEO,BA:13950,2024,SEX_F,72,1.892,0.0021523529130708795
GEO,BA:13950,2024,SEX_F,73,2.48,0.002821265974849779
GEO,BA:13950,2024,SEX_F,74,0.764,8.691319374133996e-4
GEO,BA:13950,2024,SEX_F,75,0.509,5.790420891929587e-4
GEO,BA:13950,2024,SEX_F,79,1.651,0.001878189566321365
GEO,BA:13950,2024,SEX_F,80,0.683,7.769857503316126e-4
GEO,BA:13950,2024,SEX_F,81,5.96,0.006780139197622856
GEO,BA:13950,2024,SEX_F,82,0.685,7.792609648274592e-4
GEO,BA:13950,2024,SEX_F,84,27.983,0.031833663618637646
GEO,BA:13950,2024,SEX_F,85,141.823,0.16133887272222588
GEO,BA:13950,2024,SEX_F,86,49.139,0.05590088255570294
GEO,BA:13950,2024,SEX_F,87,1.095,0.0012456799364760113
GEO,BA:13950,2024,SEX_F,88,1.162,0.0013218996220868721
GEO,BA:13950,2024,SEX_F,90,5.602,0.006372875802866315
GEO,BA:13950,2024,SEX_F,91,5.59,0.006359224515891235
GEO,BA:13950,2024,SEX_F,92,5.034,0.0057267148860458816
GEO,BA:13950,2024,SEX_F,93,1.366,0.0015539715006632252
GEO,BA:13950,2024,SEX_F,94,1.506,0.0017132365153724868
GEO,BA:13950,2024,SEX_F,96,17.298,0.019678330174577208
GEO,BA:13950,2024,SEX_F,97,17.105,0.019458771975728012
GEO,BA:13950,2024,SEX_F,99,1.42,0.001615402292051083
GEO,BA:13950,2024,SEX_M,1,313.066,0.33373380053322177
GEO,BA:13950,2024,SEX_M,2,0.456,4.861039302995188e-4
GEO,BA:13950,2024,SEX_M,3,0.744,7.931169389097411e-4
GEO,BA:13950,2024,SEX_M,5,0.489,5.212825042027734e-4
GEO,BA:13950,2024,SEX_M,7,6.998,0.007459989702272001
GEO,BA:13950,2024,SEX_M,8,2.33,0.00248382052104798
GEO,BA:13950,2024,SEX_M,10,14.864,0.0158452824999387
GEO,BA:13950,2024,SEX_M,11,7.562,0.008061223510800353
GEO,BA:13950,2024,SEX_M,13,0.158,1.6843074777921923e-4
GEO,BA:13950,2024,SEX_M,14,2.158,0.0023004655297946524
GEO,BA:13950,2024,SEX_M,15,1.112,0.001185411338800581
GEO,BA:13950,2024,SEX_M,16,1.44,0.0015350650430511119
GEO,BA:13950,2024,SEX_M,17,0.937,9.988582953742305e-4
GEO,BA:13950,2024,SEX_M,20,1.308,0.0013943507474380933
GEO,BA:13950,2024,SEX_M,21,0.376,4.0082253901890146e-4
GEO,BA:13950,2024,SEX_M,22,5.492,0.005854567511414379
GEO,BA:13950,2024,SEX_M,23,8.744,0.009321256066971473
GEO,BA:13950,2024,SEX_M,24,4.507,0.004804540381271778
GEO,BA:13950,2024,SEX_M,25,6.052,0.006451537250378701
GEO,BA:13950,2024,SEX_M,28,0.69,7.355519997953244e-4
GEO,BA:13950,2024,SEX_M,29,0.274,2.920887651361144e-4
GEO,BA:13950,2024,SEX_M,30,0.715,7.622024345705174e-4
GEO,BA:13950,2024,SEX_M,31,7.573,0.008072949702101439
GEO,BA:13950,2024,SEX_M,32,1.295,0.001380492521354993
GEO,BA:13950,2024,SEX_M,33,0.398,4.242749216210712e-4
GEO,BA:13950,2024,SEX_M,35,14.8,0.015777057386914206
GEO,BA:13950,2024,SEX_M,36,6.93,0.007387500519683476
GEO,BA:13950,2024,SEX_M,38,19.268,0.020540023089936684
GEO,BA:13950,2024,SEX_M,41,52.61,0.05608317494091597
GEO,BA:13950,2024,SEX_M,42,11.57,0.012333821213959281
GEO,BA:13950,2024,SEX_M,43,55.053,0.05868745542714782
GEO,BA:13950,2024,SEX_M,45,31.655,0.03374478051234927
GEO,BA:13950,2024,SEX_M,46,24.556,0.02617712305358549
GEO,BA:13950,2024,SEX_M,47,62.102,0.06620181201636122
GEO,BA:13950,2024,SEX_M,49,57.84,0.06165844589588633
GEO,BA:13950,2024,SEX_M,50,2.443,0.0026042804862318517
GEO,BA:13950,2024,SEX_M,52,12.876,0.013726039926615358
GEO,BA:13950,2024,SEX_M,53,2.31,0.0024625001732278256
GEO,BA:13950,2024,SEX_M,55,8.252,0.008796775510595678
GEO,BA:13950,2024,SEX_M,56,13.977,0.014899725074114856
GEO,BA:13950,2024,SEX_M,58,0.542,5.777814259261824e-4
GEO,BA:13950,2024,SEX_M,60,1.682,0.0017930412516749792
GEO,BA:13950,2024,SEX_M,61,4.287,0.004570016555250081
GEO,BA:13950,2024,SEX_M,62,2.344,0.002498744764522088
GEO,BA:13950,2024,SEX_M,64,12.059,0.012855103718162054
GEO,BA:13950,2024,SEX_M,65,2.004,0.002136298851579464
GEO,BA:13950,2024,SEX_M,66,0.153,1.6310066082418065e-4
GEO,BA:13950,2024,SEX_M,68,2.566,0.0027354006253258005
GEO,BA:13950,2024,SEX_M,69,3.48,0.003709740520706854
GEO,BA:13950,2024,SEX_M,70,0.474,5.052922433376576e-4
GEO,BA:13950,2024,SEX_M,71,4.2,0.00447727304223241
GEO,BA:13950,2024,SEX_M,72,0.636,6.779870606809078e-4
GEO,BA:13950,2024,SEX_M,73,1.415,0.001508414608275919
GEO,BA:13950,2024,SEX_M,74,3.083,0.0032865316164767907
GEO,BA:13950,2024,SEX_M,75,0.762,8.1230525194788e-4
GEO,BA:13950,2024,SEX_M,77,0.724,7.717965910895868e-4
GEO,BA:13950,2024,SEX_M,79,2.505,0.00267037356447433
GEO,BA:13950,2024,SEX_M,80,8.198,0.00873921057148126
GEO,BA:13950,2024,SEX_M,81,3.203,0.003414453703397716
GEO,BA:13950,2024,SEX_M,82,0.85,9.061147823565591e-4
GEO,BA:13950,2024,SEX_M,84,59.402,0.06332356506064038
GEO,BA:13950,2024,SEX_M,85,22.944,0.024458703019281047
GEO,BA:13950,2024,SEX_M,86,9.196,0.009803095927706961
GEO,BA:13950,2024,SEX_M,90,5.371,0.005725579407102446
GEO,BA:13950,2024,SEX_M,91,1.734,0.0018484741560073805
GEO,BA:13950,2024,SEX_M,92,3.167,0.003376077077321438
GEO,BA:13950,2024,SEX_M,93,4.514,0.004812002503008833
GEO,BA:13950,2024,SEX_M,94,1.992,0.0021235066428873716
GEO,BA:13950,2024,SEX_M,95,4.008,0.004272597703158928
GEO,BA:13950,2024,SEX_M,96,3.493,0.003723598746789954
GEO,BA:13950,2024,SEX_M,97,0.634,6.758550258988924e-4
GEO,BA:13950,2024,SEX_M,99,0.469,4.99962156382619e-4
GMB,BA:7014,2023,SEX_F,1,123.791,0.38868584490370084
GMB,BA:7014,2023,SEX_F,2,5.33,0.01673542950082579
GMB,BA:7014,2023,SEX_F,3,0.164,5.149362923331013e-4
GMB,BA:7014,2023,SEX_F,8,1.056,0.0033156873457546037
GMB,BA:7014,2023,SEX_F,10,4.676,0.014681964042375498
GMB,BA:7014,2023,SEX_F,11,0.712,0.0022355770740315126
GMB,BA:7014,2023,SEX_F,13,4.338,0.01362069290329874
GMB,BA:7014,2023,SEX_F,14,1.502,0.004716062872465354
GMB,BA:7014,2023,SEX_F,16,0.182,5.714536902721002e-4
GMB,BA:7014,2023,SEX_F,20,1.042,0.0032717293695798265
GMB,BA:7014,2023,SEX_F,23,0.26,8.163624146744289e-4
GMB,BA:7014,2023,SEX_F,32,0.121,3.7992250836771493e-4
GMB,BA:7014,2023,SEX_F,36,0.402,0.0012622218873043092
GMB,BA:7014,2023,SEX_F,41,0.785,0.0024647865212285643
GMB,BA:7014,2023,SEX_F,43,0.385,0.001208844344806366
GMB,BA:7014,2023,SEX_F,46,1.499,0.004706643306142188
GMB,BA:7014,2023,SEX_F,47,93.073,0.2922357654653581
GMB,BA:7014,2023,SEX_F,49,0.327,0.001026732729225147
GMB,BA:7014,2023,SEX_F,50,0.261,8.195022701154844e-4
GMB,BA:7014,2023,SEX_F,52,0.225,7.064674742374865e-4
GMB,BA:7014,2023,SEX_F,55,0.393,0.0012339631883348098
GMB,BA:7014,2023,SEX_F,56,28.859,0.09061308817342055
GMB,BA:7014,2023,SEX_F,61,0.616,0.0019341509516901854
GMB,BA:7014,2023,SEX_F,64,1.326,0.004163448314839588
GMB,BA:7014,2023,SEX_F,66,1.277,0.004009595398227868
GMB,BA:7014,2023,SEX_F,68,0.299,9.388167768755931e-4
GMB,BA:7014,2023,SEX_F,69,0.78,0.002449087244023287
GMB,BA:7014,2023,SEX_F,70,0.332,0.0010424320064304246
GMB,BA:7014,2023,SEX_F,72,0.398,0.0012496624655400873
GMB,BA:7014,2023,SEX_F,74,0.6,0.0018839132646332973
GMB,BA:7014,2023,SEX_F,78,0.09,2.825869896949946e-4
GMB,BA:7014,2023,SEX_F,80,1.28,0.004019014964551034
GMB,BA:7014,2023,SEX_F,81,4.713,0.01479813869369455
GMB,BA:7014,2023,SEX_F,82,1.373,0.004311021520569195
GMB,BA:7014,2023,SEX_F,84,3.437,0.010791683150907738
GMB,BA:7014,2023,SEX_F,85,12.296,0.03860766250321837
GMB,BA:7014,2023,SEX_F,86,2.756,0.008653441595548945
GMB,BA:7014,2023,SEX_F,87,0.231,7.253066068838196e-4
GMB,BA:7014,2023,SEX_F,90,0.758,0.0023800104243200657
GMB,BA:7014,2023,SEX_F,96,9.964,0.03128551961467696
GMB,BA:7014,2023,SEX_F,97,6.577,0.020650829235821993
GMB,BA:7014,2023,SEX_M,1,37.59,0.12546477707389037
GMB,BA:7014,2023,SEX_M,2,8.568,0.028597558126339254
GMB,BA:7014,2023,SEX_M,3,5.705,0.01904167473281576
GMB,BA:7014,2023,SEX_M,8,3.392,0.011321535616776698
GMB,BA:7014,2023,SEX_M,9,0.241,8.043897652249953e-4
GMB,BA:7014,2023,SEX_M,10,4.534,0.015133208280208003
GMB,BA:7014,2023,SEX_M,13,4.672,0.015593813208013186
GMB,BA:7014,2023,SEX_M,14,6.659,0.022225856625034207
GMB,BA:7014,2023,SEX_M,15,0.804,0.0026835243619954203
GMB,BA:7014,2023,SEX_M,16,7.397,0.024689091673731497
GMB,BA:7014,2023,SEX_M,18,0.386,0.0012883587111072541
GMB,BA:7014,2023,SEX_M,23,1.86,0.006208153374765524
GMB,BA:7014,2023,SEX_M,24,1.518,0.0050666542058570244
GMB,BA:7014,2023,SEX_M,25,2.704,0.009025186411487085
GMB,BA:7014,2023,SEX_M,27,0.326,0.0010880956990180436
GMB,BA:7014,2023,SEX_M,28,0.251,8.377669339065304e-4
GMB,BA:7014,2023,SEX_M,31,3.071,0.010250128502099424
GMB,BA:7014,2023,SEX_M,32,0.27,9.011835544014471e-4
GMB,BA:7014,2023,SEX_M,33,2.197,0.0073329639593332566
GMB,BA:7014,2023,SEX_M,35,0.886,0.002957217145184008
GMB,BA:7014,2023,SEX_M,38,0.337,0.001124810584567732
GMB,BA:7014,2023,SEX_M,41,37.633,0.12560829889922095
GMB,BA:7014,2023,SEX_M,42,1.245,0.004155457500851117
GMB,BA:7014,2023,SEX_M,43,18.189,0.06070973211484415
GMB,BA:7014,2023,SEX_M,45,9.468,0.03160150330767741
GMB,BA:7014,2023,SEX_M,46,5.089,0.0169856411420332
GMB,BA:7014,2023,SEX_M,47,40.165,0.13405939800938563
GMB,BA:7014,2023,SEX_M,49,21.835,0.07287904781613185
GMB,BA:7014,2023,SEX_M,50,0.966,0.0032242344946362884
GMB,BA:7014,2023,SEX_M,52,6.707,0.022386067034705574
GMB,BA:7014,2023,SEX_M,55,1.379,0.004602711561183687
GMB,BA:7014,2023,SEX_M,56,3.984,0.013297464002723575
GMB,BA:7014,2023,SEX_M,59,0.623,0.002079397608859635
GMB,BA:7014,2023,SEX_M,61,1.386,0.004626075579260761
GMB,BA:7014,2023,SEX_M,62,0.952,0.003177506458482139
GMB,BA:7014,2023,SEX_M,63,0.476,0.0015887532292410695
GMB,BA:7014,2023,SEX_M,64,1.613,0.005383737308331608
GMB,BA:7014,2023,SEX_M,66,1.016,0.003391120338043964
GMB,BA:7014,2023,SEX_M,68,0.853,0.002847072488534942
GMB,BA:7014,2023,SEX_M,69,1.357,0.00452928179008431
GMB,BA:7014,2023,SEX_M,70,0.28,9.345607230829822e-4
GMB,BA:7014,2023,SEX_M,71,0.661,0.0022062308498494686
GMB,BA:7014,2023,SEX_M,72,0.342,0.0011414991689084996
GMB,BA:7014,2023,SEX_M,74,2.964,0.009892992797206996
GMB,BA:7014,2023,SEX_M,77,0.499,0.0016655207172086004
GMB,BA:7014,2023,SEX_M,79,0.272,9.078589881377541e-4
GMB,BA:7014,2023,SEX_M,80,6.394,0.02134136165497353
GMB,BA:7014,2023,SEX_M,81,1.23,0.004105391747828814
GMB,BA:7014,2023,SEX_M,82,1.156,0.0038584006995854548
GMB,BA:7014,2023,SEX_M,84,8.617,0.02876110625287878
GMB,BA:7014,2023,SEX_M,85,13.426,0.04481218667182899
GMB,BA:7014,2023,SEX_M,86,3.6,0.012015780725352629
GMB,BA:7014,2023,SEX_M,87,0.278,9.278852893466752e-4
GMB,BA:7014,2023,SEX_M,88,0.322,0.0010747448315454296
GMB,BA:7014,2023,SEX_M,90,0.879,0.002933853127106933
GMB,BA:7014,2023,SEX_M,93,0.877,0.002927177693370626
GMB,BA:7014,2023,SEX_M,94,0.903,0.0030139583319426177
GMB,BA:7014,2023,SEX_M,95,1.742,0.00581430278432341
GMB,BA:7014,2023,SEX_M,96,5.479,0.01828735072061307
GMB,BA:7014,2023,SEX_M,97,1.381,0.0046093869949199945
GRC,BA:317,2024,SEX_F,1,169.464,0.09211186440862218
GRC,BA:317,2024,SEX_F,2,2.072,0.001126232020102589
GRC,BA:317,2024,SEX_F,3,3.037,0.0016507561028241133
GRC,BA:317,2024,SEX_F,5,0.382,2.076354399996086e-4
GRC,BA:317,2024,SEX_F,8,0.402,2.185064054446143e-4
GRC,BA:317,2024,SEX_F,10,65.035,0.03534966188579724
GRC,BA:317,2024,SEX_F,11,4.057,0.0022051753405194037
GRC,BA:317,2024,SEX_F,12,0.421,2.2883382261736969e-4
GRC,BA:317,2024,SEX_F,13,0.891,4.843015105750033e-4
GRC,BA:317,2024,SEX_F,14,6.62,0.003598289562296882
GRC,BA:317,2024,SEX_F,15,0.286,1.554548058635813e-4
GRC,BA:317,2024,SEX_F,16,1.234,6.707385679568509e-4
GRC,BA:317,2024,SEX_F,17,3.256,0.0017697931744469256
GRC,BA:317,2024,SEX_F,18,3.397,0.0018464334808342157
GRC,BA:317,2024,SEX_F,19,0.391,2.1252737444986118e-4
GRC,BA:317,2024,SEX_F,20,2.817,0.001531175482929051
GRC,BA:317,2024,SEX_F,21,6.834,0.003714608892558443
GRC,BA:317,2024,SEX_F,22,1.833,9.963239830347711e-4
GRC,BA:317,2024,SEX_F,23,1.465,7.962982188466666e-4
GRC,BA:317,2024,SEX_F,24,2.354,0.0012795126328771693
GRC,BA:317,2024,SEX_F,25,3.181,0.0017290270540281543
GRC,BA:317,2024,SEX_F,26,1.495,8.126046670141751e-4
GRC,BA:317,2024,SEX_F,27,1.218,6.620417956008463e-4
GRC,BA:317,2024,SEX_F,28,1.323,7.191143641871261e-4
GRC,BA:317,2024,SEX_F,31,2.708,0.00147192872125377
GRC,BA:317,2024,SEX_F,32,5.79,0.003147144496329146
GRC,BA:317,2024,SEX_F,35,12.142,0.006599763121662952
GRC,BA:317,2024,SEX_F,36,2.793,0.0015181303243950442
GRC,BA:317,2024,SEX_F,38,10.114,0.005497447225539376
GRC,BA:317,2024,SEX_F,41,5.437,0.0029552719562247957
GRC,BA:317,2024,SEX_F,42,1.833,9.963239830347711e-4
GRC,BA:317,2024,SEX_F,43,2.695,0.001464862593714516
GRC,BA:317,2024,SEX_F,45,5.911,0.00321291383727143
GRC,BA:317,2024,SEX_F,46,35.861,0.019492184591167444
GRC,BA:317,2024,SEX_F,47,287.614,0.15633209277499324
GRC,BA:317,2024,SEX_F,49,8.577,0.004662013531090688
GRC,BA:317,2024,SEX_F,50,13.969,0.007592825815064221
GRC,BA:317,2024,SEX_F,51,3.254,0.001768706077902425
GRC,BA:317,2024,SEX_F,52,16.065,0.008732102993700818
GRC,BA:317,2024,SEX_F,53,5.699,0.0030976816035543702
GRC,BA:317,2024,SEX_F,55,59.54,0.032362864129781926
GRC,BA:317,2024,SEX_F,56,132.19,0.07185164610876509
GRC,BA:317,2024,SEX_F,58,2.353,0.001278969084604919
GRC,BA:317,2024,SEX_F,59,1.341,7.288982330876312e-4
GRC,BA:317,2024,SEX_F,60,6.712,0.003648296003343908
GRC,BA:317,2024,SEX_F,61,11.488,0.006244282551611266
GRC,BA:317,2024,SEX_F,62,10.38,0.005642031065957951
GRC,BA:317,2024,SEX_F,63,2.743,0.0014909529107825297
GRC,BA:317,2024,SEX_F,64,22.738,0.012359200614426965
GRC,BA:317,2024,SEX_F,65,12.354,0.0067149953553800115
GRC,BA:317,2024,SEX_F,66,1.095,5.951853581140613e-4
GRC,BA:317,2024,SEX_F,68,5.309,0.0028856977773767593
GRC,BA:317,2024,SEX_F,69,67.2,0.036526443895219106
GRC,BA:317,2024,SEX_F,70,14.285,0.007764587069095311
GRC,BA:317,2024,SEX_F,71,31.182,0.016948922225308364
GRC,BA:317,2024,SEX_F,72,5.437,0.0029552719562247957
GRC,BA:317,2024,SEX_F,73,3.874,0.0021057060066976014
GRC,BA:317,2024,SEX_F,74,2.95,0.0016034674031383388
GRC,BA:317,2024,SEX_F,75,0.856,4.6527732104624335e-4
GRC,BA:317,2024,SEX_F,77,2.927,0.0015909657928765823
GRC,BA:317,2024,SEX_F,78,3.104,0.0016871738370648826
GRC,BA:317,2024,SEX_F,79,7.726,0.004199453951405696
GRC,BA:317,2024,SEX_F,80,6.312,0.003430876694443795
GRC,BA:317,2024,SEX_F,81,17.234,0.009367510923961401
GRC,BA:317,2024,SEX_F,82,16.547,0.008994093260925455
GRC,BA:317,2024,SEX_F,84,148.428,0.0806777829535652
GRC,BA:317,2024,SEX_F,85,228.981,0.12446222692814235
GRC,BA:317,2024,SEX_F,86,163.504,0.08887231670601048
GRC,BA:317,2024,SEX_F,87,9.91,0.005386563378000317
GRC,BA:317,2024,SEX_F,88,41.935,0.022793696796815675
GRC,BA:317,2024,SEX_F,90,4.007,0.002177997926906889
GRC,BA:317,2024,SEX_F,91,4.529,0.0024617301250215375
GRC,BA:317,2024,SEX_F,92,5.8,0.0031525799790516488
GRC,BA:317,2024,SEX_F,93,12.445,0.0067644582481547885
GRC,BA:317,2024,SEX_F,94,4.482,0.0024361833562257743
GRC,BA:317,2024,SEX_F,95,2.45,0.0013316932670131966
GRC,BA:317,2024,SEX_F,96,39.145,0.02127719711723738
GRC,BA:317,2024,SEX_F,97,21.288,0.011571055619664053
GRC,BA:317,2024,SEX_F,99,1.055,5.7344342722405e-4
GRC,BA:317,2024,SEX_M,1,279.942,0.1150746084597361
GRC,BA:317,2024,SEX_M,2,6.443,0.0026484975541579314
GRC,BA:317,2024,SEX_M,3,8.61,0.003539277346158589
GRC,BA:317,2024,SEX_M,5,0.38,1.5620503966785876e-4
GRC,BA:317,2024,SEX_M,7,2.13,8.755703539277347e-4
GRC,BA:317,2024,SEX_M,8,4.18,0.0017182554363464463
GRC,BA:317,2024,SEX_M,9,1.05,4.3161918855592554e-4
GRC,BA:317,2024,SEX_M,10,84.994,0.03493813458297365
GRC,BA:317,2024,SEX_M,11,11.209,0.00460763760430797
GRC,BA:317,2024,SEX_M,12,1.372,5.639824063797428e-4
GRC,BA:317,2024,SEX_M,13,1.968,8.089776791219633e-4
GRC,BA:317,2024,SEX_M,14,4.834,0.0019870925309327086
GRC,BA:317,2024,SEX_M,15,0.622,2.55682985982653e-4
GRC,BA:317,2024,SEX_M,16,14.799,0.006083364163275373
GRC,BA:317,2024,SEX_M,17,6.281,0.0025819048793521604
GRC,BA:317,2024,SEX_M,18,11.21,0.004608048670201834
GRC,BA:317,2024,SEX_M,19,5.822,0.0023932256340691415
GRC,BA:317,2024,SEX_M,20,12.209,0.005018703498170757
GRC,BA:317,2024,SEX_M,21,14.052,0.005776297940559872
GRC,BA:317,2024,SEX_M,22,8.235,0.0033851276359600445
GRC,BA:317,2024,SEX_M,23,13.638,0.005606116660500679
GRC,BA:317,2024,SEX_M,24,14.793,0.0060808977679121965
GRC,BA:317,2024,SEX_M,25,44.076,0.018118140337896167
GRC,BA:317,2024,SEX_M,26,4.012,0.0016491963661774982
GRC,BA:317,2024,SEX_M,27,4.421,0.001817322316767378
GRC,BA:317,2024,SEX_M,28,3.531,0.0014514736712294982
GRC,BA:317,2024,SEX_M,29,1.822,7.489620586179966e-4
GRC,BA:317,2024,SEX_M,30,6.07,0.0024951699757471127
GRC,BA:317,2024,SEX_M,31,10.299,0.004233567640892835
GRC,BA:317,2024,SEX_M,32,10.667,0.0043848398898343405
GRC,BA:317,2024,SEX_M,33,10.225,0.004203148764746989
GRC,BA:317,2024,SEX_M,35,32.854,0.013505158876967979
GRC,BA:317,2024,SEX_M,36,9.463,0.0038899165536235457
GRC,BA:317,2024,SEX_M,37,0.252,1.0358860525342213e-4
GRC,BA:317,2024,SEX_M,38,17.59,0.00723064907304641
GRC,BA:317,2024,SEX_M,39,0.944,3.880462038064702e-4
GRC,BA:317,2024,SEX_M,41,64.41,0.02647675422370206
GRC,BA:317,2024,SEX_M,42,7.809,0.0032100135651744978
GRC,BA:317,2024,SEX_M,43,103.591,0.04258272701113989
GRC,BA:317,2024,SEX_M,45,70.156,0.028838738849837633
GRC,BA:317,2024,SEX_M,46,79.619,0.032728655403461177
GRC,BA:317,2024,SEX_M,47,234.955,0.09658198709253095
GRC,BA:317,2024,SEX_M,49,83.806,0.03444978830106466
GRC,BA:317,2024,SEX_M,50,39.535,0.01625149011386525
GRC,BA:317,2024,SEX_M,51,3.784,0.001555473342376783
GRC,BA:317,2024,SEX_M,52,54.332,0.022334032145352904
GRC,BA:317,2024,SEX_M,53,11.686,0.00480371603568052
GRC,BA:317,2024,SEX_M,55,53.154,0.02184979652238254
GRC,BA:317,2024,SEX_M,56,156.1,0.06416738603198092
GRC,BA:317,2024,SEX_M,58,6.395,0.0026287663912525176
GRC,BA:317,2024,SEX_M,59,0.298,1.224976363711103e-4
GRC,BA:317,2024,SEX_M,60,3.509,0.001442430221564517
GRC,BA:317,2024,SEX_M,61,21.763,0.008946027048135817
GRC,BA:317,2024,SEX_M,62,37.417,0.015380852550663873
GRC,BA:317,2024,SEX_M,63,2.206,9.068113618613064e-4
GRC,BA:317,2024,SEX_M,64,26.179,0.010761294035433881
GRC,BA:317,2024,SEX_M,65,16.249,0.006679409709376413
GRC,BA:317,2024,SEX_M,66,3.994,0.0016417971800879684
GRC,BA:317,2024,SEX_M,68,6.215,0.0025547745303572166
GRC,BA:317,2024,SEX_M,69,47.665,0.019593455830969705
GRC,BA:317,2024,SEX_M,70,14.904,0.006126526082130966
GRC,BA:317,2024,SEX_M,71,70.609,0.02902495169975747
GRC,BA:317,2024,SEX_M,72,6.27,0.0025773831545196696
GRC,BA:317,2024,SEX_M,73,9.109,0.00374439922719612
GRC,BA:317,2024,SEX_M,74,7.354,0.00302297858346693
GRC,BA:317,2024,SEX_M,75,1.699,6.984009536728738e-4
GRC,BA:317,2024,SEX_M,77,6.51,0.002676038969046738
GRC,BA:317,2024,SEX_M,78,1.314,5.401405845357011e-4
GRC,BA:317,2024,SEX_M,79,7.093,0.0029156903851687427
GRC,BA:317,2024,SEX_M,80,15.595,0.006410572614790152
GRC,BA:317,2024,SEX_M,81,8.197,0.0033695071319932582
GRC,BA:317,2024,SEX_M,82,7.856,0.0032293336621860486
GRC,BA:317,2024,SEX_M,84,206.022,0.08468861758539895
GRC,BA:317,2024,SEX_M,85,102.17,0.04199860237596087
GRC,BA:317,2024,SEX_M,86,85.459,0.03512928022361985
GRC,BA:317,2024,SEX_M,87,1.299,5.339745961277593e-4
GRC,BA:317,2024,SEX_M,88,6.291,0.0025860155382907883
GRC,BA:317,2024,SEX_M,90,5.786,0.002378427261890081
GRC,BA:317,2024,SEX_M,91,2.891,0.001188391499157315
GRC,BA:317,2024,SEX_M,92,7.406,0.0030443540099477947
GRC,BA:317,2024,SEX_M,93,12.724,0.005230402433510092
GRC,BA:317,2024,SEX_M,94,15.423,0.006339869281045752
GRC,BA:317,2024,SEX_M,95,11.464,0.004712459407242982
GRC,BA:317,2024,SEX_M,96,16.053,0.006598840794179308
GRC,BA:317,2024,SEX_M,97,3.376,0.0013877584576807663
GTM,BA:660,2024,SEX_F,1,323.671,0.09919758300305369
GTM,BA:660,2024,SEX_F,2,1.64,5.026216007149483e-4
GTM,BA:660,2024,SEX_F,10,184.228,0.056461568449093606
GTM,BA:660,2024,SEX_F,11,3.725,0.001141625282111697
GTM,BA:660,2024,SEX_F,13,75.482,0.0231334656494913
GTM,BA:660,2024,SEX_F,14,299.457,0.09177655895444896
GTM,BA:660,2024,SEX_F,15,7.644,0.0023427070218689423
GTM,BA:660,2024,SEX_F,16,9.329,0.002859120068944972
GTM,BA:660,2024,SEX_F,17,2.874,8.808137075943669e-4
GTM,BA:660,2024,SEX_F,18,3.934,0.0012056788885442726
GTM,BA:660,2024,SEX_F,20,13.675,0.0041910673108395856
GTM,BA:660,2024,SEX_F,21,5.437,0.0016663131970043748
GTM,BA:660,2024,SEX_F,22,4.898,0.0015011223172572054
GTM,BA:660,2024,SEX_F,23,4.179,0.0012807656520657132
GTM,BA:660,2024,SEX_F,25,1.759,5.390923144253623e-4
GTM,BA:660,2024,SEX_F,30,3.542,0.0010855400669099677
GTM,BA:660,2024,SEX_F,32,21.785,0.006676592421692165
GTM,BA:660,2024,SEX_F,35,2.575,7.891772084396294e-4
GTM,BA:660,2024,SEX_F,38,3.537,0.0010840076839809588
GTM,BA:660,2024,SEX_F,41,9.329,0.002859120068944972
GTM,BA:660,2024,SEX_F,43,3.936,0.0012062918417158762
GTM,BA:660,2024,SEX_F,45,20.829,0.006383600805665647
GTM,BA:660,2024,SEX_F,46,22.78,0.0069815366245649544
GTM,BA:660,2024,SEX_F,47,755.378,0.23150567042979042
GTM,BA:660,2024,SEX_F,49,11.396,0.003492607171797288
GTM,BA:660,2024,SEX_F,52,10.362,0.003175710382078229
GTM,BA:660,2024,SEX_F,53,3.569,0.0010938149347266164
GTM,BA:660,2024,SEX_F,55,14.763,0.004524513836191941
GTM,BA:660,2024,SEX_F,56,337.538,0.10344749381836724
GTM,BA:660,2024,SEX_F,58,1.083,3.3191414242334704e-4
GTM,BA:660,2024,SEX_F,61,8.025,0.0024594746010594276
GTM,BA:660,2024,SEX_F,62,0.956,2.929916160265187e-4
GTM,BA:660,2024,SEX_F,64,36.355,0.011141956276824358
GTM,BA:660,2024,SEX_F,65,2.212,6.779262077935768e-4
GTM,BA:660,2024,SEX_F,66,1.188,3.640941839325358e-4
GTM,BA:660,2024,SEX_F,68,8.547,0.002619455378847966
GTM,BA:660,2024,SEX_F,69,23.82,0.007300272273798824
GTM,BA:660,2024,SEX_F,70,2.3,7.048961473441349e-4
GTM,BA:660,2024,SEX_F,71,1.738,5.326563061235246e-4
GTM,BA:660,2024,SEX_F,73,5.649,0.0017312862331943558
GTM,BA:660,2024,SEX_F,74,0.941,2.883944672394917e-4
GTM,BA:660,2024,SEX_F,75,3.07,9.408831184115192e-4
GTM,BA:660,2024,SEX_F,77,3.796,0.0011633851197036245
GTM,BA:660,2024,SEX_F,78,3.071,9.411895949973211e-4
GTM,BA:660,2024,SEX_F,79,2.13,6.527951277578293e-4
GTM,BA:660,2024,SEX_F,80,5.227,0.0016019531139859972
GTM,BA:660,2024,SEX_F,81,36.406,0.01115758658270025
GTM,BA:660,2024,SEX_F,82,24.784,0.0075957157025117565
GTM,BA:660,2024,SEX_F,84,100.407,0.03077239455060111
GTM,BA:660,2024,SEX_F,85,170.467,0.05224414415187507
GTM,BA:660,2024,SEX_F,86,85.016,0.026055413418525644
GTM,BA:660,2024,SEX_F,87,2.271,6.960083263558828e-4
GTM,BA:660,2024,SEX_F,88,35.68,0.010935084581408145
GTM,BA:660,2024,SEX_F,90,5.163,0.0015823386124946821
GTM,BA:660,2024,SEX_F,92,2.059,6.310352901659017e-4
GTM,BA:660,2024,SEX_F,93,6.36,0.0019491910856994342
GTM,BA:660,2024,SEX_F,94,11.551,0.0035401110425965663
GTM,BA:660,2024,SEX_F,95,6.502,0.001992710760883289
GTM,BA:660,2024,SEX_F,96,88.69,0.027181408394761446
GTM,BA:660,2024,SEX_F,97,340.893,0.10447572276373225
GTM,BA:660,2024,SEX_F,98,73.284,0.022459830113898953
GTM,BA:660,2024,SEX_M,1,1192.887,0.2774685585317569
GTM,BA:660,2024,SEX_M,2,30.585,0.0071141490037981685
GTM,BA:660,2024,SEX_M,3,7.354,0.001710559155596918
GTM,BA:660,2024,SEX_M,8,11.062,0.002573049412457588
GTM,BA:660,2024,SEX_M,10,114.431,0.02661694244412713
GTM,BA:660,2024,SEX_M,11,26.064,0.0060625528734672375
GTM,BA:660,2024,SEX_M,13,22.359,0.005200760424257749
GTM,BA:660,2024,SEX_M,14,81.563,0.018971761817779632
GTM,BA:660,2024,SEX_M,15,16.78,0.0039030707956100464
GTM,BA:660,2024,SEX_M,16,13.449,0.003128271700247885
GTM,BA:660,2024,SEX_M,17,5.492,0.001277453206763431
GTM,BA:660,2024,SEX_M,18,8.45,0.0019654915508286585
GTM,BA:660,2024,SEX_M,20,30.116,0.0070050584076634176
GTM,BA:660,2024,SEX_M,21,7.624,0.0017733618442032772
GTM,BA:660,2024,SEX_M,22,14.65,0.0034076273632709883
GTM,BA:660,2024,SEX_M,23,18.369,0.004272676248185991
GTM,BA:660,2024,SEX_M,24,1.517,3.5285806894758283e-4
GTM,BA:660,2024,SEX_M,25,61.285,0.014255047300891638
GTM,BA:660,2024,SEX_M,27,2.374,5.521984546351758e-4
GTM,BA:660,2024,SEX_M,28,3.753,8.729573716283972e-4
GTM,BA:660,2024,SEX_M,30,57.987,0.013487924089692477
GTM,BA:660,2024,SEX_M,32,6.146,0.0014295752747210575
GTM,BA:660,2024,SEX_M,33,15.538,0.0036141784280207924
GTM,BA:660,2024,SEX_M,35,6.672,0.0015519242162282615
GTM,BA:660,2024,SEX_M,36,1.651,3.840268107003687e-4
GTM,BA:660,2024,SEX_M,37,0.809,1.881754632686846e-4
GTM,BA:660,2024,SEX_M,38,16.343,0.0038014234810879012
GTM,BA:660,2024,SEX_M,41,473.272,0.11008427423003324
GTM,BA:660,2024,SEX_M,42,12.54,0.002916835981939808
GTM,BA:660,2024,SEX_M,43,127.68,0.02969869363429623
GTM,BA:660,2024,SEX_M,45,168.707,0.03924167846930775
GTM,BA:660,2024,SEX_M,46,55.919,0.01300690201547784
GTM,BA:660,2024,SEX_M,47,494.68,0.11506382962886637
GTM,BA:660,2024,SEX_M,49,201.197,0.046798935331606346
GTM,BA:660,2024,SEX_M,50,1.914,4.452012814539707e-4
GTM,BA:660,2024,SEX_M,52,24.272,0.005645729103161325
GTM,BA:660,2024,SEX_M,53,19.154,0.004455269250245222
GTM,BA:660,2024,SEX_M,55,7.214,0.0016779947985417684
GTM,BA:660,2024,SEX_M,56,90.861,0.02113450033134234
GTM,BA:660,2024,SEX_M,60,1.951,4.538075758185459e-4
GTM,BA:660,2024,SEX_M,61,16.037,0.0037302471006673606
GTM,BA:660,2024,SEX_M,62,5.143,0.0011962749166759515
GTM,BA:660,2024,SEX_M,64,41.312,0.009609276561873792
GTM,BA:660,2024,SEX_M,65,1.082,2.5167595952622587e-4
GTM,BA:660,2024,SEX_M,68,17.849,0.004151722921981151
GTM,BA:660,2024,SEX_M,69,25.482,0.0059271781891379735
GTM,BA:660,2024,SEX_M,70,1.756,4.0845007849173073e-4
GTM,BA:660,2024,SEX_M,71,6.763,0.0015730910483141086
GTM,BA:660,2024,SEX_M,73,12.317,0.0028649656132019633
GTM,BA:660,2024,SEX_M,74,5.105,0.0011874360197609826
GTM,BA:660,2024,SEX_M,75,1.957,4.5520319112090946e-4
GTM,BA:660,2024,SEX_M,77,6.312,0.0014681872980864489
GTM,BA:660,2024,SEX_M,78,3.123,7.26417764880225e-4
GTM,BA:660,2024,SEX_M,79,4.565,0.0010618306425482637
GTM,BA:660,2024,SEX_M,80,61.812,0.014377628844949236
GTM,BA:660,2024,SEX_M,81,23.746,0.005523380161654121
GTM,BA:660,2024,SEX_M,82,22.292,0.005185176053381356
GTM,BA:660,2024,SEX_M,84,174.632,0.040619848580391756
GTM,BA:660,2024,SEX_M,85,79.877,0.018579593917815475
GTM,BA:660,2024,SEX_M,86,34.062,0.007922908071517841
GTM,BA:660,2024,SEX_M,88,6.472,0.0015054037061494768
GTM,BA:660,2024,SEX_M,90,10.756,0.0025018730320370474
GTM,BA:660,2024,SEX_M,92,2.705,6.291898988155647e-4
GTM,BA:660,2024,SEX_M,93,11.395,0.002650506061738765
GTM,BA:660,2024,SEX_M,94,22.608,0.005258678459305836
GTM,BA:660,2024,SEX_M,95,21.145,0.004918380928079525
GTM,BA:660,2024,SEX_M,96,24.374,0.005669454563301505
GTM,BA:660,2024,SEX_M,97,13.092,0.0030452325897572545
GTM,BA:660,2024,SEX_M,98,186.737,0.0434355024529102
GUY,BA:1214,2019,SEX_F,1,5.777,0.06040107063694535
GUY,BA:1214,2019,SEX_F,2,0.154,0.0016101375935761786
GUY,BA:1214,2019,SEX_F,3,1.165,0.012180586341014599
GUY,BA:1214,2019,SEX_F,7,0.942,0.009849023462004936
GUY,BA:1214,2019,SEX_F,10,4.43,0.04631759441261345
GUY,BA:1214,2019,SEX_F,11,0.548,0.005729580527790558
GUY,BA:1214,2019,SEX_F,14,0.783,0.00818660867383213
GUY,BA:1214,2019,SEX_F,16,0.554,0.005792313161306514
GUY,BA:1214,2019,SEX_F,18,0.27,0.002822968508217976
GUY,BA:1214,2019,SEX_F,20,0.166,0.0017356028606080889
GUY,BA:1214,2019,SEX_F,23,0.197,0.0020597214671071898
GUY,BA:1214,2019,SEX_F,28,0.108,0.0011291874032871903
GUY,BA:1214,2019,SEX_F,31,0.071,7.423361632721343e-4
GUY,BA:1214,2019,SEX_F,32,0.217,0.0022688302454937064
GUY,BA:1214,2019,SEX_F,33,0.126,0.0013173853038350553
GUY,BA:1214,2019,SEX_F,35,0.428,0.004474927857471458
GUY,BA:1214,2019,SEX_F,36,0.357,0.0037325916941993234
GUY,BA:1214,2019,SEX_F,38,0.522,0.005457739115888086
GUY,BA:1214,2019,SEX_F,41,0.422,0.004412195223955502
GUY,BA:1214,2019,SEX_F,42,0.141,0.0014742168876249427
GUY,BA:1214,2019,SEX_F,43,0.284,0.0029693446530885373
GUY,BA:1214,2019,SEX_F,45,0.519,0.005426372799130109
GUY,BA:1214,2019,SEX_F,46,1.113,0.011636903517209656
GUY,BA:1214,2019,SEX_F,47,16.581,0.17336163272134167
GUY,BA:1214,2019,SEX_F,49,0.693,0.007245619171092804
GUY,BA:1214,2019,SEX_F,50,0.33,0.003450294843377526
GUY,BA:1214,2019,SEX_F,51,0.656,0.006858767931077749
GUY,BA:1214,2019,SEX_F,52,0.471,0.004924511731002468
GUY,BA:1214,2019,SEX_F,53,0.264,0.0027602358747020207
GUY,BA:1214,2019,SEX_F,55,1.245,0.013017021454560667
GUY,BA:1214,2019,SEX_F,56,8.215,0.08589143072226174
GUY,BA:1214,2019,SEX_F,60,0.15,0.0015683158378988753
GUY,BA:1214,2019,SEX_F,61,0.356,0.0037221362552799972
GUY,BA:1214,2019,SEX_F,63,0.106,0.0011082765254485385
GUY,BA:1214,2019,SEX_F,64,1.308,0.013675714106478195
GUY,BA:1214,2019,SEX_F,65,0.514,0.0053740956045334794
GUY,BA:1214,2019,SEX_F,66,0.088,9.200786249006735e-4
GUY,BA:1214,2019,SEX_F,68,0.129,0.001348751620593033
GUY,BA:1214,2019,SEX_F,69,0.6,0.006273263351595501
GUY,BA:1214,2019,SEX_F,71,0.232,0.002425661829283594
GUY,BA:1214,2019,SEX_F,72,0.106,0.0011082765254485385
GUY,BA:1214,2019,SEX_F,74,0.175,0.0018297018108820212
GUY,BA:1214,2019,SEX_F,77,0.103,0.001076910208690561
GUY,BA:1214,2019,SEX_F,79,0.317,0.00331437413742629
GUY,BA:1214,2019,SEX_F,80,3.069,0.03208774204341099
GUY,BA:1214,2019,SEX_F,81,0.511,0.005342729287775502
GUY,BA:1214,2019,SEX_F,82,1.798,0.018798879176947853
GUY,BA:1214,2019,SEX_F,84,17.618,0.18420392288068255
GUY,BA:1214,2019,SEX_F,85,9.738,0.10181506419639498
GUY,BA:1214,2019,SEX_F,86,1.617,0.016906444732549878
GUY,BA:1214,2019,SEX_F,87,0.806,0.008427083768976624
GUY,BA:1214,2019,SEX_F,90,0.127,0.0013278407427543813
GUY,BA:1214,2019,SEX_F,91,0.195,0.002038810589268538
GUY,BA:1214,2019,SEX_F,92,0.258,0.002697503241186066
GUY,BA:1214,2019,SEX_F,94,0.392,0.004098532056375728
GUY,BA:1214,2019,SEX_F,95,0.825,0.008625737108443814
GUY,BA:1214,2019,SEX_F,96,2.516,0.026305884321023803
GUY,BA:1214,2019,SEX_F,97,3.968,0.04148718163188492
GUY,BA:1214,2019,SEX_F,98,0.142,0.0014846723265442687
GUY,BA:1214,2019,SEX_F,99,0.131,0.0013696624984316846
GUY,BA:1214,2019,SEX_M,1,22.024,0.15388592709563378
GUY,BA:1214,2019,SEX_M,2,1.901,0.013282652897239365
GUY,BA:1214,2019,SEX_M,3,5.726,0.04000866411867049
GUY,BA:1214,2019,SEX_M,5,0.113,7.895527498095993e-4
GUY,BA:1214,2019,SEX_M,6,0.21,0.0014673104200001402
GUY,BA:1214,2019,SEX_M,7,7.701,0.053808369259148
GUY,BA:1214,2019,SEX_M,8,0.339,0.002368658249428798
GUY,BA:1214,2019,SEX_M,9,0.271,0.0018935291610478002
GUY,BA:1214,2019,SEX_M,10,6.531,0.04563335406200436
GUY,BA:1214,2019,SEX_M,11,1.872,0.013080024315429824
GUY,BA:1214,2019,SEX_M,14,0.165,0.0011528867585715388
GUY,BA:1214,2019,SEX_M,16,3.109,0.021723181408478266
GUY,BA:1214,2019,SEX_M,18,0.329,0.0022987863246668864
GUY,BA:1214,2019,SEX_M,20,0.176,0.0012297458758096414
GUY,BA:1214,2019,SEX_M,21,0.11,7.685911723810259e-4
GUY,BA:1214,2019,SEX_M,22,0.1,6.987192476191144e-4
GUY,BA:1214,2019,SEX_M,23,0.572,0.003996674096381334
GUY,BA:1214,2019,SEX_M,24,0.164,0.0011458995660953478
GUY,BA:1214,2019,SEX_M,25,0.306,0.00213808089771449
GUY,BA:1214,2019,SEX_M,27,0.087,6.078857454286295e-4
GUY,BA:1214,2019,SEX_M,28,0.218,0.0015232079598096694
GUY,BA:1214,2019,SEX_M,29,0.131,9.153222143810399e-4
GUY,BA:1214,2019,SEX_M,30,0.323,0.0022568631698097396
GUY,BA:1214,2019,SEX_M,31,0.87,0.006078857454286295
GUY,BA:1214,2019,SEX_M,32,0.597,0.004171353908286113
GUY,BA:1214,2019,SEX_M,33,1.804,0.012604895227048826
GUY,BA:1214,2019,SEX_M,35,1.608,0.01123540550171536
GUY,BA:1214,2019,SEX_M,36,0.75,0.005240394357143358
GUY,BA:1214,2019,SEX_M,38,1.061,0.007413411217238804
GUY,BA:1214,2019,SEX_M,41,8.734,0.061026139087053455
GUY,BA:1214,2019,SEX_M,42,0.985,0.006882384589048277
GUY,BA:1214,2019,SEX_M,43,8.281,0.05786094089533887
GUY,BA:1214,2019,SEX_M,45,3.836,0.026802870338669228
GUY,BA:1214,2019,SEX_M,46,2.181,0.015239066790572886
GUY,BA:1214,2019,SEX_M,47,11.47,0.08014309770191243
GUY,BA:1214,2019,SEX_M,49,11.264,0.07870373605181705
GUY,BA:1214,2019,SEX_M,50,0.936,0.006540012157714912
GUY,BA:1214,2019,SEX_M,51,0.557,0.0038918662092384676
GUY,BA:1214,2019,SEX_M,52,1.78,0.012437202607620237
GUY,BA:1214,2019,SEX_M,53,0.076,5.310266281905269e-4
GUY,BA:1214,2019,SEX_M,55,0.633,0.0044228928374289945
GUY,BA:1214,2019,SEX_M,56,2.38,0.016629518093334923
GUY,BA:1214,2019,SEX_M,58,0.179,0.0012507074532382147
GUY,BA:1214,2019,SEX_M,59,0.086,6.008985529524384e-4
GUY,BA:1214,2019,SEX_M,61,0.457,0.003193146961619353
GUY,BA:1214,2019,SEX_M,62,0.148,0.0010341044864762893
GUY,BA:1214,2019,SEX_M,64,0.704,0.0049189835032385654
GUY,BA:1214,2019,SEX_M,65,0.296,0.0020682089729525785
GUY,BA:1214,2019,SEX_M,66,0.145,0.0010131429090477159
GUY,BA:1214,2019,SEX_M,68,0.105,7.336552100000701e-4
GUY,BA:1214,2019,SEX_M,69,0.466,0.0032560316939050735
GUY,BA:1214,2019,SEX_M,71,0.363,0.0025363508688573855
GUY,BA:1214,2019,SEX_M,72,0.106,7.406424024762613e-4
GUY,BA:1214,2019,SEX_M,73,0.092,6.428217078095853e-4
GUY,BA:1214,2019,SEX_M,74,0.401,0.002801864182952649
GUY,BA:1214,2019,SEX_M,77,0.201,0.00140442568771442
GUY,BA:1214,2019,SEX_M,79,0.514,0.003591416932762248
GUY,BA:1214,2019,SEX_M,80,4.098,0.02863351476743131
GUY,BA:1214,2019,SEX_M,81,1.164,0.008133092042286492
GUY,BA:1214,2019,SEX_M,82,1.058,0.007392449639810231
GUY,BA:1214,2019,SEX_M,84,11.926,0.08332925747105559
GUY,BA:1214,2019,SEX_M,85,2.26,0.015791054996191985
GUY,BA:1214,2019,SEX_M,86,0.499,0.003486609045619381
GUY,BA:1214,2019,SEX_M,87,0.098,6.847448626667321e-4
GUY,BA:1214,2019,SEX_M,90,0.272,0.0019005163535239914
GUY,BA:1214,2019,SEX_M,92,0.082,5.729497830476739e-4
GUY,BA:1214,2019,SEX_M,94,0.537,0.003752122359714645
GUY,BA:1214,2019,SEX_M,95,0.983,0.006868410204095895
GUY,BA:1214,2019,SEX_M,96,1.384,0.009670274387048544
GUY,BA:1214,2019,SEX_M,97,1.778,0.012423228222667854
GUY,BA:1214,2019,SEX_M,98,0.436,0.003046415919619339
HND,BX:504,2019,SEX_F,1,113.878,0.08012231038864367
HND,BX:504,2019,SEX_F,3,4.59,0.0032294332942611782
HND,BX:504,2019,SEX_F,10,142.756,0.10044030051319144
HND,BX:504,2019,SEX_F,12,3.023,0.0021269230606866104
HND,BX:504,2019,SEX_F,13,8.262,0.005812979929670121
HND,BX:504,2019,SEX_F,14,75.123,0.05285505824940795
HND,BX:504,2019,SEX_F,16,2.631,0.001851119607233368
HND,BX:504,2019,SEX_F,20,4.321,0.0030401702101312744
HND,BX:504,2019,SEX_F,21,2.122,0.0014929972658871938
HND,BX:504,2019,SEX_F,23,1.824,0.0012833303548436578
HND,BX:504,2019,SEX_F,29,7.674,0.005399274749490258
HND,BX:504,2019,SEX_F,31,2.256,0.001587277017832945
HND,BX:504,2019,SEX_F,32,4.296,0.0030225807041712465
HND,BX:504,2019,SEX_F,35,2.039,0.0014346001060999004
HND,BX:504,2019,SEX_F,38,3.501,0.0024632344146423494
HND,BX:504,2019,SEX_F,41,6.901,0.004855407225206185
HND,BX:504,2019,SEX_F,45,7.192,0.005060149074580913
HND,BX:504,2019,SEX_F,46,5.956,0.00419052389991712
HND,BX:504,2019,SEX_F,47,386.093,0.2716474049850068
HND,BX:504,2019,SEX_F,49,2.41,0.001695628374546719
HND,BX:504,2019,SEX_F,52,2.286,0.0016083844249849789
HND,BX:504,2019,SEX_F,55,7.148,0.005029191544091264
HND,BX:504,2019,SEX_F,56,128.117,0.09014058940323733
HND,BX:504,2019,SEX_F,60,1.526,0.0010736634438001215
HND,BX:504,2019,SEX_F,61,8.742,0.006150698444102663
HND,BX:504,2019,SEX_F,64,17.558,0.012353461825847008
HND,BX:504,2019,SEX_F,65,1.664,0.0011707575166994772
HND,BX:504,2019,SEX_F,68,2.084,0.0014662612168279512
HND,BX:504,2019,SEX_F,69,12.335,0.008678662240677917
HND,BX:504,2019,SEX_F,79,1.657,0.0011658324550306693
HND,BX:504,2019,SEX_F,81,12.487,0.008785606436914888
HND,BX:504,2019,SEX_F,82,7.254,0.005103771049361783
HND,BX:504,2019,SEX_F,84,55.835,0.03928440261112699
HND,BX:504,2019,SEX_F,85,99.459,0.06997738693113781
HND,BX:504,2019,SEX_F,86,45.509,0.03201923306939694
HND,BX:504,2019,SEX_F,88,14.755,0.010381326417608647
HND,BX:504,2019,SEX_F,90,2.928,0.002060082938038503
HND,BX:504,2019,SEX_F,92,5.812,0.004089208345587357
HND,BX:504,2019,SEX_F,94,9.435,0.0066382795493146445
HND,BX:504,2019,SEX_F,95,9.216,0.0064841954771047965
HND,BX:504,2019,SEX_F,96,79.155,0.0556918937706413
HND,BX:504,2019,SEX_F,97,105.613,0.07430721971825835
HND,BX:504,2019,SEX_F,99,3.879,0.002729187744757976
HND,BX:504,2019,SEX_M,1,982.985,0.41183755672279554
HND,BX:504,2019,SEX_M,2,9.66,0.004047214146647411
HND,BX:504,2019,SEX_M,3,19.001,0.007960778053876547
HND,BX:504,2019,SEX_M,7,5.69,0.0023839180636049447
HND,BX:504,2019,SEX_M,8,8.177,0.003425887171546157
HND,BX:504,2019,SEX_M,10,56.182,0.02353836285579139
HND,BX:504,2019,SEX_M,11,14.784,0.006193997302695168
HND,BX:504,2019,SEX_M,12,5.995,0.002511702775274454
HND,BX:504,2019,SEX_M,13,13.988,0.0058605001535511365
HND,BX:504,2019,SEX_M,14,52.152,0.02184992879668279
HND,BX:504,2019,SEX_M,15,6.372,0.002669653058223323
HND,BX:504,2019,SEX_M,16,11.283,0.0047271963992363076
HND,BX:504,2019,SEX_M,17,1.5,6.284494016533246e-4
HND,BX:504,2019,SEX_M,18,3.5,0.001466381937191091
HND,BX:504,2019,SEX_M,20,2.352,9.854086617924129e-4
HND,BX:504,2019,SEX_M,21,2.406,0.0010080328402519328
HND,BX:504,2019,SEX_M,22,8.68,0.003636627204233905
HND,BX:504,2019,SEX_M,23,18.483,0.007743753527172267
HND,BX:504,2019,SEX_M,25,27.718,0.011612907010017902
HND,BX:504,2019,SEX_M,29,11.333,0.004748144712624752
HND,BX:504,2019,SEX_M,31,23.42,0.009812189991147243
HND,BX:504,2019,SEX_M,33,5.173,0.002167312503168432
HND,BX:504,2019,SEX_M,35,8.897,0.003727542884339753
HND,BX:504,2019,SEX_M,36,14.501,0.006075429848916574
HND,BX:504,2019,SEX_M,38,8.365,0.003504652829886707
HND,BX:504,2019,SEX_M,41,199.043,0.08339230283552179
HND,BX:504,2019,SEX_M,42,12.19,0.005107198804102685
HND,BX:504,2019,SEX_M,43,21.649,0.00907020073092855
HND,BX:504,2019,SEX_M,45,77.962,0.03266344816779766
HND,BX:504,2019,SEX_M,46,30.837,0.012919662799189047
HND,BX:504,2019,SEX_M,47,223.424,0.09360711940999494
HND,BX:504,2019,SEX_M,49,95.923,0.040188501303194575
HND,BX:504,2019,SEX_M,51,2.489,0.00104280704047675
HND,BX:504,2019,SEX_M,52,13.348,0.005592361742179051
HND,BX:504,2019,SEX_M,55,4.521,0.0018941464965831203
HND,BX:504,2019,SEX_M,56,37.661,0.015778688610443906
HND,BX:504,2019,SEX_M,60,8.053,0.0033739353543428157
HND,BX:504,2019,SEX_M,61,5.038,0.002110752057019633
HND,BX:504,2019,SEX_M,62,1.897,7.947790099575712e-4
HND,BX:504,2019,SEX_M,64,21.661,0.009075228326141776
HND,BX:504,2019,SEX_M,65,1.574,6.59452905468222e-4
HND,BX:504,2019,SEX_M,68,3.044,0.00127533331908848
HND,BX:504,2019,SEX_M,69,12.145,0.005088345322053085
HND,BX:504,2019,SEX_M,71,2.875,0.0012045280198355389
HND,BX:504,2019,SEX_M,73,4.316,0.0018082584116904993
HND,BX:504,2019,SEX_M,74,2.828,0.0011848366052504013
HND,BX:504,2019,SEX_M,80,32.279,0.013523812157311778
HND,BX:504,2019,SEX_M,81,2.777,0.0011634693255941884
HND,BX:504,2019,SEX_M,82,8.178,0.003426306137813926
HND,BX:504,2019,SEX_M,84,62.17,0.02604713286719146
HND,BX:504,2019,SEX_M,85,43.885,0.018386334661037434
HND,BX:504,2019,SEX_M,86,24.356,0.010204342417778917
HND,BX:504,2019,SEX_M,88,11.93,0.004998267574482775
HND,BX:504,2019,SEX_M,90,5.285,0.002214236725158547
HND,BX:504,2019,SEX_M,92,4.909,0.002056705408477447
HND,BX:504,2019,SEX_M,93,3.384,0.0014177818501299004
HND,BX:504,2019,SEX_M,94,11.122,0.0046597428301255175
HND,BX:504,2019,SEX_M,95,22.486,0.009420875497051106
HND,BX:504,2019,SEX_M,96,34.798,0.014579188185821594
HND,BX:504,2019,SEX_M,97,10.262,0.004299431839844279
HND,BX:504,2019,SEX_M,99,3.931,0.0016469563985994794
HRV,BA:2251,2024,SEX_F,1,20.92,0.02660683943306574
HRV,BA:2251,2024,SEX_F,2,2.402,0.0030549535524963625
HRV,BA:2251,2024,SEX_F,10,25.127,0.03195745958100587
HRV,BA:2251,2024,SEX_F,11,1.471,0.0018708728874779973
HRV,BA:2251,2024,SEX_F,13,1.87,0.0023783360296287252
HRV,BA:2251,2024,SEX_F,14,8.91,0.011332071670583926
HRV,BA:2251,2024,SEX_F,15,4.868,0.006191304701728682
HRV,BA:2251,2024,SEX_F,16,5.215,0.006632632296531445
HRV,BA:2251,2024,SEX_F,17,2.07,0.002632703519428589
HRV,BA:2251,2024,SEX_F,18,3.32,0.004222500330677737
HRV,BA:2251,2024,SEX_F,19,1.513,0.0019242900603359684
HRV,BA:2251,2024,SEX_F,20,2.624,0.003337301466174211
HRV,BA:2251,2024,SEX_F,21,3.867,0.004918195415280364
HRV,BA:2251,2024,SEX_F,22,4.682,0.005954742936214809
HRV,BA:2251,2024,SEX_F,23,3.164,0.004024093688633843
HRV,BA:2251,2024,SEX_F,25,4.87,0.00619384837662668
HRV,BA:2251,2024,SEX_F,26,2.195,0.0027916832005535036
HRV,BA:2251,2024,SEX_F,27,3.209,0.004081326373838812
HRV,BA:2251,2024,SEX_F,28,1.701,0.0021633955007478406
HRV,BA:2251,2024,SEX_F,29,2.891,0.003676882065057029
HRV,BA:2251,2024,SEX_F,30,1.23,0.0015643600622691615
HRV,BA:2251,2024,SEX_F,31,3.828,0.00486859375476939
HRV,BA:2251,2024,SEX_F,32,3.656,0.0046498377135415075
HRV,BA:2251,2024,SEX_F,33,1.677,0.002132871401971857
HRV,BA:2251,2024,SEX_F,35,2.69,0.0034212427378081662
HRV,BA:2251,2024,SEX_F,36,2.589,0.003292787155459235
HRV,BA:2251,2024,SEX_F,38,4.886,0.0062141977758106695
HRV,BA:2251,2024,SEX_F,41,4.682,0.005954742936214809
HRV,BA:2251,2024,SEX_F,42,1.779,0.002262598821769787
HRV,BA:2251,2024,SEX_F,43,3.913,0.004976699937934332
HRV,BA:2251,2024,SEX_F,45,4.436,0.005641870923760976
HRV,BA:2251,2024,SEX_F,46,16.348,0.020791998616240853
HRV,BA:2251,2024,SEX_F,47,113.169,0.14393257226580386
HRV,BA:2251,2024,SEX_F,49,7.624,0.009696488711170802
HRV,BA:2251,2024,SEX_F,50,1.53,0.001945911296968957
HRV,BA:2251,2024,SEX_F,51,1.45,0.0018441643010490114
HRV,BA:2251,2024,SEX_F,52,5.664,0.0072036873111321386
HRV,BA:2251,2024,SEX_F,53,3.74,0.0047566720592574505
HRV,BA:2251,2024,SEX_F,55,23.417,0.029782617543217038
HRV,BA:2251,2024,SEX_F,56,35.97,0.045747993040505475
HRV,BA:2251,2024,SEX_F,58,1.802,0.0022918510830967718
HRV,BA:2251,2024,SEX_F,60,2.204,0.0028031297375944978
HRV,BA:2251,2024,SEX_F,61,5.126,0.006519438763570506
HRV,BA:2251,2024,SEX_F,62,15.916,0.02024256483827315
HRV,BA:2251,2024,SEX_F,63,1.416,0.0018009218277830346
HRV,BA:2251,2024,SEX_F,64,18.005,0.022899433269232723
HRV,BA:2251,2024,SEX_F,65,6.32,0.008038012677675692
HRV,BA:2251,2024,SEX_F,66,2.602,0.003309321042296226
HRV,BA:2251,2024,SEX_F,68,2.767,0.0035191742213811134
HRV,BA:2251,2024,SEX_F,69,20.781,0.02643005402765483
HRV,BA:2251,2024,SEX_F,70,4.713,0.005994169897133787
HRV,BA:2251,2024,SEX_F,71,9.516,0.012102805164677512
HRV,BA:2251,2024,SEX_F,72,2.038,0.0025920047210606103
HRV,BA:2251,2024,SEX_F,73,2.515,0.0031986711842332855
HRV,BA:2251,2024,SEX_F,74,5.114,0.006504176714182514
HRV,BA:2251,2024,SEX_F,75,1.183,0.0015045837021661936
HRV,BA:2251,2024,SEX_F,77,3.569,0.0045391878554785665
HRV,BA:2251,2024,SEX_F,78,1.194,0.001518573914105186
HRV,BA:2251,2024,SEX_F,79,5.008,0.006369361944588586
HRV,BA:2251,2024,SEX_F,80,1.265,0.0016088743729841374
HRV,BA:2251,2024,SEX_F,81,10.18,0.012947305230813059
HRV,BA:2251,2024,SEX_F,82,1.637,0.002081997904011884
HRV,BA:2251,2024,SEX_F,84,56.861,0.07231794918755023
HRV,BA:2251,2024,SEX_F,85,109.783,0.13962613066349217
HRV,BA:2251,2024,SEX_F,86,67.932,0.0863984615854217
HRV,BA:2251,2024,SEX_F,87,16.15,0.02054017480133899
HRV,BA:2251,2024,SEX_F,88,18.14,0.023071131324847633
HRV,BA:2251,2024,SEX_F,90,2.023,0.002572927159325621
HRV,BA:2251,2024,SEX_F,91,4.345,0.005526133715902037
HRV,BA:2251,2024,SEX_F,92,4.246,0.005400221808451106
HRV,BA:2251,2024,SEX_F,93,5.995,0.007624665506750913
HRV,BA:2251,2024,SEX_F,94,4.718,0.006000529084378784
HRV,BA:2251,2024,SEX_F,95,1.825,0.0023211033444237557
HRV,BA:2251,2024,SEX_F,96,18.208,0.023157616271379584
HRV,BA:2251,2024,SEX_M,1,37.261,0.04244695696750492
HRV,BA:2251,2024,SEX_M,2,10.139,0.011550138125480591
HRV,BA:2251,2024,SEX_M,3,4.299,0.0048973314726739395
HRV,BA:2251,2024,SEX_M,6,1.812,0.0020641927491242564
HRV,BA:2251,2024,SEX_M,8,2.736,0.0031167943496710625
HRV,BA:2251,2024,SEX_M,9,1.447,0.0016483923333238404
HRV,BA:2251,2024,SEX_M,10,18.056,0.02056902002107482
HRV,BA:2251,2024,SEX_M,11,3.688,0.004201292968416257
HRV,BA:2251,2024,SEX_M,13,1.888,0.0021507703699484523
HRV,BA:2251,2024,SEX_M,14,1.252,0.0014262523851564948
HRV,BA:2251,2024,SEX_M,15,1.616,0.0018409136217355398
HRV,BA:2251,2024,SEX_M,16,12.685,0.014450488423091164
HRV,BA:2251,2024,SEX_M,17,3.568,0.004064591461851736
HRV,BA:2251,2024,SEX_M,18,4.565,0.0052003531455586255
HRV,BA:2251,2024,SEX_M,19,2.57,0.0029276905989234756
HRV,BA:2251,2024,SEX_M,20,3.222,0.0036704354512573692
HRV,BA:2251,2024,SEX_M,21,3.421,0.0038971321163101987
HRV,BA:2251,2024,SEX_M,22,8.781,0.010003132742858772
HRV,BA:2251,2024,SEX_M,23,11.146,0.012697291601401192
HRV,BA:2251,2024,SEX_M,24,3.123,0.0035576567083416403
HRV,BA:2251,2024,SEX_M,25,38.432,0.04378093583573036
HRV,BA:2251,2024,SEX_M,26,5.527,0.00629624355651753
HRV,BA:2251,2024,SEX_M,27,7.342,0.008363853843305898
HRV,BA:2251,2024,SEX_M,28,10.264,0.011692535528151967
HRV,BA:2251,2024,SEX_M,29,4.266,0.004859738558368696
HRV,BA:2251,2024,SEX_M,30,4.372,0.004980491555834022
HRV,BA:2251,2024,SEX_M,31,11.491,0.013090308432774186
HRV,BA:2251,2024,SEX_M,32,1.151,0.0013111952837980237
HRV,BA:2251,2024,SEX_M,33,9.751,0.011108136587588642
HRV,BA:2251,2024,SEX_M,35,10.535,0.012001253097143508
HRV,BA:2251,2024,SEX_M,36,8.015,0.009130521459288584
HRV,BA:2251,2024,SEX_M,38,18.243,0.020782046535471194
HRV,BA:2251,2024,SEX_M,41,39.959,0.045520462506763885
HRV,BA:2251,2024,SEX_M,42,18.321,0.020870902514738134
HRV,BA:2251,2024,SEX_M,43,54.282,0.061836926494460744
HRV,BA:2251,2024,SEX_M,45,29.182,0.033243528038048586
HRV,BA:2251,2024,SEX_M,46,29.296,0.03337339446928488
HRV,BA:2251,2024,SEX_M,47,44.646,0.05085979551732977
HRV,BA:2251,2024,SEX_M,49,51.322,0.05846495599920258
HRV,BA:2251,2024,SEX_M,50,15.602,0.017773474211830377
HRV,BA:2251,2024,SEX_M,51,1.02,0.0011619628057984225
HRV,BA:2251,2024,SEX_M,52,11.429,0.013019679321049185
HRV,BA:2251,2024,SEX_M,53,8.328,0.009487084555577707
HRV,BA:2251,2024,SEX_M,55,14.164,0.016135334491498877
HRV,BA:2251,2024,SEX_M,56,36.304,0.04135676245265287
HRV,BA:2251,2024,SEX_M,58,2.113,0.002407085694756928
HRV,BA:2251,2024,SEX_M,59,1.348,0.0015356135904081112
HRV,BA:2251,2024,SEX_M,60,3.413,0.0038880186825392305
HRV,BA:2251,2024,SEX_M,61,7.38,0.008407142653717998
HRV,BA:2251,2024,SEX_M,62,31.495,0.03587844957707972
HRV,BA:2251,2024,SEX_M,64,7.913,0.00901432517870874
HRV,BA:2251,2024,SEX_M,65,2.511,0.002860479024862587
HRV,BA:2251,2024,SEX_M,66,2.578,0.002936804032694444
HRV,BA:2251,2024,SEX_M,68,2.184,0.0024879674194742693
HRV,BA:2251,2024,SEX_M,69,4.899,0.0055808390054965405
HRV,BA:2251,2024,SEX_M,70,6.608,0.007527696294819582
HRV,BA:2251,2024,SEX_M,71,16.906,0.019258963916498163
HRV,BA:2251,2024,SEX_M,72,1.068,0.0012166434084242305
HRV,BA:2251,2024,SEX_M,73,4.617,0.005259590465069917
HRV,BA:2251,2024,SEX_M,74,4.644,0.005290348304046935
HRV,BA:2251,2024,SEX_M,75,1.388,0.001581180759262951
HRV,BA:2251,2024,SEX_M,77,2.487,0.0028331387235496826
HRV,BA:2251,2024,SEX_M,80,6.464,0.007363654486942159
HRV,BA:2251,2024,SEX_M,81,7.914,0.009015464357930112
HRV,BA:2251,2024,SEX_M,84,59.546,0.0678335659157577
HRV,BA:2251,2024,SEX_M,85,25.722,0.029301967932104923
HRV,BA:2251,2024,SEX_M,86,20.975,0.023894284168256775
HRV,BA:2251,2024,SEX_M,87,2.359,0.002687323783214194
HRV,BA:2251,2024,SEX_M,88,1.325,0.001509412468316578
HRV,BA:2251,2024,SEX_M,90,3.82,0.0043516646256372285
HRV,BA:2251,2024,SEX_M,91,2.879,0.0032796969783271154
HRV,BA:2251,2024,SEX_M,92,3.088,0.003517785435593655
HRV,BA:2251,2024,SEX_M,93,6.318,0.007197334320621992
HRV,BA:2251,2024,SEX_M,94,4.996,0.005691339389969528
HRV,BA:2251,2024,SEX_M,95,5.426,0.006181186455159059
HRV,BA:2251,2024,SEX_M,96,2.922,0.0033286816848460687
HUN,BA:656,2024,SEX_F,1,51.251,0.02329761405266476
HUN,BA:656,2024,SEX_F,2,3.421,0.0015551138060558064
HUN,BA:656,2024,SEX_F,10,58.85,0.02675195775690857
HUN,BA:656,2024,SEX_F,11,6.031,0.002741564269021505
HUN,BA:656,2024,SEX_F,13,5.809,0.0026406477928612045
HUN,BA:656,2024,SEX_F,14,14.55,0.006614120396992688
HUN,BA:656,2024,SEX_F,15,5.458,0.002481090661634783
HUN,BA:656,2024,SEX_F,16,3.463,0.001574206112356404
HUN,BA:656,2024,SEX_F,17,7.224,0.0032838766837027613
HUN,BA:656,2024,SEX_F,18,6.588,0.0029947646168651428
HUN,BA:656,2024,SEX_F,20,7.816,0.0035529872867968966
HUN,BA:656,2024,SEX_F,21,20.18,0.009173398598715632
HUN,BA:656,2024,SEX_F,22,23.625,0.010739422294086065
HUN,BA:656,2024,SEX_F,23,6.012,0.002732927273314092
HUN,BA:656,2024,SEX_F,24,5.568,0.0025310943209934903
HUN,BA:656,2024,SEX_F,25,21.09,0.009587065235228577
HUN,BA:656,2024,SEX_F,26,42.286,0.01922231581493009
HUN,BA:656,2024,SEX_F,27,19.447,0.008840192395898061
HUN,BA:656,2024,SEX_F,28,16.806,0.007639649992567637
HUN,BA:656,2024,SEX_F,29,53.209,0.024187679189249755
HUN,BA:656,2024,SEX_F,31,7.036,0.0031984158840715152
HUN,BA:656,2024,SEX_F,32,15.457,0.007026423297341305
HUN,BA:656,2024,SEX_F,33,3.241,0.0014732896361961032
HUN,BA:656,2024,SEX_F,35,13.004,0.005911341693642124
HUN,BA:656,2024,SEX_F,36,7.201,0.003273421373109577
HUN,BA:656,2024,SEX_F,38,6.791,0.0030870440973180305
HUN,BA:656,2024,SEX_F,41,13.232,0.006014985642131081
HUN,BA:656,2024,SEX_F,42,5.582,0.0025374584230936897
HUN,BA:656,2024,SEX_F,43,16.264,0.0073932683255456405
HUN,BA:656,2024,SEX_F,45,10.224,0.00464761284803115
HUN,BA:656,2024,SEX_F,46,55.676,0.025309124895049134
HUN,BA:656,2024,SEX_F,47,230.411,0.10473993778635617
HUN,BA:656,2024,SEX_F,49,32.913,0.014961549458846757
HUN,BA:656,2024,SEX_F,51,3.875,0.001761492545590836
HUN,BA:656,2024,SEX_F,52,20.475,0.009307499321541257
HUN,BA:656,2024,SEX_F,53,18.617,0.008462892057100541
HUN,BA:656,2024,SEX_F,55,26.064,0.011848139795685046
HUN,BA:656,2024,SEX_F,56,78.603,0.035731251241568125
HUN,BA:656,2024,SEX_F,58,7.499,0.0034088858320995303
HUN,BA:656,2024,SEX_F,59,4.962,0.0022556196157991555
HUN,BA:656,2024,SEX_F,60,3.235,0.0014705621638674464
HUN,BA:656,2024,SEX_F,61,10.133,0.004606246184379856
HUN,BA:656,2024,SEX_F,62,28.793,0.013088685126502436
HUN,BA:656,2024,SEX_F,63,7.689,0.003495255789173662
HUN,BA:656,2024,SEX_F,64,44.032,0.02001601026256921
HUN,BA:656,2024,SEX_F,65,14.98,0.006809589247213091
HUN,BA:656,2024,SEX_F,66,12.336,0.0056076831077183364
HUN,BA:656,2024,SEX_F,68,13.187,0.005994529599666156
HUN,BA:656,2024,SEX_F,69,61.67,0.028033869751377255
HUN,BA:656,2024,SEX_F,70,14.974,0.0068068617748844335
HUN,BA:656,2024,SEX_F,71,16.036,0.007289624377056684
HUN,BA:656,2024,SEX_F,72,10.577,0.004808079136700458
HUN,BA:656,2024,SEX_F,73,12.558,0.005708599583878637
HUN,BA:656,2024,SEX_F,74,6.134,0.0027883858773301135
HUN,BA:656,2024,SEX_F,78,9.381,0.004264402985854873
HUN,BA:656,2024,SEX_F,79,3.319,0.0015087467764686414
HUN,BA:656,2024,SEX_F,80,6.884,0.0031293199184122106
HUN,BA:656,2024,SEX_F,81,42.604,0.0193668718483489
HUN,BA:656,2024,SEX_F,82,19.997,0.0090902106926916
HUN,BA:656,2024,SEX_F,84,219.846,0.09993731359431302
HUN,BA:656,2024,SEX_F,85,286.85,0.13039590624586617
HUN,BA:656,2024,SEX_F,86,145.883,0.06631530762023947
HUN,BA:656,2024,SEX_F,87,58.235,0.026472391843221248
HUN,BA:656,2024,SEX_F,88,68.31,0.031052272461757423
HUN,BA:656,2024,SEX_F,90,12.858,0.0058449732003114764
HUN,BA:656,2024,SEX_F,91,18.543,0.008429253231713774
HUN,BA:656,2024,SEX_F,93,15.302,0.006955963595517671
HUN,BA:656,2024,SEX_F,94,18.454,0.008388795725505365
HUN,BA:656,2024,SEX_F,96,61.228,0.02783294595649954
HUN,BA:656,2024,SEX_M,1,127.574,0.05142520380785306
HUN,BA:656,2024,SEX_M,2,16.41,0.006614887002734638
HUN,BA:656,2024,SEX_M,8,4.097,0.0016515046953201593
HUN,BA:656,2024,SEX_M,10,65.378,0.0263539355554409
HUN,BA:656,2024,SEX_M,11,14.011,0.005647847763273309
HUN,BA:656,2024,SEX_M,13,5.02,0.0020235668954130337
HUN,BA:656,2024,SEX_M,14,3.19,0.0012858921108301947
HUN,BA:656,2024,SEX_M,16,15.882,0.0064020496878386055
HUN,BA:656,2024,SEX_M,17,11.726,0.004726762034982716
HUN,BA:656,2024,SEX_M,18,10.632,0.00428576956813374
HUN,BA:656,2024,SEX_M,19,3.118,0.0012568688406170993
HUN,BA:656,2024,SEX_M,20,21.582,0.008699725246375318
HUN,BA:656,2024,SEX_M,21,17.88,0.0072074454362520005
HUN,BA:656,2024,SEX_M,22,37.953,0.015298891311077863
HUN,BA:656,2024,SEX_M,23,18.033,0.0072691198854548285
HUN,BA:656,2024,SEX_M,24,14.882,0.005998948712656727
HUN,BA:656,2024,SEX_M,25,80.076,0.03227871368866416
HUN,BA:656,2024,SEX_M,26,44.398,0.017896877096125075
HUN,BA:656,2024,SEX_M,27,29.752,0.011993060213611271
HUN,BA:656,2024,SEX_M,28,48.216,0.01943591661936949
HUN,BA:656,2024,SEX_M,29,97.84,0.03943939941179506
HUN,BA:656,2024,SEX_M,30,7.93,0.003196590733192302
HUN,BA:656,2024,SEX_M,31,21.222,0.008554608895309842
HUN,BA:656,2024,SEX_M,32,19.466,0.007846763582890461
HUN,BA:656,2024,SEX_M,33,19.053,0.007680282880140345
HUN,BA:656,2024,SEX_M,35,24.339,0.009811074634951757
HUN,BA:656,2024,SEX_M,36,18.625,0.007507755662762501
HUN,BA:656,2024,SEX_M,37,2.638,0.0010633803725297974
HUN,BA:656,2024,SEX_M,38,15.98,0.00644155358340643
HUN,BA:656,2024,SEX_M,41,116.307,0.04688346512047883
HUN,BA:656,2024,SEX_M,42,36.258,0.014615635158144577
HUN,BA:656,2024,SEX_M,43,201.336,0.08115873793921884
HUN,BA:656,2024,SEX_M,45,70.21,0.028301719467519738
HUN,BA:656,2024,SEX_M,46,94.136,0.03794631339972138
HUN,BA:656,2024,SEX_M,47,107.609,0.04337729283834684
HUN,BA:656,2024,SEX_M,49,151.577,0.061100836515143704
HUN,BA:656,2024,SEX_M,51,3.463,0.0013959386770548477
HUN,BA:656,2024,SEX_M,52,44.099,0.017776349904545692
HUN,BA:656,2024,SEX_M,53,13.383,0.00539470035085909
HUN,BA:656,2024,SEX_M,55,16.116,0.006496375316031165
HUN,BA:656,2024,SEX_M,56,60.371,0.02433560897270523
HUN,BA:656,2024,SEX_M,58,10.695,0.004311164929570199
HUN,BA:656,2024,SEX_M,59,6.719,0.0027084354522470466
HUN,BA:656,2024,SEX_M,60,4.694,0.0018921559775037411
HUN,BA:656,2024,SEX_M,61,12.677,0.005110111062380683
HUN,BA:656,2024,SEX_M,62,75.442,0.03041074376967133
HUN,BA:656,2024,SEX_M,63,7.077,0.002852745601362159
HUN,BA:656,2024,SEX_M,64,26.937,0.010858330968474281
HUN,BA:656,2024,SEX_M,65,6.412,0.0025846834528662098
HUN,BA:656,2024,SEX_M,66,7.832,0.003157086837624478
HUN,BA:656,2024,SEX_M,68,21.927,0.008838795082813065
HUN,BA:656,2024,SEX_M,69,22.74,0.009166516175635932
HUN,BA:656,2024,SEX_M,70,13.992,0.005640188844744855
HUN,BA:656,2024,SEX_M,71,30.638,0.012350207677622417
HUN,BA:656,2024,SEX_M,72,17.575,0.007084499638821527
HUN,BA:656,2024,SEX_M,73,6.233,0.002512528378308653
HUN,BA:656,2024,SEX_M,74,7.763,0.0031292728703369286
HUN,BA:656,2024,SEX_M,77,4.407,0.0017764659976265418
HUN,BA:656,2024,SEX_M,78,5.643,0.002274698802951344
HUN,BA:656,2024,SEX_M,80,34.042,0.013722363397141533
HUN,BA:656,2024,SEX_M,81,30.457,0.012277246401114496
HUN,BA:656,2024,SEX_M,82,13.402,0.005402359269387545
HUN,BA:656,2024,SEX_M,84,161.393,0.06505767568752903
HUN,BA:656,2024,SEX_M,85,79.484,0.032040077911356483
HUN,BA:656,2024,SEX_M,86,44.904,0.018100846189567105
HUN,BA:656,2024,SEX_M,87,12.205,0.004919847402094836
HUN,BA:656,2024,SEX_M,88,8.252,0.0033263892472008678
HUN,BA:656,2024,SEX_M,90,13.426,0.005412033692791911
HUN,BA:656,2024,SEX_M,91,8.349,0.0033654900417935097
HUN,BA:656,2024,SEX_M,93,19.301,0.00778025192198545
HUN,BA:656,2024,SEX_M,94,13.655,0.005504343816108561
HUN,BA:656,2024,SEX_M,95,5.078,0.002046946751973583
HUN,BA:656,2024,SEX_M,96,15.649,0.0063081271606212274
IDN,BA:510,2023,SEX_F,1,14219.062,0.26083214538649585
IDN,BA:510,2023,SEX_F,2,142.869,0.0026207655455207438
IDN,BA:510,2023,SEX_F,3,235.166,0.004313846602677496
IDN,BA:510,2023,SEX_F,5,17.022,3.122487811621422e-4
IDN,BA:510,2023,SEX_F,6,11.812,2.1667739414212337e-4
IDN,BA:510,2023,SEX_F,7,48.553,8.906482829141988e-4
IDN,BA:510,2023,SEX_F,8,48.416,8.881351773438067e-4
IDN,BA:510,2023,SEX_F,9,4.523,8.296917149549813e-5
IDN,BA:510,2023,SEX_F,10,2806.568,0.051483223901343626
IDN,BA:510,2023,SEX_F,11,125.225,0.002297106898192296
IDN,BA:510,2023,SEX_F,12,273.071,0.005009169716879765
IDN,BA:510,2023,SEX_F,13,628.042,0.011520699625110688
IDN,BA:510,2023,SEX_F,14,1697.365,0.031136185667799292
IDN,BA:510,2023,SEX_F,15,563.164,0.010330588214921669
IDN,BA:510,2023,SEX_F,16,637.75,0.0116987815877192
IDN,BA:510,2023,SEX_F,17,62.944,0.0011546344308230455
IDN,BA:510,2023,SEX_F,18,52.068,9.551268674392211e-4
IDN,BA:510,2023,SEX_F,19,17.088,3.1345947435663766e-4
IDN,BA:510,2023,SEX_F,20,91.476,0.0016780207675706803
IDN,BA:510,2023,SEX_F,21,48.371,8.873097047111963e-4
IDN,BA:510,2023,SEX_F,22,152.58,0.0027989025396380957
IDN,BA:510,2023,SEX_F,23,231.41,0.004244947153608937
IDN,BA:510,2023,SEX_F,24,11.011,2.0198398128165596e-4
IDN,BA:510,2023,SEX_F,25,36.797,6.749981436037684e-4
IDN,BA:510,2023,SEX_F,26,58.434,0.0010719037291991903
IDN,BA:510,2023,SEX_F,27,55.394,0.001016138466907279
IDN,BA:510,2023,SEX_F,28,24.842,4.5569758087357165e-4
IDN,BA:510,2023,SEX_F,29,24.324,4.461954736804105e-4
IDN,BA:510,2023,SEX_F,30,29.876,5.480404527082694e-4
IDN,BA:510,2023,SEX_F,31,104.592,0.0019186185242222287
IDN,BA:510,2023,SEX_F,32,475.166,0.008716367309933644
IDN,BA:510,2023,SEX_F,33,6.013,1.1030148755304671e-4
IDN,BA:510,2023,SEX_F,35,54.97,0.00100836068032446
IDN,BA:510,2023,SEX_F,36,14.354,2.63307425966478e-4
IDN,BA:510,2023,SEX_F,38,96.186,0.0017644202364505825
IDN,BA:510,2023,SEX_F,39,6.053,1.1103524100425607e-4
IDN,BA:510,2023,SEX_F,41,91.146,0.0016719673015982033
IDN,BA:510,2023,SEX_F,42,33.028,6.058602246635668e-4
IDN,BA:510,2023,SEX_F,43,26.036,4.7760012139217106e-4
IDN,BA:510,2023,SEX_F,45,246.506,0.004521865706095349
IDN,BA:510,2023,SEX_F,46,700.972,0.012858515605028148
IDN,BA:510,2023,SEX_F,47,11774.454,0.2159886564651457
IDN,BA:510,2023,SEX_F,49,147.942,0.0027138238269703704
IDN,BA:510,2023,SEX_F,50,18.833,3.454694686656459e-4
IDN,BA:510,2023,SEX_F,51,11.848,2.173377722482118e-4
IDN,BA:510,2023,SEX_F,52,77.876,0.0014285445941594989
IDN,BA:510,2023,SEX_F,53,74.034,0.0013580675751708401
IDN,BA:510,2023,SEX_F,55,251.579,0.004614923987544976
IDN,BA:510,2023,SEX_F,56,5956.846,0.10927140777056644
IDN,BA:510,2023,SEX_F,58,13.332,2.44560025288079e-4
IDN,BA:510,2023,SEX_F,59,16.391,3.0067382046931456e-4
IDN,BA:510,2023,SEX_F,60,15.901,2.9168534069199997e-4
IDN,BA:510,2023,SEX_F,61,255.412,0.0046852359120071125
IDN,BA:510,2023,SEX_F,62,21.224,3.893295812116853e-4
IDN,BA:510,2023,SEX_F,63,38.658,7.091360229212839e-4
IDN,BA:510,2023,SEX_F,64,462.97,0.00849264588265991
IDN,BA:510,2023,SEX_F,65,36.788,6.748330490772463e-4
IDN,BA:510,2023,SEX_F,66,52.422,9.616205854824239e-4
IDN,BA:510,2023,SEX_F,68,134.5,0.002467245979691466
IDN,BA:510,2023,SEX_F,69,83.261,0.0015273261525285584
IDN,BA:510,2023,SEX_F,70,14.418,2.6448143148841304e-4
IDN,BA:510,2023,SEX_F,71,11.665,2.1398085020892896e-4
IDN,BA:510,2023,SEX_F,72,5.194,9.527788563953511e-5
IDN,BA:510,2023,SEX_F,73,16.628,3.0502130966773004e-4
IDN,BA:510,2023,SEX_F,74,62.288,0.001142600874223212
IDN,BA:510,2023,SEX_F,75,4.809,8.821550867164504e-5
IDN,BA:510,2023,SEX_F,77,57.754,0.0010594299205286314
IDN,BA:510,2023,SEX_F,78,42.066,7.716518169643212e-4
IDN,BA:510,2023,SEX_F,79,26.378,4.83873713400011e-4
IDN,BA:510,2023,SEX_F,80,11.158,2.0468052521485037e-4
IDN,BA:510,2023,SEX_F,81,90.417,0.0016585946449499127
IDN,BA:510,2023,SEX_F,82,73.972,0.0013569302573214652
IDN,BA:510,2023,SEX_F,84,1464.243,0.026859833866478593
IDN,BA:510,2023,SEX_F,85,4294.228,0.07877261538199645
IDN,BA:510,2023,SEX_F,86,1424.706,0.026134573611466982
IDN,BA:510,2023,SEX_F,87,14.224,2.6092272725004764e-4
IDN,BA:510,2023,SEX_F,88,14.322,2.6272042320551054e-4
IDN,BA:510,2023,SEX_F,90,55.795,0.001023494345255653
IDN,BA:510,2023,SEX_F,91,19.974,3.6639978586139283e-4
IDN,BA:510,2023,SEX_F,93,62.06,0.0011384184795513188
IDN,BA:510,2023,SEX_F,94,61.395,0.001126219828424963
IDN,BA:510,2023,SEX_F,95,99.166,0.0018190848685656793
IDN,BA:510,2023,SEX_F,96,1548.055,0.028397267472797562
IDN,BA:510,2023,SEX_F,97,1263.793,0.023182811884105696
IDN,BA:510,2023,SEX_F,98,121,0.0022196041899083074
IDN,BA:510,2023,SEX_M,1,23145.622,0.27317866340417457
IDN,BA:510,2023,SEX_M,2,554.043,0.006539151387179792
IDN,BA:510,2023,SEX_M,3,1776.143,0.020963116513122045
IDN,BA:510,2023,SEX_M,5,304.052,0.0035886060424457854
IDN,BA:510,2023,SEX_M,6,120.025,0.0014166078178882407
IDN,BA:510,2023,SEX_M,7,601.538,0.007099716172104616
IDN,BA:510,2023,SEX_M,8,478.792,0.00565099346254819
IDN,BA:510,2023,SEX_M,9,44.968,5.307395988735547e-4
IDN,BA:510,2023,SEX_M,10,2632.058,0.031065144261073
IDN,BA:510,2023,SEX_M,11,324.084,0.0038250358513017505
IDN,BA:510,2023,SEX_M,12,146.772,0.0017322921278658016
IDN,BA:510,2023,SEX_M,13,425.281,0.005019424198286431
IDN,BA:510,2023,SEX_M,14,1119.792,0.013216464083388533
IDN,BA:510,2023,SEX_M,15,370.553,0.00437349116219072
IDN,BA:510,2023,SEX_M,16,959.763,0.011327704804164729
IDN,BA:510,2023,SEX_M,17,207.242,0.0024459957291797104
IDN,BA:510,2023,SEX_M,18,206.959,0.002442655591604519
IDN,BA:510,2023,SEX_M,19,34.274,4.0452252739263953e-4
IDN,BA:510,2023,SEX_M,20,249.607,0.002946013143925266
IDN,BA:510,2023,SEX_M,21,77.574,9.155753790032275e-4
IDN,BA:510,2023,SEX_M,22,377.916,0.004460393752177066
IDN,BA:510,2023,SEX_M,23,802.09,0.00946675246531955
IDN,BA:510,2023,SEX_M,24,201.659,0.002380101778358881
IDN,BA:510,2023,SEX_M,25,563.03,0.006645221409753102
IDN,BA:510,2023,SEX_M,26,85.682,0.0010112709106627805
IDN,BA:510,2023,SEX_M,27,118.505,0.0013986678563536427
IDN,BA:510,2023,SEX_M,28,149.072,0.001759438122293154
IDN,BA:510,2023,SEX_M,29,228.136,0.0026925993846427967
IDN,BA:510,2023,SEX_M,30,218.788,0.0025822686212050193
IDN,BA:510,2023,SEX_M,31,805.598,0.009508156008124397
IDN,BA:510,2023,SEX_M,32,357.474,0.004219124874749268
IDN,BA:510,2023,SEX_M,33,211.187,0.0024925570109257562
IDN,BA:510,2023,SEX_M,35,284.918,0.00336277497402276
IDN,BA:510,2023,SEX_M,36,90.102,0.001063438430388388
IDN,BA:510,2023,SEX_M,37,6.453,7.61622182781322e-5
IDN,BA:510,2023,SEX_M,38,296.825,0.003503308606912535
IDN,BA:510,2023,SEX_M,39,20.428,2.4110364093997901e-4
IDN,BA:510,2023,SEX_M,41,7170.522,0.08463084793617683
IDN,BA:510,2023,SEX_M,42,888.385,0.010485258373627532
IDN,BA:510,2023,SEX_M,43,719.666,0.008493934445893428
IDN,BA:510,2023,SEX_M,45,2266.573,0.026751468707472636
IDN,BA:510,2023,SEX_M,46,1781.256,0.021023463238994677
IDN,BA:510,2023,SEX_M,47,9625.974,0.11361158111384245
IDN,BA:510,2023,SEX_M,49,4084.467,0.04820735583508876
IDN,BA:510,2023,SEX_M,50,247.666,0.0029231042851498353
IDN,BA:510,2023,SEX_M,51,44.562,5.259477407268134e-4
IDN,BA:510,2023,SEX_M,52,792.997,0.009359431366481326
IDN,BA:510,2023,SEX_M,53,491.1,0.005796259940553343
IDN,BA:510,2023,SEX_M,55,472.922,0.005581712163727079
IDN,BA:510,2023,SEX_M,56,3784.688,0.04466918232924649
IDN,BA:510,2023,SEX_M,58,33.475,3.950922449807028e-4
IDN,BA:510,2023,SEX_M,59,29.908,3.529923484057613e-4
IDN,BA:510,2023,SEX_M,60,28.172,3.3250302391624675e-4
IDN,BA:510,2023,SEX_M,61,482.596,0.0056958905768097765
IDN,BA:510,2023,SEX_M,62,76.064,8.97753443531357e-4
IDN,BA:510,2023,SEX_M,63,80.046,9.447514217094949e-4
IDN,BA:510,2023,SEX_M,64,917.309,0.010826636957460896
IDN,BA:510,2023,SEX_M,65,58.259,6.876080388448324e-4
IDN,BA:510,2023,SEX_M,66,90.912,0.001072998541469325
IDN,BA:510,2023,SEX_M,68,345.014,0.0040720644005906555
IDN,BA:510,2023,SEX_M,69,116.762,0.0013780959136202187
IDN,BA:510,2023,SEX_M,70,29.661,3.5007710465638915e-4
IDN,BA:510,2023,SEX_M,71,80.286,9.475840472149577e-4
IDN,BA:510,2023,SEX_M,72,7.572,8.936933469735271e-5
IDN,BA:510,2023,SEX_M,73,19.45,2.295606920052179e-4
IDN,BA:510,2023,SEX_M,74,200.806,0.0023700341552082157
IDN,BA:510,2023,SEX_M,75,6.442,7.6032389609131815e-05
IDN,BA:510,2023,SEX_M,77,395.066,0.004662808449754931
IDN,BA:510,2023,SEX_M,78,140.285,0.0016557286209743956
IDN,BA:510,2023,SEX_M,79,73.22,8.641868312916224e-4
IDN,BA:510,2023,SEX_M,80,273.258,0.0032251565848823564
IDN,BA:510,2023,SEX_M,81,202.748,0.0023929548165899186
IDN,BA:510,2023,SEX_M,82,148.79,0.0017561097873242352
IDN,BA:510,2023,SEX_M,84,3333.538,0.03934443650928998
IDN,BA:510,2023,SEX_M,85,2534.416,0.02991271417938799
IDN,BA:510,2023,SEX_M,86,853.531,0.010073890334596691
IDN,BA:510,2023,SEX_M,87,6.473,7.639827040358743e-5
IDN,BA:510,2023,SEX_M,88,30.387,3.5864579681041425e-4
IDN,BA:510,2023,SEX_M,90,205.661,0.0024273358086624743
IDN,BA:510,2023,SEX_M,91,30.814,3.6368550968888353e-4
IDN,BA:510,2023,SEX_M,92,2.795,3.298828453236936e-5
IDN,BA:510,2023,SEX_M,93,193.564,0.002284559680580874
IDN,BA:510,2023,SEX_M,94,194.566,0.0022963858920661815
IDN,BA:510,2023,SEX_M,95,480.587,0.005672179140807797
IDN,BA:510,2023,SEX_M,96,1680.092,0.019829464378016998
IDN,BA:510,2023,SEX_M,97,341.818,0.004034343270942909
IDN,BA:510,2023,SEX_M,98,31.227,3.685599860795342e-4
IDN,BA:510,2023,SEX_M,99,3.696,4.3622432784127786e-5
IND,BA:14121,2024,SEX_F,1,88028.194,0.5872809456507339
IND,BA:14121,2024,SEX_F,2,1818.967,0.012135255891623523
IND,BA:14121,2024,SEX_F,3,100.765,6.722546697765513e-4
IND,BA:14121,2024,SEX_F,5,22.663,1.5119642317417737e-4
IND,BA:14121,2024,SEX_F,7,11.607,7.7436212495374685e-05
IND,BA:14121,2024,SEX_F,8,67.126,4.4783175669548735e-4
IND,BA:14121,2024,SEX_F,10,1376.632,0.009184213671054766
IND,BA:14121,2024,SEX_F,11,92.344,6.160738870227345e-4
IND,BA:14121,2024,SEX_F,12,3175.104,0.02118273697242303
IND,BA:14121,2024,SEX_F,13,2825.993,0.01885363956736809
IND,BA:14121,2024,SEX_F,14,6977.349,0.04654945117759887
IND,BA:14121,2024,SEX_F,15,221.059,0.0014747972514874673
IND,BA:14121,2024,SEX_F,16,455.108,0.0030362574133148087
IND,BA:14121,2024,SEX_F,17,203.407,0.0013570317631641838
IND,BA:14121,2024,SEX_F,18,65.359,4.3604319914579084e-4
IND,BA:14121,2024,SEX_F,19,7.518,5.01564095408139e-5
IND,BA:14121,2024,SEX_F,20,249.571,0.0016650153345983594
IND,BA:14121,2024,SEX_F,21,192.802,0.0012862804033370579
IND,BA:14121,2024,SEX_F,22,256.057,0.0017082867461814559
IND,BA:14121,2024,SEX_F,23,606.778,0.004048125281771213
IND,BA:14121,2024,SEX_F,24,119.185,7.951438775102294e-4
IND,BA:14121,2024,SEX_F,25,128.968,8.604112564059173e-4
IND,BA:14121,2024,SEX_F,26,94.029,6.27315380781217e-4
IND,BA:14121,2024,SEX_F,27,104.009,6.938970470777485e-4
IND,BA:14121,2024,SEX_F,28,109.299,7.291893331206995e-4
IND,BA:14121,2024,SEX_F,29,123.384,8.231575465261748e-4
IND,BA:14121,2024,SEX_F,30,60.154,4.013179914230007e-4
IND,BA:14121,2024,SEX_F,31,19.814,1.3218929218431586e-4
IND,BA:14121,2024,SEX_F,32,934.002,0.0062312033551395665
IND,BA:14121,2024,SEX_F,33,5.636,3.7600628381488044e-5
IND,BA:14121,2024,SEX_F,35,107.152,7.148656019044016e-4
IND,BA:14121,2024,SEX_F,36,27.509,1.835265589329941e-4
IND,BA:14121,2024,SEX_F,38,211.335,0.0014099234916610675
IND,BA:14121,2024,SEX_F,41,2696.071,0.017986863690757072
IND,BA:14121,2024,SEX_F,42,2640.723,0.01761760897470693
IND,BA:14121,2024,SEX_F,43,84.712,5.651569253819403e-4
IND,BA:14121,2024,SEX_F,45,153.797,0.0010260581694797226
IND,BA:14121,2024,SEX_F,46,539.54,0.0035995463159950425
IND,BA:14121,2024,SEX_F,47,7893.899,0.05266422334634495
IND,BA:14121,2024,SEX_F,49,164.67,0.0010985974938927672
IND,BA:14121,2024,SEX_F,51,18.572,1.2390327720031866e-4
IND,BA:14121,2024,SEX_F,52,129.736,8.655349758163117e-4
IND,BA:14121,2024,SEX_F,53,69.601,4.6434374307664116e-4
IND,BA:14121,2024,SEX_F,55,201.464,0.0013440690199162718
IND,BA:14121,2024,SEX_F,56,1884.318,0.012571245718692121
IND,BA:14121,2024,SEX_F,58,49.549,3.3056663159587496e-4
IND,BA:14121,2024,SEX_F,59,16.342,1.0902581068315785e-4
IND,BA:14121,2024,SEX_F,60,13.353,8.90846683424432e-5
IND,BA:14121,2024,SEX_F,61,37.593,2.508020622330164e-4
IND,BA:14121,2024,SEX_F,62,1272.332,0.008488375214669172
IND,BA:14121,2024,SEX_F,63,166.518,0.0011109264437240288
IND,BA:14121,2024,SEX_F,64,846.474,0.005647259458586181
IND,BA:14121,2024,SEX_F,65,105.41,7.032438320959288e-4
IND,BA:14121,2024,SEX_F,66,117.842,7.861840400516881e-4
IND,BA:14121,2024,SEX_F,68,84.121,5.612140631794101e-4
IND,BA:14121,2024,SEX_F,69,359.972,0.0024015566713522026
IND,BA:14121,2024,SEX_F,70,48.678,3.2475574669163856e-4
IND,BA:14121,2024,SEX_F,71,52.625,3.5108819527604837e-4
IND,BA:14121,2024,SEX_F,72,27.922,1.8628189241801088e-4
IND,BA:14121,2024,SEX_F,73,64.074,4.2747030924688873e-4
IND,BA:14121,2024,SEX_F,74,120.687,8.051644850029538e-4
IND,BA:14121,2024,SEX_F,75,43.753,2.9189856167055475e-4
IND,BA:14121,2024,SEX_F,77,18.885,1.2599145972044034e-4
IND,BA:14121,2024,SEX_F,78,92.526,6.172881017788436e-4
IND,BA:14121,2024,SEX_F,79,36.996,2.468191709725926e-4
IND,BA:14121,2024,SEX_F,80,32.983,2.2004640275135204e-4
IND,BA:14121,2024,SEX_F,81,195.419,0.001303739744088363
IND,BA:14121,2024,SEX_F,82,369.34,0.002464055373743576
IND,BA:14121,2024,SEX_F,84,1583.733,0.010565889990862174
IND,BA:14121,2024,SEX_F,85,8107.962,0.05409234671632836
IND,BA:14121,2024,SEX_F,86,2840.778,0.01895227783752783
IND,BA:14121,2024,SEX_F,87,70.587,4.709218515905069e-4
IND,BA:14121,2024,SEX_F,88,728.49,0.004860128064164341
IND,BA:14121,2024,SEX_F,90,36.797,2.454915405524513e-4
IND,BA:14121,2024,SEX_F,91,21.508,1.434908295296389e-4
IND,BA:14121,2024,SEX_F,92,16.718,1.1153429831116344e-4
IND,BA:14121,2024,SEX_F,93,25.93,1.7299224519730038e-4
IND,BA:14121,2024,SEX_F,94,159.313,0.0010628582167033366
IND,BA:14121,2024,SEX_F,95,94.913,6.332129953108898e-4
IND,BA:14121,2024,SEX_F,96,1802.196,0.012023368003300963
IND,BA:14121,2024,SEX_F,97,4952.811,0.033042726375930837
IND,BA:14121,2024,SEX_M,1,112404.285,0.3376748969121445
IND,BA:14121,2024,SEX_M,2,840.942,0.002526282722754676
IND,BA:14121,2024,SEX_M,3,1292.617,0.0038831643493118205
IND,BA:14121,2024,SEX_M,5,381.478,0.0011460020792290174
IND,BA:14121,2024,SEX_M,6,21.909,6.581705774337849e-5
IND,BA:14121,2024,SEX_M,7,195.6,5.876040209322576e-4
IND,BA:14121,2024,SEX_M,8,548.416,0.0016475022839651588
IND,BA:14121,2024,SEX_M,9,36.981,1.1109501174895614e-4
IND,BA:14121,2024,SEX_M,10,4423.734,0.013289385919911759
IND,BA:14121,2024,SEX_M,11,289.723,8.703599169558103e-4
IND,BA:14121,2024,SEX_M,12,266.777,8.014275965861191e-4
IND,BA:14121,2024,SEX_M,13,3441.068,0.010337348635487333
IND,BA:14121,2024,SEX_M,14,4549.778,0.013668036028369763
IND,BA:14121,2024,SEX_M,15,913.45,0.0027441047695325703
IND,BA:14121,2024,SEX_M,16,1673.709,0.005028006841873763
IND,BA:14121,2024,SEX_M,17,622.812,0.001870996091435896
IND,BA:14121,2024,SEX_M,18,722.069,0.002169175090953652
IND,BA:14121,2024,SEX_M,19,193.302,5.807005749194645e-4
IND,BA:14121,2024,SEX_M,20,991.326,0.002978052881670201
IND,BA:14121,2024,SEX_M,21,985.026,0.0029591269852904806
IND,BA:14121,2024,SEX_M,22,973.745,0.0029252376143286364
IND,BA:14121,2024,SEX_M,23,2908.6,0.008737755906357692
IND,BA:14121,2024,SEX_M,24,1750.047,0.0052573346320063125
IND,BA:14121,2024,SEX_M,25,3096.682,0.009302775024276818
IND,BA:14121,2024,SEX_M,26,418.297,0.0012566104250710665
IND,BA:14121,2024,SEX_M,27,1145.384,0.003440860142696692
IND,BA:14121,2024,SEX_M,28,1401.063,0.00420894812054914
IND,BA:14121,2024,SEX_M,29,1345.787,0.004042892906535584
IND,BA:14121,2024,SEX_M,30,524.563,0.001575845235338895
IND,BA:14121,2024,SEX_M,31,2702.53,0.008118698848108662
IND,BA:14121,2024,SEX_M,32,2305.858,0.006927052313388619
IND,BA:14121,2024,SEX_M,33,1645.462,0.004943149731550279
IND,BA:14121,2024,SEX_M,35,1316.636,0.003955320080287137
IND,BA:14121,2024,SEX_M,36,532.919,0.001600947582981584
IND,BA:14121,2024,SEX_M,37,63.461,1.906438587545092e-4
IND,BA:14121,2024,SEX_M,38,665.402,0.001998941159183876
IND,BA:14121,2024,SEX_M,39,18.206,5.469283642685421e-5
IND,BA:14121,2024,SEX_M,41,45689.052,0.13725496251422806
IND,BA:14121,2024,SEX_M,42,2394.502,0.0071933486877828875
IND,BA:14121,2024,SEX_M,43,7052.594,0.021186771944799156
IND,BA:14121,2024,SEX_M,45,4350.545,0.013069518073858533
IND,BA:14121,2024,SEX_M,46,7342.711,0.022058315481306334
IND,BA:14121,2024,SEX_M,47,33487.209,0.10059927739365485
IND,BA:14121,2024,SEX_M,49,19882.679,0.05972976547702127
IND,BA:14121,2024,SEX_M,50,166.908,5.014100814200473e-4
IND,BA:14121,2024,SEX_M,51,58.977,1.7717342710900694e-4
IND,BA:14121,2024,SEX_M,52,1770.548,0.00531892190211435
IND,BA:14121,2024,SEX_M,53,660.469,0.0019841218819075016
IND,BA:14121,2024,SEX_M,55,679.872,0.002042410638646502
IND,BA:14121,2024,SEX_M,56,7462.968,0.02241958080208982
IND,BA:14121,2024,SEX_M,58,192.046,5.769274120856665e-4
IND,BA:14121,2024,SEX_M,59,185.932,5.585602802657286e-4
IND,BA:14121,2024,SEX_M,60,49.194,1.4778421373078468e-4
IND,BA:14121,2024,SEX_M,61,483.712,0.0014531243158138253
IND,BA:14121,2024,SEX_M,62,3620.89,0.010877553800375268
IND,BA:14121,2024,SEX_M,63,668.845,0.0020092843117609197
IND,BA:14121,2024,SEX_M,64,3409.838,0.010243530263433578
IND,BA:14121,2024,SEX_M,65,330.677,9.933902598661358e-4
IND,BA:14121,2024,SEX_M,66,614.493,0.0018460048958830564
IND,BA:14121,2024,SEX_M,68,1062.266,0.0031911644831269207
IND,BA:14121,2024,SEX_M,69,1422.484,0.0042732991723507235
IND,BA:14121,2024,SEX_M,70,109.902,3.301577561784099e-4
IND,BA:14121,2024,SEX_M,71,275.473,8.275513418112057e-4
IND,BA:14121,2024,SEX_M,72,38.876,1.1678780121555444e-4
IND,BA:14121,2024,SEX_M,73,94.772,2.8470556376171744e-4
IND,BA:14121,2024,SEX_M,74,931.919,0.0027995876870305146
IND,BA:14121,2024,SEX_M,75,169.661,5.096803977269313e-4
IND,BA:14121,2024,SEX_M,77,868.94,0.0026103918095545806
IND,BA:14121,2024,SEX_M,78,305.985,9.192127624997794e-4
IND,BA:14121,2024,SEX_M,79,261.651,7.860285259762074e-4
IND,BA:14121,2024,SEX_M,80,1075.252,0.003230175862553435
IND,BA:14121,2024,SEX_M,81,316.272,9.501160475883793e-4
IND,BA:14121,2024,SEX_M,82,1246.844,0.0037456571977262775
IND,BA:14121,2024,SEX_M,84,5824.648,0.017497886427990966
IND,BA:14121,2024,SEX_M,85,7832.61,0.023530026229009255
IND,BA:14121,2024,SEX_M,86,3197.943,0.009606974261309647
IND,BA:14121,2024,SEX_M,87,56.531,1.6982537273681726e-4
IND,BA:14121,2024,SEX_M,88,123.744,3.717406542241375e-4
IND,BA:14121,2024,SEX_M,90,615.68,0.0018495707750898383
IND,BA:14121,2024,SEX_M,91,23.724,7.126951836705972e-5
IND,BA:14121,2024,SEX_M,92,100.678,3.024478405900707e-4
IND,BA:14121,2024,SEX_M,93,175.128,5.261038700297772e-4
IND,BA:14121,2024,SEX_M,94,1184.187,0.0035574286438430844
IND,BA:14121,2024,SEX_M,95,2147.815,0.00645227367187432
IND,BA:14121,2024,SEX_M,96,3400.836,0.010216487260384332
IND,BA:14121,2024,SEX_M,97,1849.106,0.005554918817637849
IRL,BA:772,2019,SEX_F,1,12.662,0.01257252136544215
IRL,BA:772,2019,SEX_F,10,16.371,0.016255310951954937
IRL,BA:772,2019,SEX_F,21,16.711,0.01659290827182939
IRL,BA:772,2019,SEX_F,26,5.964,0.005921854163915415
IRL,BA:772,2019,SEX_F,32,19.185,0.01904942524056291
IRL,BA:772,2019,SEX_F,41,5.033,0.004997433267435661
IRL,BA:772,2019,SEX_F,43,4.648,0.004615153949342529
IRL,BA:772,2019,SEX_F,45,6.142,0.006098596290202629
IRL,BA:772,2019,SEX_F,46,14.363,0.014261500898108164
IRL,BA:772,2019,SEX_F,47,130.065,0.1291458688513847
IRL,BA:772,2019,SEX_F,49,4.133,0.004103793303062107
IRL,BA:772,2019,SEX_F,51,4.038,0.00400946464015601
IRL,BA:772,2019,SEX_F,52,6.398,0.006352787213402216
IRL,BA:772,2019,SEX_F,53,4.341,0.004310323428161773
IRL,BA:772,2019,SEX_F,55,32.519,0.032289197779403984
IRL,BA:772,2019,SEX_F,56,66.066,0.06559913098478132
IRL,BA:772,2019,SEX_F,61,4.86,0.004825655807617189
IRL,BA:772,2019,SEX_F,62,21.65,0.021497005809652702
IRL,BA:772,2019,SEX_F,64,32.004,0.03177783713312356
IRL,BA:772,2019,SEX_F,65,13.136,0.013043171746678886
IRL,BA:772,2019,SEX_F,66,6.053,0.006010225227059021
IRL,BA:772,2019,SEX_F,68,4.419,0.004387772225074147
IRL,BA:772,2019,SEX_F,69,30.667,0.030450285319381962
IRL,BA:772,2019,SEX_F,70,4.422,0.004390751024955392
IRL,BA:772,2019,SEX_F,71,7.905,0.007849137687081044
IRL,BA:772,2019,SEX_F,73,5.316,0.005278433389566455
IRL,BA:772,2019,SEX_F,74,7.628,0.007574095164712739
IRL,BA:772,2019,SEX_F,79,4.909,0.00487430953901086
IRL,BA:772,2019,SEX_F,81,21.539,0.021386790214046634
IRL,BA:772,2019,SEX_F,82,9.607,0.009539110153040807
IRL,BA:772,2019,SEX_F,84,59.264,0.05884519872070475
IRL,BA:772,2019,SEX_F,85,132.32,0.13138493342878732
IRL,BA:772,2019,SEX_F,86,125.397,0.12451085623616721
IRL,BA:772,2019,SEX_F,87,32.718,0.03248679150485992
IRL,BA:772,2019,SEX_F,88,71.539,0.07103345490146627
IRL,BA:772,2019,SEX_F,90,4.419,0.004387772225074147
IRL,BA:772,2019,SEX_F,93,11.904,0.011819877928780868
IRL,BA:772,2019,SEX_F,94,9.404,0.009337544694409885
IRL,BA:772,2019,SEX_F,96,30.447,0.03023183999475731
IRL,BA:772,2019,SEX_F,97,6.951,0.006901879324845078
IRL,BA:772,2019,SEX_M,1,85.098,0.07123120720063146
IRL,BA:772,2019,SEX_M,8,4.253,0.0035599699666770735
IRL,BA:772,2019,SEX_M,10,32.563,0.027256830948719855
IRL,BA:772,2019,SEX_M,11,4.563,0.0038194551982006783
IRL,BA:772,2019,SEX_M,18,4.649,0.0038914414237201304
IRL,BA:772,2019,SEX_M,21,26.129,0.021871256820904128
IRL,BA:772,2019,SEX_M,22,4.598,0.003848751917888827
IRL,BA:772,2019,SEX_M,23,6.551,0.00548350887648754
IRL,BA:772,2019,SEX_M,25,14.736,0.012334756037844664
IRL,BA:772,2019,SEX_M,26,14.249,0.01192711310961242
IRL,BA:772,2019,SEX_M,28,7.08,0.005926307868345563
IRL,BA:772,2019,SEX_M,29,4.569,0.003824477493004361
IRL,BA:772,2019,SEX_M,31,6.747,0.005647570506741174
IRL,BA:772,2019,SEX_M,32,30.079,0.025177600899995226
IRL,BA:772,2019,SEX_M,33,5.782,0.0048398180924822095
IRL,BA:772,2019,SEX_M,35,10.866,0.009095375889469334
IRL,BA:772,2019,SEX_M,38,5.633,0.00471509777152409
IRL,BA:772,2019,SEX_M,41,49.056,0.04106228231490959
IRL,BA:772,2019,SEX_M,42,13.193,0.011043189224164267
IRL,BA:772,2019,SEX_M,43,73.105,0.06119247693720373
IRL,BA:772,2019,SEX_M,45,32.909,0.027546449949065552
IRL,BA:772,2019,SEX_M,46,35.891,0.030042530466495847
IRL,BA:772,2019,SEX_M,47,84.051,0.07035481675738883
IRL,BA:772,2019,SEX_M,49,46.57,0.03898137816791707
IRL,BA:772,2019,SEX_M,52,21.583,0.018066031457980546
IRL,BA:772,2019,SEX_M,53,13.067,0.010937721033286931
IRL,BA:772,2019,SEX_M,55,20.569,0.017217263636158175
IRL,BA:772,2019,SEX_M,56,58.917,0.04931642382476208
IRL,BA:772,2019,SEX_M,59,5.197,0.004350144349123148
IRL,BA:772,2019,SEX_M,61,12.315,0.010308260084558702
IRL,BA:772,2019,SEX_M,62,56.88,0.047611354738911815
IRL,BA:772,2019,SEX_M,63,5.209,0.0043601889387305135
IRL,BA:772,2019,SEX_M,64,33.95,0.028417818097504502
IRL,BA:772,2019,SEX_M,65,11.335,0.009487951933290531
IRL,BA:772,2019,SEX_M,66,7.09,0.005934678359685034
IRL,BA:772,2019,SEX_M,68,5.354,0.004481561063152845
IRL,BA:772,2019,SEX_M,69,21.918,0.01834644291785283
IRL,BA:772,2019,SEX_M,70,5.658,0.004736023999872768
IRL,BA:772,2019,SEX_M,71,28.397,0.023769684256696177
IRL,BA:772,2019,SEX_M,73,6.605,0.0055287095297206846
IRL,BA:772,2019,SEX_M,74,9.072,0.0075937097431682124
IRL,BA:772,2019,SEX_M,77,10.391,0.008697777550844455
IRL,BA:772,2019,SEX_M,80,14.864,0.012441898326989895
IRL,BA:772,2019,SEX_M,81,24.573,0.02056880836848242
IRL,BA:772,2019,SEX_M,82,8.845,0.007403699589762219
IRL,BA:772,2019,SEX_M,84,54.207,0.04537392240387118
IRL,BA:772,2019,SEX_M,85,51.314,0.04295233925936218
IRL,BA:772,2019,SEX_M,86,35.169,0.02943818099178603
IRL,BA:772,2019,SEX_M,87,9.668,0.008092591027000691
IRL,BA:772,2019,SEX_M,88,15.559,0.013023647475083137
IRL,BA:772,2019,SEX_M,90,6.148,0.005146178075506853
IRL,BA:772,2019,SEX_M,92,4.256,0.003562481114078915
IRL,BA:772,2019,SEX_M,93,18.109,0.015158122766648277
IRL,BA:772,2019,SEX_M,94,8.406,0.007036235019959436
IRL,BA:772,2019,SEX_M,96,7.128,0.005966486226775024
IRN,BA:675,2024,SEX_F,1,465.02,0.1187912222937777
IRN,BA:675,2024,SEX_F,2,1.352,3.453738173437432e-4
IRN,BA:675,2024,SEX_F,3,0.445,1.1367703307541844e-4
IRN,BA:675,2024,SEX_F,6,5.867,0.001498748658547146
IRN,BA:675,2024,SEX_F,7,0.618,1.5787057627103055e-4
IRN,BA:675,2024,SEX_F,10,117.702,0.03006744752144472
IRN,BA:675,2024,SEX_F,11,1.204,3.075666243209074e-4
IRN,BA:675,2024,SEX_F,13,295.023,0.07536480748091949
IRN,BA:675,2024,SEX_F,14,307.291,0.07849871723770428
IRN,BA:675,2024,SEX_F,15,15.589,0.0039822725137364
IRN,BA:675,2024,SEX_F,16,10.632,0.002715987001478312
IRN,BA:675,2024,SEX_F,17,3.997,0.0010210496656234776
IRN,BA:675,2024,SEX_F,18,3.216,8.215400862259454e-4
IRN,BA:675,2024,SEX_F,19,2.51,6.411895573467421e-4
IRN,BA:675,2024,SEX_F,20,17.527,0.00447734237913002
IRN,BA:675,2024,SEX_F,21,15.868,0.004053544181664584
IRN,BA:675,2024,SEX_F,22,12.599,0.0032184650330723524
IRN,BA:675,2024,SEX_F,23,22.939,0.005859859464532637
IRN,BA:675,2024,SEX_F,24,11.245,0.002872580307714787
IRN,BA:675,2024,SEX_F,25,7.356,0.0018791196748377034
IRN,BA:675,2024,SEX_F,26,6.175,0.00157742849267575
IRN,BA:675,2024,SEX_F,27,16.7,0.004266081915414579
IRN,BA:675,2024,SEX_F,28,6.704,0.001712563662331697
IRN,BA:675,2024,SEX_F,29,16.269,0.0041559812384359155
IRN,BA:675,2024,SEX_F,30,1.663,4.248200134930806e-4
IRN,BA:675,2024,SEX_F,31,5.97,0.0015250604212589843
IRN,BA:675,2024,SEX_F,32,20.791,0.005311144257687696
IRN,BA:675,2024,SEX_F,35,7.136,0.0018229197933172718
IRN,BA:675,2024,SEX_F,36,1.493,3.8139283231820165e-4
IRN,BA:675,2024,SEX_F,37,3.218,8.220509942397675e-4
IRN,BA:675,2024,SEX_F,38,1.695,4.3299454171423426e-4
IRN,BA:675,2024,SEX_F,41,29.4,0.007510347803184948
IRN,BA:675,2024,SEX_F,42,3.29,8.404436827373632e-4
IRN,BA:675,2024,SEX_F,43,9.622,0.0024579784544981487
IRN,BA:675,2024,SEX_F,45,11.744,0.0030000518571634024
IRN,BA:675,2024,SEX_F,46,46.795,0.01195397025340271
IRN,BA:675,2024,SEX_F,47,344.358,0.08796763091187627
IRN,BA:675,2024,SEX_F,49,32.817,0.008383234144800016
IRN,BA:675,2024,SEX_F,52,10.772,0.0027517505624458593
IRN,BA:675,2024,SEX_F,53,1.654,4.225209274308811e-4
IRN,BA:675,2024,SEX_F,55,12.753,0.0032578049501366547
IRN,BA:675,2024,SEX_F,56,65.42,0.016711801132121066
IRN,BA:675,2024,SEX_F,58,4.615,0.001178920241894508
IRN,BA:675,2024,SEX_F,59,1.069,2.730803333879153e-4
IRN,BA:675,2024,SEX_F,60,4.652,0.001188372040150217
IRN,BA:675,2024,SEX_F,61,22.377,0.005716294312648625
IRN,BA:675,2024,SEX_F,62,22.622,0.005778880544341833
IRN,BA:675,2024,SEX_F,63,1.623,4.1460185321663846e-4
IRN,BA:675,2024,SEX_F,64,39.531,0.010098352347200823
IRN,BA:675,2024,SEX_F,65,15.701,0.004010883362510438
IRN,BA:675,2024,SEX_F,66,23.947,0.006117357103498978
IRN,BA:675,2024,SEX_F,68,3.415,8.723754336012449e-4
IRN,BA:675,2024,SEX_F,69,52.556,0.013425640787217284
IRN,BA:675,2024,SEX_F,70,2.481,6.337813911463216e-4
IRN,BA:675,2024,SEX_F,71,30.11,0.007691720148091796
IRN,BA:675,2024,SEX_F,72,7.362,0.0018806523988791697
IRN,BA:675,2024,SEX_F,73,6.359,0.0016244320299473839
IRN,BA:675,2024,SEX_F,74,34.93,0.00892300846140307
IRN,BA:675,2024,SEX_F,75,0.71,1.8137234490684737e-4
IRN,BA:675,2024,SEX_F,77,1.537,3.926328086222879e-4
IRN,BA:675,2024,SEX_F,78,14.307,0.0036547804768764305
IRN,BA:675,2024,SEX_F,79,5.232,0.0013365353641586275
IRN,BA:675,2024,SEX_F,81,32.294,0.008249631699185534
IRN,BA:675,2024,SEX_F,82,9.888,0.0025259292203364887
IRN,BA:675,2024,SEX_F,84,105.157,0.026862777004745562
IRN,BA:675,2024,SEX_F,85,733.945,0.18748919110233256
IRN,BA:675,2024,SEX_F,86,437.981,0.11188400140090976
IRN,BA:675,2024,SEX_F,87,12.122,0.0030966134717757806
IRN,BA:675,2024,SEX_F,88,19.867,0.005075104755301883
IRN,BA:675,2024,SEX_F,90,10.102,0.002580596377815454
IRN,BA:675,2024,SEX_F,91,5.746,0.0014678387237109086
IRN,BA:675,2024,SEX_F,93,49.118,0.012547389911457086
IRN,BA:675,2024,SEX_F,94,15.827,0.004043070567381231
IRN,BA:675,2024,SEX_F,95,2.391,6.107905305243269e-4
IRN,BA:675,2024,SEX_F,96,187.632,0.04793134622473463
IRN,BA:675,2024,SEX_F,97,22.954,0.005863691274636303
IRN,BA:675,2024,SEX_M,1,2639.468,0.13224028734792556
IRN,BA:675,2024,SEX_M,2,12.953,6.489597305281518e-4
IRN,BA:675,2024,SEX_M,3,109.257,0.005473897419772585
IRN,BA:675,2024,SEX_M,5,15.707,7.869381986725609e-4
IRN,BA:675,2024,SEX_M,6,54.45,0.0027280056610250805
IRN,BA:675,2024,SEX_M,7,56.781,0.002844791357918551
IRN,BA:675,2024,SEX_M,8,40.691,0.002038664432557788
IRN,BA:675,2024,SEX_M,9,18.487,9.262192957827486e-4
IRN,BA:675,2024,SEX_M,10,538.246,0.02696672424286695
IRN,BA:675,2024,SEX_M,11,16.058,8.045236897105738e-4
IRN,BA:675,2024,SEX_M,12,4.764,2.386817074219189e-4
IRN,BA:675,2024,SEX_M,13,185.964,0.00931700357661833
IRN,BA:675,2024,SEX_M,14,210.652,0.010553899880739306
IRN,BA:675,2024,SEX_M,15,95.734,0.004796380054225437
IRN,BA:675,2024,SEX_M,16,103.298,0.005175344881038912
IRN,BA:675,2024,SEX_M,17,44.154,0.0022121645905767017
IRN,BA:675,2024,SEX_M,18,52.825,0.0026465913506639096
IRN,BA:675,2024,SEX_M,19,56.879,0.0028497012670972554
IRN,BA:675,2024,SEX_M,20,127.683,0.00639706054759716
IRN,BA:675,2024,SEX_M,21,42.512,0.0021298985612763677
IRN,BA:675,2024,SEX_M,22,140.777,0.007053084535208957
IRN,BA:675,2024,SEX_M,23,297.514,0.014905782850949786
IRN,BA:675,2024,SEX_M,24,183.211,0.00917907520958799
IRN,BA:675,2024,SEX_M,25,413.578,0.020720718554186054
IRN,BA:675,2024,SEX_M,26,27.919,0.0013987730036760188
IRN,BA:675,2024,SEX_M,27,115.945,0.005808973670662129
IRN,BA:675,2024,SEX_M,28,95.045,0.0047618603866323005
IRN,BA:675,2024,SEX_M,29,254.094,0.012730392478099298
IRN,BA:675,2024,SEX_M,30,14.638,7.333801077334275e-4
IRN,BA:675,2024,SEX_M,31,248.697,0.012459996765472074
IRN,BA:675,2024,SEX_M,32,48.404,0.0024250943253674565
IRN,BA:675,2024,SEX_M,33,97.338,0.004876742241191171
IRN,BA:675,2024,SEX_M,35,184.294,0.009233334716124081
IRN,BA:675,2024,SEX_M,36,27.694,0.0013875002530106257
IRN,BA:675,2024,SEX_M,37,37.734,0.0018905154382574912
IRN,BA:675,2024,SEX_M,38,70.141,0.003514142241872547
IRN,BA:675,2024,SEX_M,39,2.278,1.141303378478445e-4
IRN,BA:675,2024,SEX_M,41,1794.431,0.08990299221889617
IRN,BA:675,2024,SEX_M,42,99.259,0.004972986481316593
IRN,BA:675,2024,SEX_M,43,1461.524,0.07322398063772304
IRN,BA:675,2024,SEX_M,45,1017.343,0.05097001768970135
IRN,BA:675,2024,SEX_M,46,371.006,0.018587813926065583
IRN,BA:675,2024,SEX_M,47,2456.964,0.12309663362598394
IRN,BA:675,2024,SEX_M,49,2251.239,0.11278958193425971
IRN,BA:675,2024,SEX_M,50,12.471,6.248109935471769e-4
IRN,BA:675,2024,SEX_M,51,7.168,3.5912478564238345e-4
IRN,BA:675,2024,SEX_M,52,119.845,0.00600436801552894
IRN,BA:675,2024,SEX_M,53,24.79,0.0012420066177559548
IRN,BA:675,2024,SEX_M,55,31.165,0.001561401219942087
IRN,BA:675,2024,SEX_M,56,321.965,0.016130805191036546
IRN,BA:675,2024,SEX_M,58,7.542,3.778626023039698e-4
IRN,BA:675,2024,SEX_M,59,9.231,4.624833839655191e-4
IRN,BA:675,2024,SEX_M,60,17.608,8.821804165166137e-4
IRN,BA:675,2024,SEX_M,61,87.448,0.0043812422230545675
IRN,BA:675,2024,SEX_M,62,71.792,0.0035968591811994964
IRN,BA:675,2024,SEX_M,63,5.927,2.96949303083483e-4
IRN,BA:675,2024,SEX_M,64,206.072,0.010324436778305976
IRN,BA:675,2024,SEX_M,65,19.872,9.956093387675005e-4
IRN,BA:675,2024,SEX_M,66,39.948,0.002001439304804957
IRN,BA:675,2024,SEX_M,68,206.951,0.01036847565757211
IRN,BA:675,2024,SEX_M,69,90.206,0.004519421095655251
IRN,BA:675,2024,SEX_M,70,10.62,5.320738314065446e-4
IRN,BA:675,2024,SEX_M,71,85.724,0.004294867902400625
IRN,BA:675,2024,SEX_M,72,12.799,6.412441589616162e-4
IRN,BA:675,2024,SEX_M,73,11.79,5.906921348665876e-4
IRN,BA:675,2024,SEX_M,74,45.971,0.0023031983148390075
IRN,BA:675,2024,SEX_M,75,10.613,5.317231236080657e-4
IRN,BA:675,2024,SEX_M,77,6.287,3.1498570414811167e-4
IRN,BA:675,2024,SEX_M,78,167.011,0.008367437161679701
IRN,BA:675,2024,SEX_M,79,7.485,3.7500683880207033e-4
IRN,BA:675,2024,SEX_M,80,28.815,0.0014436636018813167
IRN,BA:675,2024,SEX_M,81,49.12,0.0024609667230404398
IRN,BA:675,2024,SEX_M,82,28.106,0.001408141912006812
IRN,BA:675,2024,SEX_M,84,527.969,0.026451835093585875
IRN,BA:675,2024,SEX_M,85,614.489,0.030786583482784954
IRN,BA:675,2024,SEX_M,86,311.982,0.015630645769291584
IRN,BA:675,2024,SEX_M,87,7.483,3.749066365739335e-4
IRN,BA:675,2024,SEX_M,88,38.453,0.00192653813927268
IRN,BA:675,2024,SEX_M,90,22.932,0.0011489187478168437
IRN,BA:675,2024,SEX_M,91,5.758,2.8848221480592127e-4
IRN,BA:675,2024,SEX_M,93,53.509,0.002680860512686704
IRN,BA:675,2024,SEX_M,94,73.399,0.003677371671507436
IRN,BA:675,2024,SEX_M,95,135.824,0.006804933717228109
IRN,BA:675,2024,SEX_M,96,256.706,0.012861256588045994
IRN,BA:675,2024,SEX_M,97,29.16,0.0014609484862349192
ISR,BA:706,2024,SEX_F,1,6.577,0.0031824280808511888
ISR,BA:706,2024,SEX_F,10,21.698,0.010499061045812542
ISR,BA:706,2024,SEX_F,11,2.019,9.76938162572381e-4
ISR,BA:706,2024,SEX_F,13,0.523,2.5306521001751127e-4
ISR,BA:706,2024,SEX_F,14,4.689,0.0022688771888568077
ISR,BA:706,2024,SEX_F,15,0.797,3.856462187073738e-4
ISR,BA:706,2024,SEX_F,16,0.616,2.9806533340494636e-4
ISR,BA:706,2024,SEX_F,17,1.593,7.70808565120259e-4
ISR,BA:706,2024,SEX_F,18,2.652,0.0012832293249836328
ISR,BA:706,2024,SEX_F,19,0.253,1.2241969050560297e-4
ISR,BA:706,2024,SEX_F,20,6.896,0.003336783342793036
ISR,BA:706,2024,SEX_F,21,7.77,0.0037596877281760276
ISR,BA:706,2024,SEX_F,22,5.317,0.0025727489897956167
ISR,BA:706,2024,SEX_F,23,1.71,8.274216235754192e-4
ISR,BA:706,2024,SEX_F,24,0.542,2.622587836127937e-4
ISR,BA:706,2024,SEX_F,25,9.661,0.004674690237053874
ISR,BA:706,2024,SEX_F,26,25.959,0.012560840892628251
ISR,BA:706,2024,SEX_F,27,2.595,0.0012556486041977854
ISR,BA:706,2024,SEX_F,28,5.475,0.0026492008123248072
ISR,BA:706,2024,SEX_F,29,1.125,5.443563312996179e-4
ISR,BA:706,2024,SEX_F,30,4.559,0.0022059737905732965
ISR,BA:706,2024,SEX_F,31,3.388,0.001639359333727205
ISR,BA:706,2024,SEX_F,32,10.404,0.0050342073518588664
ISR,BA:706,2024,SEX_F,33,1.017,4.920981234948546e-4
ISR,BA:706,2024,SEX_F,35,4.621,0.0022359738728315866
ISR,BA:706,2024,SEX_F,36,1.938,9.377445067188085e-4
ISR,BA:706,2024,SEX_F,37,0.219,1.0596803249299229e-4
ISR,BA:706,2024,SEX_F,38,0.822,3.977430260695875e-4
ISR,BA:706,2024,SEX_F,41,12.254,0.005929371096662682
ISR,BA:706,2024,SEX_F,42,3.552,0.001718714390023327
ISR,BA:706,2024,SEX_F,43,7.56,0.0036580745463334324
ISR,BA:706,2024,SEX_F,45,11.282,0.005459047226419813
ISR,BA:706,2024,SEX_F,46,40.403,0.019549892314220857
ISR,BA:706,2024,SEX_F,47,132.275,0.06400420775347286
ISR,BA:706,2024,SEX_F,49,12.907,0.006245339704963705
ISR,BA:706,2024,SEX_F,50,1.118,5.409692252381982e-4
ISR,BA:706,2024,SEX_F,51,3.087,0.0014937137730861518
ISR,BA:706,2024,SEX_F,52,11.884,0.00575033834770192
ISR,BA:706,2024,SEX_F,53,4.469,0.002162425284069327
ISR,BA:706,2024,SEX_F,55,9.693,0.004690174150477508
ISR,BA:706,2024,SEX_F,56,55.462,0.02683652519692392
ISR,BA:706,2024,SEX_F,58,3.482,0.0016848433294091288
ISR,BA:706,2024,SEX_F,59,3.207,0.0015517784484247775
ISR,BA:706,2024,SEX_F,60,2.581,0.0012488743920749457
ISR,BA:706,2024,SEX_F,61,9.225,0.004463721916656867
ISR,BA:706,2024,SEX_F,62,80.173,0.03879349346603046
ISR,BA:706,2024,SEX_F,63,2.555,0.0012362937124182434
ISR,BA:706,2024,SEX_F,64,32.577,0.015763107737553468
ISR,BA:706,2024,SEX_F,65,20.852,0.01008970508467523
ISR,BA:706,2024,SEX_F,66,26.314,0.012732615557171686
ISR,BA:706,2024,SEX_F,68,11.995,0.005804048172390148
ISR,BA:706,2024,SEX_F,69,64.844,0.03137621506381549
ISR,BA:706,2024,SEX_F,70,14.051,0.006798889609858606
ISR,BA:706,2024,SEX_F,71,27.037,0.013082455226086906
ISR,BA:706,2024,SEX_F,72,21.637,0.010469544835848742
ISR,BA:706,2024,SEX_F,73,11.11,0.0053758211917677825
ISR,BA:706,2024,SEX_F,74,23.358,0.011302289054663534
ISR,BA:706,2024,SEX_F,75,3.196,0.0015464558531854036
ISR,BA:706,2024,SEX_F,77,4.171,0.0020182313403117394
ISR,BA:706,2024,SEX_F,78,5.673,0.00274500752663354
ISR,BA:706,2024,SEX_F,79,6.623,0.003204686206397662
ISR,BA:706,2024,SEX_F,80,6.182,0.002991298524528212
ISR,BA:706,2024,SEX_F,81,22.529,0.010901158922532527
ISR,BA:706,2024,SEX_F,82,20.003,0.009678897506654452
ISR,BA:706,2024,SEX_F,84,186.452,0.09021895705197899
ISR,BA:706,2024,SEX_F,85,431.858,0.20896412135323592
ISR,BA:706,2024,SEX_F,86,196.833,0.09524203534106462
ISR,BA:706,2024,SEX_F,87,24.429,0.01182051628206077
ISR,BA:706,2024,SEX_F,88,190.734,0.09229089821697896
ISR,BA:706,2024,SEX_F,90,11.902,0.0057590480490027135
ISR,BA:706,2024,SEX_F,91,8.094,0.0039164623515903175
ISR,BA:706,2024,SEX_F,92,1.226,5.932274330429614e-4
ISR,BA:706,2024,SEX_F,93,16.472,0.007970344434815384
ISR,BA:706,2024,SEX_F,94,30.92,0.014961331345585945
ISR,BA:706,2024,SEX_F,95,1.184,5.729047966744423e-4
ISR,BA:706,2024,SEX_F,96,48.918,0.023670064901790855
ISR,BA:706,2024,SEX_F,97,52.014,0.025168133525527405
ISR,BA:706,2024,SEX_F,99,0.869,4.2048502391054933e-4
ISR,BA:706,2024,SEX_M,1,25.551,0.011759291432621437
ISR,BA:706,2024,SEX_M,2,1.13,5.200578967109789e-4
ISR,BA:706,2024,SEX_M,3,0.974,4.482622932712332e-4
ISR,BA:706,2024,SEX_M,6,0.757,3.4839276797363813e-4
ISR,BA:706,2024,SEX_M,8,2.165,9.963941118400616e-4
ISR,BA:706,2024,SEX_M,9,0.21,9.664792770735007e-5
ISR,BA:706,2024,SEX_M,10,37.61,0.01730918362415922
ISR,BA:706,2024,SEX_M,11,4.215,0.0019398619775546693
ISR,BA:706,2024,SEX_M,13,1.373,6.318933559151984e-4
ISR,BA:706,2024,SEX_M,14,1.284,5.90933043696369e-4
ISR,BA:706,2024,SEX_M,15,0.816,3.755462333771317e-4
ISR,BA:706,2024,SEX_M,16,2.835,0.001304747024049226
ISR,BA:706,2024,SEX_M,17,4.111,0.0018919982419281721
ISR,BA:706,2024,SEX_M,18,5.571,0.0025639314536078438
ISR,BA:706,2024,SEX_M,19,2.349,0.0010810761056407874
ISR,BA:706,2024,SEX_M,20,12.422,0.005716955038003346
ISR,BA:706,2024,SEX_M,21,6.597,0.003036125614692326
ISR,BA:706,2024,SEX_M,22,12.99,0.005978364671040369
ISR,BA:706,2024,SEX_M,23,6.771,0.003116205326221273
ISR,BA:706,2024,SEX_M,24,5.03,0.0023149479827046233
ISR,BA:706,2024,SEX_M,25,35.534,0.016353749824537987
ISR,BA:706,2024,SEX_M,26,56.085,0.02581190012127014
ISR,BA:706,2024,SEX_M,27,6.739,0.0031014780229515816
ISR,BA:706,2024,SEX_M,28,11.369,0.005232334714785062
ISR,BA:706,2024,SEX_M,29,2.484,0.001143206916309798
ISR,BA:706,2024,SEX_M,30,19.391,0.008924285553205834
ISR,BA:706,2024,SEX_M,31,13.904,0.00639901327068093
ISR,BA:706,2024,SEX_M,32,12.67,0.0058310916383434545
ISR,BA:706,2024,SEX_M,33,4.763,0.002192067046048135
ISR,BA:706,2024,SEX_M,35,12.959,0.005964097595997855
ISR,BA:706,2024,SEX_M,36,4.686,0.0021566294725554403
ISR,BA:706,2024,SEX_M,37,0.861,3.962565036001353e-4
ISR,BA:706,2024,SEX_M,38,8.046,0.003702996315873041
ISR,BA:706,2024,SEX_M,41,85.473,0.03933708726157301
ISR,BA:706,2024,SEX_M,42,23.061,0.010613323146948572
ISR,BA:706,2024,SEX_M,43,101.637,0.046776216325675905
ISR,BA:706,2024,SEX_M,45,47.791,0.021994767205056987
ISR,BA:706,2024,SEX_M,46,82.142,0.03780406703684357
ISR,BA:706,2024,SEX_M,47,127.476,0.05866805348772456
ISR,BA:706,2024,SEX_M,49,101.678,0.04679508568299019
ISR,BA:706,2024,SEX_M,50,0.871,4.0085878587191385e-4
ISR,BA:706,2024,SEX_M,51,4.666,0.0021474249080118833
ISR,BA:706,2024,SEX_M,52,27.735,0.012764429880777877
ISR,BA:706,2024,SEX_M,53,23.967,0.01103028992077171
ISR,BA:706,2024,SEX_M,55,16.81,0.0077364364988597835
ISR,BA:706,2024,SEX_M,56,77.083,0.035475772435550786
ISR,BA:706,2024,SEX_M,58,4.327,0.0019914075389985894
ISR,BA:706,2024,SEX_M,59,5.194,0.0023904254119617918
ISR,BA:706,2024,SEX_M,60,3.386,0.0015583327772242255
ISR,BA:706,2024,SEX_M,61,12.719,0.005853642821475169
ISR,BA:706,2024,SEX_M,62,153.122,0.0704710666019279
ISR,BA:706,2024,SEX_M,63,3.092,0.0014230256784339354
ISR,BA:706,2024,SEX_M,64,25.267,0.011628586616102925
ISR,BA:706,2024,SEX_M,65,10.999,0.005062050270729255
ISR,BA:706,2024,SEX_M,66,27.604,0.012704139983017579
ISR,BA:706,2024,SEX_M,68,19.899,0.009158081492612187
ISR,BA:706,2024,SEX_M,69,48.48,0.02231186445358253
ISR,BA:706,2024,SEX_M,70,15.185,0.006988565629695766
ISR,BA:706,2024,SEX_M,71,39.148,0.018017014637558768
ISR,BA:706,2024,SEX_M,72,40.95,0.018846345902933267
ISR,BA:706,2024,SEX_M,73,15.332,0.007056219179090911
ISR,BA:706,2024,SEX_M,74,16.542,0.00761309533397612
ISR,BA:706,2024,SEX_M,75,1.878,8.643086106400164e-4
ISR,BA:706,2024,SEX_M,77,7.201,0.0033141034639077517
ISR,BA:706,2024,SEX_M,78,4.452,0.0020489360673958215
ISR,BA:706,2024,SEX_M,79,8.004,0.003683666730331571
ISR,BA:706,2024,SEX_M,80,36.272,0.016693398256195247
ISR,BA:706,2024,SEX_M,81,34.683,0.01596209560320963
ISR,BA:706,2024,SEX_M,82,6.739,0.0031014780229515816
ISR,BA:706,2024,SEX_M,84,246.209,0.11331233158523311
ISR,BA:706,2024,SEX_M,85,134.884,0.06207742419465812
ISR,BA:706,2024,SEX_M,86,73.888,0.03400534324971754
ISR,BA:706,2024,SEX_M,87,10.12,0.004657509659039917
ISR,BA:706,2024,SEX_M,88,25.182,0.011589467216792807
ISR,BA:706,2024,SEX_M,90,17.277,0.007951363080951844
ISR,BA:706,2024,SEX_M,91,5.123,0.002357749207832164
ISR,BA:706,2024,SEX_M,92,1.252,5.762057404266775e-4
ISR,BA:706,2024,SEX_M,93,19.068,0.008775631835827387
ISR,BA:706,2024,SEX_M,94,22.9,0.010539226402372936
ISR,BA:706,2024,SEX_M,95,7.194,0.0033108818663175068
ISR,BA:706,2024,SEX_M,96,13.217,0.0060828364786097424
ISR,BA:706,2024,SEX_M,97,10.516,0.004839760037002349
ISR,BA:706,2024,SEX_M,99,0.888,4.0868266573393743e-4
ITA,BA:2238,2024,SEX_F,1,199.706,0.019650827971665473
ITA,BA:2238,2024,SEX_F,2,4.808,4.731013634430993e-4
ITA,BA:2238,2024,SEX_F,8,1.814,1.7849539793797468e-4
ITA,BA:2238,2024,SEX_F,10,175.726,0.01729122508161441
ITA,BA:2238,2024,SEX_F,11,14.099,0.001387324484855295
ITA,BA:2238,2024,SEX_F,13,48.65,0.004787100942493091
ITA,BA:2238,2024,SEX_F,14,126.279,0.012425700306620454
ITA,BA:2238,2024,SEX_F,15,67.63,0.0066547099021748764
ITA,BA:2238,2024,SEX_F,16,19.532,0.001921925089594554
ITA,BA:2238,2024,SEX_F,17,22.42,0.00220610078377585
ITA,BA:2238,2024,SEX_F,18,11.414,0.0011231237442469917
ITA,BA:2238,2024,SEX_F,19,2.316,2.2789158854705035e-4
ITA,BA:2238,2024,SEX_F,20,56.713,0.005580490354606592
ITA,BA:2238,2024,SEX_F,21,47.944,0.0047176313995249495
ITA,BA:2238,2024,SEX_F,22,48.276,0.004750299796501469
ITA,BA:2238,2024,SEX_F,23,33.56,0.0033022632606386055
ITA,BA:2238,2024,SEX_F,24,36.664,0.0036076930926118543
ITA,BA:2238,2024,SEX_F,25,92.506,0.009102478104548117
ITA,BA:2238,2024,SEX_F,26,46.459,0.004571509202205273
ITA,BA:2238,2024,SEX_F,27,53.351,0.005249673635826288
ITA,BA:2238,2024,SEX_F,28,103.073,0.010142258076990552
ITA,BA:2238,2024,SEX_F,29,35.784,0.003521102160866861
ITA,BA:2238,2024,SEX_F,30,25.347,0.0024941140306140265
ITA,BA:2238,2024,SEX_F,31,31.758,0.0031249486481335167
ITA,BA:2238,2024,SEX_F,32,65.75,0.006469720184356028
ITA,BA:2238,2024,SEX_F,33,21.447,0.002110358764925988
ITA,BA:2238,2024,SEX_F,35,40.049,0.003940772983471856
ITA,BA:2238,2024,SEX_F,36,9.626,9.471867147469372e-4
ITA,BA:2238,2024,SEX_F,38,28.652,0.0028193220185881206
ITA,BA:2238,2024,SEX_F,39,4.742,4.6660704356222486e-4
ITA,BA:2238,2024,SEX_F,41,42.097,0.0041422936973511135
ITA,BA:2238,2024,SEX_F,42,10.828,0.001065462055607712
ITA,BA:2238,2024,SEX_F,43,77.394,0.007615475649400007
ITA,BA:2238,2024,SEX_F,45,62.014,0.006102102319584102
ITA,BA:2238,2024,SEX_F,46,239.483,0.02356483648532524
ITA,BA:2238,2024,SEX_F,47,1103.997,0.10863196462917875
ITA,BA:2238,2024,SEX_F,49,70.758,0.006962501305013898
ITA,BA:2238,2024,SEX_F,50,5.569,5.479828396453037e-4
ITA,BA:2238,2024,SEX_F,51,11.678,0.0011491010237704897
ITA,BA:2238,2024,SEX_F,52,92.728,0.009124322635056513
ITA,BA:2238,2024,SEX_F,53,63.181,0.006216933702932292
ITA,BA:2238,2024,SEX_F,55,184.065,0.01811177255868429
ITA,BA:2238,2024,SEX_F,56,579.004,0.056973290731906885
ITA,BA:2238,2024,SEX_F,58,29.95,0.0029470436429119853
ITA,BA:2238,2024,SEX_F,59,13.641,0.001342257840833469
ITA,BA:2238,2024,SEX_F,60,4.923,4.844172238415928e-4
ITA,BA:2238,2024,SEX_F,61,38.36,0.0037745774337931137
ITA,BA:2238,2024,SEX_F,62,115.528,0.01136781495754043
ITA,BA:2238,2024,SEX_F,63,33.734,0.0033193846494154566
ITA,BA:2238,2024,SEX_F,64,161.435,0.015885008029832934
ITA,BA:2238,2024,SEX_F,65,47.556,0.004679452670528292
ITA,BA:2238,2024,SEX_F,66,70.272,0.006914679494982005
ITA,BA:2238,2024,SEX_F,68,66.377,0.006531416223224335
ITA,BA:2238,2024,SEX_F,69,344.595,0.03390772968712039
ITA,BA:2238,2024,SEX_F,70,65.131,0.006408811335776311
ITA,BA:2238,2024,SEX_F,71,112.426,0.011062581923139327
ITA,BA:2238,2024,SEX_F,72,23.672,0.0023292960639403177
ITA,BA:2238,2024,SEX_F,73,55.192,0.005430825800988257
ITA,BA:2238,2024,SEX_F,74,104.731,0.010305403264301006
ITA,BA:2238,2024,SEX_F,75,16.787,0.0016518204218218195
ITA,BA:2238,2024,SEX_F,77,11.539,0.0011354235925062235
ITA,BA:2238,2024,SEX_F,78,80.125,0.007884202734167707
ITA,BA:2238,2024,SEX_F,79,39.102,0.0038475893330599145
ITA,BA:2238,2024,SEX_F,80,11.433,0.0011249933211823948
ITA,BA:2238,2024,SEX_F,81,248.018,0.0244046701244656
ITA,BA:2238,2024,SEX_F,82,151.521,0.014909482464696724
ITA,BA:2238,2024,SEX_F,84,431.63,0.04247186803305844
ITA,BA:2238,2024,SEX_F,85,1277.529,0.1257073027741471
ITA,BA:2238,2024,SEX_F,86,954.622,0.0939336459593965
ITA,BA:2238,2024,SEX_F,87,249.123,0.024513400783077212
ITA,BA:2238,2024,SEX_F,88,214.003,0.02105763541616339
ITA,BA:2238,2024,SEX_F,90,40.307,0.003966159870278912
ITA,BA:2238,2024,SEX_F,91,28.497,0.002804070206746673
ITA,BA:2238,2024,SEX_F,92,12.045,0.0011852133782595947
ITA,BA:2238,2024,SEX_F,93,71.662,0.007051453807624665
ITA,BA:2238,2024,SEX_F,94,104.795,0.010311700786609734
ITA,BA:2238,2024,SEX_F,95,7.313,7.195903225581085e-4
ITA,BA:2238,2024,SEX_F,96,388.993,0.03827643899122744
ITA,BA:2238,2024,SEX_F,97,498.843,0.04908554564144052
ITA,BA:2238,2024,SEX_F,98,11.404,0.0011221397563862532
ITA,BA:2238,2024,SEX_F,99,7.022,6.909562758106164e-4
ITA,BA:2238,2024,SEX_M,1,568.229,0.041283576158026226
ITA,BA:2238,2024,SEX_M,2,26.611,0.0019333706043535898
ITA,BA:2238,2024,SEX_M,3,19.744,0.0014344620349613796
ITA,BA:2238,2024,SEX_M,6,5.172,3.757616311193403e-4
ITA,BA:2238,2024,SEX_M,8,11.416,8.294073435534396e-4
ITA,BA:2238,2024,SEX_M,9,6.936,5.039216305962383e-4
ITA,BA:2238,2024,SEX_M,10,279.249,0.02028829461106819
ITA,BA:2238,2024,SEX_M,11,48.503,0.003523891414188199
ITA,BA:2238,2024,SEX_M,12,3.398,2.4687510103316287e-4
ITA,BA:2238,2024,SEX_M,13,54.045,0.003926534677850879
ITA,BA:2238,2024,SEX_M,14,64.283,0.004670356715631198
ITA,BA:2238,2024,SEX_M,15,63.835,0.004637808144335478
ITA,BA:2238,2024,SEX_M,16,115.635,0.008401236700403117
ITA,BA:2238,2024,SEX_M,17,77.426,0.005625235895407202
ITA,BA:2238,2024,SEX_M,18,41.132,0.0029883657020883035
ITA,BA:2238,2024,SEX_M,19,20.721,0.0015054440754879836
ITA,BA:2238,2024,SEX_M,20,107.815,0.007833089763946574
ITA,BA:2238,2024,SEX_M,21,81.858,0.005947234261439861
ITA,BA:2238,2024,SEX_M,22,132.87,0.009653412205496278
ITA,BA:2238,2024,SEX_M,23,127.865,0.009289783635551904
ITA,BA:2238,2024,SEX_M,24,193.872,0.014085394228222883
ITA,BA:2238,2024,SEX_M,25,496.908,0.03610188719958414
ITA,BA:2238,2024,SEX_M,26,90.757,0.006593773850637659
ITA,BA:2238,2024,SEX_M,27,128.119,0.009308237513027603
ITA,BA:2238,2024,SEX_M,28,404.822,0.029411557430973238
ITA,BA:2238,2024,SEX_M,29,161.753,0.011751850564278162
ITA,BA:2238,2024,SEX_M,30,111.214,0.008080037518040664
ITA,BA:2238,2024,SEX_M,31,107.692,0.007824153437452436
ITA,BA:2238,2024,SEX_M,32,96.135,0.006984502012308156
ITA,BA:2238,2024,SEX_M,33,150.594,0.010941115057383205
ITA,BA:2238,2024,SEX_M,35,109.168,0.007931389355382085
ITA,BA:2238,2024,SEX_M,36,38.252,0.0027791248866158172
ITA,BA:2238,2024,SEX_M,37,14.938,0.001085291424141668
ITA,BA:2238,2024,SEX_M,38,147.772,0.010736088119444539
ITA,BA:2238,2024,SEX_M,39,8.219,5.971355077667938e-4
ITA,BA:2238,2024,SEX_M,41,507.458,0.036868376992373976
ITA,BA:2238,2024,SEX_M,42,86.707,0.006299528953879474
ITA,BA:2238,2024,SEX_M,43,882.902,0.064145532799406
ITA,BA:2238,2024,SEX_M,45,377.197,0.02740451662283871
ITA,BA:2238,2024,SEX_M,46,559.023,0.04061473207912355
ITA,BA:2238,2024,SEX_M,47,975.938,0.07090488297589845
ITA,BA:2238,2024,SEX_M,49,492.985,0.035816869241563805
ITA,BA:2238,2024,SEX_M,50,36.401,0.002644644070838188
ITA,BA:2238,2024,SEX_M,51,16.13,0.0011718938727677802
ITA,BA:2238,2024,SEX_M,52,287.545,0.020891024404526434
ITA,BA:2238,2024,SEX_M,53,107,0.007773877519290297
ITA,BA:2238,2024,SEX_M,55,137.554,0.00999371914288278
ITA,BA:2238,2024,SEX_M,56,642,0.04664326511574178
ITA,BA:2238,2024,SEX_M,58,30.975,0.0022504285622431492
ITA,BA:2238,2024,SEX_M,59,30.814,0.0022387314194337498
ITA,BA:2238,2024,SEX_M,60,8.562,6.220555076650796e-4
ITA,BA:2238,2024,SEX_M,61,75.986,0.005520615487670958
ITA,BA:2238,2024,SEX_M,62,353.789,0.025703853772637335
ITA,BA:2238,2024,SEX_M,63,24.495,0.0017796367274300544
ITA,BA:2238,2024,SEX_M,64,202.183,0.014689213817595047
ITA,BA:2238,2024,SEX_M,65,37.168,0.002700368968569923
ITA,BA:2238,2024,SEX_M,66,96.758,0.007029764869266267
ITA,BA:2238,2024,SEX_M,68,76.21,0.0055368897733188175
ITA,BA:2238,2024,SEX_M,69,239.978,0.017435136255366794
ITA,BA:2238,2024,SEX_M,70,73.338,0.005328230182333755
ITA,BA:2238,2024,SEX_M,71,309.011,0.02245059501040574
ITA,BA:2238,2024,SEX_M,72,32.168,0.0023371036639301896
ITA,BA:2238,2024,SEX_M,73,57.817,0.004200582023671094
ITA,BA:2238,2024,SEX_M,74,142.445,0.010349065263881367
ITA,BA:2238,2024,SEX_M,75,14.084,0.0010232457101092014
ITA,BA:2238,2024,SEX_M,77,35.15,0.0025537550916173266
ITA,BA:2238,2024,SEX_M,78,64.3,0.0046715918176669724
ITA,BA:2238,2024,SEX_M,79,16.124,0.0011714579544022125
ITA,BA:2238,2024,SEX_M,80,82.667,0.00600601058773057
ITA,BA:2238,2024,SEX_M,81,186.766,0.013569121577268892
ITA,BA:2238,2024,SEX_M,82,84.813,0.006161924056481943
ITA,BA:2238,2024,SEX_M,84,776,0.05637877528008664
ITA,BA:2238,2024,SEX_M,85,396.17,0.028782963147824647
ITA,BA:2238,2024,SEX_M,86,458.141,0.03328534598659043
ITA,BA:2238,2024,SEX_M,87,57.291,0.004162366513622994
ITA,BA:2238,2024,SEX_M,88,40.064,0.0029107722330172564
ITA,BA:2238,2024,SEX_M,90,59.725,0.004339204063921616
ITA,BA:2238,2024,SEX_M,91,19.986,0.0014520440757059428
ITA,BA:2238,2024,SEX_M,92,19.514,0.0014177518309479518
ITA,BA:2238,2024,SEX_M,93,105.51,0.0076656244585076565
ITA,BA:2238,2024,SEX_M,94,75.574,0.0054906824265686435
ITA,BA:2238,2024,SEX_M,95,35.065,0.0025475795814384507
ITA,BA:2238,2024,SEX_M,96,134.476,0.00977009302134656
ITA,BA:2238,2024,SEX_M,97,71.461,0.005191860386971999
ITA,BA:2238,2024,SEX_M,98,3.534,2.5675591731936365e-4
ITA,BA:2238,2024,SEX_M,99,10.135,7.363387725047398e-4
JOR,BA:682,2023,SEX_F,1,1.818,0.0038711573227263336
JOR,BA:682,2023,SEX_F,8,0.162,3.4495461291620793e-4
JOR,BA:682,2023,SEX_F,10,4.559,0.009707704199290073
JOR,BA:682,2023,SEX_F,11,0.423,9.007148226145428e-4
JOR,BA:682,2023,SEX_F,13,0.18,3.83282903240231e-4
JOR,BA:682,2023,SEX_F,14,13.468,0.028678078560219065
JOR,BA:682,2023,SEX_F,18,0.234,4.982677742123003e-4
JOR,BA:682,2023,SEX_F,20,3.163,0.006735132349715837
JOR,BA:682,2023,SEX_F,21,2.399,0.005108309360407301
JOR,BA:682,2023,SEX_F,23,0.311,6.622276828206214e-4
JOR,BA:682,2023,SEX_F,26,1.357,0.0028895272205388526
JOR,BA:682,2023,SEX_F,27,0.262,5.578895591607807e-4
JOR,BA:682,2023,SEX_F,31,0.3,6.388048387337183e-4
JOR,BA:682,2023,SEX_F,32,0.206,4.3864598926381994e-4
JOR,BA:682,2023,SEX_F,35,0.746,0.001588494698984513
JOR,BA:682,2023,SEX_F,36,0.421,8.964561236896514e-4
JOR,BA:682,2023,SEX_F,41,0.488,0.0010391225376735153
JOR,BA:682,2023,SEX_F,43,1.331,0.0028341641345152636
JOR,BA:682,2023,SEX_F,45,0.641,0.0013649130054277116
JOR,BA:682,2023,SEX_F,46,3.619,0.00770611570459109
JOR,BA:682,2023,SEX_F,47,16.198,0.034491202592695905
JOR,BA:682,2023,SEX_F,49,0.592,0.001260574881767871
JOR,BA:682,2023,SEX_F,51,1.055,0.002246463682880243
JOR,BA:682,2023,SEX_F,52,0.735,0.00156507185489761
JOR,BA:682,2023,SEX_F,53,0.478,0.0010178290430490579
JOR,BA:682,2023,SEX_F,55,0.894,0.0019036384194264808
JOR,BA:682,2023,SEX_F,56,4.19,0.008921974247647601
JOR,BA:682,2023,SEX_F,58,0.324,6.899092258324159e-4
JOR,BA:682,2023,SEX_F,60,0.638,0.0013585249570403745
JOR,BA:682,2023,SEX_F,61,2.323,0.004946478801261426
JOR,BA:682,2023,SEX_F,62,2.703,0.005755631596990802
JOR,BA:682,2023,SEX_F,64,6.915,0.014724451532812209
JOR,BA:682,2023,SEX_F,65,0.636,0.001354266258115483
JOR,BA:682,2023,SEX_F,66,0.597,0.0012712216290800995
JOR,BA:682,2023,SEX_F,68,0.59,0.0012563161828429794
JOR,BA:682,2023,SEX_F,69,7.052,0.015016172409167272
JOR,BA:682,2023,SEX_F,71,4.015,0.008549338091719597
JOR,BA:682,2023,SEX_F,73,2.127,0.0045291263066220624
JOR,BA:682,2023,SEX_F,74,1.355,0.002885268521613961
JOR,BA:682,2023,SEX_F,79,1.166,0.0024828214732117186
JOR,BA:682,2023,SEX_F,80,0.173,3.683774570031109e-4
JOR,BA:682,2023,SEX_F,81,9.323,0.019851925038381523
JOR,BA:682,2023,SEX_F,82,0.446,9.496898602507946e-4
JOR,BA:682,2023,SEX_F,84,35.589,0.07578141801898101
JOR,BA:682,2023,SEX_F,85,117.871,0.2509885504879404
JOR,BA:682,2023,SEX_F,86,44.648,0.09507119479927686
JOR,BA:682,2023,SEX_F,87,0.244,5.195612688367576e-4
JOR,BA:682,2023,SEX_F,88,3.324,0.0070779576131695995
JOR,BA:682,2023,SEX_F,90,0.338,7.197201183066561e-4
JOR,BA:682,2023,SEX_F,91,0.183,3.896709516275682e-4
JOR,BA:682,2023,SEX_F,93,1.597,0.0034005710915258275
JOR,BA:682,2023,SEX_F,94,0.328,6.984266236821988e-4
JOR,BA:682,2023,SEX_F,95,1.163,0.0024764334248243815
JOR,BA:682,2023,SEX_F,96,8.935,0.01902573744695258
JOR,BA:682,2023,SEX_F,97,143.972,0.30656670080723636
JOR,BA:682,2023,SEX_F,99,10.822,0.023043819882587666
JOR,BA:682,2023,SEX_M,1,88.167,0.03862545309894709
JOR,BA:682,2023,SEX_M,3,0.145,6.3523661906919e-5
JOR,BA:682,2023,SEX_M,8,10.64,0.004661322501307712
JOR,BA:682,2023,SEX_M,10,67.741,0.029676940560252416
JOR,BA:682,2023,SEX_M,11,3.32,0.0014544728105584214
JOR,BA:682,2023,SEX_M,12,1.964,8.604170481737168e-4
JOR,BA:682,2023,SEX_M,13,3.199,0.0014014634099326477
JOR,BA:682,2023,SEX_M,14,17.57,0.007697315446238393
JOR,BA:682,2023,SEX_M,15,0.738,3.2331353439521535e-4
JOR,BA:682,2023,SEX_M,16,2.235,9.79140581806648e-4
JOR,BA:682,2023,SEX_M,17,3.429,0.0015022250805436226
JOR,BA:682,2023,SEX_M,18,2.592,0.0011355402183636832
JOR,BA:682,2023,SEX_M,19,2.504,0.0010969879269994841
JOR,BA:682,2023,SEX_M,20,18.356,0.008041657503195899
JOR,BA:682,2023,SEX_M,21,6.042,0.002646965277528308
JOR,BA:682,2023,SEX_M,23,12.859,0.005633453575593597
JOR,BA:682,2023,SEX_M,24,8.306,0.0036388105917163397
JOR,BA:682,2023,SEX_M,25,24.533,0.01074776550043065
JOR,BA:682,2023,SEX_M,26,1.781,7.802458059049845e-4
JOR,BA:682,2023,SEX_M,27,2.851,0.0012490066213560421
JOR,BA:682,2023,SEX_M,28,2.054,8.998455279780113e-4
JOR,BA:682,2023,SEX_M,29,0.757,3.31637324576122e-4
JOR,BA:682,2023,SEX_M,30,0.584,2.558470245078669e-4
JOR,BA:682,2023,SEX_M,31,19.863,0.008701865492807808
JOR,BA:682,2023,SEX_M,32,0.57,2.4971370542719885e-4
JOR,BA:682,2023,SEX_M,35,9.142,0.004005057359676232
JOR,BA:682,2023,SEX_M,36,6.637,0.0029076313384566997
JOR,BA:682,2023,SEX_M,37,0.411,1.800567244396118e-4
JOR,BA:682,2023,SEX_M,41,106.79,0.046784081758895736
JOR,BA:682,2023,SEX_M,42,3.162,0.001385253923790882
JOR,BA:682,2023,SEX_M,43,79.134,0.034668148009256064
JOR,BA:682,2023,SEX_M,45,67.331,0.029497321930032856
JOR,BA:682,2023,SEX_M,46,39.455,0.017285007451982685
JOR,BA:682,2023,SEX_M,47,192.619,0.08438527057137125
JOR,BA:682,2023,SEX_M,49,88.922,0.038956214235083116
JOR,BA:682,2023,SEX_M,50,5.043,0.0022093091517006386
JOR,BA:682,2023,SEX_M,51,4.401,0.0019280526624300038
JOR,BA:682,2023,SEX_M,52,10.007,0.004384008860017507
JOR,BA:682,2023,SEX_M,53,0.747,3.272563823756448e-4
JOR,BA:682,2023,SEX_M,55,15.109,0.006619165570700961
JOR,BA:682,2023,SEX_M,56,82.846,0.03629435375407319
JOR,BA:682,2023,SEX_M,58,1.327,5.813510300033208e-4
JOR,BA:682,2023,SEX_M,60,2.598,0.0011381687836839694
JOR,BA:682,2023,SEX_M,61,10.007,0.004384008860017507
JOR,BA:682,2023,SEX_M,62,11.382,0.004986388412583118
JOR,BA:682,2023,SEX_M,64,16.83,0.007373125723403082
JOR,BA:682,2023,SEX_M,65,2.432,0.0010654451431560484
JOR,BA:682,2023,SEX_M,66,1.841,8.065314591078475e-4
JOR,BA:682,2023,SEX_M,68,6.504,0.0028493648071903532
JOR,BA:682,2023,SEX_M,69,18.02,0.007894457845259866
JOR,BA:682,2023,SEX_M,71,11.841,0.00518747365958502
JOR,BA:682,2023,SEX_M,73,4.408,0.001931119321970338
JOR,BA:682,2023,SEX_M,74,2.344,0.0010268928517918492
JOR,BA:682,2023,SEX_M,77,1.782,7.806839001250322e-4
JOR,BA:682,2023,SEX_M,78,0.816,3.574848835589373e-4
JOR,BA:682,2023,SEX_M,79,5.9,0.0025847558982815323
JOR,BA:682,2023,SEX_M,80,37.997,0.016646266079153114
JOR,BA:682,2023,SEX_M,81,11.196,0.004904902887654243
JOR,BA:682,2023,SEX_M,82,1.226,5.371035137785014e-4
JOR,BA:682,2023,SEX_M,84,345.409,0.151321686452462
JOR,BA:682,2023,SEX_M,85,80.892,0.035438317648099946
JOR,BA:682,2023,SEX_M,86,43.576,0.01909039373279933
JOR,BA:682,2023,SEX_M,88,1.366,5.984367045851819e-4
JOR,BA:682,2023,SEX_M,90,0.8,3.5047537603817385e-4
JOR,BA:682,2023,SEX_M,91,2.149,9.414644788825444e-4
JOR,BA:682,2023,SEX_M,93,4.949,0.002168128295016153
JOR,BA:682,2023,SEX_M,94,5.815,0.0025475178895774764
JOR,BA:682,2023,SEX_M,95,15.654,0.0068579269206269665
JOR,BA:682,2023,SEX_M,96,44.07,0.019306812277502902
JOR,BA:682,2023,SEX_M,97,555.889,0.24353175788810552
JOR,BA:682,2023,SEX_M,99,19.038,0.008340437761268442
JPN,BA:259,2023,SEX_F,1,693.389,0.022924687734614792
JPN,BA:259,2023,SEX_F,2,11.49,3.798800703078993e-4
JPN,BA:259,2023,SEX_F,3,23.172,7.661080060204214e-4
JPN,BA:259,2023,SEX_F,5,3.089,1.0212789705666673e-4
JPN,BA:259,2023,SEX_F,10,675.884,0.022345940943427692
JPN,BA:259,2023,SEX_F,11,47.673,0.0015761551428884666
JPN,BA:259,2023,SEX_F,13,206.655,0.006832386068710089
JPN,BA:259,2023,SEX_F,15,24.094,7.965909846822041e-4
JPN,BA:259,2023,SEX_F,16,23.412,7.740428377761999e-4
JPN,BA:259,2023,SEX_F,17,70.477,0.002330096406883361
JPN,BA:259,2023,SEX_F,18,122.042,0.00403492807141137
JPN,BA:259,2023,SEX_F,19,3.523,1.16476717815033e-4
JPN,BA:259,2023,SEX_F,20,226.034,0.007473090671190226
JPN,BA:259,2023,SEX_F,22,213.804,0.007068744869635343
JPN,BA:259,2023,SEX_F,23,62.721,0.002073669093975783
JPN,BA:259,2023,SEX_F,24,258.338,0.008541119025518023
JPN,BA:259,2023,SEX_F,25,34.376,0.001136532401819351
JPN,BA:259,2023,SEX_F,26,237.313,0.007845994701912837
JPN,BA:259,2023,SEX_F,28,181.891,0.006013643678709669
JPN,BA:259,2023,SEX_F,29,250.917,0.008295767415269552
JPN,BA:259,2023,SEX_F,31,34.506,0.0011408304356870646
JPN,BA:259,2023,SEX_F,32,181.655,0.00600584109414982
JPN,BA:259,2023,SEX_F,33,110.964,0.0036686694622842238
JPN,BA:259,2023,SEX_F,35,154.332,0.005102493560553412
JPN,BA:259,2023,SEX_F,37,56.79,0.0018775795642111052
JPN,BA:259,2023,SEX_F,41,864.962,0.028597199771423946
JPN,BA:259,2023,SEX_F,45,62.828,0.0020772067064669013
JPN,BA:259,2023,SEX_F,47,5461.485,0.18056651921545144
JPN,BA:259,2023,SEX_F,49,475.298,0.015714206932741854
JPN,BA:259,2023,SEX_F,50,13.479,4.4563998848391414e-4
JPN,BA:259,2023,SEX_F,51,30.532,0.0010094428465309644
JPN,BA:259,2023,SEX_F,52,215.881,0.00713741422612181
JPN,BA:259,2023,SEX_F,53,129.126,0.004269137855402768
JPN,BA:259,2023,SEX_F,55,329.865,0.010905930321332915
JPN,BA:259,2023,SEX_F,56,2141.88,0.0708144060044459
JPN,BA:259,2023,SEX_F,59,164.051,0.005423821184863462
JPN,BA:259,2023,SEX_F,60,29.2,9.654045302863932e-4
JPN,BA:259,2023,SEX_F,61,58.973,0.0019497534713897077
JPN,BA:259,2023,SEX_F,62,289.998,0.009587855581301145
JPN,BA:259,2023,SEX_F,63,570.596,0.018864930252167633
JPN,BA:259,2023,SEX_F,64,844.074,0.02790660491427935
JPN,BA:259,2023,SEX_F,68,481.272,0.015911718119862774
JPN,BA:259,2023,SEX_F,72,57.715,0.0019081617282698353
JPN,BA:259,2023,SEX_F,73,75.245,0.0024877350644314953
JPN,BA:259,2023,SEX_F,74,557.803,0.01844197065778565
JPN,BA:259,2023,SEX_F,77,96.37,0.003186165567934922
JPN,BA:259,2023,SEX_F,78,88.385,0.002922167103060372
JPN,BA:259,2023,SEX_F,82,1490.759,0.04928717438921963
JPN,BA:259,2023,SEX_F,84,824.25,0.02725118781125204
JPN,BA:259,2023,SEX_F,85,2042.339,0.06752340147193774
JPN,BA:259,2023,SEX_F,86,3254.21,0.10759003686655082
JPN,BA:259,2023,SEX_F,87,3527.948,0.11664030759639796
JPN,BA:259,2023,SEX_F,90,343.369,0.01135239685479139
JPN,BA:259,2023,SEX_F,91,207.7,0.006866935648646708
JPN,BA:259,2023,SEX_F,96,1015.267,0.033566553467475196
JPN,BA:259,2023,SEX_F,99,592.987,0.019605216993182788
JPN,BA:259,2023,SEX_M,1,1089.325,0.0300920569842578
JPN,BA:259,2023,SEX_M,2,56.154,0.0015512260967975697
JPN,BA:259,2023,SEX_M,3,92.939,0.0025673932793793728
JPN,BA:259,2023,SEX_M,5,17.977,4.96605612104746e-4
JPN,BA:259,2023,SEX_M,10,660.272,0.018239682967993817
JPN,BA:259,2023,SEX_M,11,98.301,0.0027155158411030006
JPN,BA:259,2023,SEX_M,13,138.44,0.003824335592133339
JPN,BA:259,2023,SEX_M,15,20.292,5.605563264632312e-4
JPN,BA:259,2023,SEX_M,16,88.1,0.002433718330446021
JPN,BA:259,2023,SEX_M,17,152.055,0.004200443141157432
JPN,BA:259,2023,SEX_M,18,252.468,0.0069743019233943935
JPN,BA:259,2023,SEX_M,19,30.926,8.54315245032618e-4
JPN,BA:259,2023,SEX_M,20,505.918,0.013975731104456188
JPN,BA:259,2023,SEX_M,22,434.228,0.011995330796741373
JPN,BA:259,2023,SEX_M,23,230.949,0.006379850337096234
JPN,BA:259,2023,SEX_M,24,978.545,0.027031815024589123
JPN,BA:259,2023,SEX_M,25,140.451,0.00387988845890436
JPN,BA:259,2023,SEX_M,26,610.076,0.016853043634111088
JPN,BA:259,2023,SEX_M,28,465.338,0.012854728949524299
JPN,BA:259,2023,SEX_M,29,1101.765,0.0304357057473764
JPN,BA:259,2023,SEX_M,31,97.494,0.0026932228706981203
JPN,BA:259,2023,SEX_M,32,275.231,0.007603118386004414
JPN,BA:259,2023,SEX_M,33,511.282,0.0141239089151771
JPN,BA:259,2023,SEX_M,35,477.775,0.013198294839146966
JPN,BA:259,2023,SEX_M,37,285.005,0.007873120235740843
JPN,BA:259,2023,SEX_M,41,3930.594,0.10858068861908228
JPN,BA:259,2023,SEX_M,45,228.508,0.0063124189359087335
JPN,BA:259,2023,SEX_M,47,4911.698,0.1356831947356988
JPN,BA:259,2023,SEX_M,49,2158.388,0.05962438637701165
JPN,BA:259,2023,SEX_M,50,44.712,0.0012351465833246595
JPN,BA:259,2023,SEX_M,51,33.419,9.231831201495525e-4
JPN,BA:259,2023,SEX_M,52,386.171,0.010667780265455964
JPN,BA:259,2023,SEX_M,53,229.066,0.006327833406151513
JPN,BA:259,2023,SEX_M,55,254.826,0.007039440491194526
JPN,BA:259,2023,SEX_M,56,1262.035,0.03486308414488586
JPN,BA:259,2023,SEX_M,59,224.054,0.006189379418952926
JPN,BA:259,2023,SEX_M,60,49.922,0.0013790702212545546
JPN,BA:259,2023,SEX_M,61,138.639,0.003829832867363291
JPN,BA:259,2023,SEX_M,62,714.677,0.019742593816664825
JPN,BA:259,2023,SEX_M,63,1549.047,0.04279164674940315
JPN,BA:259,2023,SEX_M,64,704.655,0.019465741091264938
JPN,BA:259,2023,SEX_M,68,641.131,0.01771092243946865
JPN,BA:259,2023,SEX_M,72,120.432,0.003326873620570661
JPN,BA:259,2023,SEX_M,73,103.26,0.0028525057298735093
JPN,BA:259,2023,SEX_M,74,623.145,0.017214068206876116
JPN,BA:259,2023,SEX_M,77,177.497,0.004903265635631981
JPN,BA:259,2023,SEX_M,78,132.804,0.003668643917781537
JPN,BA:259,2023,SEX_M,82,1680.249,0.04641603622035865
JPN,BA:259,2023,SEX_M,84,1652.933,0.04566144541542717
JPN,BA:259,2023,SEX_M,85,1404.611,0.038801674663406546
JPN,BA:259,2023,SEX_M,86,1218.037,0.033647661453592284
JPN,BA:259,2023,SEX_M,87,1072.47,0.02962644605963047
JPN,BA:259,2023,SEX_M,90,393.131,0.010860046776011063
JPN,BA:259,2023,SEX_M,91,232.483,0.006422226318014555
JPN,BA:259,2023,SEX_M,96,486.171,0.013430230129753378
JPN,BA:259,2023,SEX_M,99,629.681,0.017394621930006595
KEN,BX:3465,2022,SEX_F,1,4259.563,0.5525418755558417
KEN,BX:3465,2022,SEX_F,2,33.554,0.004352556845009855
KEN,BX:3465,2022,SEX_F,3,4.253,5.516905365031565e-4
KEN,BX:3465,2022,SEX_F,8,13.595,0.0017635158344134524
KEN,BX:3465,2022,SEX_F,10,63.705,0.008263683430033761
KEN,BX:3465,2022,SEX_F,11,4.788,6.210896517228106e-4
KEN,BX:3465,2022,SEX_F,13,46.381,0.006016449276640701
KEN,BX:3465,2022,SEX_F,14,70.571,0.00915432702834805
KEN,BX:3465,2022,SEX_F,15,17.738,0.002300937393955558
KEN,BX:3465,2022,SEX_F,16,6.446,8.361620499175515e-4
KEN,BX:3465,2022,SEX_F,18,1.461,1.8951795763722353e-4
KEN,BX:3465,2022,SEX_F,20,7.757,0.0010062223116987972
KEN,BX:3465,2022,SEX_F,23,6.846,8.880492388668256e-4
KEN,BX:3465,2022,SEX_F,28,2.881,3.737174784071464e-4
KEN,BX:3465,2022,SEX_F,32,3.759,4.87609858150803e-4
KEN,BX:3465,2022,SEX_F,33,4.44,5.759477973369422e-4
KEN,BX:3465,2022,SEX_F,36,6.663,8.643108499225327e-4
KEN,BX:3465,2022,SEX_F,38,6.62,8.587329771104858e-4
KEN,BX:3465,2022,SEX_F,41,42.986,0.005576056760433737
KEN,BX:3465,2022,SEX_F,43,3.855,5.000627834986288e-4
KEN,BX:3465,2022,SEX_F,45,20.823,0.0027011173387268346
KEN,BX:3465,2022,SEX_F,46,109.743,0.014235639442150458
KEN,BX:3465,2022,SEX_F,47,1149.905,0.14916334502178746
KEN,BX:3465,2022,SEX_F,49,18.012,0.0023364801183858113
KEN,BX:3465,2022,SEX_F,52,4.413,5.724454120828662e-4
KEN,BX:3465,2022,SEX_F,55,7.74,0.0010040171061684532
KEN,BX:3465,2022,SEX_F,56,254.916,0.03306718664548287
KEN,BX:3465,2022,SEX_F,61,11.188,0.0014512846749111957
KEN,BX:3465,2022,SEX_F,63,8.342,0.0010821073255371106
KEN,BX:3465,2022,SEX_F,64,22.227,0.0028832413719387866
KEN,BX:3465,2022,SEX_F,66,14.188,0.001840438592030751
KEN,BX:3465,2022,SEX_F,68,21.858,0.0028353754401330812
KEN,BX:3465,2022,SEX_F,69,29.915,0.003880513143543834
KEN,BX:3465,2022,SEX_F,70,3.836,4.975981420235382e-4
KEN,BX:3465,2022,SEX_F,73,16.338,0.0021193322326330992
KEN,BX:3465,2022,SEX_F,74,11.162,0.001447912007629493
KEN,BX:3465,2022,SEX_F,78,10.341,0.0013414135523111077
KEN,BX:3465,2022,SEX_F,80,18.445,0.0023926480004234003
KEN,BX:3465,2022,SEX_F,81,77.862,0.010100100764920942
KEN,BX:3465,2022,SEX_F,82,118.853,0.015417370170470176
KEN,BX:3465,2022,SEX_F,84,38.17,0.004951335005484478
KEN,BX:3465,2022,SEX_F,85,310.909,0.040330485072574626
KEN,BX:3465,2022,SEX_F,86,68.205,0.008847414305713093
KEN,BX:3465,2022,SEX_F,87,14.98,0.0019431752261503136
KEN,BX:3465,2022,SEX_F,88,16.826,0.0021826346031512136
KEN,BX:3465,2022,SEX_F,91,5.16,6.693447374456355e-4
KEN,BX:3465,2022,SEX_F,93,6.749,8.754665955466266e-4
KEN,BX:3465,2022,SEX_F,94,17.234,0.0022355595358794734
KEN,BX:3465,2022,SEX_F,96,305.571,0.03963805053604656
KEN,BX:3465,2022,SEX_F,97,343.407,0.044546059738758394
KEN,BX:3465,2022,SEX_F,98,43.852,0.005688392524508915
KEN,BX:3465,2022,SEX_M,1,3631.088,0.4000401462672618
KEN,BX:3465,2022,SEX_M,2,38.154,0.004203459607886426
KEN,BX:3465,2022,SEX_M,3,58.987,0.00649864947031495
KEN,BX:3465,2022,SEX_M,7,6.269,6.906612224626515e-4
KEN,BX:3465,2022,SEX_M,8,84.985,0.009362871907957957
KEN,BX:3465,2022,SEX_M,9,11.456,0.0012621175569520074
KEN,BX:3465,2022,SEX_M,10,111.602,0.012295290117925798
KEN,BX:3465,2022,SEX_M,11,20.237,0.002229528020254694
KEN,BX:3465,2022,SEX_M,13,26.459,0.002915011211539208
KEN,BX:3465,2022,SEX_M,14,24.48,0.0026969830476767757
KEN,BX:3465,2022,SEX_M,15,9.11,0.0010036566815496497
KEN,BX:3465,2022,SEX_M,16,92.298,0.010168551525100942
KEN,BX:3465,2022,SEX_M,18,19.172,0.0021121960371756187
KEN,BX:3465,2022,SEX_M,20,8.748,9.637748243903772e-4
KEN,BX:3465,2022,SEX_M,22,17.157,0.0018902017217724853
KEN,BX:3465,2022,SEX_M,23,20.113,0.002215866831614501
KEN,BX:3465,2022,SEX_M,24,19.561,0.0021550525079904173
KEN,BX:3465,2022,SEX_M,25,52.999,0.005838946264044994
KEN,BX:3465,2022,SEX_M,27,8.612,9.487915852366173e-4
KEN,BX:3465,2022,SEX_M,28,43.163,0.004755305526424537
KEN,BX:3465,2022,SEX_M,29,3.942,4.342935937067749e-4
KEN,BX:3465,2022,SEX_M,30,8.398,9.252150177446717e-4
KEN,BX:3465,2022,SEX_M,31,21.368,0.002354131281158388
KEN,BX:3465,2022,SEX_M,32,5.993,6.602540606506094e-4
KEN,BX:3465,2022,SEX_M,33,99.375,0.010948230815477107
KEN,BX:3465,2022,SEX_M,35,4.521,4.980825309863849e-4
KEN,BX:3465,2022,SEX_M,36,23.102,0.0025451675803688264
KEN,BX:3465,2022,SEX_M,38,7.827,8.623074474741064e-4
KEN,BX:3465,2022,SEX_M,41,724.336,0.07980073173292504
KEN,BX:3465,2022,SEX_M,42,48.269,0.005317838019947316
KEN,BX:3465,2022,SEX_M,43,146.907,0.016184872899716183
KEN,BX:3465,2022,SEX_M,45,165.481,0.018231186752965707
KEN,BX:3465,2022,SEX_M,46,122.091,0.013450872437659526
KEN,BX:3465,2022,SEX_M,47,621.971,0.06852308999781748
KEN,BX:3465,2022,SEX_M,49,724.207,0.07978651968990419
KEN,BX:3465,2022,SEX_M,50,6.767,7.45526318775684e-4
KEN,BX:3465,2022,SEX_M,52,128.755,0.01418505115619376
KEN,BX:3465,2022,SEX_M,55,4.808,5.297015724358634e-4
KEN,BX:3465,2022,SEX_M,56,146.608,0.016151931807753137
KEN,BX:3465,2022,SEX_M,58,1.814,1.9984996930088526e-4
KEN,BX:3465,2022,SEX_M,59,4.091,4.5070905425023244e-4
KEN,BX:3465,2022,SEX_M,61,17.667,0.001946388868599085
KEN,BX:3465,2022,SEX_M,62,62.307,0.0068644167790685
KEN,BX:3465,2022,SEX_M,63,10.008,0.0011025901283149171
KEN,BX:3465,2022,SEX_M,64,34.571,0.0038087173587105314
KEN,BX:3465,2022,SEX_M,66,37.325,0.004112127951574169
KEN,BX:3465,2022,SEX_M,68,23.368,0.0025744730334195626
KEN,BX:3465,2022,SEX_M,69,52.576,0.005792343983441755
KEN,BX:3465,2022,SEX_M,70,12.993,0.0014314501935647202
KEN,BX:3465,2022,SEX_M,71,26.094,0.0028747988417515435
KEN,BX:3465,2022,SEX_M,72,12.01,0.0013231522223283527
KEN,BX:3465,2022,SEX_M,74,43.812,0.004826806425033288
KEN,BX:3465,2022,SEX_M,75,16.735,0.0018437096120453775
KEN,BX:3465,2022,SEX_M,77,5.901,6.501183400465954e-4
KEN,BX:3465,2022,SEX_M,78,16.517,0.0018196923610489094
KEN,BX:3465,2022,SEX_M,79,19.837,0.002185459669802459
KEN,BX:3465,2022,SEX_M,80,255.104,0.02810503118441733
KEN,BX:3465,2022,SEX_M,81,83.066,0.00915145399666336
KEN,BX:3465,2022,SEX_M,82,107.322,0.011823758768086884
KEN,BX:3465,2022,SEX_M,84,127.657,0.014064083534202375
KEN,BX:3465,2022,SEX_M,85,319.635,0.03521446799200025
KEN,BX:3465,2022,SEX_M,86,67.628,0.007450636010959354
KEN,BX:3465,2022,SEX_M,87,40.856,0.0045011413151912726
KEN,BX:3465,2022,SEX_M,88,18.046,0.0019881436306525774
KEN,BX:3465,2022,SEX_M,90,10.608,0.0011686926539932695
KEN,BX:3465,2022,SEX_M,91,3.045,3.3547031781763813e-4
KEN,BX:3465,2022,SEX_M,93,6.417,7.069665121299784e-4
KEN,BX:3465,2022,SEX_M,94,47.08,0.005186844848228047
KEN,BX:3465,2022,SEX_M,95,43.066,0.00474461895143987
KEN,BX:3465,2022,SEX_M,96,93.138,0.010261095061050635
KEN,BX:3465,2022,SEX_M,97,104.206,0.011480466318063974
KEN,BX:3465,2022,SEX_M,98,32.933,0.0036282574636086295
KGZ,BA:496,2023,SEX_F,1,195.315,0.1932956404442786
KGZ,BA:496,2023,SEX_F,2,0.706,6.987006740581148e-4
KGZ,BA:496,2023,SEX_F,5,0.402,3.978437265883317e-4
KGZ,BA:496,2023,SEX_F,9,0.399,3.948747435540904e-4
KGZ,BA:496,2023,SEX_F,10,19.976,0.019769468364001275
KGZ,BA:496,2023,SEX_F,11,2.849,0.0028195442215178034
KGZ,BA:496,2023,SEX_F,13,0.998,9.876816893909328e-4
KGZ,BA:496,2023,SEX_F,14,97.578,0.0965691421717319
KGZ,BA:496,2023,SEX_F,18,0.751,7.43235419571734e-4
KGZ,BA:496,2023,SEX_F,22,2.35,0.002325703376822337
KGZ,BA:496,2023,SEX_F,23,1.307,0.0012934869419177846
KGZ,BA:496,2023,SEX_F,24,3.97,0.003928954215312629
KGZ,BA:496,2023,SEX_F,28,1.926,0.0019060871079829022
KGZ,BA:496,2023,SEX_F,35,4.969,0.004917625565714975
KGZ,BA:496,2023,SEX_F,36,1.142,0.0011301928750345142
KGZ,BA:496,2023,SEX_F,38,0.282,2.7908440521868036e-4
KGZ,BA:496,2023,SEX_F,41,1.968,0.0019476528704622804
KGZ,BA:496,2023,SEX_F,43,0.936,9.263227066832798e-4
KGZ,BA:496,2023,SEX_F,45,1.249,0.0012360866032557869
KGZ,BA:496,2023,SEX_F,46,15.479,0.015318962795673595
KGZ,BA:496,2023,SEX_F,47,137.397,0.13597645398521643
KGZ,BA:496,2023,SEX_F,49,3.628,0.0035904901494091227
KGZ,BA:496,2023,SEX_F,52,1.626,0.001609188804558774
KGZ,BA:496,2023,SEX_F,53,2.241,0.002217830326578237
KGZ,BA:496,2023,SEX_F,55,9.355,0.009258278761775728
KGZ,BA:496,2023,SEX_F,56,81.373,0.08053168548177192
KGZ,BA:496,2023,SEX_F,58,2.762,0.002733443713524806
KGZ,BA:496,2023,SEX_F,60,1.007,9.965886384936565e-4
KGZ,BA:496,2023,SEX_F,61,4.645,0.004596975398016916
KGZ,BA:496,2023,SEX_F,62,2.076,0.0020545362596949665
KGZ,BA:496,2023,SEX_F,64,20.379,0.020168301751601024
KGZ,BA:496,2023,SEX_F,66,2.854,0.002824492526574872
KGZ,BA:496,2023,SEX_F,68,4.332,0.004287211501444409
KGZ,BA:496,2023,SEX_F,69,5.312,0.005257079292629896
KGZ,BA:496,2023,SEX_F,70,1.383,0.0013687011787852305
KGZ,BA:496,2023,SEX_F,71,1.115,0.0011034720277263428
KGZ,BA:496,2023,SEX_F,72,0.845,8.362635546446275e-4
KGZ,BA:496,2023,SEX_F,73,0.671,6.640625386586332e-4
KGZ,BA:496,2023,SEX_F,74,0.198,1.9595288025992455e-4
KGZ,BA:496,2023,SEX_F,75,1.32,0.0013063525350661637
KGZ,BA:496,2023,SEX_F,79,1.057,0.0010460716890643446
KGZ,BA:496,2023,SEX_F,80,0.94,9.302813507289346e-4
KGZ,BA:496,2023,SEX_F,81,5.211,0.005157123530477105
KGZ,BA:496,2023,SEX_F,82,0.789,7.808425380054569e-4
KGZ,BA:496,2023,SEX_F,84,35.621,0.03525271488756956
KGZ,BA:496,2023,SEX_F,85,198.203,0.19615378144524154
KGZ,BA:496,2023,SEX_F,86,79.67,0.07884629277933429
KGZ,BA:496,2023,SEX_F,87,6.593,0.006524835048250922
KGZ,BA:496,2023,SEX_F,88,4.45,0.0044039915007912335
KGZ,BA:496,2023,SEX_F,90,0.783,7.749045719369743e-4
KGZ,BA:496,2023,SEX_F,91,4.023,0.003981406248917557
KGZ,BA:496,2023,SEX_F,93,1.959,0.0019387459213595565
KGZ,BA:496,2023,SEX_F,94,0.618,6.116105050537039e-4
KGZ,BA:496,2023,SEX_F,95,0.426,4.215955908622619e-4
KGZ,BA:496,2023,SEX_F,96,28.967,0.028667510517622393
KGZ,BA:496,2023,SEX_F,97,1.98,0.0019595288025992456
KGZ,BA:496,2023,SEX_F,99,0.086,8.511084698158338e-5
KGZ,BA:496,2023,SEX_M,1,236.011,0.15005232513043135
KGZ,BA:496,2023,SEX_M,2,1.517,9.644863045487895e-4
KGZ,BA:496,2023,SEX_M,5,8.45,0.0053723858097806665
KGZ,BA:496,2023,SEX_M,6,0.372,2.3651213269093588e-4
KGZ,BA:496,2023,SEX_M,7,1.811,0.0011514071836109807
KGZ,BA:496,2023,SEX_M,8,1.475,9.377833218256194e-4
KGZ,BA:496,2023,SEX_M,9,2.481,0.0015773833365758383
KGZ,BA:496,2023,SEX_M,10,34.848,0.022155846236596055
KGZ,BA:496,2023,SEX_M,11,5.889,0.0037441396489702188
KGZ,BA:496,2023,SEX_M,13,2.298,0.0014610346261391685
KGZ,BA:496,2023,SEX_M,14,17.086,0.010863027685906801
KGZ,BA:496,2023,SEX_M,15,2.741,0.0017426875153383206
KGZ,BA:496,2023,SEX_M,16,7.431,0.004724520586092324
KGZ,BA:496,2023,SEX_M,18,1.123,7.13986895193336e-4
KGZ,BA:496,2023,SEX_M,20,0.795,5.054493158314356e-4
KGZ,BA:496,2023,SEX_M,22,3.284,0.0020879189348307348
KGZ,BA:496,2023,SEX_M,23,29.415,0.018701624685763113
KGZ,BA:496,2023,SEX_M,24,18.332,0.011655216173360851
KGZ,BA:496,2023,SEX_M,25,6.673,0.004242595326469395
KGZ,BA:496,2023,SEX_M,26,0.084,5.340596544634036e-5
KGZ,BA:496,2023,SEX_M,27,2.172,0.001380925677969658
KGZ,BA:496,2023,SEX_M,28,1.107,7.038143303464139e-4
KGZ,BA:496,2023,SEX_M,30,1.513,9.61943163337059e-4
KGZ,BA:496,2023,SEX_M,31,7.451,0.004737236292150976
KGZ,BA:496,2023,SEX_M,33,8.73,0.005550405694601802
KGZ,BA:496,2023,SEX_M,35,33.64,0.02138781759065345
KGZ,BA:496,2023,SEX_M,36,7.808,0.004964211645297922
KGZ,BA:496,2023,SEX_M,38,2.499,0.0015888274720286257
KGZ,BA:496,2023,SEX_M,41,230.644,0.14664006540959199
KGZ,BA:496,2023,SEX_M,42,10.653,0.006773020832141236
KGZ,BA:496,2023,SEX_M,43,75.781,0.04818044604153713
KGZ,BA:496,2023,SEX_M,45,62.387,0.039664737694057574
KGZ,BA:496,2023,SEX_M,46,54.613,0.034722142749059354
KGZ,BA:496,2023,SEX_M,47,144.787,0.09205344665570574
KGZ,BA:496,2023,SEX_M,49,195.058,0.12401500961943163
KGZ,BA:496,2023,SEX_M,52,10.337,0.0065721126764145266
KGZ,BA:496,2023,SEX_M,53,2.307,0.0014667566938655618
KGZ,BA:496,2023,SEX_M,55,6.976,0.00443523827325798
KGZ,BA:496,2023,SEX_M,56,73.652,0.046826859131593575
KGZ,BA:496,2023,SEX_M,58,2.388,0.0015182553034031043
KGZ,BA:496,2023,SEX_M,59,0.431,2.740234655639606e-4
KGZ,BA:496,2023,SEX_M,60,3.35,0.0021298807648242883
KGZ,BA:496,2023,SEX_M,61,9.658,0.006140414455723275
KGZ,BA:496,2023,SEX_M,62,5.558,0.00353369471369952
KGZ,BA:496,2023,SEX_M,63,4.213,0.002678563481255142
KGZ,BA:496,2023,SEX_M,64,21.47,0.013650310453963421
KGZ,BA:496,2023,SEX_M,66,2.553,0.0016231598783869872
KGZ,BA:496,2023,SEX_M,69,3.577,0.0022742040285899934
KGZ,BA:496,2023,SEX_M,71,4.065,0.002584467256421114
KGZ,BA:496,2023,SEX_M,73,0.637,4.0499523796808107e-4
KGZ,BA:496,2023,SEX_M,74,1.148,7.298815277666515e-4
KGZ,BA:496,2023,SEX_M,75,2.491,0.0015837411896051647
KGZ,BA:496,2023,SEX_M,77,0.945,6.00817111271329e-4
KGZ,BA:496,2023,SEX_M,78,0.784,4.984556774991767e-4
KGZ,BA:496,2023,SEX_M,79,0.484,3.0772008661938965e-4
KGZ,BA:496,2023,SEX_M,80,5.086,0.0032336040507153223
KGZ,BA:496,2023,SEX_M,81,3.496,0.002222705419052451
KGZ,BA:496,2023,SEX_M,82,1.556,9.89281931363162e-4
KGZ,BA:496,2023,SEX_M,84,72.483,0.04608362611246534
KGZ,BA:496,2023,SEX_M,85,58.069,0.03691941675599451
KGZ,BA:496,2023,SEX_M,86,23.847,0.015161572119034268
KGZ,BA:496,2023,SEX_M,87,1.334,8.481375941121195e-4
KGZ,BA:496,2023,SEX_M,88,0.655,4.164393734208683e-4
KGZ,BA:496,2023,SEX_M,90,0.998,6.345137323267581e-4
KGZ,BA:496,2023,SEX_M,91,0.946,6.014528965742616e-4
KGZ,BA:496,2023,SEX_M,93,4.644,0.002952586946819103
KGZ,BA:496,2023,SEX_M,94,1.728,0.001098637003467573
KGZ,BA:496,2023,SEX_M,95,8.532,0.0054245202046211425
KGZ,BA:496,2023,SEX_M,96,9.442,0.00600308483028983
KGZ,BA:496,2023,SEX_M,97,0.933,5.931876876361376e-4
KGZ,BA:496,2023,SEX_M,98,0.947,6.020886818771942e-4
KGZ,BA:496,2023,SEX_M,99,0.179,1.1380556922493956e-4
KHM,BB:3064,2023,SEX_F,1,1663.135,0.35438163825664354
KHM,BB:3064,2023,SEX_F,2,28.197,0.006008230873574651
KHM,BB:3064,2023,SEX_F,3,56,0.011932508029938662
KHM,BB:3064,2023,SEX_F,10,100.644,0.021445273895806194
KHM,BB:3064,2023,SEX_F,11,12.826,0.0027329704998570233
KHM,BB:3064,2023,SEX_F,12,1.558,3.3197941983293636e-4
KHM,BB:3064,2023,SEX_F,13,25.712,0.005478725829746123
KHM,BB:3064,2023,SEX_F,14,673.149,0.14343492585437823
KHM,BB:3064,2023,SEX_F,15,120.863,0.025753548536115653
KHM,BB:3064,2023,SEX_F,16,17.288,0.003683735693242493
KHM,BB:3064,2023,SEX_F,18,2.001,4.2637408156977256e-4
KHM,BB:3064,2023,SEX_F,20,4.069,8.670245566753646e-4
KHM,BB:3064,2023,SEX_F,22,1.42,3.025743107591589e-4
KHM,BB:3064,2023,SEX_F,23,7.684,0.0016373105661080124
KHM,BB:3064,2023,SEX_F,25,4.292,9.145415082945846e-4
KHM,BB:3064,2023,SEX_F,27,10.278,0.002190041384494814
KHM,BB:3064,2023,SEX_F,29,1.244,2.65072142665066e-4
KHM,BB:3064,2023,SEX_F,31,3.112,6.631065176637343e-4
KHM,BB:3064,2023,SEX_F,32,4.956,0.0010560269606495717
KHM,BB:3064,2023,SEX_F,33,1.804,3.8439722296445265e-4
KHM,BB:3064,2023,SEX_F,35,2.009,4.280787255740495e-4
KHM,BB:3064,2023,SEX_F,38,7.146,0.0015226732568203872
KHM,BB:3064,2023,SEX_F,41,3.947,8.410287356101411e-4
KHM,BB:3064,2023,SEX_F,42,2.017,4.297833695783265e-4
KHM,BB:3064,2023,SEX_F,43,81.054,0.017271026890333007
KHM,BB:3064,2023,SEX_F,45,23.391,0.004984165988005272
KHM,BB:3064,2023,SEX_F,46,61.694,0.013145788399982783
KHM,BB:3064,2023,SEX_F,47,813.398,0.173319252973858
KHM,BB:3064,2023,SEX_F,49,10.477,0.002232444404101203
KHM,BB:3064,2023,SEX_F,52,26.365,0.005617867396595229
KHM,BB:3064,2023,SEX_F,55,10.254,0.002184927452481983
KHM,BB:3064,2023,SEX_F,56,337.891,0.07199798340614294
KHM,BB:3064,2023,SEX_F,61,2.548,5.429291153622092e-4
KHM,BB:3064,2023,SEX_F,64,53.872,0.011479072724800993
KHM,BB:3064,2023,SEX_F,68,7.157,0.001525017142326268
KHM,BB:3064,2023,SEX_F,69,32.221,0.006865666807725958
KHM,BB:3064,2023,SEX_F,74,4.93,0.0010504868676356714
KHM,BB:3064,2023,SEX_F,77,2.126,4.5300914413659994e-4
KHM,BB:3064,2023,SEX_F,79,2.66,5.667941314220866e-4
KHM,BB:3064,2023,SEX_F,80,2.465,5.252434338178357e-4
KHM,BB:3064,2023,SEX_F,81,60.324,0.012853868114250355
KHM,BB:3064,2023,SEX_F,82,82.081,0.01748986056438206
KHM,BB:3064,2023,SEX_F,84,50.777,0.010819588575646348
KHM,BB:3064,2023,SEX_F,85,91.788,0.019558232983071605
KHM,BB:3064,2023,SEX_F,86,28.136,0.00599523296304204
KHM,BB:3064,2023,SEX_F,90,6.389,0.0013613713179156807
KHM,BB:3064,2023,SEX_F,92,41.874,0.008922532879386635
KHM,BB:3064,2023,SEX_F,96,84.544,0.018014677837198827
KHM,BB:3064,2023,SEX_F,97,15.454,0.0032929460552620017
KHM,BB:3064,2023,SEX_F,99,3.841,8.184422025534716e-4
KHM,BB:3064,2023,SEX_M,1,1478.325,0.2939966864033357
KHM,BB:3064,2023,SEX_M,2,30.1,0.005986031664715408
KHM,BB:3064,2023,SEX_M,3,147.313,0.02929635490445916
KHM,BB:3064,2023,SEX_M,8,6.551,0.001302807090882081
KHM,BB:3064,2023,SEX_M,10,64.158,0.01275919666261831
KHM,BB:3064,2023,SEX_M,11,11.212,0.00222974707723552
KHM,BB:3064,2023,SEX_M,13,8.033,0.0015975346299886665
KHM,BB:3064,2023,SEX_M,14,220.455,0.04384221297823373
KHM,BB:3064,2023,SEX_M,15,44.183,0.008786738772163483
KHM,BB:3064,2023,SEX_M,16,23.331,0.004639870590348013
KHM,BB:3064,2023,SEX_M,18,3.121,6.206779011819531e-4
KHM,BB:3064,2023,SEX_M,20,3.117,6.198824152464427e-4
KHM,BB:3064,2023,SEX_M,22,3.838,7.632687551221839e-4
KHM,BB:3064,2023,SEX_M,23,21.338,0.004243519722979979
KHM,BB:3064,2023,SEX_M,24,1.924,3.8262873498047983e-4
KHM,BB:3064,2023,SEX_M,25,86.737,0.017249515897090374
KHM,BB:3064,2023,SEX_M,27,6.483,0.0012892838299784048
KHM,BB:3064,2023,SEX_M,30,3.365,6.692025432480847e-4
KHM,BB:3064,2023,SEX_M,31,19.138,0.003806002458449285
KHM,BB:3064,2023,SEX_M,32,19.388,0.003855720329418682
KHM,BB:3064,2023,SEX_M,33,36.415,0.007241905085402378
KHM,BB:3064,2023,SEX_M,35,10,0.001988714838775883
KHM,BB:3064,2023,SEX_M,36,7.606,0.0015126165063729365
KHM,BB:3064,2023,SEX_M,38,8.306,0.0016518265450872482
KHM,BB:3064,2023,SEX_M,41,38.635,0.007683399779610623
KHM,BB:3064,2023,SEX_M,42,9.2,0.001829617651673812
KHM,BB:3064,2023,SEX_M,43,758.977,0.15093888221896032
KHM,BB:3064,2023,SEX_M,45,130.844,0.02602114043647916
KHM,BB:3064,2023,SEX_M,46,78.969,0.01570468221032927
KHM,BB:3064,2023,SEX_M,47,358.574,0.07131014345992234
KHM,BB:3064,2023,SEX_M,49,321.608,0.06395866018690341
KHM,BB:3064,2023,SEX_M,50,2.631,5.232308740819347e-4
KHM,BB:3064,2023,SEX_M,51,2.196,4.367217785951839e-4
KHM,BB:3064,2023,SEX_M,52,114.901,0.02285053236901877
KHM,BB:3064,2023,SEX_M,53,1.522,3.026823984616894e-4
KHM,BB:3064,2023,SEX_M,55,6.33,0.001258856492945134
KHM,BB:3064,2023,SEX_M,56,164.392,0.03269288097760449
KHM,BB:3064,2023,SEX_M,58,2.473,4.918091796292758e-4
KHM,BB:3064,2023,SEX_M,61,6.567,0.0013059890346241224
KHM,BB:3064,2023,SEX_M,62,12.852,0.0025558963107947647
KHM,BB:3064,2023,SEX_M,64,85.064,0.01691680390456317
KHM,BB:3064,2023,SEX_M,68,7.36,0.00146369412133905
KHM,BB:3064,2023,SEX_M,69,10.267,0.002041813524971199
KHM,BB:3064,2023,SEX_M,70,6.976,0.001387327471530056
KHM,BB:3064,2023,SEX_M,71,4.589,9.126212395142528e-4
KHM,BB:3064,2023,SEX_M,73,2.325,4.6237620001539283e-4
KHM,BB:3064,2023,SEX_M,74,7.933,0.001577647481600908
KHM,BB:3064,2023,SEX_M,75,2.097,4.170335016913026e-4
KHM,BB:3064,2023,SEX_M,77,9.979,0.0019845385376144535
KHM,BB:3064,2023,SEX_M,80,60.702,0.012071896814337364
KHM,BB:3064,2023,SEX_M,81,9.632,0.0019155301327089304
KHM,BB:3064,2023,SEX_M,82,93.308,0.01855630041765001
KHM,BB:3064,2023,SEX_M,84,233.24,0.04638478489960869
KHM,BB:3064,2023,SEX_M,85,79.446,0.01579954390813888
KHM,BB:3064,2023,SEX_M,86,24.777,0.0049274387560350056
KHM,BB:3064,2023,SEX_M,90,15.224,0.003027619470552404
KHM,BB:3064,2023,SEX_M,92,20.722,0.004121014888911385
KHM,BB:3064,2023,SEX_M,94,1.861,3.700998314961918e-4
KHM,BB:3064,2023,SEX_M,95,25.741,0.005119150866493
KHM,BB:3064,2023,SEX_M,96,41.26,0.008205437424789292
KHM,BB:3064,2023,SEX_M,97,2.537,5.045369545974414e-4
KHM,BB:3064,2023,SEX_M,99,8.225,0.0016357179548931635
KOR,BB:14110,2019,SEX_F,1,576.042,0.05430962601874979
KOR,BB:14110,2019,SEX_F,3,20.104,0.001895418600520354
KOR,BB:14110,2019,SEX_F,10,160.347,0.015117622678951314
KOR,BB:14110,2019,SEX_F,13,69.848,0.006585316275823005
KOR,BB:14110,2019,SEX_F,14,118.714,0.011192435522392226
KOR,BB:14110,2019,SEX_F,15,25.255,0.002381058334467844
KOR,BB:14110,2019,SEX_F,17,19.118,0.0018024578593686892
KOR,BB:14110,2019,SEX_F,18,13.236,0.0012478989552570337
KOR,BB:14110,2019,SEX_F,20,29.437,0.0027753400986628364
KOR,BB:14110,2019,SEX_F,21,15.564,0.0014673843562723235
KOR,BB:14110,2019,SEX_F,22,89.241,0.008413701319589979
KOR,BB:14110,2019,SEX_F,23,17.453,0.0016454805429208983
KOR,BB:14110,2019,SEX_F,24,16.536,0.0015590251680364395
KOR,BB:14110,2019,SEX_F,25,78.334,0.007385382046018773
KOR,BB:14110,2019,SEX_F,26,168.388,0.015875733550757134
KOR,BB:14110,2019,SEX_F,27,35.401,0.003337630017758708
KOR,BB:14110,2019,SEX_F,28,64.083,0.006041788210164437
KOR,BB:14110,2019,SEX_F,29,121.974,0.011499790508350063
KOR,BB:14110,2019,SEX_F,30,9.391,8.853897770337568e-4
KOR,BB:14110,2019,SEX_F,31,32.785,0.0030909917836281237
KOR,BB:14110,2019,SEX_F,32,77.847,0.007339467359466175
KOR,BB:14110,2019,SEX_F,35,36.996,0.0034880076872687536
KOR,BB:14110,2019,SEX_F,41,47.7,0.004497187984720498
KOR,BB:14110,2019,SEX_F,42,19.043,0.0017953868090782481
KOR,BB:14110,2019,SEX_F,43,107.665,0.010150728393604454
KOR,BB:14110,2019,SEX_F,45,41.555,0.003917833264257029
KOR,BB:14110,2019,SEX_F,46,318.671,0.030044515561401797
KOR,BB:14110,2019,SEX_F,47,1117.715,0.10537891967173733
KOR,BB:14110,2019,SEX_F,49,34.34,0.003237598226316602
KOR,BB:14110,2019,SEX_F,51,11.214,0.0010572634394267436
KOR,BB:14110,2019,SEX_F,52,64.658,0.006095999595724486
KOR,BB:14110,2019,SEX_F,53,31.139,0.0029358057999205782
KOR,BB:14110,2019,SEX_F,55,70.814,0.006676391403563885
KOR,BB:14110,2019,SEX_F,56,1148.502,0.10828153867562812
KOR,BB:14110,2019,SEX_F,58,107.28,0.010114430335446855
KOR,BB:14110,2019,SEX_F,59,32.263,0.0030417772736066545
KOR,BB:14110,2019,SEX_F,60,18.146,0.0017108170476045736
KOR,BB:14110,2019,SEX_F,61,37.499,0.003535430864549978
KOR,BB:14110,2019,SEX_F,62,44.351,0.004181442019084671
KOR,BB:14110,2019,SEX_F,64,123.882,0.011679678027738883
KOR,BB:14110,2019,SEX_F,65,211.849,0.019973265773061903
KOR,BB:14110,2019,SEX_F,66,47.474,0.0044758805531786355
KOR,BB:14110,2019,SEX_F,68,271.58,0.02560474450503968
KOR,BB:14110,2019,SEX_F,69,80.586,0.007597702116073082
KOR,BB:14110,2019,SEX_F,71,17.763,0.0016747075507880548
KOR,BB:14110,2019,SEX_F,72,40.633,0.0038309064860198743
KOR,BB:14110,2019,SEX_F,73,44.545,0.004199732469169278
KOR,BB:14110,2019,SEX_F,74,93.469,0.008812319994629773
KOR,BB:14110,2019,SEX_F,75,12.329,0.001162386387077967
KOR,BB:14110,2019,SEX_F,77,33.891,0.0031952662052444946
KOR,BB:14110,2019,SEX_F,78,93.945,0.008857197593806439
KOR,BB:14110,2019,SEX_F,79,25.568,0.0024105681843466184
KOR,BB:14110,2019,SEX_F,81,89.095,0.008399936341691254
KOR,BB:14110,2019,SEX_F,82,109.817,0.01035362039660484
KOR,BB:14110,2019,SEX_F,84,457.791,0.04316084244681722
KOR,BB:14110,2019,SEX_F,85,1219.668,0.1149911168752218
KOR,BB:14110,2019,SEX_F,86,853.371,0.08045639009871941
KOR,BB:14110,2019,SEX_F,87,106.832,0.010072192595045288
KOR,BB:14110,2019,SEX_F,88,878.685,0.08284301099274907
KOR,BB:14110,2019,SEX_F,90,31.754,0.002993788412302195
KOR,BB:14110,2019,SEX_F,91,53.872,0.005079088283288525
KOR,BB:14110,2019,SEX_F,93,103.506,0.009758615084831862
KOR,BB:14110,2019,SEX_F,94,66.654,0.006284183814120756
KOR,BB:14110,2019,SEX_F,95,30.538,0.002879143116926511
KOR,BB:14110,2019,SEX_F,96,416.019,0.03922255027705318
KOR,BB:14110,2019,SEX_F,97,42.863,0.004041152381322321
KOR,BB:14110,2019,SEX_M,1,773.434,0.05017409008156208
KOR,BB:14110,2019,SEX_M,2,9.606,6.231589370566659e-4
KOR,BB:14110,2019,SEX_M,3,40.114,0.0026022691652187275
KOR,BB:14110,2019,SEX_M,10,202.064,0.013108264361588398
KOR,BB:14110,2019,SEX_M,11,29.395,0.0019069078653737971
KOR,BB:14110,2019,SEX_M,13,78.273,0.005077713874686281
KOR,BB:14110,2019,SEX_M,14,85.868,0.005570415532706828
KOR,BB:14110,2019,SEX_M,15,24.958,0.001619071491886349
KOR,BB:14110,2019,SEX_M,16,34.682,0.0022498853065791476
KOR,BB:14110,2019,SEX_M,17,56.727,0.0036799851158040276
KOR,BB:14110,2019,SEX_M,18,55.154,0.0035779417046037224
KOR,BB:14110,2019,SEX_M,20,188.618,0.012235997542135562
KOR,BB:14110,2019,SEX_M,21,51.725,0.0033554961502452684
KOR,BB:14110,2019,SEX_M,22,158.365,0.010273429634288872
KOR,BB:14110,2019,SEX_M,23,72.793,0.004722216167516749
KOR,BB:14110,2019,SEX_M,24,182.355,0.011829705180821187
KOR,BB:14110,2019,SEX_M,25,325.734,0.02113096535532126
KOR,BB:14110,2019,SEX_M,26,443.785,0.028789151455516606
KOR,BB:14110,2019,SEX_M,27,156.122,0.010127922087357986
KOR,BB:14110,2019,SEX_M,28,379.928,0.02464663008932594
KOR,BB:14110,2019,SEX_M,29,447.343,0.029019965477799305
KOR,BB:14110,2019,SEX_M,30,170.041,0.011030873289199723
KOR,BB:14110,2019,SEX_M,31,61.998,0.004021924607499393
KOR,BB:14110,2019,SEX_M,32,92.576,0.006005575864767635
KOR,BB:14110,2019,SEX_M,33,32.787,0.002126953161490413
KOR,BB:14110,2019,SEX_M,35,118.274,0.007672652521490747
KOR,BB:14110,2019,SEX_M,36,11.205,7.268890162106956e-4
KOR,BB:14110,2019,SEX_M,37,10.996,7.133308007365291e-4
KOR,BB:14110,2019,SEX_M,38,64.329,0.004173140876735193
KOR,BB:14110,2019,SEX_M,41,736.404,0.04777188568439278
KOR,BB:14110,2019,SEX_M,42,136.649,0.008864672661863039
KOR,BB:14110,2019,SEX_M,43,912.618,0.059203212868913224
KOR,BB:14110,2019,SEX_M,45,376.839,0.02444624096205465
KOR,BB:14110,2019,SEX_M,46,865.105,0.05612095692717125
KOR,BB:14110,2019,SEX_M,47,795.76,0.05162241887905606
KOR,BB:14110,2019,SEX_M,49,854.79,0.055451803852453414
KOR,BB:14110,2019,SEX_M,50,17.525,0.00113687907265439
KOR,BB:14110,2019,SEX_M,52,270.298,0.01753472979060407
KOR,BB:14110,2019,SEX_M,53,136.061,0.008826528017371126
KOR,BB:14110,2019,SEX_M,55,94.452,0.006127275444813264
KOR,BB:14110,2019,SEX_M,56,634.192,0.04114120472723726
KOR,BB:14110,2019,SEX_M,58,318.491,0.020661098586520363
KOR,BB:14110,2019,SEX_M,59,14.753,9.570543200496558e-4
KOR,BB:14110,2019,SEX_M,60,15.091,9.789810034480685e-4
KOR,BB:14110,2019,SEX_M,61,74.201,0.004813555724395343
KOR,BB:14110,2019,SEX_M,62,118.768,0.007704699212611504
KOR,BB:14110,2019,SEX_M,63,31.43,0.002038922068674892
KOR,BB:14110,2019,SEX_M,64,154.972,0.010053319466327882
KOR,BB:14110,2019,SEX_M,65,138.719,0.008998957379717223
KOR,BB:14110,2019,SEX_M,66,101.422,0.006579432200100059
KOR,BB:14110,2019,SEX_M,68,453.69,0.029431707074041098
KOR,BB:14110,2019,SEX_M,69,64.395,0.004177422418463877
KOR,BB:14110,2019,SEX_M,70,38.639,0.0025065831947670746
KOR,BB:14110,2019,SEX_M,71,189.817,0.012313778883539992
KOR,BB:14110,2019,SEX_M,72,158.679,0.01029379939342231
KOR,BB:14110,2019,SEX_M,73,61.021,0.003958544815545993
KOR,BB:14110,2019,SEX_M,74,127.609,0.008278231188722058
KOR,BB:14110,2019,SEX_M,77,151.514,0.009828992628482584
KOR,BB:14110,2019,SEX_M,78,159.686,0.01035912534070693
KOR,BB:14110,2019,SEX_M,79,31.627,0.0020517018220165702
KOR,BB:14110,2019,SEX_M,80,104.997,0.0068113490437371185
KOR,BB:14110,2019,SEX_M,81,118.696,0.007700028439816576
KOR,BB:14110,2019,SEX_M,82,49.099,0.003185142686919138
KOR,BB:14110,2019,SEX_M,84,806.576,0.05232407274780527
KOR,BB:14110,2019,SEX_M,85,678.158,0.04399336023698464
KOR,BB:14110,2019,SEX_M,86,249.138,0.01616204156365018
KOR,BB:14110,2019,SEX_M,87,17.71,0.0011488803638635807
KOR,BB:14110,2019,SEX_M,88,134.58,0.008730452815853228
KOR,BB:14110,2019,SEX_M,90,16.398,0.0010637685040448895
KOR,BB:14110,2019,SEX_M,91,26.309,0.0017067133536356263
KOR,BB:14110,2019,SEX_M,93,138.616,0.008992275579746701
KOR,BB:14110,2019,SEX_M,94,162.562,0.010545696765126561
KOR,BB:14110,2019,SEX_M,95,135.909,0.008816667497026276
KOR,BB:14110,2019,SEX_M,96,181.794,0.011793312076127372
KOS,BA:700,2024,SEX_F,1,2.588,0.02255023264729973
KOS,BA:700,2024,SEX_F,10,2.884,0.025129393722879607
KOS,BA:700,2024,SEX_F,11,0.28,0.00243974696338637
KOS,BA:700,2024,SEX_F,13,1.015,0.00884408274227559
KOS,BA:700,2024,SEX_F,14,0.921,0.008025024833138737
KOS,BA:700,2024,SEX_F,15,0.227,0.0019779377167453783
KOS,BA:700,2024,SEX_F,17,0.108,9.410452573061711e-4
KOS,BA:700,2024,SEX_F,18,0.17,0.0014812749420560101
KOS,BA:700,2024,SEX_F,21,0.394,0.003433072512765106
KOS,BA:700,2024,SEX_F,22,0.374,0.003258804872523222
KOS,BA:700,2024,SEX_F,23,0.173,0.0015074150880922926
KOS,BA:700,2024,SEX_F,25,0.212,0.0018472369865639654
KOS,BA:700,2024,SEX_F,31,1.805,0.01572765453182999
KOS,BA:700,2024,SEX_F,32,0.24,0.0020912116829026025
KOS,BA:700,2024,SEX_F,35,0.506,0.004408971298119653
KOS,BA:700,2024,SEX_F,36,0.305,0.002657581513688724
KOS,BA:700,2024,SEX_F,41,0.756,0.006587316801143198
KOS,BA:700,2024,SEX_F,43,0.359,0.0031281041423418094
KOS,BA:700,2024,SEX_F,45,0.454,0.0039558754334907565
KOS,BA:700,2024,SEX_F,46,1.712,0.01491731000470523
KOS,BA:700,2024,SEX_F,47,22.78,0.19849084223550537
KOS,BA:700,2024,SEX_F,49,0.51,0.0044438248261680306
KOS,BA:700,2024,SEX_F,51,0.513,0.004469964972204313
KOS,BA:700,2024,SEX_F,52,0.341,0.0029712632661241145
KOS,BA:700,2024,SEX_F,55,1.029,0.008966070090444908
KOS,BA:700,2024,SEX_F,56,5.455,0.047531498875973736
KOS,BA:700,2024,SEX_F,58,0.346,0.003014830176184585
KOS,BA:700,2024,SEX_F,60,0.616,0.005367443319450013
KOS,BA:700,2024,SEX_F,61,0.827,0.007205966924001884
KOS,BA:700,2024,SEX_F,62,0.503,0.004382831152083371
KOS,BA:700,2024,SEX_F,63,0.221,0.001925657424672813
KOS,BA:700,2024,SEX_F,64,3.779,0.03292787062370389
KOS,BA:700,2024,SEX_F,65,0.267,0.0023264729972291456
KOS,BA:700,2024,SEX_F,66,0.248,0.002160918738999356
KOS,BA:700,2024,SEX_F,69,1.582,0.013784570343132988
KOS,BA:700,2024,SEX_F,71,0.401,0.0034940661868497654
KOS,BA:700,2024,SEX_F,72,0.208,0.0018123834585155887
KOS,BA:700,2024,SEX_F,73,0.198,0.0017252496383946471
KOS,BA:700,2024,SEX_F,74,0.806,0.007022985901747907
KOS,BA:700,2024,SEX_F,77,0.144,0.0012547270097415615
KOS,BA:700,2024,SEX_F,79,0.911,0.007937891013017796
KOS,BA:700,2024,SEX_F,80,0.251,0.0021870588850356385
KOS,BA:700,2024,SEX_F,81,1.605,0.013984978129411154
KOS,BA:700,2024,SEX_F,82,4.12,0.03589913388982801
KOS,BA:700,2024,SEX_F,84,7.405,0.06452259379955738
KOS,BA:700,2024,SEX_F,85,20.83,0.1814997473119217
KOS,BA:700,2024,SEX_F,86,13.981,0.12182179391108869
KOS,BA:700,2024,SEX_F,87,0.234,0.0020389313908300375
KOS,BA:700,2024,SEX_F,88,1.334,0.011623651604133632
KOS,BA:700,2024,SEX_F,90,0.181,0.001577122144189046
KOS,BA:700,2024,SEX_F,91,0.476,0.004147569837756828
KOS,BA:700,2024,SEX_F,93,0.736,0.0064130491609013145
KOS,BA:700,2024,SEX_F,94,0.462,0.00402558248958751
KOS,BA:700,2024,SEX_F,95,1.083,0.009436592719097994
KOS,BA:700,2024,SEX_F,96,2.815,0.02452817036404511
KOS,BA:700,2024,SEX_F,97,0.279,0.0024310335813742755
KOS,BA:700,2024,SEX_F,99,1.806,0.015736367913842083
KOS,BA:700,2024,SEX_M,1,12.952,0.042137317162042574
KOS,BA:700,2024,SEX_M,2,0.635,0.002065873718182291
KOS,BA:700,2024,SEX_M,5,0.126,4.099213991983759e-4
KOS,BA:700,2024,SEX_M,7,1.817,0.005911326843995627
KOS,BA:700,2024,SEX_M,8,1.869,0.006080500754775909
KOS,BA:700,2024,SEX_M,9,0.247,8.0357607620634e-4
KOS,BA:700,2024,SEX_M,10,6.037,0.019640440372703138
KOS,BA:700,2024,SEX_M,11,2.493,0.008110587684139295
KOS,BA:700,2024,SEX_M,13,0.534,0.001737285929935974
KOS,BA:700,2024,SEX_M,14,0.272,8.849096871583988e-4
KOS,BA:700,2024,SEX_M,15,0.133,4.3269481026495237e-4
KOS,BA:700,2024,SEX_M,16,1.86,0.006051220654833168
KOS,BA:700,2024,SEX_M,17,0.38,0.0012362708864712925
KOS,BA:700,2024,SEX_M,18,0.172,5.595752433501639e-4
KOS,BA:700,2024,SEX_M,20,0.395,0.0012850710530425277
KOS,BA:700,2024,SEX_M,22,3.189,0.010374915413044609
KOS,BA:700,2024,SEX_M,23,3.978,0.012941804174691582
KOS,BA:700,2024,SEX_M,24,1.207,0.003926786736765395
KOS,BA:700,2024,SEX_M,25,5.364,0.017450939565873715
KOS,BA:700,2024,SEX_M,26,0.144,4.684815990838581e-4
KOS,BA:700,2024,SEX_M,27,0.174,5.660819322263285e-4
KOS,BA:700,2024,SEX_M,28,0.499,0.0016234188746030917
KOS,BA:700,2024,SEX_M,31,7.17,0.023326479621050437
KOS,BA:700,2024,SEX_M,32,0.198,6.44162198740305e-4
KOS,BA:700,2024,SEX_M,33,1.102,0.003585185570766748
KOS,BA:700,2024,SEX_M,35,6.901,0.022451329967206286
KOS,BA:700,2024,SEX_M,36,3.001,0.009763286658685127
KOS,BA:700,2024,SEX_M,37,0.094,3.0581437717974074e-4
KOS,BA:700,2024,SEX_M,38,0.858,0.0027913695278746547
KOS,BA:700,2024,SEX_M,41,35.226,0.1146023111758888
KOS,BA:700,2024,SEX_M,42,1.757,0.005716126177710686
KOS,BA:700,2024,SEX_M,43,14.517,0.047228801207641447
KOS,BA:700,2024,SEX_M,45,12.038,0.03916376034563531
KOS,BA:700,2024,SEX_M,46,7.486,0.02435453646348446
KOS,BA:700,2024,SEX_M,47,37.338,0.12147337462911872
KOS,BA:700,2024,SEX_M,49,9.642,0.03136874707199
KOS,BA:700,2024,SEX_M,51,1.597,0.00519559106761751
KOS,BA:700,2024,SEX_M,52,1.444,0.004697829368590911
KOS,BA:700,2024,SEX_M,53,1.356,0.0044115350580396645
KOS,BA:700,2024,SEX_M,55,2.65,0.008621362760918223
KOS,BA:700,2024,SEX_M,56,21.387,0.06957927749726718
KOS,BA:700,2024,SEX_M,58,0.306,9.955233980531986e-4
KOS,BA:700,2024,SEX_M,59,0.291,9.467232314819633e-4
KOS,BA:700,2024,SEX_M,60,1.827,0.00594386028837645
KOS,BA:700,2024,SEX_M,61,3.764,0.012245588464941958
KOS,BA:700,2024,SEX_M,62,3.248,0.010566862734891469
KOS,BA:700,2024,SEX_M,63,0.29,9.434698870438809e-4
KOS,BA:700,2024,SEX_M,64,3.213,0.010452995679558586
KOS,BA:700,2024,SEX_M,65,2.309,0.0075119723075321426
KOS,BA:700,2024,SEX_M,66,0.444,0.0014444849305085626
KOS,BA:700,2024,SEX_M,68,0.822,0.00267424912810369
KOS,BA:700,2024,SEX_M,69,2.231,0.0072582114413617185
KOS,BA:700,2024,SEX_M,70,0.356,0.0011581906199573159
KOS,BA:700,2024,SEX_M,71,1.633,0.005312711467388475
KOS,BA:700,2024,SEX_M,73,1.135,0.0036925459372234653
KOS,BA:700,2024,SEX_M,74,1.945,0.006327754932070167
KOS,BA:700,2024,SEX_M,75,0.379,0.00123301754203321
KOS,BA:700,2024,SEX_M,77,0.53,0.0017242725521836447
KOS,BA:700,2024,SEX_M,78,0.472,0.0015355785747748682
KOS,BA:700,2024,SEX_M,79,0.855,0.002781609494560408
KOS,BA:700,2024,SEX_M,80,0.653,0.0021244339180677735
KOS,BA:700,2024,SEX_M,81,3.919,0.012749856852844722
KOS,BA:700,2024,SEX_M,82,4.544,0.01478319712664619
KOS,BA:700,2024,SEX_M,84,26.419,0.08595010670969756
KOS,BA:700,2024,SEX_M,85,15.891,0.0516988964655666
KOS,BA:700,2024,SEX_M,86,7.885,0.025652620894279315
KOS,BA:700,2024,SEX_M,88,0.213,6.929623653115402e-4
KOS,BA:700,2024,SEX_M,90,0.305,9.922700536151162e-4
KOS,BA:700,2024,SEX_M,91,0.398,0.0012948310863567748
KOS,BA:700,2024,SEX_M,93,2.043,0.006646582687002238
KOS,BA:700,2024,SEX_M,94,1.636,0.005322471500702721
KOS,BA:700,2024,SEX_M,95,1.272,0.0041382541252407475
KOS,BA:700,2024,SEX_M,96,3.173,0.010322861902035291
KOS,BA:700,2024,SEX_M,97,0.145,4.7173494352194045e-4
KOS,BA:700,2024,SEX_M,99,2.591,0.008429415439071365
LBN,BA:14074,2019,SEX_F,1,7.492,0.015505961682144345
LBN,BA:14074,2019,SEX_F,10,12.422,0.025709430861665387
LBN,BA:14074,2019,SEX_F,11,0.509,0.0010534616252284399
LBN,BA:14074,2019,SEX_F,13,0.332,6.871301759839726e-4
LBN,BA:14074,2019,SEX_F,14,7.605,0.01573983430228347
LBN,BA:14074,2019,SEX_F,15,0.2,4.139338409542004e-4
LBN,BA:14074,2019,SEX_F,16,0.253,5.236263088070635e-4
LBN,BA:14074,2019,SEX_F,17,0.92,0.0019040956683893217
LBN,BA:14074,2019,SEX_F,18,1.62,0.0033528641117290233
LBN,BA:14074,2019,SEX_F,20,0.62,0.0012831949069580211
LBN,BA:14074,2019,SEX_F,21,0.374,7.740562825843546e-4
LBN,BA:14074,2019,SEX_F,22,0.189,3.9116747970171936e-4
LBN,BA:14074,2019,SEX_F,23,0.613,0.0012687072225246242
LBN,BA:14074,2019,SEX_F,24,0.254,5.256959780118345e-4
LBN,BA:14074,2019,SEX_F,25,0.441,9.127241193040118e-4
LBN,BA:14074,2019,SEX_F,27,0.338,6.995481912125986e-4
LBN,BA:14074,2019,SEX_F,31,0.488,0.001009998571928249
LBN,BA:14074,2019,SEX_F,32,0.351,7.264538908746215e-4
LBN,BA:14074,2019,SEX_F,35,0.242,5.008599475545824e-4
LBN,BA:14074,2019,SEX_F,36,0.151,3.1252004992042125e-4
LBN,BA:14074,2019,SEX_F,41,2.784,0.005761959066082468
LBN,BA:14074,2019,SEX_F,43,0.795,0.0016453870177929465
LBN,BA:14074,2019,SEX_F,45,1.242,0.0025705291523255842
LBN,BA:14074,2019,SEX_F,46,6.014,0.012446990597492805
LBN,BA:14074,2019,SEX_F,47,63.159,0.1307182373041317
LBN,BA:14074,2019,SEX_F,49,0.544,0.001125900047395425
LBN,BA:14074,2019,SEX_F,51,0.764,0.0015812272724450454
LBN,BA:14074,2019,SEX_F,52,1.605,0.003321819073657458
LBN,BA:14074,2019,SEX_F,53,0.428,8.858184196419887e-4
LBN,BA:14074,2019,SEX_F,55,2.321,0.004803702224273496
LBN,BA:14074,2019,SEX_F,56,8.311,0.017201020760851796
LBN,BA:14074,2019,SEX_F,58,1.47,0.0030424137310133726
LBN,BA:14074,2019,SEX_F,59,0.444,9.189331269183248e-4
LBN,BA:14074,2019,SEX_F,60,1.364,0.0028230287953076466
LBN,BA:14074,2019,SEX_F,61,2.431,0.0050313658367983054
LBN,BA:14074,2019,SEX_F,62,1.699,0.0035163679789059323
LBN,BA:14074,2019,SEX_F,64,12.232,0.02531619371275889
LBN,BA:14074,2019,SEX_F,65,4.387,0.009079638801330383
LBN,BA:14074,2019,SEX_F,66,0.974,0.0020158578054469555
LBN,BA:14074,2019,SEX_F,68,1.207,0.0024980907301585995
LBN,BA:14074,2019,SEX_F,69,8.101,0.016766390227849887
LBN,BA:14074,2019,SEX_F,71,5.54,0.01146596739443135
LBN,BA:14074,2019,SEX_F,73,2.935,0.00607447911600289
LBN,BA:14074,2019,SEX_F,74,3.783,0.0078295586016487
LBN,BA:14074,2019,SEX_F,75,0.097,2.0075791286278718e-4
LBN,BA:14074,2019,SEX_F,77,0.27,5.588106852881705e-4
LBN,BA:14074,2019,SEX_F,78,0.797,0.0016495263562024884
LBN,BA:14074,2019,SEX_F,79,1.904,0.0039406501658839875
LBN,BA:14074,2019,SEX_F,80,0.632,0.0013080309374152732
LBN,BA:14074,2019,SEX_F,81,4.105,0.008495992085584964
LBN,BA:14074,2019,SEX_F,82,0.467,9.665355186280578e-4
LBN,BA:14074,2019,SEX_F,84,20.446,0.04231645656074791
LBN,BA:14074,2019,SEX_F,85,99.378,0.2056795862317326
LBN,BA:14074,2019,SEX_F,86,35.81,0.07411485422284958
LBN,BA:14074,2019,SEX_F,87,2.309,0.004778866193816243
LBN,BA:14074,2019,SEX_F,88,4.542,0.00940043752806989
LBN,BA:14074,2019,SEX_F,90,1.038,0.0021483166345523
LBN,BA:14074,2019,SEX_F,92,0.186,3.849584720874063e-4
LBN,BA:14074,2019,SEX_F,93,1.971,0.004079318002603645
LBN,BA:14074,2019,SEX_F,94,7.58,0.015688092572164195
LBN,BA:14074,2019,SEX_F,96,12.233,0.025318263381963666
LBN,BA:14074,2019,SEX_F,97,115.116,0.23825204017641863
LBN,BA:14074,2019,SEX_F,99,4.34,0.008982364348706147
LBN,BA:14074,2019,SEX_M,1,46.646,0.04228927437530712
LBN,BA:14074,2019,SEX_M,2,0.886,8.032478046675408e-4
LBN,BA:14074,2019,SEX_M,3,1.548,0.0014034171575906921
LBN,BA:14074,2019,SEX_M,8,0.186,1.6862764296632346e-4
LBN,BA:14074,2019,SEX_M,10,36.481,0.03307368302717444
LBN,BA:14074,2019,SEX_M,11,6.488,0.005882022298739284
LBN,BA:14074,2019,SEX_M,13,1.272,0.0011531954938342121
LBN,BA:14074,2019,SEX_M,14,6.424,0.005823999883955172
LBN,BA:14074,2019,SEX_M,15,2.027,0.0018376786682405253
LBN,BA:14074,2019,SEX_M,16,11.908,0.010795795550768709
LBN,BA:14074,2019,SEX_M,17,3.502,0.00317491400896809
LBN,BA:14074,2019,SEX_M,18,4.476,0.004057942633963784
LBN,BA:14074,2019,SEX_M,19,0.224,2.0307845174438957e-4
LBN,BA:14074,2019,SEX_M,20,3.223,0.002921972544518605
LBN,BA:14074,2019,SEX_M,21,0.17,1.5412203927029565e-4
LBN,BA:14074,2019,SEX_M,22,1.544,0.0013997907566666852
LBN,BA:14074,2019,SEX_M,23,12.428,0.011267227670889614
LBN,BA:14074,2019,SEX_M,24,1.253,0.001135970089445179
LBN,BA:14074,2019,SEX_M,25,24.135,0.021880796575226975
LBN,BA:14074,2019,SEX_M,26,0.973,8.821220247646921e-4
LBN,BA:14074,2019,SEX_M,27,2.877,0.0026082888645920033
LBN,BA:14074,2019,SEX_M,28,1.242,0.00112599748690416
LBN,BA:14074,2019,SEX_M,29,0.115,1.042590265652e-4
LBN,BA:14074,2019,SEX_M,31,17.449,0.015819267430749347
LBN,BA:14074,2019,SEX_M,32,1.806,0.0016373200171891408
LBN,BA:14074,2019,SEX_M,33,4.739,0.004296378494717241
LBN,BA:14074,2019,SEX_M,35,4.869,0.004414236524747468
LBN,BA:14074,2019,SEX_M,36,4.02,0.0036445329286269906
LBN,BA:14074,2019,SEX_M,37,0.273,2.475018630634748e-4
LBN,BA:14074,2019,SEX_M,38,1.778,0.0016119352107210922
LBN,BA:14074,2019,SEX_M,39,0.375,3.3997508662565214e-4
LBN,BA:14074,2019,SEX_M,41,39.623,0.035922220952981906
LBN,BA:14074,2019,SEX_M,42,1.119,0.001014485658490946
LBN,BA:14074,2019,SEX_M,43,96.428,0.08742164707503569
LBN,BA:14074,2019,SEX_M,45,54.693,0.04958468643417811
LBN,BA:14074,2019,SEX_M,46,21.707,0.019679571214354753
LBN,BA:14074,2019,SEX_M,47,168.623,0.15287365075220624
LBN,BA:14074,2019,SEX_M,49,65.194,0.05910489545992738
LBN,BA:14074,2019,SEX_M,50,0.508,4.6055291734888347e-4
LBN,BA:14074,2019,SEX_M,51,2.875,0.0026064756641299997
LBN,BA:14074,2019,SEX_M,52,5.992,0.005432348584162421
LBN,BA:14074,2019,SEX_M,53,0.599,5.430535383700417e-4
LBN,BA:14074,2019,SEX_M,55,8.85,0.00802341204436539
LBN,BA:14074,2019,SEX_M,56,49.996,0.04532638514916295
LBN,BA:14074,2019,SEX_M,58,1.72,0.0015593523973229913
LBN,BA:14074,2019,SEX_M,59,1.181,0.001070694872813054
LBN,BA:14074,2019,SEX_M,60,2.394,0.0021704009530181634
LBN,BA:14074,2019,SEX_M,61,6.787,0.0061530957678088034
LBN,BA:14074,2019,SEX_M,62,5.304,0.004808607625233224
LBN,BA:14074,2019,SEX_M,64,14.276,0.012942624897780827
LBN,BA:14074,2019,SEX_M,65,5.319,0.0048222066286982505
LBN,BA:14074,2019,SEX_M,66,1.814,0.0016445728190371547
LBN,BA:14074,2019,SEX_M,68,4.843,0.004390664918741422
LBN,BA:14074,2019,SEX_M,69,11.835,0.010729613733905583
LBN,BA:14074,2019,SEX_M,71,18.247,0.016542734415088734
LBN,BA:14074,2019,SEX_M,73,3.801,0.0034459874780376105
LBN,BA:14074,2019,SEX_M,74,5.116,0.004638166781804897
LBN,BA:14074,2019,SEX_M,77,1.21,0.0010969862795121043
LBN,BA:14074,2019,SEX_M,78,0.416,3.7714569609672346e-4
LBN,BA:14074,2019,SEX_M,79,1.345,0.0012193773106973392
LBN,BA:14074,2019,SEX_M,80,6.63,0.0060107595315415305
LBN,BA:14074,2019,SEX_M,81,27.64,0.02505843038488807
LBN,BA:14074,2019,SEX_M,82,3.46,0.003136836799266017
LBN,BA:14074,2019,SEX_M,84,137.092,0.12428763886849042
LBN,BA:14074,2019,SEX_M,85,37.834,0.0343003131397198
LBN,BA:14074,2019,SEX_M,86,24.704,0.022396652106666963
LBN,BA:14074,2019,SEX_M,87,1.114,0.0010099526573359374
LBN,BA:14074,2019,SEX_M,88,1.098,9.954470536399096e-4
LBN,BA:14074,2019,SEX_M,90,3.529,0.0031993922152051373
LBN,BA:14074,2019,SEX_M,91,0.354,3.209364817746156e-4
LBN,BA:14074,2019,SEX_M,92,1.231,0.0011160248843631408
LBN,BA:14074,2019,SEX_M,93,5.038,0.0045674519637867615
LBN,BA:14074,2019,SEX_M,94,7.528,0.006824886538981091
LBN,BA:14074,2019,SEX_M,95,3.099,0.0028095541158743896
LBN,BA:14074,2019,SEX_M,96,21.087,0.01911747907113367
LBN,BA:14074,2019,SEX_M,97,9.11,0.008259128104425842
LBN,BA:14074,2019,SEX_M,99,5.322,0.004824926429391255
LKA,BA:1359,2024,SEX_F,1,614.788,0.2382914002567457
LKA,BA:1359,2024,SEX_F,2,2.313,8.965171877034894e-4
LKA,BA:1359,2024,SEX_F,3,3.453,0.0013383803930567006
LKA,BA:1359,2024,SEX_F,10,122.076,0.04731657250587599
LKA,BA:1359,2024,SEX_F,11,3.092,0.0011984570446948505
LKA,BA:1359,2024,SEX_F,12,31.289,0.012127594589733887
LKA,BA:1359,2024,SEX_F,13,38.641,0.014977224664959156
LKA,BA:1359,2024,SEX_F,14,348.654,0.13513804736773558
LKA,BA:1359,2024,SEX_F,15,11.672,0.0045240590639321785
LKA,BA:1359,2024,SEX_F,16,1.426,5.527166059944555e-4
LKA,BA:1359,2024,SEX_F,17,4.002,0.0015511724103715366
LKA,BA:1359,2024,SEX_F,18,6.673,0.002586450148528052
LKA,BA:1359,2024,SEX_F,20,14.563,0.005644608648735804
LKA,BA:1359,2024,SEX_F,21,3.919,0.0015190016682273995
LKA,BA:1359,2024,SEX_F,22,6.153,0.002384898510998517
LKA,BA:1359,2024,SEX_F,23,8.884,0.003443432207331517
LKA,BA:1359,2024,SEX_F,25,2.117,8.205477243269723e-4
LKA,BA:1359,2024,SEX_F,27,2.808,0.001088378842659489
LKA,BA:1359,2024,SEX_F,31,6.221,0.0024112552635985334
LKA,BA:1359,2024,SEX_F,32,11.281,0.004372507736482086
LKA,BA:1359,2024,SEX_F,35,2.982,0.001155821121371295
LKA,BA:1359,2024,SEX_F,36,3.329,0.0012903180794919655
LKA,BA:1359,2024,SEX_F,38,9.208,0.003569014381484535
LKA,BA:1359,2024,SEX_F,41,9.228,0.0035767663675433633
LKA,BA:1359,2024,SEX_F,42,2.974,0.0011527203269477637
LKA,BA:1359,2024,SEX_F,43,3.039,0.0011779142816389556
LKA,BA:1359,2024,SEX_F,45,11.227,0.0043515773741232494
LKA,BA:1359,2024,SEX_F,46,35.239,0.013658611836352468
LKA,BA:1359,2024,SEX_F,47,266.794,0.10340916842895145
LKA,BA:1359,2024,SEX_F,49,8.528,0.0033054468554843744
LKA,BA:1359,2024,SEX_F,52,7.416,0.0028744364306135224
LKA,BA:1359,2024,SEX_F,53,6.432,0.0024930387165191716
LKA,BA:1359,2024,SEX_F,55,11.18,0.004333360206885003
LKA,BA:1359,2024,SEX_F,56,80.299,0.03112383642689256
LKA,BA:1359,2024,SEX_F,61,4.734,0.0018348951001246514
LKA,BA:1359,2024,SEX_F,62,10.821,0.004194212057129035
LKA,BA:1359,2024,SEX_F,63,6.788,0.002631024068366315
LKA,BA:1359,2024,SEX_F,64,54.714,0.021207108261136497
LKA,BA:1359,2024,SEX_F,65,10.448,0.004049637517131888
LKA,BA:1359,2024,SEX_F,66,3.141,0.0012174494105389798
LKA,BA:1359,2024,SEX_F,68,2.273,8.810132155858329e-4
LKA,BA:1359,2024,SEX_F,69,16.089,0.006236085185024401
LKA,BA:1359,2024,SEX_F,70,2.2,8.527184664711097e-4
LKA,BA:1359,2024,SEX_F,71,2.265,8.779124211623015e-4
LKA,BA:1359,2024,SEX_F,72,2.076,8.046561529063744e-4
LKA,BA:1359,2024,SEX_F,73,3.133,0.0012143486161154484
LKA,BA:1359,2024,SEX_F,74,3.703,0.001435280218792054
LKA,BA:1359,2024,SEX_F,77,2.366,9.170599507593843e-4
LKA,BA:1359,2024,SEX_F,78,4.143,0.001605823912086276
LKA,BA:1359,2024,SEX_F,79,3.114,0.0012069842293595614
LKA,BA:1359,2024,SEX_F,80,1.568,6.077557070121363e-4
LKA,BA:1359,2024,SEX_F,81,15.786,0.006118642596233153
LKA,BA:1359,2024,SEX_F,82,15.9,0.006162828916768474
LKA,BA:1359,2024,SEX_F,84,165.847,0.0642821815949246
LKA,BA:1359,2024,SEX_F,85,283.767,0.10998789139777607
LKA,BA:1359,2024,SEX_F,86,118.844,0.04606385155876934
LKA,BA:1359,2024,SEX_F,87,2.63,0.0010193861667359173
LKA,BA:1359,2024,SEX_F,88,5.385,0.0020872222463395114
LKA,BA:1359,2024,SEX_F,90,3.217,0.0012469069575625272
LKA,BA:1359,2024,SEX_F,91,3.941,0.0015275288528921105
LKA,BA:1359,2024,SEX_F,92,2.333,9.042691737623177e-4
LKA,BA:1359,2024,SEX_F,94,1.925,7.461286581622209e-4
LKA,BA:1359,2024,SEX_F,96,39.013,0.015121411605653362
LKA,BA:1359,2024,SEX_F,97,74.315,0.02880444219809114
LKA,BA:1359,2024,SEX_F,98,9.929,0.0038484734789052946
LKA,BA:1359,2024,SEX_F,99,1.676,6.496164317298089e-4
LKA,BA:1359,2024,SEX_M,1,1329.876,0.24832454001992385
LKA,BA:1359,2024,SEX_M,2,4.61,8.608141883091725e-4
LKA,BA:1359,2024,SEX_M,3,111.611,0.020840853008975063
LKA,BA:1359,2024,SEX_M,7,1.428,2.6664699802722303e-4
LKA,BA:1359,2024,SEX_M,8,56.627,0.010573823219389048
LKA,BA:1359,2024,SEX_M,9,1.484,2.7710374304789844e-4
LKA,BA:1359,2024,SEX_M,10,171.428,0.0320103372393633
LKA,BA:1359,2024,SEX_M,11,9.073,0.0016941794209390719
LKA,BA:1359,2024,SEX_M,12,4.098,7.652096624058543e-4
LKA,BA:1359,2024,SEX_M,13,23.762,0.004437020985380164
LKA,BA:1359,2024,SEX_M,14,161.911,0.030233250768617444
LKA,BA:1359,2024,SEX_M,15,10.667,0.0019918231988490112
LKA,BA:1359,2024,SEX_M,16,67.381,0.012581891718538036
LKA,BA:1359,2024,SEX_M,17,5.244,9.791994801503904e-4
LKA,BA:1359,2024,SEX_M,18,25.561,0.004772943919169361
LKA,BA:1359,2024,SEX_M,19,2.395,4.4721257722352885e-4
LKA,BA:1359,2024,SEX_M,20,26.313,0.00491336306658986
LKA,BA:1359,2024,SEX_M,21,4.104,7.663300279437839e-4
LKA,BA:1359,2024,SEX_M,22,27.27,0.0050920613698896165
LKA,BA:1359,2024,SEX_M,23,34.527,0.006447143488015357
LKA,BA:1359,2024,SEX_M,24,9.113,0.0017016485245252685
LKA,BA:1359,2024,SEX_M,25,37.926,0.007081830565252424
LKA,BA:1359,2024,SEX_M,26,4.058,7.577405588196576e-4
LKA,BA:1359,2024,SEX_M,27,6.506,0.0012148496982948972
LKA,BA:1359,2024,SEX_M,28,3.715,6.936929955680207e-4
LKA,BA:1359,2024,SEX_M,29,4.266,7.965798974678806e-4
LKA,BA:1359,2024,SEX_M,30,3.44,6.423429084129182e-4
LKA,BA:1359,2024,SEX_M,31,62.724,0.011712301333515081
LKA,BA:1359,2024,SEX_M,32,18.271,0.0034116997905850087
LKA,BA:1359,2024,SEX_M,33,14.071,0.0026274439140343523
LKA,BA:1359,2024,SEX_M,35,20.392,0.00380774900824309
LKA,BA:1359,2024,SEX_M,36,12.7,0.0023714403886174597
LKA,BA:1359,2024,SEX_M,38,9.858,0.0018407605788181827
LKA,BA:1359,2024,SEX_M,41,407.537,0.07609840170519636
LKA,BA:1359,2024,SEX_M,42,25.03,0.0046737915690626
LKA,BA:1359,2024,SEX_M,43,97.012,0.018114816927602913
LKA,BA:1359,2024,SEX_M,45,156.727,0.02926525494384635
LKA,BA:1359,2024,SEX_M,46,152.788,0.02852973496819563
LKA,BA:1359,2024,SEX_M,47,552.284,0.10312666012497679
LKA,BA:1359,2024,SEX_M,49,434.072,0.08105321829668961
LKA,BA:1359,2024,SEX_M,50,1.91,3.5664969624089356e-4
LKA,BA:1359,2024,SEX_M,52,40.172,0.007501220731617369
LKA,BA:1359,2024,SEX_M,53,22.658,0.004230873726401134
LKA,BA:1359,2024,SEX_M,55,65.42,0.012215718915224742
LKA,BA:1359,2024,SEX_M,56,102.144,0.019073102917711957
LKA,BA:1359,2024,SEX_M,58,1.692,3.159430816961214e-4
LKA,BA:1359,2024,SEX_M,59,3.329,6.216161459612223e-4
LKA,BA:1359,2024,SEX_M,60,4.476,8.357926912954134e-4
LKA,BA:1359,2024,SEX_M,61,11.299,0.0021098350355109193
LKA,BA:1359,2024,SEX_M,62,30.088,0.005618259717537176
LKA,BA:1359,2024,SEX_M,63,5.168,9.650081833366168e-4
LKA,BA:1359,2024,SEX_M,64,65.182,0.012171277748886872
LKA,BA:1359,2024,SEX_M,65,15.515,0.0028970785534960545
LKA,BA:1359,2024,SEX_M,66,9.144,0.0017074370798045712
LKA,BA:1359,2024,SEX_M,68,11.54,0.0021548363846177546
LKA,BA:1359,2024,SEX_M,69,14.893,0.002780933992730695
LKA,BA:1359,2024,SEX_M,70,2.337,4.3638237702354365e-4
LKA,BA:1359,2024,SEX_M,71,8.081,0.001508945652001393
LKA,BA:1359,2024,SEX_M,73,4.829,9.017075304435994e-4
LKA,BA:1359,2024,SEX_M,74,21.725,0.004056656885253096
LKA,BA:1359,2024,SEX_M,75,1.963,3.6654625849260426e-4
LKA,BA:1359,2024,SEX_M,77,5.934,0.001108041517012284
LKA,BA:1359,2024,SEX_M,78,5.518,0.001030362839715838
LKA,BA:1359,2024,SEX_M,79,17.332,0.0032363625838990407
LKA,BA:1359,2024,SEX_M,80,34.964,0.006528743444694556
LKA,BA:1359,2024,SEX_M,81,17.208,0.00321320836278183
LKA,BA:1359,2024,SEX_M,82,23.724,0.004429925336973277
LKA,BA:1359,2024,SEX_M,84,253.211,0.047281479704111465
LKA,BA:1359,2024,SEX_M,85,138.581,0.0258768961019682
LKA,BA:1359,2024,SEX_M,86,55.277,0.010321740973354908
LKA,BA:1359,2024,SEX_M,90,8.615,0.0016086581848771195
LKA,BA:1359,2024,SEX_M,91,4.821,9.002137097263601e-4
LKA,BA:1359,2024,SEX_M,92,13.98,0.002610451703375755
LKA,BA:1359,2024,SEX_M,93,6.396,0.0011943096634328561
LKA,BA:1359,2024,SEX_M,94,14.644,0.0027344388229066205
LKA,BA:1359,2024,SEX_M,95,42.333,0.007904739052861648
LKA,BA:1359,2024,SEX_M,96,101.353,0.018925401394294914
LKA,BA:1359,2024,SEX_M,97,49.292,0.009204176349270224
LKA,BA:1359,2024,SEX_M,98,4.779,8.923711509608536e-4
LKA,BA:1359,2024,SEX_M,99,2.008,3.7494900002707553e-4
LSO,BA:13,2019,SEX_F,1,13.709,0.056194559674695437
LSO,BA:13,2019,SEX_F,2,4.977,0.020401219892111695
LSO,BA:13,2019,SEX_F,7,0.505,0.0020700454180262017
LSO,BA:13,2019,SEX_F,8,0.801,0.0032833789699781932
LSO,BA:13,2019,SEX_F,10,1.168,0.004787748610405155
LSO,BA:13,2019,SEX_F,13,1.847,0.007571037400186919
LSO,BA:13,2019,SEX_F,14,40.119,0.16445178638770927
LSO,BA:13,2019,SEX_F,15,0.674,0.002762793290593386
LSO,BA:13,2019,SEX_F,20,56.252,0.2305825640689305
LSO,BA:13,2019,SEX_F,23,0.197,8.075226680221024e-4
LSO,BA:13,2019,SEX_F,27,0.665,0.002725901392054305
LSO,BA:13,2019,SEX_F,35,0.338,0.0013854957451343687
LSO,BA:13,2019,SEX_F,36,0.226,9.263965633146961e-4
LSO,BA:13,2019,SEX_F,38,0.835,0.003422748364459165
LSO,BA:13,2019,SEX_F,41,1.142,0.004681172014625588
LSO,BA:13,2019,SEX_F,42,0.729,0.0029882437816655463
LSO,BA:13,2019,SEX_F,43,0.354,0.0014510813425371789
LSO,BA:13,2019,SEX_F,45,0.637,0.002611126596599387
LSO,BA:13,2019,SEX_F,46,1.26,0.005164865795471315
LSO,BA:13,2019,SEX_F,47,36.662,0.15028119824886454
LSO,BA:13,2019,SEX_F,49,0.578,0.0023692797061765237
LSO,BA:13,2019,SEX_F,55,1.236,0.005066487399367099
LSO,BA:13,2019,SEX_F,56,13.55,0.05554280280050501
LSO,BA:13,2019,SEX_F,61,0.465,0.0019060814245191757
LSO,BA:13,2019,SEX_F,64,1.702,0.00697666792372395
LSO,BA:13,2019,SEX_F,65,0.83,0.0034022528652707866
LSO,BA:13,2019,SEX_F,68,0.926,0.003795766449687649
LSO,BA:13,2019,SEX_F,69,0.754,0.0030907212776074377
LSO,BA:13,2019,SEX_F,80,1.347,0.005521487481349096
LSO,BA:13,2019,SEX_F,81,0.502,0.0020577481185131744
LSO,BA:13,2019,SEX_F,82,0.633,0.0025947301972486844
LSO,BA:13,2019,SEX_F,84,12.107,0.049627801734739053
LSO,BA:13,2019,SEX_F,85,22.136,0.09073767400678812
LSO,BA:13,2019,SEX_F,86,7.569,0.03102608667136697
LSO,BA:13,2019,SEX_F,87,2.32,0.0095099116234075
LSO,BA:13,2019,SEX_F,90,0.485,0.0019880634212726886
LSO,BA:13,2019,SEX_F,92,0.266,0.001090360556821722
LSO,BA:13,2019,SEX_F,94,0.393,0.0016109462362065292
LSO,BA:13,2019,SEX_F,96,5.358,0.021962976930266113
LSO,BA:13,2019,SEX_F,97,5.306,0.021749823738706982
LSO,BA:13,2019,SEX_F,99,2.396,0.00982144321107085
LSO,BA:13,2019,SEX_M,1,44.936,0.16513302954578862
LSO,BA:13,2019,SEX_M,2,2.61,0.00959135675437307
LSO,BA:13,2019,SEX_M,3,0.342,0.0012567984712626783
LSO,BA:13,2019,SEX_M,5,0.706,0.0025944436278112597
LSO,BA:13,2019,SEX_M,7,17.794,0.06539026899897105
LSO,BA:13,2019,SEX_M,8,4.352,0.01599294428928414
LSO,BA:13,2019,SEX_M,10,2.276,0.00836395707775981
LSO,BA:13,2019,SEX_M,13,1.087,0.003994561222989857
LSO,BA:13,2019,SEX_M,14,8.969,0.03295972365133029
LSO,BA:13,2019,SEX_M,15,0.678,0.002491547846538292
LSO,BA:13,2019,SEX_M,16,1.229,0.004516389828017052
LSO,BA:13,2019,SEX_M,20,23.965,0.08806776422166691
LSO,BA:13,2019,SEX_M,23,2.961,0.010881228869616346
LSO,BA:13,2019,SEX_M,24,0.396,0.001455240335146259
LSO,BA:13,2019,SEX_M,25,1.383,0.005082316625018374
LSO,BA:13,2019,SEX_M,31,0.37,0.001359694252535646
LSO,BA:13,2019,SEX_M,33,0.411,0.0015103630751139203
LSO,BA:13,2019,SEX_M,35,0.86,0.0031603704248125827
LSO,BA:13,2019,SEX_M,36,1.414,0.005196236954284874
LSO,BA:13,2019,SEX_M,37,0.562,0.002065265324121711
LSO,BA:13,2019,SEX_M,38,1.42,0.0052182860502719385
LSO,BA:13,2019,SEX_M,41,37.074,0.13624136410407173
LSO,BA:13,2019,SEX_M,42,3.438,0.012634132000587977
LSO,BA:13,2019,SEX_M,43,3.592,0.013200058797589299
LSO,BA:13,2019,SEX_M,45,6.53,0.023996766132588564
LSO,BA:13,2019,SEX_M,46,2.493,0.009161399382625312
LSO,BA:13,2019,SEX_M,47,23.984,0.08813758635895928
LSO,BA:13,2019,SEX_M,49,16.68,0.06129648684403939
LSO,BA:13,2019,SEX_M,55,1.26,0.004630310157283551
LSO,BA:13,2019,SEX_M,56,2.41,0.008856386888137587
LSO,BA:13,2019,SEX_M,59,0.27,9.92209319417904e-4
LSO,BA:13,2019,SEX_M,60,0.306,0.001124503895340291
LSO,BA:13,2019,SEX_M,61,0.509,0.0018704983095693076
LSO,BA:13,2019,SEX_M,64,1.144,0.00420402763486697
LSO,BA:13,2019,SEX_M,65,0.698,0.00256504483316184
LSO,BA:13,2019,SEX_M,68,0.67,0.002462149051888873
LSO,BA:13,2019,SEX_M,69,0.455,0.001672056445685727
LSO,BA:13,2019,SEX_M,74,0.337,0.0012384242246067912
LSO,BA:13,2019,SEX_M,80,9.902,0.03638835807731883
LSO,BA:13,2019,SEX_M,81,0.724,0.002660590915772453
LSO,BA:13,2019,SEX_M,82,0.459,0.0016867558430104367
LSO,BA:13,2019,SEX_M,84,19.208,0.07058650595325591
LSO,BA:13,2019,SEX_M,85,8.904,0.03272085844480376
LSO,BA:13,2019,SEX_M,86,2.844,0.010451271497868586
LSO,BA:13,2019,SEX_M,87,1.7,0.006247243863001617
LSO,BA:13,2019,SEX_M,90,0.596,0.002190210201381743
LSO,BA:13,2019,SEX_M,93,0.24,8.819638394825811e-4
LSO,BA:13,2019,SEX_M,94,0.487,0.0017896516242834042
LSO,BA:13,2019,SEX_M,95,1.686,0.0061957959723651325
LSO,BA:13,2019,SEX_M,96,1.621,0.005956930765838601
LSO,BA:13,2019,SEX_M,97,1.631,0.005993679259150375
LSO,BA:13,2019,SEX_M,99,1.547,0.005684991915331471
LTU,BA:2245,2024,SEX_F,1,24.13,0.033896305120126084
LTU,BA:2245,2024,SEX_F,2,1.614,0.0022672456056313096
LTU,BA:2245,2024,SEX_F,10,20.566,0.028889822258620516
LTU,BA:2245,2024,SEX_F,11,1.373,0.0019287039755463372
LTU,BA:2245,2024,SEX_F,13,5.102,0.007166968451010497
LTU,BA:2245,2024,SEX_F,14,8.79,0.012347638707248582
LTU,BA:2245,2024,SEX_F,16,4.356,0.006119034608506806
LTU,BA:2245,2024,SEX_F,17,2.989,0.0041987590552862355
LTU,BA:2245,2024,SEX_F,18,1.27,0.0017840160589540045
LTU,BA:2245,2024,SEX_F,20,2.798,0.003930454277915988
LTU,BA:2245,2024,SEX_F,22,3.438,0.0048294859926644625
LTU,BA:2245,2024,SEX_F,23,2.543,0.0035722463290708928
LTU,BA:2245,2024,SEX_F,25,5.942,0.00834694757661787
LTU,BA:2245,2024,SEX_F,26,1.96,0.0027532846264172036
LTU,BA:2245,2024,SEX_F,27,1.688,0.002371196147649102
LTU,BA:2245,2024,SEX_F,28,1.27,0.0017840160589540045
LTU,BA:2245,2024,SEX_F,29,3.051,0.004285852752652495
LTU,BA:2245,2024,SEX_F,31,10.497,0.01474552485892928
LTU,BA:2245,2024,SEX_F,32,5.31,0.007459153758303751
LTU,BA:2245,2024,SEX_F,33,1.542,0.0021661045377221063
LTU,BA:2245,2024,SEX_F,35,4.71,0.006616311525727056
LTU,BA:2245,2024,SEX_F,38,2.809,0.003945906385513227
LTU,BA:2245,2024,SEX_F,41,4.594,0.006453362027428896
LTU,BA:2245,2024,SEX_F,42,1.805,0.0025355503830015577
LTU,BA:2245,2024,SEX_F,43,5.122,0.007195063192096386
LTU,BA:2245,2024,SEX_F,45,3.97,0.005576806105549133
LTU,BA:2245,2024,SEX_F,46,26.378,0.0370541540181801
LTU,BA:2245,2024,SEX_F,47,80.008,0.11239020223999369
LTU,BA:2245,2024,SEX_F,49,9.882,0.013881611570538167
LTU,BA:2245,2024,SEX_F,51,1.1,0.001545210759723941
LTU,BA:2245,2024,SEX_F,52,9.584,0.013462999928358409
LTU,BA:2245,2024,SEX_F,53,2.177,0.0030581125671991084
LTU,BA:2245,2024,SEX_F,55,5.992,0.008417184429332595
LTU,BA:2245,2024,SEX_F,56,23.02,0.0323370469898592
LTU,BA:2245,2024,SEX_F,58,3.172,0.004455825936222128
LTU,BA:2245,2024,SEX_F,61,2.114,0.0029696141327785553
LTU,BA:2245,2024,SEX_F,62,12.655,0.017776947422096793
LTU,BA:2245,2024,SEX_F,63,5.71,0.008021048580021548
LTU,BA:2245,2024,SEX_F,64,9.119,0.01280979719811147
LTU,BA:2245,2024,SEX_F,65,3.332,0.004680583864909246
LTU,BA:2245,2024,SEX_F,66,4.271,0.005999631958891774
LTU,BA:2245,2024,SEX_F,68,4.135,0.005808587719507723
LTU,BA:2245,2024,SEX_F,69,15.371,0.021592213261560633
LTU,BA:2245,2024,SEX_F,70,10.956,0.015390299166850452
LTU,BA:2245,2024,SEX_F,71,4.975,0.006988566845115096
LTU,BA:2245,2024,SEX_F,72,4.624,0.00649550413905773
LTU,BA:2245,2024,SEX_F,73,5.13,0.007206301088530743
LTU,BA:2245,2024,SEX_F,74,4.131,0.005802968771290546
LTU,BA:2245,2024,SEX_F,78,7.175,0.010078988364562978
LTU,BA:2245,2024,SEX_F,79,2.101,0.0029513525510727273
LTU,BA:2245,2024,SEX_F,80,1.919,0.00269569040719113
LTU,BA:2245,2024,SEX_F,81,12.491,0.017546570545192496
LTU,BA:2245,2024,SEX_F,82,8.087,0.011360108558079554
LTU,BA:2245,2024,SEX_F,84,52.586,0.07386950273713014
LTU,BA:2245,2024,SEX_F,85,110.92,0.15581343406234502
LTU,BA:2245,2024,SEX_F,86,70.916,0.09961833294234818
LTU,BA:2245,2024,SEX_F,87,12.337,0.017330241038831143
LTU,BA:2245,2024,SEX_F,88,11.618,0.016320235096793406
LTU,BA:2245,2024,SEX_F,90,4.304,0.006045988281683493
LTU,BA:2245,2024,SEX_F,91,7.503,0.010539742118371572
LTU,BA:2245,2024,SEX_F,92,1.524,0.0021408192707448054
LTU,BA:2245,2024,SEX_F,93,4.836,0.0067933083945681625
LTU,BA:2245,2024,SEX_F,94,5.149,0.007232991092562338
LTU,BA:2245,2024,SEX_F,96,17.336,0.024352521573249308
LTU,BA:2245,2024,SEX_M,1,38.202,0.0521403730980679
LTU,BA:2245,2024,SEX_M,2,5.638,0.0076950794075416684
LTU,BA:2245,2024,SEX_M,8,1.291,0.0017620339686300627
LTU,BA:2245,2024,SEX_M,10,15.312,0.020898732864185532
LTU,BA:2245,2024,SEX_M,11,2.592,0.003537716535003194
LTU,BA:2245,2024,SEX_M,13,2.709,0.003697405128597088
LTU,BA:2245,2024,SEX_M,16,19.787,0.027006480354208405
LTU,BA:2245,2024,SEX_M,17,2.665,0.003637351298527589
LTU,BA:2245,2024,SEX_M,18,2.028,0.0027679356222941654
LTU,BA:2245,2024,SEX_M,20,4.456,0.0060818151543110465
LTU,BA:2245,2024,SEX_M,22,4.241,0.005788370302835086
LTU,BA:2245,2024,SEX_M,23,7.501,0.010237813167075215
LTU,BA:2245,2024,SEX_M,25,14.144,0.019304576647795203
LTU,BA:2245,2024,SEX_M,26,5,0.006824298871533938
LTU,BA:2245,2024,SEX_M,27,2.983,0.004071376706757147
LTU,BA:2245,2024,SEX_M,28,5.58,0.007615917540631875
LTU,BA:2245,2024,SEX_M,29,2.572,0.003510419339517058
LTU,BA:2245,2024,SEX_M,30,5.432,0.007413918294034471
LTU,BA:2245,2024,SEX_M,31,26.737,0.03649225578564058
LTU,BA:2245,2024,SEX_M,32,4.972,0.006786082797853349
LTU,BA:2245,2024,SEX_M,33,15.634,0.021338217711512317
LTU,BA:2245,2024,SEX_M,35,9.88,0.013484814570151063
LTU,BA:2245,2024,SEX_M,36,2.958,0.004037255212399478
LTU,BA:2245,2024,SEX_M,38,8.279,0.011299674071485894
LTU,BA:2245,2024,SEX_M,41,53.899,0.07356457697536155
LTU,BA:2245,2024,SEX_M,42,13.888,0.018955172545572666
LTU,BA:2245,2024,SEX_M,43,35.148,0.047972091347334975
LTU,BA:2245,2024,SEX_M,45,24.725,0.03374615791973533
LTU,BA:2245,2024,SEX_M,46,40.444,0.055200388712063723
LTU,BA:2245,2024,SEX_M,47,31.359,0.042800637662486554
LTU,BA:2245,2024,SEX_M,49,45.816,0.06253241541963979
LTU,BA:2245,2024,SEX_M,50,2.13,0.0029071513192734577
LTU,BA:2245,2024,SEX_M,52,18.228,0.024878663966064127
LTU,BA:2245,2024,SEX_M,53,5.197,0.007093176247072375
LTU,BA:2245,2024,SEX_M,55,2.162,0.002950826832051275
LTU,BA:2245,2024,SEX_M,56,9.739,0.013292369341973805
LTU,BA:2245,2024,SEX_M,58,2.134,0.0029126107583706848
LTU,BA:2245,2024,SEX_M,61,3.465,0.004729239117973019
LTU,BA:2245,2024,SEX_M,62,32.968,0.04499669703934618
LTU,BA:2245,2024,SEX_M,63,5.458,0.007449404648166447
LTU,BA:2245,2024,SEX_M,64,4.331,0.005911207682522698
LTU,BA:2245,2024,SEX_M,66,2.457,0.003353460465471777
LTU,BA:2245,2024,SEX_M,68,6.989,0.009539004962630139
LTU,BA:2245,2024,SEX_M,69,5.164,0.007048135874520251
LTU,BA:2245,2024,SEX_M,70,7.216,0.00984882813139778
LTU,BA:2245,2024,SEX_M,71,11.52,0.015723184600014192
LTU,BA:2245,2024,SEX_M,72,2.754,0.0037588238184408933
LTU,BA:2245,2024,SEX_M,73,4.083,0.005572722458494614
LTU,BA:2245,2024,SEX_M,74,3.592,0.004902576309309981
LTU,BA:2245,2024,SEX_M,77,2.422,0.00330569037337104
LTU,BA:2245,2024,SEX_M,78,8.988,0.012267359651469406
LTU,BA:2245,2024,SEX_M,80,8.634,0.011784199291364804
LTU,BA:2245,2024,SEX_M,81,11.114,0.015169051531645638
LTU,BA:2245,2024,SEX_M,82,5.672,0.007741484639868099
LTU,BA:2245,2024,SEX_M,84,43.468,0.05932772466956745
LTU,BA:2245,2024,SEX_M,85,26.129,0.035662421042862054
LTU,BA:2245,2024,SEX_M,86,13.838,0.018886929556857328
LTU,BA:2245,2024,SEX_M,87,2.397,0.0032715688790133698
LTU,BA:2245,2024,SEX_M,90,4.338,0.005920761700942845
LTU,BA:2245,2024,SEX_M,91,3.937,0.005373452931445822
LTU,BA:2245,2024,SEX_M,93,6.964,0.00950488346827247
LTU,BA:2245,2024,SEX_M,94,3.438,0.0046923879040667365
LTU,BA:2245,2024,SEX_M,95,2.344,0.00319923131097511
LTU,BA:2245,2024,SEX_M,96,3.534,0.0048234144424001875
LVA,BA:2246,2023,SEX_F,1,14.765,0.03568476563821714
LVA,BA:2246,2023,SEX_F,2,2.751,0.006648749764357287
LVA,BA:2246,2023,SEX_F,10,12.495,0.030198519922080808
LVA,BA:2246,2023,SEX_F,13,2.48,0.005993783866087268
LVA,BA:2246,2023,SEX_F,14,6.356,0.015361488005181723
LVA,BA:2246,2023,SEX_F,16,5.329,0.012879384767088326
LVA,BA:2246,2023,SEX_F,35,3.466,0.008376796322523576
LVA,BA:2246,2023,SEX_F,41,2.821,0.006817929147674267
LVA,BA:2246,2023,SEX_F,45,1.96,0.004737022732875421
LVA,BA:2246,2023,SEX_F,46,12.438,0.030060759567094128
LVA,BA:2246,2023,SEX_F,47,59.003,0.14260130219788186
LVA,BA:2246,2023,SEX_F,49,6.223,0.015040047176879462
LVA,BA:2246,2023,SEX_F,52,7.005,0.016930022573363433
LVA,BA:2246,2023,SEX_F,53,2.207,0.005333984271151048
LVA,BA:2246,2023,SEX_F,55,5.362,0.012959140762080617
LVA,BA:2246,2023,SEX_F,56,15.844,0.03829254498963172
LVA,BA:2246,2023,SEX_F,61,2.287,0.005527332137799024
LVA,BA:2246,2023,SEX_F,62,6.701,0.01619530068010112
LVA,BA:2246,2023,SEX_F,63,4.721,0.011409940980563705
LVA,BA:2246,2023,SEX_F,64,6.965,0.016833348640039443
LVA,BA:2246,2023,SEX_F,65,2.109,0.005097133134507277
LVA,BA:2246,2023,SEX_F,66,2.099,0.0050729646511762806
LVA,BA:2246,2023,SEX_F,68,9.976,0.024110478971002654
LVA,BA:2246,2023,SEX_F,69,8.187,0.01978673730308728
LVA,BA:2246,2023,SEX_F,70,3.105,0.007504314074274583
LVA,BA:2246,2023,SEX_F,71,2.71,0.0065496589827002
LVA,BA:2246,2023,SEX_F,73,3.226,0.007796752722579647
LVA,BA:2246,2023,SEX_F,74,3.76,0.009087349732454888
LVA,BA:2246,2023,SEX_F,81,6.699,0.01619046698343492
LVA,BA:2246,2023,SEX_F,84,33.578,0.0811529333288219
LVA,BA:2246,2023,SEX_F,85,68.457,0.16545018633900646
LVA,BA:2246,2023,SEX_F,86,36.277,0.08767600697985799
LVA,BA:2246,2023,SEX_F,87,5.725,0.013836456706995808
LVA,BA:2246,2023,SEX_F,88,14.115,0.03411381422170233
LVA,BA:2246,2023,SEX_F,90,5.741,0.013875126280325403
LVA,BA:2246,2023,SEX_F,91,4.239,0.010245020084009647
LVA,BA:2246,2023,SEX_F,92,3.053,0.007378637960953398
LVA,BA:2246,2023,SEX_F,93,2.652,0.006409481779380417
LVA,BA:2246,2023,SEX_F,94,2.144,0.0051817228261657675
LVA,BA:2246,2023,SEX_F,96,14.731,0.03560259279489175
LVA,BA:2246,2023,SEX_M,1,28.603,0.07000947231611591
LVA,BA:2246,2023,SEX_M,2,11.358,0.027800146368088825
LVA,BA:2246,2023,SEX_M,3,2.164,0.005296664618818825
LVA,BA:2246,2023,SEX_M,8,2.696,0.006598802131393508
LVA,BA:2246,2023,SEX_M,10,8.689,0.021267430163085382
LVA,BA:2246,2023,SEX_M,11,2.018,0.004939311090931787
LVA,BA:2246,2023,SEX_M,16,15.724,0.03848648542805323
LVA,BA:2246,2023,SEX_M,18,2.103,0.005147359377715337
LVA,BA:2246,2023,SEX_M,23,5.215,0.012764374300896567
LVA,BA:2246,2023,SEX_M,25,10.152,0.024848308322665758
LVA,BA:2246,2023,SEX_M,27,1.915,0.004687205519888193
LVA,BA:2246,2023,SEX_M,28,2.663,0.006518030443583424
LVA,BA:2246,2023,SEX_M,31,3.37,0.008248502664241885
LVA,BA:2246,2023,SEX_M,33,4.424,0.010828301420357895
LVA,BA:2246,2023,SEX_M,35,7.423,0.01816873450346217
LVA,BA:2246,2023,SEX_M,36,2.03,0.0049686826137718175
LVA,BA:2246,2023,SEX_M,41,30.98,0.07582748146534528
LVA,BA:2246,2023,SEX_M,42,14.38,0.03519687486996983
LVA,BA:2246,2023,SEX_M,43,19.698,0.048213354741909985
LVA,BA:2246,2023,SEX_M,45,18.659,0.045670270389344014
LVA,BA:2246,2023,SEX_M,46,19.434,0.04756718123942932
LVA,BA:2246,2023,SEX_M,47,16.387,0.040109262064964915
LVA,BA:2246,2023,SEX_M,49,30.412,0.0744372293842505
LVA,BA:2246,2023,SEX_M,50,7.468,0.018278877714112282
LVA,BA:2246,2023,SEX_M,52,16.21,0.03967603210307447
LVA,BA:2246,2023,SEX_M,53,2.075,0.005078825824421932
LVA,BA:2246,2023,SEX_M,56,6.586,0.016120070785370047
LVA,BA:2246,2023,SEX_M,61,2.131,0.00521589293100874
LVA,BA:2246,2023,SEX_M,62,18.112,0.04433141847321929
LVA,BA:2246,2023,SEX_M,63,3.533,0.008647465849485631
LVA,BA:2246,2023,SEX_M,64,2.923,0.007154413438450751
LVA,BA:2246,2023,SEX_M,68,9.9,0.024231506343025122
LVA,BA:2246,2023,SEX_M,69,2.027,0.00496133973306181
LVA,BA:2246,2023,SEX_M,71,4.179,0.010228632829040605
LVA,BA:2246,2023,SEX_M,73,2.119,0.005186521408168711
LVA,BA:2246,2023,SEX_M,74,2.424,0.005933047613686151
LVA,BA:2246,2023,SEX_M,77,2.323,0.005685837296449228
LVA,BA:2246,2023,SEX_M,80,5.529,0.01353292914854403
LVA,BA:2246,2023,SEX_M,81,5.8,0.01419623603934805
LVA,BA:2246,2023,SEX_M,84,23.717,0.058050367266416845
LVA,BA:2246,2023,SEX_M,85,14.761,0.03612942072014079
LVA,BA:2246,2023,SEX_M,86,6.304,0.015429839998629331
LVA,BA:2246,2023,SEX_M,88,1.955,0.004785110596021627
LVA,BA:2246,2023,SEX_M,90,2.927,0.007164203946064094
LVA,BA:2246,2023,SEX_M,93,2.565,0.006278163007056509
LVA,BA:2246,2023,SEX_M,96,2.494,0.006104381496919662
MDG,BX:220,2022,SEX_F,1,3816.86,0.6820202190585628
MDG,BX:220,2022,SEX_F,2,23.876,0.004266311772043577
MDG,BX:220,2022,SEX_F,3,30.112,0.00538059893113487
MDG,BX:220,2022,SEX_F,7,96.328,0.017212484519074117
MDG,BX:220,2022,SEX_F,8,23.776,0.004248443151788745
MDG,BX:220,2022,SEX_F,10,38.217,0.006828850602788966
MDG,BX:220,2022,SEX_F,11,11.324,0.0020234425576571226
MDG,BX:220,2022,SEX_F,13,172.197,0.03076922802021225
MDG,BX:220,2022,SEX_F,14,54.494,0.009737325921667895
MDG,BX:220,2022,SEX_F,15,1.418,2.533770352135111e-4
MDG,BX:220,2022,SEX_F,16,82.971,0.014825772911636271
MDG,BX:220,2022,SEX_F,20,18.398,0.003287468754483905
MDG,BX:220,2022,SEX_F,31,0.884,1.5795860305271075e-4
MDG,BX:220,2022,SEX_F,32,7.729,0.0013810656594959291
MDG,BX:220,2022,SEX_F,36,4.339,7.753194328571402e-4
MDG,BX:220,2022,SEX_F,41,1.791,3.2002698876403273e-4
MDG,BX:220,2022,SEX_F,45,1.904,3.4021852965199234e-4
MDG,BX:220,2022,SEX_F,46,20.689,0.0036968388445220955
MDG,BX:220,2022,SEX_F,47,506.168,0.09044523777147567
MDG,BX:220,2022,SEX_F,49,4.291,7.667424951348211e-4
MDG,BX:220,2022,SEX_F,52,5.831,0.0010419192470592267
MDG,BX:220,2022,SEX_F,55,5.736,0.0010249440578171366
MDG,BX:220,2022,SEX_F,56,168.255,0.030064847009766794
MDG,BX:220,2022,SEX_F,61,6.369,0.0011380524240302203
MDG,BX:220,2022,SEX_F,62,1.744,3.116287372442619e-4
MDG,BX:220,2022,SEX_F,63,4.12,7.361871544990591e-4
MDG,BX:220,2022,SEX_F,64,6.139,0.0010969545974441077
MDG,BX:220,2022,SEX_F,66,1.745,3.1180742344681027e-4
MDG,BX:220,2022,SEX_F,68,2.734,4.885280777670941e-4
MDG,BX:220,2022,SEX_F,69,1.839,3.2860392648635184e-4
MDG,BX:220,2022,SEX_F,74,4.365,7.799652741233964e-4
MDG,BX:220,2022,SEX_F,80,0.661,1.1811157988443643e-4
MDG,BX:220,2022,SEX_F,82,6.779,0.0012113137670750295
MDG,BX:220,2022,SEX_F,84,16.854,0.0030115772577493064
MDG,BX:220,2022,SEX_F,85,156.65,0.027991193629193594
MDG,BX:220,2022,SEX_F,86,35.234,0.006295829660587342
MDG,BX:220,2022,SEX_F,87,2.865,5.119359703009234e-4
MDG,BX:220,2022,SEX_F,88,2.193,3.918588421884555e-4
MDG,BX:220,2022,SEX_F,94,5.033,8.993276574256711e-4
MDG,BX:220,2022,SEX_F,96,86.126,0.015389527880676206
MDG,BX:220,2022,SEX_F,97,150.183,0.026835629957313638
MDG,BX:220,2022,SEX_F,98,4.662,8.33035076280246e-4
MDG,BX:220,2022,SEX_F,99,2.52,4.502892304217546e-4
MDG,BX:220,2022,SEX_M,1,4209.365,0.6739429867094726
MDG,BX:220,2022,SEX_M,2,104.615,0.016749449276698854
MDG,BX:220,2022,SEX_M,3,131.974,0.021129778892539832
MDG,BX:220,2022,SEX_M,7,141.655,0.022679761384990456
MDG,BX:220,2022,SEX_M,8,50.985,0.00816298495791704
MDG,BX:220,2022,SEX_M,10,37.542,0.0060106851287657454
MDG,BX:220,2022,SEX_M,11,35.984,0.0057612405751826384
MDG,BX:220,2022,SEX_M,12,1.253,2.006123399484172e-4
MDG,BX:220,2022,SEX_M,13,19.801,0.0031702513514114995
MDG,BX:220,2022,SEX_M,14,19.991,0.0032006714189216348
MDG,BX:220,2022,SEX_M,15,5.36,8.581661150227585e-4
MDG,BX:220,2022,SEX_M,16,15.954,0.0025543250371405017
MDG,BX:220,2022,SEX_M,18,0.826,1.3224724085985045e-4
MDG,BX:220,2022,SEX_M,20,10.277,0.0016454054410613597
MDG,BX:220,2022,SEX_M,22,3.303,5.288288578209274e-4
MDG,BX:220,2022,SEX_M,23,4.572,7.32002887664935e-4
MDG,BX:220,2022,SEX_M,24,3.075,4.923247768087654e-4
MDG,BX:220,2022,SEX_M,25,35.934,0.005753235294258917
MDG,BX:220,2022,SEX_M,30,3.602,5.767004377447716e-4
MDG,BX:220,2022,SEX_M,31,36.343,0.005818718492214946
MDG,BX:220,2022,SEX_M,32,7.193,0.0011516397136863248
MDG,BX:220,2022,SEX_M,33,2.104,3.3686222127012755e-4
MDG,BX:220,2022,SEX_M,35,3.265,5.227448443189004e-4
MDG,BX:220,2022,SEX_M,36,6.161,9.86410715420749e-4
MDG,BX:220,2022,SEX_M,41,178.29,0.028545230717799925
MDG,BX:220,2022,SEX_M,42,7.462,0.0011947081250559372
MDG,BX:220,2022,SEX_M,43,7.705,0.0012336137903452152
MDG,BX:220,2022,SEX_M,45,38.873,0.006223785706955165
MDG,BX:220,2022,SEX_M,46,53.666,0.008592228121046893
MDG,BX:220,2022,SEX_M,47,268.573,0.04300004627052374
MDG,BX:220,2022,SEX_M,49,172.164,0.027564423699025776
MDG,BX:220,2022,SEX_M,50,14.104,0.0022581296429628702
MDG,BX:220,2022,SEX_M,51,1.624,2.6001152440241785e-4
MDG,BX:220,2022,SEX_M,52,77.213,0.012362235119263477
MDG,BX:220,2022,SEX_M,53,1.548,2.478434973983638e-4
MDG,BX:220,2022,SEX_M,55,6.515,0.0010430881043606848
MDG,BX:220,2022,SEX_M,56,51.138,0.008187481117543622
MDG,BX:220,2022,SEX_M,59,1.745,2.793843042378197e-4
MDG,BX:220,2022,SEX_M,61,5.746,9.19966883753875e-4
MDG,BX:220,2022,SEX_M,62,3.023,4.839992846480968e-4
MDG,BX:220,2022,SEX_M,63,2.784,4.4573404183271626e-4
MDG,BX:220,2022,SEX_M,64,6.504,0.0010413269425574665
MDG,BX:220,2022,SEX_M,66,1.926,3.083634211816852e-4
MDG,BX:220,2022,SEX_M,68,0.982,1.5722371734185612e-4
MDG,BX:220,2022,SEX_M,69,2.095,3.35421270703858e-4
MDG,BX:220,2022,SEX_M,71,0.842,1.3480893075544078e-4
MDG,BX:220,2022,SEX_M,74,7.044,0.0011277839765336398
MDG,BX:220,2022,SEX_M,75,1.201,1.9228684778774868e-4
MDG,BX:220,2022,SEX_M,79,1.854,2.9683581665152875e-4
MDG,BX:220,2022,SEX_M,80,37.115,0.005942320029677179
MDG,BX:220,2022,SEX_M,82,8.084,0.001294293819747011
MDG,BX:220,2022,SEX_M,84,69.516,0.01112990217386606
MDG,BX:220,2022,SEX_M,85,144.291,0.023101799795288962
MDG,BX:220,2022,SEX_M,86,28.607,0.004580141427697024
MDG,BX:220,2022,SEX_M,87,2.249,3.600775359489149e-4
MDG,BX:220,2022,SEX_M,88,2.038,3.262952504508174e-4
MDG,BX:220,2022,SEX_M,90,2.99,4.7871579923844176e-4
MDG,BX:220,2022,SEX_M,93,2.283,3.655211269770443e-4
MDG,BX:220,2022,SEX_M,94,18.425,0.0029499460203907322
MDG,BX:220,2022,SEX_M,95,17.406,0.0027867983951653233
MDG,BX:220,2022,SEX_M,96,48.195,0.007716290282373478
MDG,BX:220,2022,SEX_M,97,48.124,0.007704922783461796
MDG,BX:220,2022,SEX_M,98,5.237,8.384731239504078e-4
MDG,BX:220,2022,SEX_M,99,5.562,8.905074499545863e-4
MEX,BA:463,2024,SEX_F,1,922.299,0.03871085940887283
MEX,BA:463,2024,SEX_F,2,63.668,0.0026722819788854977
MEX,BA:463,2024,SEX_F,3,115.048,0.00482881034596373
MEX,BA:463,2024,SEX_F,6,9.045,3.796379735348892e-4
MEX,BA:463,2024,SEX_F,7,8.149,3.4203093934060937e-4
MEX,BA:463,2024,SEX_F,8,110.122,0.004622055602167946
MEX,BA:463,2024,SEX_F,9,5.813,2.4398402876266566e-4
MEX,BA:463,2024,SEX_F,10,819.78,0.03440791795958336
MEX,BA:463,2024,SEX_F,11,20.698,8.687392787424142e-4
MEX,BA:463,2024,SEX_F,12,18.098,7.596117241607987e-4
MEX,BA:463,2024,SEX_F,13,204.885,0.008599461161713187
MEX,BA:463,2024,SEX_F,14,568.555,0.02386346799813476
MEX,BA:463,2024,SEX_F,15,81.802,0.0034334046999558885
MEX,BA:463,2024,SEX_F,16,79.263,0.003326837445693303
MEX,BA:463,2024,SEX_F,17,40.81,0.0017128828855675876
MEX,BA:463,2024,SEX_F,18,33.864,0.0014213444262891639
MEX,BA:463,2024,SEX_F,19,8.257,3.4656393006938423e-4
MEX,BA:463,2024,SEX_F,20,95.45,0.0040062404172366145
MEX,BA:463,2024,SEX_F,21,33.276,0.001396664810099168
MEX,BA:463,2024,SEX_F,22,224.248,0.00941216763839158
MEX,BA:463,2024,SEX_F,23,136.004,0.00570837843589155
MEX,BA:463,2024,SEX_F,24,9.548,4.007499581327941e-4
MEX,BA:463,2024,SEX_F,25,180.696,0.007584197154876765
MEX,BA:463,2024,SEX_F,26,115.747,0.004858148869291633
MEX,BA:463,2024,SEX_F,27,196.583,0.008251008485506812
MEX,BA:463,2024,SEX_F,28,102.891,0.004318555084021922
MEX,BA:463,2024,SEX_F,29,235.329,0.00987726088159115
MEX,BA:463,2024,SEX_F,30,324.36,0.013614082155420306
MEX,BA:463,2024,SEX_F,31,7.582,3.1823273801454173e-4
MEX,BA:463,2024,SEX_F,32,125.759,0.0052783738987036075
MEX,BA:463,2024,SEX_F,33,30.646,0.001286278091426226
MEX,BA:463,2024,SEX_F,35,43.064,0.0018074880809625727
MEX,BA:463,2024,SEX_F,36,7.319,3.0719406614724756e-4
MEX,BA:463,2024,SEX_F,37,32.036,0.001344619360991013
MEX,BA:463,2024,SEX_F,38,14.945,6.272735781624012e-4
MEX,BA:463,2024,SEX_F,39,9.773,4.1019368881774155e-4
MEX,BA:463,2024,SEX_F,41,51.253,0.002151197905758284
MEX,BA:463,2024,SEX_F,42,35.597,0.0014940821386314484
MEX,BA:463,2024,SEX_F,43,102.916,0.004319604387431361
MEX,BA:463,2024,SEX_F,45,167.267,0.0070205533354627215
MEX,BA:463,2024,SEX_F,46,441.602,0.018534979368596365
MEX,BA:463,2024,SEX_F,47,5330.83,0.22374632376550507
MEX,BA:463,2024,SEX_F,49,185.094,0.007768790610665205
MEX,BA:463,2024,SEX_F,50,3.856,1.6184455787181126e-4
MEX,BA:463,2024,SEX_F,51,11.699,4.910320234808921e-4
MEX,BA:463,2024,SEX_F,52,50.041,0.0021003276764687
MEX,BA:463,2024,SEX_F,53,45.58,0.0019130899760884743
MEX,BA:463,2024,SEX_F,55,243.877,0.0102360387033464
MEX,BA:463,2024,SEX_F,56,2338.73,0.09816149451025445
MEX,BA:463,2024,SEX_F,58,23.091,9.691786010938781e-4
MEX,BA:463,2024,SEX_F,59,17.573,7.375763525625879e-4
MEX,BA:463,2024,SEX_F,60,15.722,6.598859281277533e-4
MEX,BA:463,2024,SEX_F,61,88.312,0.0037066433077737023
MEX,BA:463,2024,SEX_F,62,53.355,0.002239423336423882
MEX,BA:463,2024,SEX_F,63,6.088,2.555263662664904e-4
MEX,BA:463,2024,SEX_F,64,231.727,0.009726077246359235
MEX,BA:463,2024,SEX_F,65,46.235,0.001940581725415766
MEX,BA:463,2024,SEX_F,66,129.811,0.005448444995305418
MEX,BA:463,2024,SEX_F,68,124.005,0.005204754771497394
MEX,BA:463,2024,SEX_F,69,105.882,0.004444093743927157
MEX,BA:463,2024,SEX_F,70,101.104,0.00424355087631525
MEX,BA:463,2024,SEX_F,71,178.62,0.0074970629997569834
MEX,BA:463,2024,SEX_F,72,14.495,6.083861167925063e-4
MEX,BA:463,2024,SEX_F,73,111.367,0.004674310911957989
MEX,BA:463,2024,SEX_F,74,134.183,0.005631947175548041
MEX,BA:463,2024,SEX_F,75,36.408,0.001528121541233637
MEX,BA:463,2024,SEX_F,77,34.707,0.001456726937255434
MEX,BA:463,2024,SEX_F,78,78.722,0.003304130519913051
MEX,BA:463,2024,SEX_F,79,62.206,0.002610918715501528
MEX,BA:463,2024,SEX_F,80,190.814,0.008008871230744759
MEX,BA:463,2024,SEX_F,81,177.941,0.00746856391915663
MEX,BA:463,2024,SEX_F,82,354.718,0.0148882722715698
MEX,BA:463,2024,SEX_F,84,971.311,0.040767997757009046
MEX,BA:463,2024,SEX_F,85,1834.312,0.07698999342296624
MEX,BA:463,2024,SEX_F,86,1249.612,0.052448885283016035
MEX,BA:463,2024,SEX_F,87,24.943,0.0010469109976650904
MEX,BA:463,2024,SEX_F,88,88.409,0.0037107146050023242
MEX,BA:463,2024,SEX_F,90,13.706,5.752701011906237e-4
MEX,BA:463,2024,SEX_F,91,10.118,4.246740758679944e-4
MEX,BA:463,2024,SEX_F,92,33.144,0.001391124488097332
MEX,BA:463,2024,SEX_F,93,91.204,0.0038280267261775604
MEX,BA:463,2024,SEX_F,94,79.398,0.003332503684104271
MEX,BA:463,2024,SEX_F,95,58.253,0.0024450028604010945
MEX,BA:463,2024,SEX_F,96,818.841,0.03436850612352484
MEX,BA:463,2024,SEX_F,97,2188.655,0.09186252614339448
MEX,BA:463,2024,SEX_F,99,2.584,1.0845600039957476e-4
MEX,BA:463,2024,SEX_M,1,5313.379,0.15384587543814576
MEX,BA:463,2024,SEX_M,2,137.208,0.003972779821864223
MEX,BA:463,2024,SEX_M,3,219.71,0.006361578440482978
MEX,BA:463,2024,SEX_M,5,6.728,1.9480542418446803e-4
MEX,BA:463,2024,SEX_M,6,27.046,7.831015907391681e-4
MEX,BA:463,2024,SEX_M,7,78.743,0.0022799589055525517
MEX,BA:463,2024,SEX_M,8,145.38,0.004209395447077581
MEX,BA:463,2024,SEX_M,9,26.846,7.773107041700697e-4
MEX,BA:463,2024,SEX_M,10,815.879,0.02362331371554691
MEX,BA:463,2024,SEX_M,11,57.36,0.001660826268017403
MEX,BA:463,2024,SEX_M,12,52.439,0.0015183415039847384
MEX,BA:463,2024,SEX_M,13,240.619,0.0069669866768493635
MEX,BA:463,2024,SEX_M,14,355.873,0.010304100880023662
MEX,BA:463,2024,SEX_M,15,84.664,0.002451398102430708
MEX,BA:463,2024,SEX_M,16,212.151,0.006142711882603906
MEX,BA:463,2024,SEX_M,17,66.046,0.001912324471713344
MEX,BA:463,2024,SEX_M,18,65.27,0.0018898558318252421
MEX,BA:463,2024,SEX_M,19,18.891,5.469781908841834e-4
MEX,BA:463,2024,SEX_M,20,176.269,0.005103768923241974
MEX,BA:463,2024,SEX_M,21,42.024,0.0012167810858989426
MEX,BA:463,2024,SEX_M,22,337.675,0.009777188111101405
MEX,BA:463,2024,SEX_M,23,306.25,0.008867295058931829
MEX,BA:463,2024,SEX_M,24,59.439,0.0017210225339031801
MEX,BA:463,2024,SEX_M,25,719.672,0.02083769459478069
MEX,BA:463,2024,SEX_M,26,138.45,0.004008741227458324
MEX,BA:463,2024,SEX_M,27,287.584,0.008326831615437881
MEX,BA:463,2024,SEX_M,28,280.048,0.008108631009514256
MEX,BA:463,2024,SEX_M,29,784.833,0.022724394393425773
MEX,BA:463,2024,SEX_M,30,476.044,0.013783584029499243
MEX,BA:463,2024,SEX_M,31,49.76,0.001440772578391666
MEX,BA:463,2024,SEX_M,32,240.94,0.006976281049792766
MEX,BA:463,2024,SEX_M,33,156.081,0.004519236832957187
MEX,BA:463,2024,SEX_M,35,128.13,0.003709931480492849
MEX,BA:463,2024,SEX_M,36,21.274,6.159766043549901e-4
MEX,BA:463,2024,SEX_M,37,134.487,0.00389399481009164
MEX,BA:463,2024,SEX_M,38,56.416,0.0016334932834112588
MEX,BA:463,2024,SEX_M,39,26.319,7.620517180604956e-4
MEX,BA:463,2024,SEX_M,41,811.544,0.023497796249161703
MEX,BA:463,2024,SEX_M,42,233.999,0.006775308331412208
MEX,BA:463,2024,SEX_M,43,2573.833,0.0745238747540104
MEX,BA:463,2024,SEX_M,45,788.824,0.02283995153491213
MEX,BA:463,2024,SEX_M,46,1199.794,0.03473935480142385
MEX,BA:463,2024,SEX_M,47,3813.77,0.11042554735315081
MEX,BA:463,2024,SEX_M,49,2065.745,0.05981247487841022
MEX,BA:463,2024,SEX_M,50,16.746,4.848709324306037e-4
MEX,BA:463,2024,SEX_M,51,25.228,7.304624318260642e-4
MEX,BA:463,2024,SEX_M,52,133.827,0.0038748848844136156
MEX,BA:463,2024,SEX_M,53,235.273,0.006812196278857365
MEX,BA:463,2024,SEX_M,55,256.897,0.0074383069347082765
MEX,BA:463,2024,SEX_M,56,1479.6,0.04284097883818949
MEX,BA:463,2024,SEX_M,58,36.707,0.0010628303664594633
MEX,BA:463,2024,SEX_M,59,43.962,0.0012728947767535056
MEX,BA:463,2024,SEX_M,60,22.854,6.617246082508669e-4
MEX,BA:463,2024,SEX_M,61,186.495,0.005399856953519972
MEX,BA:463,2024,SEX_M,62,71.653,0.002074671976678016
MEX,BA:463,2024,SEX_M,63,5.134,1.4865205822875432e-4
MEX,BA:463,2024,SEX_M,64,235.192,0.00680985096979688
MEX,BA:463,2024,SEX_M,65,40.477,0.0011719885782869668
MEX,BA:463,2024,SEX_M,66,135.841,0.003933199112164436
MEX,BA:463,2024,SEX_M,68,134.532,0.0038952977595696874
MEX,BA:463,2024,SEX_M,69,152.977,0.0044293622734047815
MEX,BA:463,2024,SEX_M,70,122.244,0.0035395056887642853
MEX,BA:463,2024,SEX_M,71,1377.597,0.039887539824650806
MEX,BA:463,2024,SEX_M,72,15.47,4.479250761197564e-4
MEX,BA:463,2024,SEX_M,73,135.683,0.003928624311774848
MEX,BA:463,2024,SEX_M,74,193.346,0.005598223772944435
MEX,BA:463,2024,SEX_M,75,37.88,0.001096793916187225
MEX,BA:463,2024,SEX_M,77,112.544,0.003258647690163016
MEX,BA:463,2024,SEX_M,78,75.208,0.0021776049854437384
MEX,BA:463,2024,SEX_M,79,70.37,0.00203752343933725
MEX,BA:463,2024,SEX_M,80,545.934,0.015807209341070657
MEX,BA:463,2024,SEX_M,81,362.12,0.01048497922200945
MEX,BA:463,2024,SEX_M,82,142.833,0.0041356485066201135
MEX,BA:463,2024,SEX_M,84,1309.9,0.03792741158430956
MEX,BA:463,2024,SEX_M,85,1071.733,0.031031421176797337
MEX,BA:463,2024,SEX_M,86,643.188,0.018623143753026105
MEX,BA:463,2024,SEX_M,87,6.66,1.928365227509746e-4
MEX,BA:463,2024,SEX_M,88,9.789,2.834349431245181e-4
MEX,BA:463,2024,SEX_M,90,81.141,0.002349391635516041
MEX,BA:463,2024,SEX_M,91,10.149,2.938585389488951e-4
MEX,BA:463,2024,SEX_M,92,45.744,0.0013244915760841716
MEX,BA:463,2024,SEX_M,93,219.45,0.006354050287943149
MEX,BA:463,2024,SEX_M,94,79.676,0.0023069733913973953
MEX,BA:463,2024,SEX_M,95,233.06,0.006748120118970292
MEX,BA:463,2024,SEX_M,96,366.414,0.010609309556647989
MEX,BA:463,2024,SEX_M,97,219.887,0.00636670337509663
MEX,BA:463,2024,SEX_M,99,2.175,6.29758914389444e-5
MHL,AA:1406,2021,SEX_F,1,0.025,0.00565995019243831
MHL,AA:1406,2021,SEX_F,3,0.006,0.0013583880461851942
MHL,AA:1406,2021,SEX_F,10,0.046,0.010414308354086488
MHL,AA:1406,2021,SEX_F,13,0.028,0.006339144215530906
MHL,AA:1406,2021,SEX_F,14,0.006,0.0013583880461851942
MHL,AA:1406,2021,SEX_F,15,0.021,0.00475435816164818
MHL,AA:1406,2021,SEX_F,16,0.006,0.0013583880461851942
MHL,AA:1406,2021,SEX_F,20,0.015,0.0033959701154629854
MHL,AA:1406,2021,SEX_F,28,0.005,0.0011319900384876619
MHL,AA:1406,2021,SEX_F,30,0.005,0.0011319900384876619
MHL,AA:1406,2021,SEX_F,35,0.014,0.003169572107765453
MHL,AA:1406,2021,SEX_F,36,0.005,0.0011319900384876619
MHL,AA:1406,2021,SEX_F,38,0.014,0.003169572107765453
MHL,AA:1406,2021,SEX_F,41,0.01,0.0022639800769753238
MHL,AA:1406,2021,SEX_F,45,0.005,0.0011319900384876619
MHL,AA:1406,2021,SEX_F,46,0.063,0.014263074484944538
MHL,AA:1406,2021,SEX_F,47,0.618,0.13991396875707499
MHL,AA:1406,2021,SEX_F,49,0.007,0.0015847860538827265
MHL,AA:1406,2021,SEX_F,50,0.017,0.0038487661308580505
MHL,AA:1406,2021,SEX_F,51,0.013,0.0029431741000679208
MHL,AA:1406,2021,SEX_F,52,0.034,0.007697532261716101
MHL,AA:1406,2021,SEX_F,53,0.009,0.002037582069277791
MHL,AA:1406,2021,SEX_F,55,0.031,0.007018338238623504
MHL,AA:1406,2021,SEX_F,56,0.295,0.06678741227077205
MHL,AA:1406,2021,SEX_F,58,0.006,0.0013583880461851942
MHL,AA:1406,2021,SEX_F,61,0.025,0.00565995019243831
MHL,AA:1406,2021,SEX_F,62,0.005,0.0011319900384876619
MHL,AA:1406,2021,SEX_F,63,0.062,0.014036676477247007
MHL,AA:1406,2021,SEX_F,64,0.156,0.03531808920081505
MHL,AA:1406,2021,SEX_F,65,0.005,0.0011319900384876619
MHL,AA:1406,2021,SEX_F,66,0.027,0.006112746207833373
MHL,AA:1406,2021,SEX_F,69,0.084,0.01901743264659272
MHL,AA:1406,2021,SEX_F,70,0.046,0.010414308354086488
MHL,AA:1406,2021,SEX_F,72,0.005,0.0011319900384876619
MHL,AA:1406,2021,SEX_F,74,0.007,0.0015847860538827265
MHL,AA:1406,2021,SEX_F,78,0.015,0.0033959701154629854
MHL,AA:1406,2021,SEX_F,79,0.008,0.0018111840615802589
MHL,AA:1406,2021,SEX_F,80,0.005,0.0011319900384876619
MHL,AA:1406,2021,SEX_F,81,0.232,0.05252433778582751
MHL,AA:1406,2021,SEX_F,82,0.134,0.03033733303146934
MHL,AA:1406,2021,SEX_F,84,0.274,0.062033054109123874
MHL,AA:1406,2021,SEX_F,85,0.627,0.1419515508263528
MHL,AA:1406,2021,SEX_F,86,0.203,0.045958795562599075
MHL,AA:1406,2021,SEX_F,87,0.042,0.00950871632329636
MHL,AA:1406,2021,SEX_F,88,0.007,0.0015847860538827265
MHL,AA:1406,2021,SEX_F,91,0.008,0.0018111840615802589
MHL,AA:1406,2021,SEX_F,93,0.006,0.0013583880461851942
MHL,AA:1406,2021,SEX_F,94,0.067,0.01516866651573467
MHL,AA:1406,2021,SEX_F,96,0.202,0.04573239755490154
MHL,AA:1406,2021,SEX_F,97,0.849,0.19221190853520498
MHL,AA:1406,2021,SEX_F,99,0.012,0.0027167760923703884
MHL,AA:1406,2021,SEX_M,1,0.237,0.030171865054105663
MHL,AA:1406,2021,SEX_M,2,0.006,7.638446849140675e-4
MHL,AA:1406,2021,SEX_M,3,0.12,0.015276893698281347
MHL,AA:1406,2021,SEX_M,10,0.075,0.009548058561425843
MHL,AA:1406,2021,SEX_M,13,0.011,0.0014003819223424568
MHL,AA:1406,2021,SEX_M,16,0.047,0.005983450031826862
MHL,AA:1406,2021,SEX_M,18,0.006,7.638446849140675e-4
MHL,AA:1406,2021,SEX_M,20,0.019,0.00241884150222788
MHL,AA:1406,2021,SEX_M,23,0.015,0.0019096117122851684
MHL,AA:1406,2021,SEX_M,25,0.014,0.0017823042647994907
MHL,AA:1406,2021,SEX_M,26,0.012,0.001527689369828135
MHL,AA:1406,2021,SEX_M,27,0.019,0.00241884150222788
MHL,AA:1406,2021,SEX_M,28,0.043,0.005474220241884149
MHL,AA:1406,2021,SEX_M,30,0.014,0.0017823042647994907
MHL,AA:1406,2021,SEX_M,32,0.012,0.001527689369828135
MHL,AA:1406,2021,SEX_M,33,0.076,0.00967536600891152
MHL,AA:1406,2021,SEX_M,35,0.203,0.025843411839592618
MHL,AA:1406,2021,SEX_M,36,0.05,0.006365372374283896
MHL,AA:1406,2021,SEX_M,38,0.035,0.004455760661998727
MHL,AA:1406,2021,SEX_M,41,0.526,0.06696371737746658
MHL,AA:1406,2021,SEX_M,42,0.056,0.007129217059197963
MHL,AA:1406,2021,SEX_M,43,0.219,0.027880330999363462
MHL,AA:1406,2021,SEX_M,45,0.136,0.017313812858052197
MHL,AA:1406,2021,SEX_M,46,0.141,0.017950350095480582
MHL,AA:1406,2021,SEX_M,47,0.415,0.052832590706556326
MHL,AA:1406,2021,SEX_M,49,0.202,0.025716104392106937
MHL,AA:1406,2021,SEX_M,50,0.115,0.01464035646085296
MHL,AA:1406,2021,SEX_M,51,0.045,0.005728835136855506
MHL,AA:1406,2021,SEX_M,52,0.28,0.03564608529598982
MHL,AA:1406,2021,SEX_M,53,0.021,0.002673456397199236
MHL,AA:1406,2021,SEX_M,55,0.028,0.0035646085295989813
MHL,AA:1406,2021,SEX_M,56,0.16,0.020369191597708464
MHL,AA:1406,2021,SEX_M,58,0.023,0.002928071292170592
MHL,AA:1406,2021,SEX_M,60,0.011,0.0014003819223424568
MHL,AA:1406,2021,SEX_M,61,0.048,0.00611075747931254
MHL,AA:1406,2021,SEX_M,62,0.043,0.005474220241884149
MHL,AA:1406,2021,SEX_M,63,0.061,0.007765754296626352
MHL,AA:1406,2021,SEX_M,64,0.098,0.012476129853596436
MHL,AA:1406,2021,SEX_M,65,0.006,7.638446849140675e-4
MHL,AA:1406,2021,SEX_M,66,0.036,0.004583068109484404
MHL,AA:1406,2021,SEX_M,68,0.009,0.001145767027371101
MHL,AA:1406,2021,SEX_M,69,0.074,0.009420751113940164
MHL,AA:1406,2021,SEX_M,70,0.062,0.00789306174411203
MHL,AA:1406,2021,SEX_M,71,0.031,0.003946530872056015
MHL,AA:1406,2021,SEX_M,72,0.014,0.0017823042647994907
MHL,AA:1406,2021,SEX_M,73,0.005,6.365372374283895e-4
MHL,AA:1406,2021,SEX_M,74,0.008,0.0010184595798854233
MHL,AA:1406,2021,SEX_M,77,0.009,0.001145767027371101
MHL,AA:1406,2021,SEX_M,78,0.012,0.001527689369828135
MHL,AA:1406,2021,SEX_M,79,0.024,0.00305537873965627
MHL,AA:1406,2021,SEX_M,80,0.209,0.02660725652450668
MHL,AA:1406,2021,SEX_M,81,0.312,0.039719923615531505
MHL,AA:1406,2021,SEX_M,82,0.243,0.03093570973901973
MHL,AA:1406,2021,SEX_M,84,0.922,0.11737746658179503
MHL,AA:1406,2021,SEX_M,85,0.53,0.0674729471674093
MHL,AA:1406,2021,SEX_M,86,0.198,0.025206874602164225
MHL,AA:1406,2021,SEX_M,87,0.02,0.002546148949713558
MHL,AA:1406,2021,SEX_M,88,0.006,7.638446849140675e-4
MHL,AA:1406,2021,SEX_M,93,0.026,0.0033099936346276254
MHL,AA:1406,2021,SEX_M,94,0.15,0.019096117122851686
MHL,AA:1406,2021,SEX_M,95,0.06,0.007638446849140674
MHL,AA:1406,2021,SEX_M,96,0.089,0.011330362826225333
MHL,AA:1406,2021,SEX_M,97,1.131,0.1439847231063017
MHL,AA:1406,2021,SEX_M,99,0.027,0.0034373010821133034
MKD,BA:501,2024,SEX_F,1,22.419,0.0762797502594376
MKD,BA:501,2024,SEX_F,2,0.553,0.0018815603681461705
MKD,BA:501,2024,SEX_F,7,0.31,0.0010547625933549959
MKD,BA:501,2024,SEX_F,8,0.226,7.689559551555778e-4
MKD,BA:501,2024,SEX_F,10,11.21,0.038141576359708086
MKD,BA:501,2024,SEX_F,11,0.597,0.002031268607203008
MKD,BA:501,2024,SEX_F,12,0.522,0.0017760841088106706
MKD,BA:501,2024,SEX_F,13,2.821,0.009598339599530464
MKD,BA:501,2024,SEX_F,14,16.393,0.0557765264286079
MKD,BA:501,2024,SEX_F,15,1.336,0.004545686531362177
MKD,BA:501,2024,SEX_F,16,0.333,0.0011330191728619796
MKD,BA:501,2024,SEX_F,18,0.715,0.0024327588846736197
MKD,BA:501,2024,SEX_F,21,2.111,0.007182593014749667
MKD,BA:501,2024,SEX_F,22,1.385,0.004712407070311837
MKD,BA:501,2024,SEX_F,23,0.782,0.0026607237032374416
MKD,BA:501,2024,SEX_F,24,0.698,0.002374917065038023
MKD,BA:501,2024,SEX_F,25,0.878,0.002987359861179634
MKD,BA:501,2024,SEX_F,26,2.144,0.007294874194042295
MKD,BA:501,2024,SEX_F,27,1.436,0.004885932529218626
MKD,BA:501,2024,SEX_F,28,0.2,6.804919957129007e-4
MKD,BA:501,2024,SEX_F,29,17.445,0.05935591432605776
MKD,BA:501,2024,SEX_F,31,1.469,0.004998213708511255
MKD,BA:501,2024,SEX_F,35,1.853,0.006304758340280024
MKD,BA:501,2024,SEX_F,36,1.162,0.003953658495091952
MKD,BA:501,2024,SEX_F,38,1.091,0.003712083836613873
MKD,BA:501,2024,SEX_F,41,2.389,0.008128476888790597
MKD,BA:501,2024,SEX_F,42,0.823,0.002800224562358586
MKD,BA:501,2024,SEX_F,43,1.297,0.004412990592198161
MKD,BA:501,2024,SEX_F,45,0.755,0.0025688572838162
MKD,BA:501,2024,SEX_F,46,8.116,0.027614365186029506
MKD,BA:501,2024,SEX_F,47,39.35,0.1338868001565132
MKD,BA:501,2024,SEX_F,49,2.633,0.008958677123560337
MKD,BA:501,2024,SEX_F,51,0.266,9.050543542981578e-4
MKD,BA:501,2024,SEX_F,52,2.385,0.00811486704887634
MKD,BA:501,2024,SEX_F,53,1.07,0.0036406321770640184
MKD,BA:501,2024,SEX_F,55,3.414,0.011615998366819215
MKD,BA:501,2024,SEX_F,56,6.702,0.0228032867763393
MKD,BA:501,2024,SEX_F,58,0.241,8.199928548340452e-4
MKD,BA:501,2024,SEX_F,60,0.397,0.0013507766114901078
MKD,BA:501,2024,SEX_F,61,2.019,0.006869566696721732
MKD,BA:501,2024,SEX_F,62,4.535,0.015430156002790022
MKD,BA:501,2024,SEX_F,63,0.456,0.0015515217502254134
MKD,BA:501,2024,SEX_F,64,5.611,0.019091202939725428
MKD,BA:501,2024,SEX_F,65,1.884,0.006410234599615524
MKD,BA:501,2024,SEX_F,66,0.622,0.002116330106667121
MKD,BA:501,2024,SEX_F,68,0.504,0.0017148398291965095
MKD,BA:501,2024,SEX_F,69,5.863,0.019948622854323684
MKD,BA:501,2024,SEX_F,71,1.479,0.005032238308296901
MKD,BA:501,2024,SEX_F,72,0.484,0.0016467906296252196
MKD,BA:501,2024,SEX_F,73,1.642,0.005586839284802914
MKD,BA:501,2024,SEX_F,74,0.812,0.0027627975025943767
MKD,BA:501,2024,SEX_F,78,0.332,0.001129616712883415
MKD,BA:501,2024,SEX_F,79,0.708,0.0024089416648236683
MKD,BA:501,2024,SEX_F,80,0.55,0.001871352988210477
MKD,BA:501,2024,SEX_F,81,3.247,0.011047787550398942
MKD,BA:501,2024,SEX_F,82,2.131,0.007250642214320956
MKD,BA:501,2024,SEX_F,84,17.89,0.06087000901651896
MKD,BA:501,2024,SEX_F,85,29.423,0.10011057994930336
MKD,BA:501,2024,SEX_F,86,28.209,0.09597999353532606
MKD,BA:501,2024,SEX_F,87,1.474,0.005015226008404077
MKD,BA:501,2024,SEX_F,88,8.17,0.02779809802487199
MKD,BA:501,2024,SEX_F,90,1.506,0.005124104727718142
MKD,BA:501,2024,SEX_F,91,1.084,0.0036882666167639216
MKD,BA:501,2024,SEX_F,92,3.955,0.01345672921522261
MKD,BA:501,2024,SEX_F,93,0.973,0.0033105935591432613
MKD,BA:501,2024,SEX_F,94,1.68,0.005716132763988365
MKD,BA:501,2024,SEX_F,95,0.258,8.778346744696418e-4
MKD,BA:501,2024,SEX_F,96,5.104,0.017366155730593223
MKD,BA:501,2024,SEX_F,97,0.621,0.0021129276466885566
MKD,BA:501,2024,SEX_F,99,0.752,0.0025586499038805065
MKD,BA:501,2024,SEX_M,1,34.276,0.08635580324300353
MKD,BA:501,2024,SEX_M,2,2.552,0.00642957200012093
MKD,BA:501,2024,SEX_M,3,0.752,0.0018946074232331267
MKD,BA:501,2024,SEX_M,5,1.917,0.004829737274385511
MKD,BA:501,2024,SEX_M,7,1.744,0.004393876790051294
MKD,BA:501,2024,SEX_M,8,1.688,0.004252789003214784
MKD,BA:501,2024,SEX_M,9,0.406,0.0010228864545646934
MKD,BA:501,2024,SEX_M,10,10.834,0.0272954479033347
MKD,BA:501,2024,SEX_M,11,2.65,0.006676475627084821
MKD,BA:501,2024,SEX_M,12,0.68,0.0017132088401576146
MKD,BA:501,2024,SEX_M,13,2.496,0.00628848421328442
MKD,BA:501,2024,SEX_M,14,2.408,0.006066774833969905
MKD,BA:501,2024,SEX_M,16,3.248,0.008183091636517547
MKD,BA:501,2024,SEX_M,17,1.074,0.002705862197543056
MKD,BA:501,2024,SEX_M,18,2.29,0.00576948271170726
MKD,BA:501,2024,SEX_M,20,0.378,9.523425611464387e-4
MKD,BA:501,2024,SEX_M,21,0.845,0.0021289139263723296
MKD,BA:501,2024,SEX_M,22,2.694,0.006787330316742078
MKD,BA:501,2024,SEX_M,23,3.379,0.008513136280724382
MKD,BA:501,2024,SEX_M,24,2.737,0.006895665581634398
MKD,BA:501,2024,SEX_M,25,6.463,0.016283042255792152
MKD,BA:501,2024,SEX_M,26,1.98,0.004988461034576583
MKD,BA:501,2024,SEX_M,27,2.526,0.0063640669562325496
MKD,BA:501,2024,SEX_M,28,2.01,0.005064043777524713
MKD,BA:501,2024,SEX_M,29,17.074,0.04301665843654576
MKD,BA:501,2024,SEX_M,30,0.59,0.0014864606113132242
MKD,BA:501,2024,SEX_M,31,6.486,0.016340989025385718
MKD,BA:501,2024,SEX_M,32,0.429,0.0010808332241582597
MKD,BA:501,2024,SEX_M,33,1.413,0.0035599471928569257
MKD,BA:501,2024,SEX_M,35,5.939,0.014962863678964813
MKD,BA:501,2024,SEX_M,36,6.202,0.01562547239214342
MKD,BA:501,2024,SEX_M,37,0.441,0.0011110663213375117
MKD,BA:501,2024,SEX_M,38,5.196,0.013090931078616124
MKD,BA:501,2024,SEX_M,39,0.224,5.643511473460378e-4
MKD,BA:501,2024,SEX_M,41,19.246,0.04848884902599036
MKD,BA:501,2024,SEX_M,42,5.067,0.012765925283939166
MKD,BA:501,2024,SEX_M,43,17.322,0.04364147577825029
MKD,BA:501,2024,SEX_M,45,8.272,0.020840681655564394
MKD,BA:501,2024,SEX_M,46,16.987,0.04279746848199617
MKD,BA:501,2024,SEX_M,47,28.595,0.07204295115339263
MKD,BA:501,2024,SEX_M,49,22.827,0.05751090910923216
MKD,BA:501,2024,SEX_M,52,4.327,0.010901550957885291
MKD,BA:501,2024,SEX_M,53,2.45,0.006172590674097288
MKD,BA:501,2024,SEX_M,55,2.469,0.006220459744631103
MKD,BA:501,2024,SEX_M,56,14.899,0.037536909572806317
MKD,BA:501,2024,SEX_M,58,0.396,9.976922069153168e-4
MKD,BA:501,2024,SEX_M,59,0.595,0.0014990577351379126
MKD,BA:501,2024,SEX_M,60,1.863,0.004693688337078876
MKD,BA:501,2024,SEX_M,61,3.01,0.007583468542462381
MKD,BA:501,2024,SEX_M,62,9.572,0.02411593384998336
MKD,BA:501,2024,SEX_M,63,0.539,0.0013579699483014034
MKD,BA:501,2024,SEX_M,64,2.866,0.007220671376311358
MKD,BA:501,2024,SEX_M,65,0.955,0.0024060506505154734
MKD,BA:501,2024,SEX_M,66,1.414,0.0035624666176218628
MKD,BA:501,2024,SEX_M,68,0.807,0.0020331757853046984
MKD,BA:501,2024,SEX_M,69,3.74,0.009422648620866881
MKD,BA:501,2024,SEX_M,71,2.549,0.006422013725826116
MKD,BA:501,2024,SEX_M,72,0.331,8.339295971943682e-4
MKD,BA:501,2024,SEX_M,73,1.117,0.0028141974624353756
MKD,BA:501,2024,SEX_M,74,0.771,0.0019424764937669423
MKD,BA:501,2024,SEX_M,75,0.565,0.0014234749921897825
MKD,BA:501,2024,SEX_M,77,0.455,0.0011463382680466391
MKD,BA:501,2024,SEX_M,79,0.559,0.0014083584436001568
MKD,BA:501,2024,SEX_M,80,4.064,0.010238942244706685
MKD,BA:501,2024,SEX_M,81,2.858,0.007200515978191857
MKD,BA:501,2024,SEX_M,82,2.009,0.005061524352759776
MKD,BA:501,2024,SEX_M,84,34.739,0.08752229690916966
MKD,BA:501,2024,SEX_M,85,15.572,0.03923248243960937
MKD,BA:501,2024,SEX_M,86,10.157,0.0255897973374719
MKD,BA:501,2024,SEX_M,87,0.288,7.255943323020485e-4
MKD,BA:501,2024,SEX_M,88,0.36,9.069929153775606e-4
MKD,BA:501,2024,SEX_M,90,1.686,0.004247750153684908
MKD,BA:501,2024,SEX_M,91,0.934,0.0023531427304517823
MKD,BA:501,2024,SEX_M,92,2.937,0.007399550534621931
MKD,BA:501,2024,SEX_M,93,2.874,0.007240826774430859
MKD,BA:501,2024,SEX_M,94,1.98,0.004988461034576583
MKD,BA:501,2024,SEX_M,95,1.228,0.003093853611343457
MKD,BA:501,2024,SEX_M,96,4.644,0.011700208608370533
MLT,BA:341,2024,SEX_F,10,1.066,0.008825380004636223
MLT,BA:341,2024,SEX_F,18,0.679,0.005621419346292678
MLT,BA:341,2024,SEX_F,26,1.506,0.012468125972778752
MLT,BA:341,2024,SEX_F,29,0.59,0.004884591184554757
MLT,BA:341,2024,SEX_F,32,1.48,0.012252872801933965
MLT,BA:341,2024,SEX_F,41,0.94,0.0077822300228499505
MLT,BA:341,2024,SEX_F,46,4.907,0.04062489651289863
MLT,BA:341,2024,SEX_F,47,10.501,0.08693744411696525
MLT,BA:341,2024,SEX_F,50,0.597,0.00494254396132066
MLT,BA:341,2024,SEX_F,51,0.691,0.005720766963605655
MLT,BA:341,2024,SEX_F,52,1.369,0.011333907341788919
MLT,BA:341,2024,SEX_F,55,4.556,0.037718978706494016
MLT,BA:341,2024,SEX_F,56,4.657,0.03855515448554492
MLT,BA:341,2024,SEX_F,58,0.728,0.006027088783654004
MLT,BA:341,2024,SEX_F,61,0.582,0.004818359439679437
MLT,BA:341,2024,SEX_F,62,1.783,0.014761400139086662
MLT,BA:341,2024,SEX_F,64,6.127,0.050725237606384734
MLT,BA:341,2024,SEX_F,65,1.198,0.00991820379507898
MLT,BA:341,2024,SEX_F,66,1.478,0.012236314865715137
MLT,BA:341,2024,SEX_F,68,0.705,0.005836672517137463
MLT,BA:341,2024,SEX_F,69,4.6,0.03808325330330827
MLT,BA:341,2024,SEX_F,71,0.952,0.007881577640162929
MLT,BA:341,2024,SEX_F,73,0.852,0.007053680829221445
MLT,BA:341,2024,SEX_F,74,1.088,0.009007517303043349
MLT,BA:341,2024,SEX_F,78,0.716,0.005927741166341026
MLT,BA:341,2024,SEX_F,79,1.368,0.011325628373679505
MLT,BA:341,2024,SEX_F,80,1.13,0.00935523396363877
MLT,BA:341,2024,SEX_F,81,2.621,0.0216991754147763
MLT,BA:341,2024,SEX_F,82,1.017,0.008419710567274894
MLT,BA:341,2024,SEX_F,84,8.054,0.06667880915322714
MLT,BA:341,2024,SEX_F,85,17.754,0.14698479981455112
MLT,BA:341,2024,SEX_F,86,10.886,0.09012484683908996
MLT,BA:341,2024,SEX_F,87,7.041,0.058292214458389904
MLT,BA:341,2024,SEX_F,88,3.727,0.030855714143789115
MLT,BA:341,2024,SEX_F,90,0.704,0.005828393549028048
MLT,BA:341,2024,SEX_F,92,4.766,0.039457562009471134
MLT,BA:341,2024,SEX_F,93,0.636,0.00526542371758784
MLT,BA:341,2024,SEX_F,94,0.531,0.004396132066099281
MLT,BA:341,2024,SEX_F,96,3.892,0.03222174388184256
MLT,BA:341,2024,SEX_F,97,2.313,0.01914925323707653
MLT,BA:341,2024,SEX_M,1,1.893,0.010249163499334048
MLT,BA:341,2024,SEX_M,3,0.568,0.0030752904741794714
MLT,BA:341,2024,SEX_M,10,2.144,0.011608138691268992
MLT,BA:341,2024,SEX_M,11,1.249,0.006762390496919297
MLT,BA:341,2024,SEX_M,18,1.176,0.006367150700061722
MLT,BA:341,2024,SEX_M,21,1.805,0.009772710045587933
MLT,BA:341,2024,SEX_M,22,0.997,0.005398001061191784
MLT,BA:341,2024,SEX_M,23,1.351,0.007314643363761384
MLT,BA:341,2024,SEX_M,25,2.709,0.014667186434070755
MLT,BA:341,2024,SEX_M,26,2.091,0.01132118377026281
MLT,BA:341,2024,SEX_M,27,0.788,0.00426642410854476
MLT,BA:341,2024,SEX_M,29,0.715,0.003871184311687187
MLT,BA:341,2024,SEX_M,31,1.131,0.006123509729396096
MLT,BA:341,2024,SEX_M,32,2.144,0.011608138691268992
MLT,BA:341,2024,SEX_M,33,2.62,0.01418531873653207
MLT,BA:341,2024,SEX_M,35,0.941,0.005094803408807892
MLT,BA:341,2024,SEX_M,36,0.983,0.005322201648095811
MLT,BA:341,2024,SEX_M,38,1.316,0.007125144831021452
MLT,BA:341,2024,SEX_M,41,11.902,0.0644403296191621
MLT,BA:341,2024,SEX_M,43,8.424,0.0456095897086054
MLT,BA:341,2024,SEX_M,45,3.208,0.017368894086562933
MLT,BA:341,2024,SEX_M,46,8.945,0.04843041072453411
MLT,BA:341,2024,SEX_M,47,9.739,0.05272932029583429
MLT,BA:341,2024,SEX_M,49,5.624,0.030449707089410822
MLT,BA:341,2024,SEX_M,50,0.54,0.002923691647987526
MLT,BA:341,2024,SEX_M,51,1.449,0.007845239255433194
MLT,BA:341,2024,SEX_M,52,4.369,0.023654831129736112
MLT,BA:341,2024,SEX_M,53,1.39,0.007525798871671594
MLT,BA:341,2024,SEX_M,55,6.59,0.035679866593032954
MLT,BA:341,2024,SEX_M,56,10.361,0.05609697993481252
MLT,BA:341,2024,SEX_M,58,1.439,0.0077910968175075
MLT,BA:341,2024,SEX_M,59,0.634,0.0034326305644890582
MLT,BA:341,2024,SEX_M,61,1.876,0.010157121354860367
MLT,BA:341,2024,SEX_M,62,6.282,0.03401227950492155
MLT,BA:341,2024,SEX_M,63,0.862,0.004667078149194903
MLT,BA:341,2024,SEX_M,64,7.713,0.04176006237208849
MLT,BA:341,2024,SEX_M,65,1.323,0.007163044537569438
MLT,BA:341,2024,SEX_M,66,1.49,0.008067223250928544
MLT,BA:341,2024,SEX_M,68,2.03,0.01099091489891607
MLT,BA:341,2024,SEX_M,69,3.382,0.018310972506470024
MLT,BA:341,2024,SEX_M,71,1.673,0.00905802986496876
MLT,BA:341,2024,SEX_M,73,0.953,0.005159774334318726
MLT,BA:341,2024,SEX_M,74,0.544,0.002945348623157804
MLT,BA:341,2024,SEX_M,77,1.117,0.006047710316300123
MLT,BA:341,2024,SEX_M,78,1.738,0.009409955711485778
MLT,BA:341,2024,SEX_M,80,1.924,0.010417005056903702
MLT,BA:341,2024,SEX_M,81,2.721,0.01473215735958159
MLT,BA:341,2024,SEX_M,82,1.515,0.00820257934574278
MLT,BA:341,2024,SEX_M,84,14.113,0.07641122264453325
MLT,BA:341,2024,SEX_M,85,8.185,0.044315585442181296
MLT,BA:341,2024,SEX_M,86,7.078,0.03832201756380687
MLT,BA:341,2024,SEX_M,87,2.858,0.01547390875916361
MLT,BA:341,2024,SEX_M,88,1.021,0.005527942912213452
MLT,BA:341,2024,SEX_M,91,0.68,0.0036816857789472553
MLT,BA:341,2024,SEX_M,92,9.281,0.05024959663883746
MLT,BA:341,2024,SEX_M,93,1.432,0.007753197110959513
MLT,BA:341,2024,SEX_M,96,1.672,0.00905261562117619
MMR,BA:7009,2020,SEX_F,1,3583.448,0.39377307550849766
MMR,BA:7009,2020,SEX_F,2,29.071,0.0031945146345384494
MMR,BA:7009,2020,SEX_F,3,40.344,0.0044332667749929205
MMR,BA:7009,2020,SEX_F,8,7.969,8.756866679039903e-4
MMR,BA:7009,2020,SEX_F,9,4.64,5.098740292476489e-4
MMR,BA:7009,2020,SEX_F,10,120.806,0.013274965943381786
MMR,BA:7009,2020,SEX_F,11,11.02,0.0012109508194631663
MMR,BA:7009,2020,SEX_F,12,46.853,0.005148518942314676
MMR,BA:7009,2020,SEX_F,13,146.275,0.0160736688853879
MMR,BA:7009,2020,SEX_F,14,851.866,0.09360869607738745
MMR,BA:7009,2020,SEX_F,15,36.19,0.003976797654843193
MMR,BA:7009,2020,SEX_F,16,39.889,0.004383268351866265
MMR,BA:7009,2020,SEX_F,18,7.098,7.799754007758216e-4
MMR,BA:7009,2020,SEX_F,20,16.683,0.0018332388857626137
MMR,BA:7009,2020,SEX_F,21,109.906,0.012077201521226748
MMR,BA:7009,2020,SEX_F,22,8.84,9.713979350321588e-4
MMR,BA:7009,2020,SEX_F,23,54.016,0.005935636974965734
MMR,BA:7009,2020,SEX_F,24,8.467,9.304102167327251e-4
MMR,BA:7009,2020,SEX_F,32,17.866,0.0019632347858919174
MMR,BA:7009,2020,SEX_F,35,1.567,1.7219237151531593e-4
MMR,BA:7009,2020,SEX_F,36,18.52,0.0020351006512212195
MMR,BA:7009,2020,SEX_F,41,68.726,0.007552069511653863
MMR,BA:7009,2020,SEX_F,42,23.128,0.0025414583078533677
MMR,BA:7009,2020,SEX_F,43,24.864,0.0027322215222442985
MMR,BA:7009,2020,SEX_F,45,17.276,0.0018984016657936172
MMR,BA:7009,2020,SEX_F,46,156.247,0.017169458501693408
MMR,BA:7009,2020,SEX_F,47,2249.963,0.24724088372157935
MMR,BA:7009,2020,SEX_F,49,20.718,0.0022766314952484463
MMR,BA:7009,2020,SEX_F,50,7.497,8.238201718253501e-4
MMR,BA:7009,2020,SEX_F,52,10.925,0.0012005115882608977
MMR,BA:7009,2020,SEX_F,55,37.44,0.004114155960136202
MMR,BA:7009,2020,SEX_F,56,207.321,0.022781808969321516
MMR,BA:7009,2020,SEX_F,63,1.794,1.9713663975652636e-4
MMR,BA:7009,2020,SEX_F,64,77.652,0.00853291769809018
MMR,BA:7009,2020,SEX_F,66,5.067,5.567956263357409e-4
MMR,BA:7009,2020,SEX_F,68,3.769,4.141627621194804e-4
MMR,BA:7009,2020,SEX_F,69,4.084,4.487770550533186e-4
MMR,BA:7009,2020,SEX_F,81,12.372,0.0013595175624680847
MMR,BA:7009,2020,SEX_F,82,50.041,0.005498837564133966
MMR,BA:7009,2020,SEX_F,84,75.082,0.008250509022407754
MMR,BA:7009,2020,SEX_F,85,474.788,0.05217286004276568
MMR,BA:7009,2020,SEX_F,86,80.401,0.008834996083090565
MMR,BA:7009,2020,SEX_F,91,2.643,2.9043040071153795e-4
MMR,BA:7009,2020,SEX_F,93,5.555,6.104203087221315e-4
MMR,BA:7009,2020,SEX_F,94,9.909,0.0010888667577187401
MMR,BA:7009,2020,SEX_F,96,311.691,0.034250678028066583
MMR,BA:7009,2020,SEX_M,1,6149.668,0.4694722007831067
MMR,BA:7009,2020,SEX_M,2,140.542,0.010729125871910385
MMR,BA:7009,2020,SEX_M,3,407.451,0.03110524302796145
MMR,BA:7009,2020,SEX_M,6,11.799,9.007482187721153e-4
MMR,BA:7009,2020,SEX_M,8,68.555,0.005233561669456935
MMR,BA:7009,2020,SEX_M,9,64.472,0.004921861103540623
MMR,BA:7009,2020,SEX_M,10,178.819,0.013651232793678351
MMR,BA:7009,2020,SEX_M,11,20.536,0.001567740098373096
MMR,BA:7009,2020,SEX_M,13,57.471,0.004387397311725759
MMR,BA:7009,2020,SEX_M,14,140.426,0.010720270308440805
MMR,BA:7009,2020,SEX_M,15,16.967,0.0012952788395547486
MMR,BA:7009,2020,SEX_M,16,55.575,0.004242654653636775
MMR,BA:7009,2020,SEX_M,18,12.5,9.542633049115553e-4
MMR,BA:7009,2020,SEX_M,19,6.3,4.8094870567542383e-4
MMR,BA:7009,2020,SEX_M,20,6.189,0.00047247484752780924
MMR,BA:7009,2020,SEX_M,21,144.078,0.010999067875603764
MMR,BA:7009,2020,SEX_M,22,14.973,0.0011430547571552574
MMR,BA:7009,2020,SEX_M,23,128.984,0.009846775849656965
MMR,BA:7009,2020,SEX_M,24,136.864,0.010448343437073208
MMR,BA:7009,2020,SEX_M,25,4.288,3.2735048411685995e-4
MMR,BA:7009,2020,SEX_M,27,7.966,6.08132918954036e-4
MMR,BA:7009,2020,SEX_M,28,9.334,7.125674950435565e-4
MMR,BA:7009,2020,SEX_M,31,36.093,0.0027553780371338214
MMR,BA:7009,2020,SEX_M,32,113.916,0.008696468691384377
MMR,BA:7009,2020,SEX_M,33,125.67,0.009593781562258812
MMR,BA:7009,2020,SEX_M,35,10.949,8.358583140381295e-4
MMR,BA:7009,2020,SEX_M,36,29.379,0.0022428241307997266
MMR,BA:7009,2020,SEX_M,41,795.072,0.06069664274901121
MMR,BA:7009,2020,SEX_M,42,50.444,0.00385094865223668
MMR,BA:7009,2020,SEX_M,43,243.302,0.018573933648927298
MMR,BA:7009,2020,SEX_M,45,256.676,0.019594919044118267
MMR,BA:7009,2020,SEX_M,46,254.919,0.019460787793979903
MMR,BA:7009,2020,SEX_M,47,1168.665,0.08921713001875702
MMR,BA:7009,2020,SEX_M,49,993.865,0.07587271196287383
MMR,BA:7009,2020,SEX_M,50,71.115,0.00542899479430282
MMR,BA:7009,2020,SEX_M,52,71.804,0.005481593787669546
MMR,BA:7009,2020,SEX_M,55,29.557,0.002256412840261667
MMR,BA:7009,2020,SEX_M,56,117.266,0.008952211257100676
MMR,BA:7009,2020,SEX_M,59,7.018,5.357615899095436e-4
MMR,BA:7009,2020,SEX_M,61,6.627,5.059122337319101e-4
MMR,BA:7009,2020,SEX_M,63,4.328,3.304041266925769e-4
MMR,BA:7009,2020,SEX_M,64,49.777,0.003800029162286599
MMR,BA:7009,2020,SEX_M,66,5.997,4.5781736316436773e-4
MMR,BA:7009,2020,SEX_M,69,7.39,5.641604658637115e-4
MMR,BA:7009,2020,SEX_M,74,6.722,5.13164634849238e-4
MMR,BA:7009,2020,SEX_M,77,13.246,0.001011213738948677
MMR,BA:7009,2020,SEX_M,79,11.224,8.568521067461837e-4
MMR,BA:7009,2020,SEX_M,80,7.591,5.795050198066893e-4
MMR,BA:7009,2020,SEX_M,81,58.329,0.004452897944974889
MMR,BA:7009,2020,SEX_M,82,61.155,0.004668637792949293
MMR,BA:7009,2020,SEX_M,84,92.216,0.007039867594057918
MMR,BA:7009,2020,SEX_M,85,149.164,0.011387338529106178
MMR,BA:7009,2020,SEX_M,86,37.48,0.0028612630934468073
MMR,BA:7009,2020,SEX_M,90,8.145,6.217979694803694e-4
MMR,BA:7009,2020,SEX_M,93,4.178,3.1895296703363823e-4
MMR,BA:7009,2020,SEX_M,94,26.206,0.0020005939334809776
MMR,BA:7009,2020,SEX_M,95,43.449,0.003316942906808173
MMR,BA:7009,2020,SEX_M,96,345.452,0.026372173376664528
MMR,BA:7009,2020,SEX_M,97,0.967,7.382180926795791e-5
MNG,BA:702,2024,SEX_F,1,126.456,0.20314575839894358
MNG,BA:702,2024,SEX_F,2,0.633,0.0010168854389394832
MNG,BA:702,2024,SEX_F,5,2.202,0.003537411906073842
MNG,BA:702,2024,SEX_F,6,0.508,8.160786776955094e-4
MNG,BA:702,2024,SEX_F,7,5.788,0.009298156272640962
MNG,BA:702,2024,SEX_F,9,2.306,0.0037044831314288285
MNG,BA:702,2024,SEX_F,10,13.416,0.02155218807079322
MNG,BA:702,2024,SEX_F,11,2.089,0.00335588259390929
MNG,BA:702,2024,SEX_F,13,3.103,0.0049848270411204055
MNG,BA:702,2024,SEX_F,14,12.644,0.020312005513350436
MNG,BA:702,2024,SEX_F,15,2.526,0.0040579030312182214
MNG,BA:702,2024,SEX_F,16,1.029,0.001653041258560392
MNG,BA:702,2024,SEX_F,18,2.427,0.003898864076312995
MNG,BA:702,2024,SEX_F,19,0.737,0.0011839566642944694
MNG,BA:702,2024,SEX_F,21,1.854,0.0029783658827706194
MNG,BA:702,2024,SEX_F,23,2.332,0.0037462509377675745
MNG,BA:702,2024,SEX_F,24,0.818,0.0013140794455805643
MNG,BA:702,2024,SEX_F,25,0.306,4.915749515252477e-4
MNG,BA:702,2024,SEX_F,27,0.226,3.630586243291046e-4
MNG,BA:702,2024,SEX_F,31,2.018,0.0032418243535227123
MNG,BA:702,2024,SEX_F,32,1.026,0.0016482218962905369
MNG,BA:702,2024,SEX_F,35,5.408,0.008687703718459281
MNG,BA:702,2024,SEX_F,36,3.497,0.00561776995256141
MNG,BA:702,2024,SEX_F,38,0.19,3.0522627709084015e-4
MNG,BA:702,2024,SEX_F,39,1.09,0.0017510349580474515
MNG,BA:702,2024,SEX_F,41,10.95,0.017590672284972103
MNG,BA:702,2024,SEX_F,42,1.741,0.0027968365706060668
MNG,BA:702,2024,SEX_F,43,3.432,0.005513350436714544
MNG,BA:702,2024,SEX_F,45,4.754,0.00763708274363081
MNG,BA:702,2024,SEX_F,46,12.843,0.020631689877250843
MNG,BA:702,2024,SEX_F,47,95.188,0.152915151914331
MNG,BA:702,2024,SEX_F,49,8.639,0.013878156883093514
MNG,BA:702,2024,SEX_F,51,0.327,5.253104874142355e-4
MNG,BA:702,2024,SEX_F,53,1.582,0.002541410370303732
MNG,BA:702,2024,SEX_F,55,4.372,0.007023417281269226
MNG,BA:702,2024,SEX_F,56,26.911,0.04323128601469263
MNG,BA:702,2024,SEX_F,58,2.066,0.0033189341498403983
MNG,BA:702,2024,SEX_F,60,0.398,6.393687278008125e-4
MNG,BA:702,2024,SEX_F,61,5.244,0.008424245247707188
MNG,BA:702,2024,SEX_F,62,0.491,7.88768958166329e-4
MNG,BA:702,2024,SEX_F,63,1.118,0.0017960156725661018
MNG,BA:702,2024,SEX_F,64,16.461,0.026443840774696418
MNG,BA:702,2024,SEX_F,65,0.669,0.0010747177861777477
MNG,BA:702,2024,SEX_F,66,2.925,0.004698878213108986
MNG,BA:702,2024,SEX_F,68,3.383,0.005434634186306906
MNG,BA:702,2024,SEX_F,69,3.217,0.005167962807374909
MNG,BA:702,2024,SEX_F,71,1.469,0.00235988105813918
MNG,BA:702,2024,SEX_F,72,2.724,0.004375980941028677
MNG,BA:702,2024,SEX_F,73,0.95,0.0015261313854542007
MNG,BA:702,2024,SEX_F,74,1.651,0.002652255702510406
MNG,BA:702,2024,SEX_F,75,0.905,0.0014538409514063702
MNG,BA:702,2024,SEX_F,78,0.324,5.204911251443801e-4
MNG,BA:702,2024,SEX_F,79,1.003,0.0016112734522216454
MNG,BA:702,2024,SEX_F,81,1.358,0.0021815646541545313
MNG,BA:702,2024,SEX_F,84,37.845,0.0607962550342255
MNG,BA:702,2024,SEX_F,85,102.514,0.1646840345773178
MNG,BA:702,2024,SEX_F,86,43.971,0.07063739278927016
MNG,BA:702,2024,SEX_F,87,3.373,0.005418569645407389
MNG,BA:702,2024,SEX_F,90,2.62,0.004208909715673691
MNG,BA:702,2024,SEX_F,91,1.447,0.0023245390681602405
MNG,BA:702,2024,SEX_F,93,1.574,0.002528558737584118
MNG,BA:702,2024,SEX_F,94,2.865,0.004602490967711879
MNG,BA:702,2024,SEX_F,96,14.556,0.023383545733338257
MNG,BA:702,2024,SEX_M,1,190.269,0.25614932586614253
MNG,BA:702,2024,SEX_M,2,1.554,0.002092069924138906
MNG,BA:702,2024,SEX_M,5,22.602,0.03042790503564192
MNG,BA:702,2024,SEX_M,6,2.119,0.0028527002376128323
MNG,BA:702,2024,SEX_M,7,25.54,0.034383182665706336
MNG,BA:702,2024,SEX_M,8,3.232,0.004351074642739346
MNG,BA:702,2024,SEX_M,9,12.974,0.017466225994709244
MNG,BA:702,2024,SEX_M,10,15.934,0.021451121088307157
MNG,BA:702,2024,SEX_M,11,5.257,0.0070772275361635955
MNG,BA:702,2024,SEX_M,13,0.971,0.001307207140501208
MNG,BA:702,2024,SEX_M,14,3.935,0.005297487227468851
MNG,BA:702,2024,SEX_M,15,1.609,0.002166113582972651
MNG,BA:702,2024,SEX_M,16,2.625,0.0035339018988832867
MNG,BA:702,2024,SEX_M,18,2.722,0.0036644879880991642
MNG,BA:702,2024,SEX_M,19,2.368,0.0031879160748783325
MNG,BA:702,2024,SEX_M,21,0.371,4.994581350421712e-4
MNG,BA:702,2024,SEX_M,22,0.29,3.904120193052012e-4
MNG,BA:702,2024,SEX_M,23,7.905,0.010642093146922812
MNG,BA:702,2024,SEX_M,24,4.156,0.005595008111146263
MNG,BA:702,2024,SEX_M,25,0.943,0.0012695121869131197
MNG,BA:702,2024,SEX_M,27,0.396,5.331143436029644e-4
MNG,BA:702,2024,SEX_M,31,6.845,0.00921506990394518
MNG,BA:702,2024,SEX_M,32,1.694,0.0022805446920793476
MNG,BA:702,2024,SEX_M,33,3.482,0.004687636728347278
MNG,BA:702,2024,SEX_M,35,17.618,0.023718203296962188
MNG,BA:702,2024,SEX_M,36,1.967,0.0026480704895632096
MNG,BA:702,2024,SEX_M,38,0.383,5.156131151513519e-4
MNG,BA:702,2024,SEX_M,39,0.423,5.694630488486211e-4
MNG,BA:702,2024,SEX_M,41,56.59,0.07618419369821151
MNG,BA:702,2024,SEX_M,42,6.75,0.009087176311414166
MNG,BA:702,2024,SEX_M,43,13.702,0.01844629478799954
MNG,BA:702,2024,SEX_M,45,22.277,0.029990374324351612
MNG,BA:702,2024,SEX_M,46,15.81,0.021284186293845625
MNG,BA:702,2024,SEX_M,47,44.146,0.05943147932499108
MNG,BA:702,2024,SEX_M,49,65.377,0.08801367788315909
MNG,BA:702,2024,SEX_M,51,1.18,0.0015885730440694393
MNG,BA:702,2024,SEX_M,52,3.223,0.00433895840765746
MNG,BA:702,2024,SEX_M,53,0.495,6.663929295037055e-4
MNG,BA:702,2024,SEX_M,55,1.796,0.002417862023007384
MNG,BA:702,2024,SEX_M,56,10.259,0.0138111617450071
MNG,BA:702,2024,SEX_M,59,0.71,9.55836323126527e-4
MNG,BA:702,2024,SEX_M,60,1.363,0.0018349364907344456
MNG,BA:702,2024,SEX_M,61,4.027,0.00542134207497257
MNG,BA:702,2024,SEX_M,62,4.445,0.005984073882109033
MNG,BA:702,2024,SEX_M,64,7.487,0.01007936133978635
MNG,BA:702,2024,SEX_M,65,1.263,0.0017003116564912727
MNG,BA:702,2024,SEX_M,66,1.714,0.0023074696589279824
MNG,BA:702,2024,SEX_M,68,1.549,0.002085338682426747
MNG,BA:702,2024,SEX_M,69,2.421,0.003259267237027214
MNG,BA:702,2024,SEX_M,71,3.25,0.004375307112903117
MNG,BA:702,2024,SEX_M,72,1.789,0.002408438284610362
MNG,BA:702,2024,SEX_M,74,0.957,0.0012883596637071639
MNG,BA:702,2024,SEX_M,75,0.279,3.756032875384522e-4
MNG,BA:702,2024,SEX_M,77,2.12,0.002854046485955264
MNG,BA:702,2024,SEX_M,78,1.497,0.0020153337686202974
MNG,BA:702,2024,SEX_M,79,0.842,0.0011335411043275152
MNG,BA:702,2024,SEX_M,80,6.704,0.009025248887662306
MNG,BA:702,2024,SEX_M,81,1.387,0.0018672464509528071
MNG,BA:702,2024,SEX_M,82,0.309,4.15990737811404e-4
MNG,BA:702,2024,SEX_M,84,58.296,0.07848089337040003
MNG,BA:702,2024,SEX_M,85,29.799,0.04011685435612307
MNG,BA:702,2024,SEX_M,86,10.808,0.01455025208500212
MNG,BA:702,2024,SEX_M,87,0.807,0.0010864224123424049
MNG,BA:702,2024,SEX_M,90,4.369,0.00588175900808422
MNG,BA:702,2024,SEX_M,91,1.38,0.0018578227125557849
MNG,BA:702,2024,SEX_M,93,1.411,0.0018995564111711687
MNG,BA:702,2024,SEX_M,94,4.008,0.005395763356466367
MNG,BA:702,2024,SEX_M,95,1.28,0.0017231978783126122
MNG,BA:702,2024,SEX_M,96,4.745,0.006387948384838551
MUS,BA:82,2024,SEX_F,1,7.294,0.03184944217627667
MUS,BA:82,2024,SEX_F,3,0.478,0.0020871995284151698
MUS,BA:82,2024,SEX_F,10,5.637,0.024614108246184752
MUS,BA:82,2024,SEX_F,11,0.785,0.0034277230749077585
MUS,BA:82,2024,SEX_F,13,0.698,0.0030478352946313567
MUS,BA:82,2024,SEX_F,14,6.969,0.03043032115800276
MUS,BA:82,2024,SEX_F,15,0.721,0.003148265397463049
MUS,BA:82,2024,SEX_F,16,0.151,6.593454577211101e-4
MUS,BA:82,2024,SEX_F,17,0.219,9.562692400061134e-4
MUS,BA:82,2024,SEX_F,18,0.792,0.0034582887583782733
MUS,BA:82,2024,SEX_F,20,0.354,0.0015457502783660464
MUS,BA:82,2024,SEX_F,22,0.236,0.0010305001855773642
MUS,BA:82,2024,SEX_F,23,0.335,0.0014627862803746484
MUS,BA:82,2024,SEX_F,25,0.401,0.0017509770102395047
MUS,BA:82,2024,SEX_F,26,0.694,0.0030303691897910624
MUS,BA:82,2024,SEX_F,27,0.265,0.001157129445669498
MUS,BA:82,2024,SEX_F,31,0.539,0.0023535576272296584
MUS,BA:82,2024,SEX_F,32,3.008,0.01313451083990132
MUS,BA:82,2024,SEX_F,35,0.316,0.0013798222823832504
MUS,BA:82,2024,SEX_F,36,0.303,0.0013230574416522938
MUS,BA:82,2024,SEX_F,41,0.838,0.003659148964041658
MUS,BA:82,2024,SEX_F,42,0.265,0.001157129445669498
MUS,BA:82,2024,SEX_F,43,0.293,0.0012793921795515582
MUS,BA:82,2024,SEX_F,45,1.99,0.00868938715804642
MUS,BA:82,2024,SEX_F,46,4.937,0.02155753989913325
MUS,BA:82,2024,SEX_F,47,30.875,0.1348164967360217
MUS,BA:82,2024,SEX_F,49,1.131,0.004938541143593216
MUS,BA:82,2024,SEX_F,50,0.926,0.004043403270528133
MUS,BA:82,2024,SEX_F,51,1.258,0.005493089972272561
MUS,BA:82,2024,SEX_F,52,2.001,0.008737418946357227
MUS,BA:82,2024,SEX_F,53,0.778,0.0033971573914372433
MUS,BA:82,2024,SEX_F,55,10.913,0.04765190053053295
MUS,BA:82,2024,SEX_F,56,9.428,0.04116760910857369
MUS,BA:82,2024,SEX_F,58,0.572,0.002497652992162086
MUS,BA:82,2024,SEX_F,61,1.23,0.0053708272383905
MUS,BA:82,2024,SEX_F,62,5.394,0.023553042377136877
MUS,BA:82,2024,SEX_F,63,1.388,0.006060738379582125
MUS,BA:82,2024,SEX_F,64,8.472,0.036993210051743344
MUS,BA:82,2024,SEX_F,65,3.783,0.016518568652708343
MUS,BA:82,2024,SEX_F,66,1.169,0.005104469139576012
MUS,BA:82,2024,SEX_F,68,1.73,0.007554090343427289
MUS,BA:82,2024,SEX_F,69,4.686,0.020461541820404782
MUS,BA:82,2024,SEX_F,70,4.538,0.019815295941313895
MUS,BA:82,2024,SEX_F,71,0.589,0.002571883937733337
MUS,BA:82,2024,SEX_F,72,0.635,0.0027727441433967217
MUS,BA:82,2024,SEX_F,73,1.136,0.004960373774643583
MUS,BA:82,2024,SEX_F,74,0.814,0.0035543523349998917
MUS,BA:82,2024,SEX_F,77,0.194,8.47106084754274e-4
MUS,BA:82,2024,SEX_F,78,0.439,0.0019169050062223005
MUS,BA:82,2024,SEX_F,79,1.578,0.006890378359496106
MUS,BA:82,2024,SEX_F,80,1.623,0.007086872038949416
MUS,BA:82,2024,SEX_F,81,5.934,0.025910966530576608
MUS,BA:82,2024,SEX_F,82,5.12,0.022356614195576715
MUS,BA:82,2024,SEX_F,84,17.457,0.07622644804925444
MUS,BA:82,2024,SEX_F,85,24.947,0.10893172936270552
MUS,BA:82,2024,SEX_F,86,11.157,0.048717332925790904
MUS,BA:82,2024,SEX_F,87,1.048,0.0045761194681571095
MUS,BA:82,2024,SEX_F,88,1.391,0.006073837958212346
MUS,BA:82,2024,SEX_F,92,0.67,0.002925572560749297
MUS,BA:82,2024,SEX_F,93,1.289,0.005628452284784841
MUS,BA:82,2024,SEX_F,94,0.939,0.004100168111259089
MUS,BA:82,2024,SEX_F,96,5.689,0.02484116760910858
MUS,BA:82,2024,SEX_F,97,17.576,0.07674606466825319
MUS,BA:82,2024,SEX_M,1,15.628,0.04955810583262248
MUS,BA:82,2024,SEX_M,2,0.456,0.0014460261236035226
MUS,BA:82,2024,SEX_M,3,4.777,0.015148392088714973
MUS,BA:82,2024,SEX_M,8,0.567,0.0017980193247438536
MUS,BA:82,2024,SEX_M,10,6.726,0.02132888532315196
MUS,BA:82,2024,SEX_M,11,3.107,0.009852638522009089
MUS,BA:82,2024,SEX_M,13,0.367,0.001163797340707221
MUS,BA:82,2024,SEX_M,14,4.447,0.014101925815054529
MUS,BA:82,2024,SEX_M,15,0.286,9.069374371723847e-4
MUS,BA:82,2024,SEX_M,16,0.813,0.002578112365108912
MUS,BA:82,2024,SEX_M,18,0.873,0.002768378960319902
MUS,BA:82,2024,SEX_M,20,1.302,0.004128785116078479
MUS,BA:82,2024,SEX_M,22,0.982,0.0031140299416198666
MUS,BA:82,2024,SEX_M,23,1.611,0.005108658081415076
MUS,BA:82,2024,SEX_M,24,0.242,7.674086006843255e-4
MUS,BA:82,2024,SEX_M,25,6.242,0.019794068121783307
MUS,BA:82,2024,SEX_M,26,0.424,0.0013445506061576613
MUS,BA:82,2024,SEX_M,27,0.179,5.676286757127862e-4
MUS,BA:82,2024,SEX_M,30,0.181,5.739708955531526e-4
MUS,BA:82,2024,SEX_M,31,4.861,0.015414765322010356
MUS,BA:82,2024,SEX_M,32,1.596,0.005061091432612329
MUS,BA:82,2024,SEX_M,33,1.605,0.005089631421893977
MUS,BA:82,2024,SEX_M,35,1.674,0.005308438006386616
MUS,BA:82,2024,SEX_M,36,1.396,0.004426869448575696
MUS,BA:82,2024,SEX_M,37,0.763,0.0024195568690997538
MUS,BA:82,2024,SEX_M,41,30.62,0.09709938575600847
MUS,BA:82,2024,SEX_M,42,1.535,0.004867653727481156
MUS,BA:82,2024,SEX_M,43,12.167,0.03858289439886855
MUS,BA:82,2024,SEX_M,45,9.727,0.03084538619362163
MUS,BA:82,2024,SEX_M,46,10.664,0.03381671618883326
MUS,BA:82,2024,SEX_M,47,27.096,0.085924394397283
MUS,BA:82,2024,SEX_M,49,20.045,0.06356489835007152
MUS,BA:82,2024,SEX_M,50,2.639,0.008368559079363368
MUS,BA:82,2024,SEX_M,51,0.771,0.002444925748461219
MUS,BA:82,2024,SEX_M,52,5.884,0.018658810770357734
MUS,BA:82,2024,SEX_M,53,1.092,0.0034628520328400148
MUS,BA:82,2024,SEX_M,55,18.164,0.057600040590206986
MUS,BA:82,2024,SEX_M,56,6.672,0.021157645387462065
MUS,BA:82,2024,SEX_M,58,0.362,0.0011479417911063052
MUS,BA:82,2024,SEX_M,59,0.337,0.0010686640431017262
MUS,BA:82,2024,SEX_M,60,0.864,0.0027398389710382534
MUS,BA:82,2024,SEX_M,61,1.806,0.005727024515850793
MUS,BA:82,2024,SEX_M,62,5.52,0.01750452675941106
MUS,BA:82,2024,SEX_M,63,0.712,0.0022578302631704123
MUS,BA:82,2024,SEX_M,64,5.211,0.016524653794074466
MUS,BA:82,2024,SEX_M,65,2.193,0.006954244054961678
MUS,BA:82,2024,SEX_M,66,0.83,0.0026320212337520256
MUS,BA:82,2024,SEX_M,68,2.171,0.006884479636717647
MUS,BA:82,2024,SEX_M,69,3.92,0.012430750887118001
MUS,BA:82,2024,SEX_M,70,3.192,0.010122182865224658
MUS,BA:82,2024,SEX_M,71,2.334,0.0074013705537075035
MUS,BA:82,2024,SEX_M,72,1.112,0.003526274231243678
MUS,BA:82,2024,SEX_M,73,1.254,0.003976571839909687
MUS,BA:82,2024,SEX_M,74,2.031,0.006440524247892006
MUS,BA:82,2024,SEX_M,77,1.272,0.004033651818472984
MUS,BA:82,2024,SEX_M,79,0.764,0.002422727979019937
MUS,BA:82,2024,SEX_M,80,4.096,0.012988866233070238
MUS,BA:82,2024,SEX_M,81,6.021,0.019093252829422827
MUS,BA:82,2024,SEX_M,82,3.199,0.01014438063466594
MUS,BA:82,2024,SEX_M,84,28.007,0.08881327553456987
MUS,BA:82,2024,SEX_M,85,10.472,0.03320786308415809
MUS,BA:82,2024,SEX_M,86,8.326,0.026402661195445022
MUS,BA:82,2024,SEX_M,87,0.168,5.327464665907715e-4
MUS,BA:82,2024,SEX_M,88,0.524,0.0016616615981759778
MUS,BA:82,2024,SEX_M,90,0.371,0.0011764817803879537
MUS,BA:82,2024,SEX_M,91,0.542,0.0017187415767392748
MUS,BA:82,2024,SEX_M,92,1.168,0.0037038563867739347
MUS,BA:82,2024,SEX_M,93,2.131,0.0067576352399103205
MUS,BA:82,2024,SEX_M,94,0.786,0.0024924923972639667
MUS,BA:82,2024,SEX_M,95,0.809,0.0025654279254281793
MUS,BA:82,2024,SEX_M,96,1.811,0.005742880065451709
MUS,BA:82,2024,SEX_M,97,2.85,0.009037663272522017
MWI,BA:1448,2024,SEX_F,1,1072.08,0.5034598541859892
MWI,BA:1448,2024,SEX_F,2,30.799,0.014463528886906092
MWI,BA:1448,2024,SEX_F,3,12.491,0.005865902767178934
MWI,BA:1448,2024,SEX_F,8,7.375,0.003463376263545324
MWI,BA:1448,2024,SEX_F,9,3.783,0.0017765359193209437
MWI,BA:1448,2024,SEX_F,10,20.398,0.009579111732040341
MWI,BA:1448,2024,SEX_F,11,14.965,0.007027718750366884
MWI,BA:1448,2024,SEX_F,13,2.578,0.0012106554586331993
MWI,BA:1448,2024,SEX_F,16,2.132,0.001001209246627611
MWI,BA:1448,2024,SEX_F,32,5.456,0.00256219401951231
MWI,BA:1448,2024,SEX_F,35,1.681,7.89414982917924e-4
MWI,BA:1448,2024,SEX_F,36,4.418,0.002074738485741456
MWI,BA:1448,2024,SEX_F,41,21.38,0.010040269086725291
MWI,BA:1448,2024,SEX_F,42,1.017,4.7759371661363985e-4
MWI,BA:1448,2024,SEX_F,43,7.141,0.003353487443793513
MWI,BA:1448,2024,SEX_F,45,5.649,0.002652828815290513
MWI,BA:1448,2024,SEX_F,46,9.06,0.004254669687826527
MWI,BA:1448,2024,SEX_F,47,161.8,0.07598295314462826
MWI,BA:1448,2024,SEX_F,49,4.218,0.0019808164175775154
MWI,BA:1448,2024,SEX_F,52,0.971,4.5599164093593344e-4
MWI,BA:1448,2024,SEX_F,55,4.289,0.0020141587517757144
MWI,BA:1448,2024,SEX_F,56,119.029,0.05589724925742865
MWI,BA:1448,2024,SEX_F,61,0.511,2.3997088415886921e-4
MWI,BA:1448,2024,SEX_F,63,1.47,6.903272010049662e-4
MWI,BA:1448,2024,SEX_F,64,11.961,0.0056170092865444905
MWI,BA:1448,2024,SEX_F,66,1.425,6.691947356680795e-4
MWI,BA:1448,2024,SEX_F,68,1.845,8.664310788123556e-4
MWI,BA:1448,2024,SEX_F,74,4.97,0.002333963393873933
MWI,BA:1448,2024,SEX_F,81,1.224,5.748030571633188e-4
MWI,BA:1448,2024,SEX_F,82,3.079,0.0014459302393838715
MWI,BA:1448,2024,SEX_F,84,6.852,0.003217770055296618
MWI,BA:1448,2024,SEX_F,85,33.845,0.015893961985042913
MWI,BA:1448,2024,SEX_F,86,25.592,0.012018267842257888
MWI,BA:1448,2024,SEX_F,88,2.636,0.0012378928584007422
MWI,BA:1448,2024,SEX_F,90,7.84,0.0036817450720264865
MWI,BA:1448,2024,SEX_F,94,4.577,0.0021494065299317894
MWI,BA:1448,2024,SEX_F,96,442.456,0.20778191295772336
MWI,BA:1448,2024,SEX_F,97,29.221,0.013722483769092597
MWI,BA:1448,2024,SEX_F,98,26.764,0.012568651161698582
MWI,BA:1448,2024,SEX_F,99,10.447,0.004906019230543457
MWI,BA:1448,2024,SEX_M,1,1028.039,0.4291529934999147
MWI,BA:1448,2024,SEX_M,2,30.924,0.012909167036456167
MWI,BA:1448,2024,SEX_M,3,52.897,0.02208175555320857
MWI,BA:1448,2024,SEX_M,5,1.725,7.200980836207118e-4
MWI,BA:1448,2024,SEX_M,7,0.956,3.990804451834205e-4
MWI,BA:1448,2024,SEX_M,8,13.991,0.005840517268369494
MWI,BA:1448,2024,SEX_M,9,2.738,0.001142973074175947
MWI,BA:1448,2024,SEX_M,10,16.114,0.006726759721428492
MWI,BA:1448,2024,SEX_M,11,2.794,0.0011663501713833442
MWI,BA:1448,2024,SEX_M,13,2.894,0.0012080949878251245
MWI,BA:1448,2024,SEX_M,14,0.907,3.7862548512694816e-4
MWI,BA:1448,2024,SEX_M,16,9.645,0.0040262875458097185
MWI,BA:1448,2024,SEX_M,22,3.322,0.0013867628021959446
MWI,BA:1448,2024,SEX_M,23,0.99,4.1327368277362586e-4
MWI,BA:1448,2024,SEX_M,24,2.38,9.935266313143732e-4
MWI,BA:1448,2024,SEX_M,25,1.224,5.109565532473919e-4
MWI,BA:1448,2024,SEX_M,31,4.161,0.001737001812142482
MWI,BA:1448,2024,SEX_M,32,12.718,0.0053091057550656295
MWI,BA:1448,2024,SEX_M,35,11.567,0.004828622917820738
MWI,BA:1448,2024,SEX_M,36,3.878,0.0016188639816122436
MWI,BA:1448,2024,SEX_M,41,106.096,0.04428958045207133
MWI,BA:1448,2024,SEX_M,42,4.522,0.0018877005994973094
MWI,BA:1448,2024,SEX_M,43,14.334,0.005983701988764801
MWI,BA:1448,2024,SEX_M,45,19.913,0.00831264529805173
MWI,BA:1448,2024,SEX_M,46,13.802,0.005761619565294529
MWI,BA:1448,2024,SEX_M,47,124.922,0.052148459595400896
MWI,BA:1448,2024,SEX_M,49,85.714,0.035781151964907644
MWI,BA:1448,2024,SEX_M,50,1.568,6.545587218071165e-4
MWI,BA:1448,2024,SEX_M,52,4.55,0.0018993891481010076
MWI,BA:1448,2024,SEX_M,53,2.728,0.0011387985925317692
MWI,BA:1448,2024,SEX_M,55,5.222,0.002179914314589772
MWI,BA:1448,2024,SEX_M,56,49.977,0.020862806913108583
MWI,BA:1448,2024,SEX_M,59,1.398,5.835925338560898e-4
MWI,BA:1448,2024,SEX_M,61,2.196,9.167161690614975e-4
MWI,BA:1448,2024,SEX_M,62,2.482,0.0010361063440849894
MWI,BA:1448,2024,SEX_M,63,2.079,8.678747338246144e-4
MWI,BA:1448,2024,SEX_M,64,13.518,0.005643064286599874
MWI,BA:1448,2024,SEX_M,65,1.125,4.6962918497002936e-4
MWI,BA:1448,2024,SEX_M,66,0.683,2.851170962973601e-4
MWI,BA:1448,2024,SEX_M,68,4.72,0.0019703553360520343
MWI,BA:1448,2024,SEX_M,69,0.733,3.0598950451825026e-4
MWI,BA:1448,2024,SEX_M,71,2.323,9.697320859425585e-4
MWI,BA:1448,2024,SEX_M,72,0.912,3.8071272594903717e-4
MWI,BA:1448,2024,SEX_M,74,17.041,0.007113734169843796
MWI,BA:1448,2024,SEX_M,78,0.977,4.078468566361944e-4
MWI,BA:1448,2024,SEX_M,80,1.61,6.720915447126643e-4
MWI,BA:1448,2024,SEX_M,81,0.472,1.9703553360520343e-4
MWI,BA:1448,2024,SEX_M,82,4.277,0.0017854257992149473
MWI,BA:1448,2024,SEX_M,84,27.536,0.011494852655408649
MWI,BA:1448,2024,SEX_M,85,57.122,0.023845474047873794
MWI,BA:1448,2024,SEX_M,86,25.918,0.010819421525380641
MWI,BA:1448,2024,SEX_M,88,4.945,0.0020642811730460404
MWI,BA:1448,2024,SEX_M,90,27.9,0.011646803787256728
MWI,BA:1448,2024,SEX_M,93,3.144,0.0013124570289295755
MWI,BA:1448,2024,SEX_M,94,7.213,0.0030110536099456197
MWI,BA:1448,2024,SEX_M,95,8.146,0.003400532747347431
MWI,BA:1448,2024,SEX_M,96,490.813,0.20488898592239557
MWI,BA:1448,2024,SEX_M,97,18.755,0.007829240323655912
MWI,BA:1448,2024,SEX_M,98,19.188,0.008009995378848821
MWI,BA:1448,2024,SEX_M,99,11.069,0.004620733731940671
NAM,BA:1468,2018,SEX_F,1,70.175,0.19618724384529793
NAM,BA:1468,2018,SEX_F,2,1.304,0.0036455741499717637
NAM,BA:1468,2018,SEX_F,3,3.964,0.011082098106202507
NAM,BA:1468,2018,SEX_F,7,0.937,0.0026195574988677472
NAM,BA:1468,2018,SEX_F,8,0.462,0.0012916067923979715
NAM,BA:1468,2018,SEX_F,9,0.624,0.0017445078754466108
NAM,BA:1468,2018,SEX_F,10,6.462,0.018065720979384612
NAM,BA:1468,2018,SEX_F,11,1.461,0.004084496804531247
NAM,BA:1468,2018,SEX_F,13,2.108,0.005893305451027973
NAM,BA:1468,2018,SEX_F,15,0.78,0.0021806348443082634
NAM,BA:1468,2018,SEX_F,16,1.497,0.004185141489653168
NAM,BA:1468,2018,SEX_F,23,0.75,0.00209676427337333
NAM,BA:1468,2018,SEX_F,28,0.634,0.0017724647324249218
NAM,BA:1468,2018,SEX_F,32,0.814,0.002275688158034521
NAM,BA:1468,2018,SEX_F,33,0.594,0.0016606373045116773
NAM,BA:1468,2018,SEX_F,35,0.76,0.0021247211303516414
NAM,BA:1468,2018,SEX_F,36,0.355,9.924684227300429e-4
NAM,BA:1468,2018,SEX_F,38,0.651,0.0018199913892880508
NAM,BA:1468,2018,SEX_F,41,1.884,0.005267071854713805
NAM,BA:1468,2018,SEX_F,42,0.536,0.0014984875340374735
NAM,BA:1468,2018,SEX_F,43,0.878,0.0024546120426957117
NAM,BA:1468,2018,SEX_F,45,1.389,0.0038832074342874073
NAM,BA:1468,2018,SEX_F,46,5.903,0.016502932674297022
NAM,BA:1468,2018,SEX_F,47,31.677,0.08855893585019597
NAM,BA:1468,2018,SEX_F,49,0.536,0.0014984875340374735
NAM,BA:1468,2018,SEX_F,51,0.607,0.0016969812185834818
NAM,BA:1468,2018,SEX_F,52,1.044,0.002918695868535676
NAM,BA:1468,2018,SEX_F,53,0.436,0.0012189189642543626
NAM,BA:1468,2018,SEX_F,55,7.739,0.021635811615514935
NAM,BA:1468,2018,SEX_F,56,55.908,0.15630119599434153
NAM,BA:1468,2018,SEX_F,63,0.462,0.0012916067923979715
NAM,BA:1468,2018,SEX_F,64,5.742,0.016052827276946215
NAM,BA:1468,2018,SEX_F,65,1.539,0.004302560288962073
NAM,BA:1468,2018,SEX_F,66,1.893,0.005292233025994285
NAM,BA:1468,2018,SEX_F,68,0.647,0.0018088086464967262
NAM,BA:1468,2018,SEX_F,69,2.758,0.007710501154618193
NAM,BA:1468,2018,SEX_F,70,0.507,0.0014174126488003711
NAM,BA:1468,2018,SEX_F,72,0.497,0.0013894557918220601
NAM,BA:1468,2018,SEX_F,74,0.197,5.507500824727281e-4
NAM,BA:1468,2018,SEX_F,75,0.324,9.058021660972787e-4
NAM,BA:1468,2018,SEX_F,79,1.024,0.0028627821545790535
NAM,BA:1468,2018,SEX_F,80,3.256,0.009102752632138084
NAM,BA:1468,2018,SEX_F,81,4.547,0.012711982868038043
NAM,BA:1468,2018,SEX_F,82,3.855,0.010777368365138916
NAM,BA:1468,2018,SEX_F,84,12.96,0.036232086643891145
NAM,BA:1468,2018,SEX_F,85,32.621,0.09119806314894854
NAM,BA:1468,2018,SEX_F,86,11.792,0.032966725748824414
NAM,BA:1468,2018,SEX_F,87,1.741,0.004867288799923958
NAM,BA:1468,2018,SEX_F,88,0.511,0.0014285953915916957
NAM,BA:1468,2018,SEX_F,90,2.324,0.006497173561759492
NAM,BA:1468,2018,SEX_F,92,0.707,0.0019765497883665927
NAM,BA:1468,2018,SEX_F,94,1.532,0.004282990489077256
NAM,BA:1468,2018,SEX_F,96,11.413,0.031907160869346425
NAM,BA:1468,2018,SEX_F,97,36.827,0.10295671719402617
NAM,BA:1468,2018,SEX_F,98,14.741,0.041211202871728345
NAM,BA:1468,2018,SEX_F,99,0.408,0.0011406397647150915
NAM,BA:1468,2018,SEX_M,1,78.563,0.22230805581258464
NAM,BA:1468,2018,SEX_M,2,4.198,0.011878991615661704
NAM,BA:1468,2018,SEX_M,3,6.167,0.017450629179081877
NAM,BA:1468,2018,SEX_M,5,0.757,0.002142066853991403
NAM,BA:1468,2018,SEX_M,7,4.334,0.012263827932891333
NAM,BA:1468,2018,SEX_M,8,3.045,0.008616371955619316
NAM,BA:1468,2018,SEX_M,9,1.622,0.004589739018723984
NAM,BA:1468,2018,SEX_M,10,6.581,0.018622116203589726
NAM,BA:1468,2018,SEX_M,11,0.983,0.002781574263505349
NAM,BA:1468,2018,SEX_M,13,0.72,0.002037368738274518
NAM,BA:1468,2018,SEX_M,16,5.069,0.014343641853213237
NAM,BA:1468,2018,SEX_M,18,0.561,0.0015874498085722286
NAM,BA:1468,2018,SEX_M,19,0.358,0.0010130250115309408
NAM,BA:1468,2018,SEX_M,20,0.758,0.002144896532794562
NAM,BA:1468,2018,SEX_M,23,1.126,0.003186218332357093
NAM,BA:1468,2018,SEX_M,24,1.263,0.0035738843283898833
NAM,BA:1468,2018,SEX_M,25,1.604,0.00453880480026712
NAM,BA:1468,2018,SEX_M,27,0.454,0.0012846741766342098
NAM,BA:1468,2018,SEX_M,28,1.285,0.0036361372620593822
NAM,BA:1468,2018,SEX_M,31,0.381,0.001078107624003599
NAM,BA:1468,2018,SEX_M,32,1.386,0.003921934821178447
NAM,BA:1468,2018,SEX_M,33,3.984,0.011273440351785666
NAM,BA:1468,2018,SEX_M,35,2.517,0.007122301547551335
NAM,BA:1468,2018,SEX_M,36,1.876,0.005308477434726382
NAM,BA:1468,2018,SEX_M,37,0.218,6.168699790886735e-4
NAM,BA:1468,2018,SEX_M,39,0.641,0.0018138241128249528
NAM,BA:1468,2018,SEX_M,41,31.083,0.08795490623859283
NAM,BA:1468,2018,SEX_M,42,3.632,0.010277393413073679
NAM,BA:1468,2018,SEX_M,43,6.934,0.019620992821104872
NAM,BA:1468,2018,SEX_M,45,12.214,0.03456169690178467
NAM,BA:1468,2018,SEX_M,46,7.748,0.02192435136687634
NAM,BA:1468,2018,SEX_M,47,21.92,0.06202655936524644
NAM,BA:1468,2018,SEX_M,49,13.21,0.037380056989731084
NAM,BA:1468,2018,SEX_M,51,1.065,0.0030136079253643908
NAM,BA:1468,2018,SEX_M,52,6.343,0.017948652648437872
NAM,BA:1468,2018,SEX_M,53,1.009,0.0028551459123874836
NAM,BA:1468,2018,SEX_M,55,5.308,0.01501993508716825
NAM,BA:1468,2018,SEX_M,56,13.849,0.03918822174494972
NAM,BA:1468,2018,SEX_M,58,0.542,0.0015336859113122066
NAM,BA:1468,2018,SEX_M,61,1.753,0.004960426941937819
NAM,BA:1468,2018,SEX_M,62,0.894,0.002529732850024193
NAM,BA:1468,2018,SEX_M,63,0.44,0.0012450586733899832
NAM,BA:1468,2018,SEX_M,64,3.049,0.008627690670831951
NAM,BA:1468,2018,SEX_M,66,1.319,0.0037323463413667904
NAM,BA:1468,2018,SEX_M,68,0.403,0.0011403605576730982
NAM,BA:1468,2018,SEX_M,69,1.528,0.004323749211227032
NAM,BA:1468,2018,SEX_M,72,0.468,0.0013242896798784367
NAM,BA:1468,2018,SEX_M,74,0.738,0.002088302956731381
NAM,BA:1468,2018,SEX_M,75,0.502,0.0014204987591858445
NAM,BA:1468,2018,SEX_M,78,0.521,0.0014742626564458665
NAM,BA:1468,2018,SEX_M,79,1.403,0.0039700393608321505
NAM,BA:1468,2018,SEX_M,80,8.8,0.024901173467799666
NAM,BA:1468,2018,SEX_M,81,3.308,0.009360577480850146
NAM,BA:1468,2018,SEX_M,82,2.474,0.007000625359015497
NAM,BA:1468,2018,SEX_M,84,21.213,0.060025976451412985
NAM,BA:1468,2018,SEX_M,85,14.302,0.04047006624278077
NAM,BA:1468,2018,SEX_M,86,4.825,0.01365320022524243
NAM,BA:1468,2018,SEX_M,87,0.385,0.0010894263392162353
NAM,BA:1468,2018,SEX_M,90,0.81,0.0022920398305588327
NAM,BA:1468,2018,SEX_M,94,1.294,0.003661604371287814
NAM,BA:1468,2018,SEX_M,95,1.071,0.003030585998183345
NAM,BA:1468,2018,SEX_M,96,5.521,0.01562265667224113
NAM,BA:1468,2018,SEX_M,97,13.052,0.03693296773883195
NAM,BA:1468,2018,SEX_M,98,7.389,0.02090849667654224
NAM,BA:1468,2018,SEX_M,99,0.627,0.001774208609580726
NGA,BA:8313,2024,SEX_F,1,10302.915,0.2948062313332079
NGA,BA:8313,2024,SEX_F,2,51.726,0.0014800808433284667
NGA,BA:8313,2024,SEX_F,3,38.596,0.0011043807800546243
NGA,BA:8313,2024,SEX_F,8,4.848,1.3872002336264946e-4
NGA,BA:8313,2024,SEX_F,10,1659.375,0.047481134234198946
NGA,BA:8313,2024,SEX_F,11,66.613,0.0019060554695247874
NGA,BA:8313,2024,SEX_F,13,424.681,0.012151765313876513
NGA,BA:8313,2024,SEX_F,14,2423.711,0.06935174227399143
NGA,BA:8313,2024,SEX_F,15,50.545,0.0014462878673401646
NGA,BA:8313,2024,SEX_F,16,67.935,0.0019438830006480183
NGA,BA:8313,2024,SEX_F,18,7.189,2.0570508414894536e-4
NGA,BA:8313,2024,SEX_F,20,47.696,0.0013647669625216439
NGA,BA:8313,2024,SEX_F,21,8.104,2.3188677172667312e-4
NGA,BA:8313,2024,SEX_F,22,10.81,3.09315893677855e-4
NGA,BA:8313,2024,SEX_F,23,9.628,2.754943038233476e-4
NGA,BA:8313,2024,SEX_F,32,10.839,3.101456957978048e-4
NGA,BA:8313,2024,SEX_F,36,12.258,3.507487719429367e-4
NGA,BA:8313,2024,SEX_F,39,6.564,1.8782141777071601e-4
NGA,BA:8313,2024,SEX_F,41,32.238,9.224538187221728e-4
NGA,BA:8313,2024,SEX_F,42,6.672,1.9091171532087403e-4
NGA,BA:8313,2024,SEX_F,43,16.273,4.6563344475668213e-4
NGA,BA:8313,2024,SEX_F,45,41.001,0.001173197128278051
NGA,BA:8313,2024,SEX_F,46,403.382,0.011542318577572663
NGA,BA:8313,2024,SEX_F,47,10811.712,0.3093648806167982
NGA,BA:8313,2024,SEX_F,49,13.023,3.726383795898895e-4
NGA,BA:8313,2024,SEX_F,52,8.927,2.554359836135255e-4
NGA,BA:8313,2024,SEX_F,55,46.938,0.0013430776519381274
NGA,BA:8313,2024,SEX_F,56,4368.762,0.12500717135021766
NGA,BA:8313,2024,SEX_F,61,15.161,4.3381482553653646e-4
NGA,BA:8313,2024,SEX_F,62,11.841,3.388167897353821e-4
NGA,BA:8313,2024,SEX_F,63,4.093,1.1711655437774841e-4
NGA,BA:8313,2024,SEX_F,64,151.205,0.004326559639552272
NGA,BA:8313,2024,SEX_F,66,23.13,6.61838725325512e-4
NGA,BA:8313,2024,SEX_F,68,12.226,3.498331282243714e-4
NGA,BA:8313,2024,SEX_F,69,44.173,0.0012639603118808408
NGA,BA:8313,2024,SEX_F,74,27.472,7.860801323883471e-4
NGA,BA:8313,2024,SEX_F,77,7.609,2.177229079551155e-4
NGA,BA:8313,2024,SEX_F,80,8.365,2.3935499080622173e-4
NGA,BA:8313,2024,SEX_F,81,103.16,0.0029518064377250246
NGA,BA:8313,2024,SEX_F,82,66.659,0.0019073717073702253
NGA,BA:8313,2024,SEX_F,84,151.172,0.004325615381967502
NGA,BA:8313,2024,SEX_F,85,1308.295,0.037435378086888925
NGA,BA:8313,2024,SEX_F,86,387.528,0.011088674342755947
NGA,BA:8313,2024,SEX_F,87,32.798,9.384775837970664e-4
NGA,BA:8313,2024,SEX_F,92,18.19,5.204862262719873e-4
NGA,BA:8313,2024,SEX_F,94,75.974,0.0021739098710713556
NGA,BA:8313,2024,SEX_F,95,6.94,1.9858023146385878e-4
NGA,BA:8313,2024,SEX_F,96,1350.244,0.038635701160329466
NGA,BA:8313,2024,SEX_F,97,149.733,0.004284440028498266
NGA,BA:8313,2024,SEX_F,98,39.162,0.0011205762283267489
NGA,BA:8313,2024,SEX_M,1,17545.165,0.4817719341943897
NGA,BA:8313,2024,SEX_M,2,45.226,0.0012418587967611286
NGA,BA:8313,2024,SEX_M,3,305.241,0.008381599544115412
NGA,BA:8313,2024,SEX_M,5,2.983,8.191006922430563e-5
NGA,BA:8313,2024,SEX_M,6,22.907,6.290023317871838e-4
NGA,BA:8313,2024,SEX_M,7,28.769,7.899667386905962e-4
NGA,BA:8313,2024,SEX_M,8,101.369,0.0027834870288966267
NGA,BA:8313,2024,SEX_M,9,4.074,1.1186779149172683e-4
NGA,BA:8313,2024,SEX_M,10,584.821,0.016058574788410208
NGA,BA:8313,2024,SEX_M,11,96.662,0.0026542377175192196
NGA,BA:8313,2024,SEX_M,13,85.064,0.002335768732315231
NGA,BA:8313,2024,SEX_M,14,911.625,0.02503227182588254
NGA,BA:8313,2024,SEX_M,15,59.123,0.0016234559244883077
NGA,BA:8313,2024,SEX_M,16,273.289,0.007504230944767436
NGA,BA:8313,2024,SEX_M,18,86.044,0.002362678510337296
NGA,BA:8313,2024,SEX_M,20,46.606,0.0012797521576493425
NGA,BA:8313,2024,SEX_M,21,39.228,0.0010771599716832255
NGA,BA:8313,2024,SEX_M,22,13.594,3.732770637060713e-4
NGA,BA:8313,2024,SEX_M,23,110.16,0.0030248787213374147
NGA,BA:8313,2024,SEX_M,24,62.72,0.001722225793412152
NGA,BA:8313,2024,SEX_M,25,427.768,0.011746063188716986
NGA,BA:8313,2024,SEX_M,27,15.918,4.370916801583966e-4
NGA,BA:8313,2024,SEX_M,28,6.947,1.9075737542784151e-4
NGA,BA:8313,2024,SEX_M,31,297.403,0.008166376237853224
NGA,BA:8313,2024,SEX_M,32,3.184,8.742931961454547e-5
NGA,BA:8313,2024,SEX_M,33,237.807,0.006529932226625695
NGA,BA:8313,2024,SEX_M,35,35.601,9.7756633404442e-4
NGA,BA:8313,2024,SEX_M,36,42.967,0.0011798290125245524
NGA,BA:8313,2024,SEX_M,38,15.532,4.264925226925629e-4
NGA,BA:8313,2024,SEX_M,41,1056.264,0.029003907931324825
NGA,BA:8313,2024,SEX_M,42,96.532,0.002650668053087721
NGA,BA:8313,2024,SEX_M,43,815.211,0.022384843929740335
NGA,BA:8313,2024,SEX_M,45,1327.068,0.03643990336753632
NGA,BA:8313,2024,SEX_M,46,742.246,0.020381301120168942
NGA,BA:8313,2024,SEX_M,47,3704.75,0.10172857155841311
NGA,BA:8313,2024,SEX_M,49,2471.547,0.06786610320520446
NGA,BA:8313,2024,SEX_M,50,59.203,0.0016256526410615376
NGA,BA:8313,2024,SEX_M,51,7.367,2.022901374372979e-4
NGA,BA:8313,2024,SEX_M,52,76.957,0.0021131589665755574
NGA,BA:8313,2024,SEX_M,53,24.047,6.603055429557082e-4
NGA,BA:8313,2024,SEX_M,55,68.74,0.0018875287155476932
NGA,BA:8313,2024,SEX_M,56,384.871,0.01056815630319401
NGA,BA:8313,2024,SEX_M,58,6.398,1.756824079440521e-4
NGA,BA:8313,2024,SEX_M,59,20.198,5.546160168261901e-4
NGA,BA:8313,2024,SEX_M,60,8.374,2.2994130730282782e-4
NGA,BA:8313,2024,SEX_M,61,47.035,0.001291532050273287
NGA,BA:8313,2024,SEX_M,62,37.709,0.0010354498157490249
NGA,BA:8313,2024,SEX_M,63,9.634,2.6453959333119694e-4
NGA,BA:8313,2024,SEX_M,64,120.433,0.003306964588297285
NGA,BA:8313,2024,SEX_M,66,19.694,5.407767024148424e-4
NGA,BA:8313,2024,SEX_M,68,108.95,0.0029916533831673142
NGA,BA:8313,2024,SEX_M,69,89.061,0.0024455221841052244
NGA,BA:8313,2024,SEX_M,70,16.872,4.632875252941618e-4
NGA,BA:8313,2024,SEX_M,71,15.028,4.1265320828121527e-4
NGA,BA:8313,2024,SEX_M,72,7.452,2.0462414879635454e-4
NGA,BA:8313,2024,SEX_M,73,7.115,1.9537048023162407e-4
NGA,BA:8313,2024,SEX_M,74,120.536,0.003309792860885318
NGA,BA:8313,2024,SEX_M,75,14.38,3.9485980403805397e-4
NGA,BA:8313,2024,SEX_M,77,13.036,3.5795496560779355e-4
NGA,BA:8313,2024,SEX_M,79,3.16,8.677030464257654e-5
NGA,BA:8313,2024,SEX_M,80,195.685,0.0053733060329058824
NGA,BA:8313,2024,SEX_M,81,52.698,0.0014470321247007905
NGA,BA:8313,2024,SEX_M,82,88.12,0.002419683305412609
NGA,BA:8313,2024,SEX_M,84,517.665,0.014214541061012461
NGA,BA:8313,2024,SEX_M,85,981.212,0.026943058278149305
NGA,BA:8313,2024,SEX_M,86,324.334,0.008905873413273866
NGA,BA:8313,2024,SEX_M,90,83.007,0.0022792856574260605
NGA,BA:8313,2024,SEX_M,91,9.205,2.5275970070725223e-4
NGA,BA:8313,2024,SEX_M,92,38.219,0.0010494538839033647
NGA,BA:8313,2024,SEX_M,93,25.247,6.93256291554155e-4
NGA,BA:8313,2024,SEX_M,94,377.096,0.01035466291123324
NGA,BA:8313,2024,SEX_M,95,236.337,0.006489567559592598
NGA,BA:8313,2024,SEX_M,96,411.603,0.011302189146138744
NGA,BA:8313,2024,SEX_M,97,59.177,0.0016249387081752379
NGA,BA:8313,2024,SEX_M,98,10.719,2.943325618556259e-4
NLD,BA:2236,2024,SEX_F,1,52.313,0.011493846278237513
NLD,BA:2236,2024,SEX_F,9,1.624,3.568139153911594e-4
NLD,BA:2236,2024,SEX_F,10,47.329,0.010398796675830163
NLD,BA:2236,2024,SEX_F,11,1.942,4.266826500551918e-4
NLD,BA:2236,2024,SEX_F,13,3.638,7.993159015966982e-4
NLD,BA:2236,2024,SEX_F,14,1.877,4.124013049194619e-4
NLD,BA:2236,2024,SEX_F,17,3.239,7.116504137635254e-4
NLD,BA:2236,2024,SEX_F,18,4.679,0.0010280371367704648
NLD,BA:2236,2024,SEX_F,20,10.805,0.0023739989875624858
NLD,BA:2236,2024,SEX_F,21,10.173,0.0022351403702427735
NLD,BA:2236,2024,SEX_F,22,5.621,0.0012350067847375044
NLD,BA:2236,2024,SEX_F,23,3.715,8.162338027574859e-4
NLD,BA:2236,2024,SEX_F,24,2.85,6.261820559512342e-4
NLD,BA:2236,2024,SEX_F,25,11.251,0.002471990986493802
NLD,BA:2236,2024,SEX_F,26,7.434,0.0016333464575233245
NLD,BA:2236,2024,SEX_F,27,3.768,8.27878591868158e-4
NLD,BA:2236,2024,SEX_F,28,15.038,0.0033040441254016347
NLD,BA:2236,2024,SEX_F,29,3.513,7.718517763356792e-4
NLD,BA:2236,2024,SEX_F,30,2.763,6.070670247695649e-4
NLD,BA:2236,2024,SEX_F,31,4.263,9.366365279017934e-4
NLD,BA:2236,2024,SEX_F,32,24.709,0.005428888568596156
NLD,BA:2236,2024,SEX_F,33,8.206,0.001802964895135378
NLD,BA:2236,2024,SEX_F,35,13.241,0.002909219860649225
NLD,BA:2236,2024,SEX_F,38,4.398,9.662977831836939e-4
NLD,BA:2236,2024,SEX_F,41,15.53,0.0034121429224290055
NLD,BA:2236,2024,SEX_F,42,8.651,0.0019007371810646058
NLD,BA:2236,2024,SEX_F,43,31.015,0.006814398759764045
NLD,BA:2236,2024,SEX_F,45,18.836,0.0041385141073324375
NLD,BA:2236,2024,SEX_F,46,137.408,0.030190324190928833
NLD,BA:2236,2024,SEX_F,47,465.561,0.10228980496516228
NLD,BA:2236,2024,SEX_F,49,38.722,0.008507726866857435
NLD,BA:2236,2024,SEX_F,50,5.316,0.0011679943191006178
NLD,BA:2236,2024,SEX_F,51,11.964,0.0026286463569826545
NLD,BA:2236,2024,SEX_F,52,27.557,0.0060546311985432135
NLD,BA:2236,2024,SEX_F,53,20.93,0.004598593133705029
NLD,BA:2236,2024,SEX_F,55,49.989,0.010983233261384647
NLD,BA:2236,2024,SEX_F,56,184.37,0.04050848619499265
NLD,BA:2236,2024,SEX_F,58,14.904,0.0032746025831218223
NLD,BA:2236,2024,SEX_F,59,14.311,0.003144312772883548
NLD,BA:2236,2024,SEX_F,60,4.324,9.500390210291707e-4
NLD,BA:2236,2024,SEX_F,61,11.168,0.002453754807320485
NLD,BA:2236,2024,SEX_F,62,54.652,0.012007754990121702
NLD,BA:2236,2024,SEX_F,63,6.519,0.0014323090606126652
NLD,BA:2236,2024,SEX_F,64,54.345,0.011940303098480638
NLD,BA:2236,2024,SEX_F,65,26.332,0.005785482770985228
NLD,BA:2236,2024,SEX_F,66,32.607,0.007164181859088383
NLD,BA:2236,2024,SEX_F,68,37.467,0.008231987049236804
NLD,BA:2236,2024,SEX_F,69,98.158,0.02156658885896886
NLD,BA:2236,2024,SEX_F,70,105.637,0.023209822401586148
NLD,BA:2236,2024,SEX_F,71,41.294,0.009072828708228162
NLD,BA:2236,2024,SEX_F,72,31.46,0.006912171045693273
NLD,BA:2236,2024,SEX_F,73,31.515,0.006924255260808121
NLD,BA:2236,2024,SEX_F,74,40.173,0.008826530432887345
NLD,BA:2236,2024,SEX_F,75,14.759,0.0032427441978190403
NLD,BA:2236,2024,SEX_F,77,12.557,0.002758936167220929
NLD,BA:2236,2024,SEX_F,78,72.347,0.015895576562071558
NLD,BA:2236,2024,SEX_F,79,14.787,0.0032488961618775086
NLD,BA:2236,2024,SEX_F,80,8.981,0.001973242471753696
NLD,BA:2236,2024,SEX_F,81,75.393,0.01656482236643207
NLD,BA:2236,2024,SEX_F,82,26.548,0.005832940779436268
NLD,BA:2236,2024,SEX_F,84,347.721,0.07639882479909442
NLD,BA:2236,2024,SEX_F,85,477.642,0.10494415774338926
NLD,BA:2236,2024,SEX_F,86,575.464,0.1264369230336565
NLD,BA:2236,2024,SEX_F,87,437.608,0.09614816741779217
NLD,BA:2236,2024,SEX_F,88,353.926,0.0777621439770514
NLD,BA:2236,2024,SEX_F,90,50.644,0.011127145277752387
NLD,BA:2236,2024,SEX_F,91,24.313,0.005341882219769247
NLD,BA:2236,2024,SEX_F,92,3.207,7.046195976967045e-4
NLD,BA:2236,2024,SEX_F,93,48.931,0.010750776905175381
NLD,BA:2236,2024,SEX_F,94,44.731,0.009827982296405142
NLD,BA:2236,2024,SEX_F,95,3.156,6.934142345902089e-4
NLD,BA:2236,2024,SEX_F,96,80.091,0.017597034050242207
NLD,BA:2236,2024,SEX_F,97,9.482,0.0020833186857998603
NLD,BA:2236,2024,SEX_M,1,111.585,0.02190566850030242
NLD,BA:2236,2024,SEX_M,2,2.68,5.261208189345386e-4
NLD,BA:2236,2024,SEX_M,3,1.606,3.152798638839064e-4
NLD,BA:2236,2024,SEX_M,6,5.761,0.0011309634469708497
NLD,BA:2236,2024,SEX_M,8,1.826,3.584688863337566e-4
NLD,BA:2236,2024,SEX_M,9,6.796,0.0013341481662235539
NLD,BA:2236,2024,SEX_M,10,77.654,0.015244547042366665
NLD,BA:2236,2024,SEX_M,11,6.136,0.0012045810988740033
NLD,BA:2236,2024,SEX_M,13,8.08,0.0015862150063399522
NLD,BA:2236,2024,SEX_M,16,11.242,0.002206959047187345
NLD,BA:2236,2024,SEX_M,17,14.83,0.0029113327405967193
NLD,BA:2236,2024,SEX_M,18,10.857,0.0021313782579001064
NLD,BA:2236,2024,SEX_M,19,4.764,9.35238649777665e-4
NLD,BA:2236,2024,SEX_M,20,36.734,0.007211388866694531
NLD,BA:2236,2024,SEX_M,21,16.432,0.0032258273495269917
NLD,BA:2236,2024,SEX_M,22,25.63,0.005031521115407546
NLD,BA:2236,2024,SEX_M,23,19.146,0.0037586228355674166
NLD,BA:2236,2024,SEX_M,24,17.471,0.00342979732373333
NLD,BA:2236,2024,SEX_M,25,68.143,0.013377407076364279
NLD,BA:2236,2024,SEX_M,26,27.761,0.005449865691955868
NLD,BA:2236,2024,SEX_M,27,19.635,0.0038546202536491295
NLD,BA:2236,2024,SEX_M,28,87.732,0.01722299689804662
NLD,BA:2236,2024,SEX_M,29,19.815,0.003889956726562643
NLD,BA:2236,2024,SEX_M,30,12.387,0.002431738277664974
NLD,BA:2236,2024,SEX_M,31,22.837,0.004483216844032857
NLD,BA:2236,2024,SEX_M,32,39.802,0.007813679416131532
NLD,BA:2236,2024,SEX_M,33,59.048,0.01159193362553979
NLD,BA:2236,2024,SEX_M,35,39.592,0.0077724535310657655
NLD,BA:2236,2024,SEX_M,36,7.367,0.001446243310854756
NLD,BA:2236,2024,SEX_M,37,3.753,7.367654602467625e-4
NLD,BA:2236,2024,SEX_M,38,20.364,0.00399773296894886
NLD,BA:2236,2024,SEX_M,39,1.933,3.7947445634345644e-4
NLD,BA:2236,2024,SEX_M,41,123.251,0.024195864572574933
NLD,BA:2236,2024,SEX_M,42,49.041,0.009627422045286832
NLD,BA:2236,2024,SEX_M,43,227.446,0.044650774546039204
NLD,BA:2236,2024,SEX_M,45,104.086,0.020433511775977756
NLD,BA:2236,2024,SEX_M,46,333.185,0.06540879293160606
NLD,BA:2236,2024,SEX_M,47,379.37,0.07447554293999847
NLD,BA:2236,2024,SEX_M,49,192.98,0.03788462523805495
NLD,BA:2236,2024,SEX_M,50,17.546,0.0034445208541139605
NLD,BA:2236,2024,SEX_M,51,21.409,0.0042028808255856484
NLD,BA:2236,2024,SEX_M,52,76.216,0.01496224788653537
NLD,BA:2236,2024,SEX_M,53,53.268,0.01045724021753918
NLD,BA:2236,2024,SEX_M,55,41.019,0.008052593235774567
NLD,BA:2236,2024,SEX_M,56,199.176,0.039100985161233455
NLD,BA:2236,2024,SEX_M,58,17.234,0.003383270967730537
NLD,BA:2236,2024,SEX_M,59,24.514,0.0048124349833437614
NLD,BA:2236,2024,SEX_M,60,5.539,0.0010873817970441825
NLD,BA:2236,2024,SEX_M,61,25.295,0.00496575601304073
NLD,BA:2236,2024,SEX_M,62,234.108,0.04595861667131603
NLD,BA:2236,2024,SEX_M,63,21.165,0.004154980273413996
NLD,BA:2236,2024,SEX_M,64,101.518,0.019929378095744958
NLD,BA:2236,2024,SEX_M,65,28.638,0.005622032840540044
NLD,BA:2236,2024,SEX_M,66,44.419,0.00872005994636316
NLD,BA:2236,2024,SEX_M,68,41.695,0.008185301322938652
NLD,BA:2236,2024,SEX_M,69,100.633,0.019755640437253516
NLD,BA:2236,2024,SEX_M,70,159.347,0.0312820052741649
NLD,BA:2236,2024,SEX_M,71,125.432,0.024624024836043677
NLD,BA:2236,2024,SEX_M,72,42.766,0.008395553336774058
NLD,BA:2236,2024,SEX_M,73,38.031,0.007466007785410238
NLD,BA:2236,2024,SEX_M,74,46.102,0.009050455968104514
NLD,BA:2236,2024,SEX_M,75,3.803,7.46581147167183e-4
NLD,BA:2236,2024,SEX_M,77,24.846,0.004877611144495354
NLD,BA:2236,2024,SEX_M,78,86.168,0.016915962211175868
NLD,BA:2236,2024,SEX_M,79,8.703,0.0017085184653683916
NLD,BA:2236,2024,SEX_M,80,23.986,0.0047087813294641205
NLD,BA:2236,2024,SEX_M,81,78.797,0.015468933645367477
NLD,BA:2236,2024,SEX_M,82,26.366,0.005176008026876136
NLD,BA:2236,2024,SEX_M,84,381.228,0.0748402938659613
NLD,BA:2236,2024,SEX_M,85,268.056,0.05262307546280473
NLD,BA:2236,2024,SEX_M,86,182.163,0.035761099529691184
NLD,BA:2236,2024,SEX_M,87,86.566,0.016994095079062414
NLD,BA:2236,2024,SEX_M,88,53.427,0.010488454101946118
NLD,BA:2236,2024,SEX_M,90,55.483,0.010892075148113807
NLD,BA:2236,2024,SEX_M,91,9.616,0.00188775290853527
NLD,BA:2236,2024,SEX_M,92,5.188,0.0010184756748628308
NLD,BA:2236,2024,SEX_M,93,45.954,0.00902140153482007
NLD,BA:2236,2024,SEX_M,94,31.832,0.006249058921016505
NLD,BA:2236,2024,SEX_M,95,12.099,0.002375199921003352
NLD,BA:2236,2024,SEX_M,96,23.52,0.004617299127365802
NLD,BA:2236,2024,SEX_M,97,2.258,4.4327642132618964e-4
PAK,BA:538,2021,SEX_F,1,9362.358,0.6784699399379224
PAK,BA:538,2021,SEX_F,10,51.819,0.0037552114347307805
PAK,BA:538,2021,SEX_F,11,2.047,1.4834168561519726e-4
PAK,BA:538,2021,SEX_F,13,521.213,0.03777118465293298
PAK,BA:538,2021,SEX_F,14,1068.023,0.07739732882061544
PAK,BA:538,2021,SEX_F,15,32.315,0.00234179852010508
PAK,BA:538,2021,SEX_F,16,24.137,0.0017491564561280001
PAK,BA:538,2021,SEX_F,17,7.681,5.566255433367514e-4
PAK,BA:538,2021,SEX_F,19,6.055,4.387928218856958e-4
PAK,BA:538,2021,SEX_F,21,13.028,9.441111285758623e-4
PAK,BA:538,2021,SEX_F,22,6.843,4.958974864019515e-4
PAK,BA:538,2021,SEX_F,23,135.453,0.009815987465381199
PAK,BA:538,2021,SEX_F,27,8.743,6.335863983066291e-4
PAK,BA:538,2021,SEX_F,32,56.262,0.004077186085042613
PAK,BA:538,2021,SEX_F,38,7.78,5.637998603254689e-4
PAK,BA:538,2021,SEX_F,41,52.948,0.003837027635541507
PAK,BA:538,2021,SEX_F,46,8.804,6.38006937057253e-4
PAK,BA:538,2021,SEX_F,47,152.18,0.011028157165080958
PAK,BA:538,2021,SEX_F,49,1.555,1.1268750421672287e-4
PAK,BA:538,2021,SEX_F,56,15.27,0.0011065840446233817
PAK,BA:538,2021,SEX_F,58,7.071,5.124201558305129e-4
PAK,BA:538,2021,SEX_F,61,3.154,2.285635937617646e-4
PAK,BA:538,2021,SEX_F,62,6.301,4.5661991258493304e-4
PAK,BA:538,2021,SEX_F,64,30.891,0.002238604304024943
PAK,BA:538,2021,SEX_F,65,7.036,5.09883781137532e-4
PAK,BA:538,2021,SEX_F,68,3.985,2.887843757579683e-4
PAK,BA:538,2021,SEX_F,69,4.173,3.0240833125169426e-4
PAK,BA:538,2021,SEX_F,72,5.908,4.281400481751761e-4
PAK,BA:538,2021,SEX_F,73,4.471,3.2400375006621737e-4
PAK,BA:538,2021,SEX_F,74,3.356,2.4320209913268295e-4
PAK,BA:538,2021,SEX_F,81,3.368,2.4407171331313355e-4
PAK,BA:538,2021,SEX_F,82,11.615,8.417140588278047e-4
PAK,BA:538,2021,SEX_F,84,108.323,0.007849934739079146
PAK,BA:538,2021,SEX_F,85,1126.922,0.08166561262181209
PAK,BA:538,2021,SEX_F,86,223.369,0.01618707082275574
PAK,BA:538,2021,SEX_F,87,10.862,7.871457690045299e-4
PAK,BA:538,2021,SEX_F,88,5.976,4.3306786186439613e-4
PAK,BA:538,2021,SEX_F,90,6.529,4.7314258201349433e-4
PAK,BA:538,2021,SEX_F,94,33.519,0.002429049809543623
PAK,BA:538,2021,SEX_F,96,64.713,0.004689611871624944
PAK,BA:538,2021,SEX_F,97,518.808,0.037596899477601003
PAK,BA:538,2021,SEX_F,98,74.359,0.00538863673701048
PAK,BA:538,2021,SEX_M,1,13277.124,0.2777187706726194
PAK,BA:538,2021,SEX_M,2,118.838,0.002485744899964235
PAK,BA:538,2021,SEX_M,3,111.597,0.0023342842659865425
PAK,BA:538,2021,SEX_M,5,89.246,0.001866766432809439
PAK,BA:538,2021,SEX_M,6,33.212,6.946983255996582e-4
PAK,BA:538,2021,SEX_M,7,5.818,1.216956177989525e-4
PAK,BA:538,2021,SEX_M,8,67.744,0.0014170072073173322
PAK,BA:538,2021,SEX_M,9,11.351,2.3742986552696978e-4
PAK,BA:538,2021,SEX_M,10,929.63,0.01944515248787216
PAK,BA:538,2021,SEX_M,11,53.332,0.0011155501355197208
PAK,BA:538,2021,SEX_M,12,16.941,3.5435638726917404e-4
PAK,BA:538,2021,SEX_M,13,1072.735,0.022438492361560557
PAK,BA:538,2021,SEX_M,14,1302.398,0.027242373535599888
PAK,BA:538,2021,SEX_M,15,212.704,0.00444914827918673
PAK,BA:538,2021,SEX_M,16,271.643,0.005681980526944114
PAK,BA:538,2021,SEX_M,17,53.892,0.0011272637047819096
PAK,BA:538,2021,SEX_M,18,99.702,0.002085475504604875
PAK,BA:538,2021,SEX_M,19,9.86,2.0624248736639253e-4
PAK,BA:538,2021,SEX_M,20,169.07,0.0035364520627825546
PAK,BA:538,2021,SEX_M,21,181.188,0.003789925334781129
PAK,BA:538,2021,SEX_M,22,87.591,0.001832148652222078
PAK,BA:538,2021,SEX_M,23,762.281,0.01594469873348287
PAK,BA:538,2021,SEX_M,24,104.672,0.0021894334318067993
PAK,BA:538,2021,SEX_M,25,510.08,0.01066938823081638
PAK,BA:538,2021,SEX_M,26,40.575,8.487108443094705e-4
PAK,BA:538,2021,SEX_M,27,103.572,0.0021664246350417858
PAK,BA:538,2021,SEX_M,28,46.836,9.796727320783329e-4
PAK,BA:538,2021,SEX_M,29,31.549,6.599132083085515e-4
PAK,BA:538,2021,SEX_M,30,25.26,5.283656420765798e-4
PAK,BA:538,2021,SEX_M,31,330.201,0.006906843364185618
PAK,BA:538,2021,SEX_M,32,310.118,0.006486765486520377
PAK,BA:538,2021,SEX_M,33,491.432,0.0102793263743855
PAK,BA:538,2021,SEX_M,35,145.394,0.0030412190880475943
PAK,BA:538,2021,SEX_M,36,112.831,0.002360095952539294
PAK,BA:538,2021,SEX_M,37,3.969,8.301992214576186e-5
PAK,BA:538,2021,SEX_M,38,121.913,0.0025500649454664316
PAK,BA:538,2021,SEX_M,41,5155.936,0.10784716687037814
PAK,BA:538,2021,SEX_M,42,127.148,0.002659565900979927
PAK,BA:538,2021,SEX_M,43,568.114,0.011883290513962549
PAK,BA:538,2021,SEX_M,45,1003.136,0.020982683956062224
PAK,BA:538,2021,SEX_M,46,1230.37,0.025735757523426814
PAK,BA:538,2021,SEX_M,47,6498.45,0.1359286503069101
PAK,BA:538,2021,SEX_M,49,3405.637,0.07123600871673622
PAK,BA:538,2021,SEX_M,50,11.732,2.4539927604285165e-4
PAK,BA:538,2021,SEX_M,51,15.007,3.139027391386869e-4
PAK,BA:538,2021,SEX_M,52,108.859,0.0022770132791296274
PAK,BA:538,2021,SEX_M,53,58.118,0.0012156593185354973
PAK,BA:538,2021,SEX_M,55,148.835,0.0031131947877461497
PAK,BA:538,2021,SEX_M,56,1013.982,0.021209550692165256
PAK,BA:538,2021,SEX_M,58,52.87,0.001105886440878415
PAK,BA:538,2021,SEX_M,59,6.996,1.4633594742548503e-4
PAK,BA:538,2021,SEX_M,60,6.91,1.4453707786022033e-4
PAK,BA:538,2021,SEX_M,61,89.622,0.00187463125788548
PAK,BA:538,2021,SEX_M,62,97.148,0.002032053261934108
PAK,BA:538,2021,SEX_M,63,20.228,4.2311085542062765e-4
PAK,BA:538,2021,SEX_M,64,242.674,0.005076033405593504
PAK,BA:538,2021,SEX_M,65,41.901,8.764469029552956e-4
PAK,BA:538,2021,SEX_M,66,13.339,2.790130364077394e-4
PAK,BA:538,2021,SEX_M,68,290.42,0.006074740687722893
PAK,BA:538,2021,SEX_M,69,147.14,0.0030777403236400603
PAK,BA:538,2021,SEX_M,70,13.637,2.852463286222612e-4
PAK,BA:538,2021,SEX_M,71,18.265,3.820506117390629e-4
PAK,BA:538,2021,SEX_M,72,26.867,5.619794024414674e-4
PAK,BA:538,2021,SEX_M,73,37.152,7.771116521943424e-4
PAK,BA:538,2021,SEX_M,74,47.033,9.837933984080671e-4
PAK,BA:538,2021,SEX_M,75,35.139,7.350055541143679e-4
PAK,BA:538,2021,SEX_M,77,89.003,0.001861683580433168
PAK,BA:538,2021,SEX_M,78,5.708,1.1939473812245118e-4
PAK,BA:538,2021,SEX_M,79,35.476,7.420546127596492e-4
PAK,BA:538,2021,SEX_M,80,168.172,0.0035176685177871164
PAK,BA:538,2021,SEX_M,81,10.166,2.126431162846599e-4
PAK,BA:538,2021,SEX_M,82,180.485,0.003775220621939489
PAK,BA:538,2021,SEX_M,84,1741.514,0.03642740153584135
PAK,BA:538,2021,SEX_M,85,1247.711,0.02609848074588327
PAK,BA:538,2021,SEX_M,86,566.721,0.011854153010422855
PAK,BA:538,2021,SEX_M,87,3.467,7.25195439857285e-5
PAK,BA:538,2021,SEX_M,88,37.546,7.853529848538108e-4
PAK,BA:538,2021,SEX_M,90,44.913,9.394491719154957e-4
PAK,BA:538,2021,SEX_M,91,8.012,1.675877088011701e-4
PAK,BA:538,2021,SEX_M,93,41.539,8.688749171108093e-4
PAK,BA:538,2021,SEX_M,94,414.92,0.008678918139763042
PAK,BA:538,2021,SEX_M,95,510.624,0.010680767126671079
PAK,BA:538,2021,SEX_M,96,496.305,0.010381255344054508
PAK,BA:538,2021,SEX_M,97,343.45,0.007183973862676219
PAK,BA:538,2021,SEX_M,98,13.106,2.741393549111502e-4
PAN,BA:511,2024,SEX_F,1,78.36,0.09847746994841118
PAN,BA:511,2024,SEX_F,2,0.141,1.7719912280150557e-4
PAN,BA:511,2024,SEX_F,3,0.944,0.0011863544108129168
PAN,BA:511,2024,SEX_F,7,0.381,4.7881465097428103e-4
PAN,BA:511,2024,SEX_F,10,26.417,0.03319907253225087
PAN,BA:511,2024,SEX_F,13,9.31,0.011700169030368916
PAN,BA:511,2024,SEX_F,14,20.415,0.025656170865196712
PAN,BA:511,2024,SEX_F,16,1.221,0.0015344689995789953
PAN,BA:511,2024,SEX_F,17,1.164,0.0014628353116379609
PAN,BA:511,2024,SEX_F,18,2.475,0.003110410134281747
PAN,BA:511,2024,SEX_F,20,1.183,0.0014867132076183058
PAN,BA:511,2024,SEX_F,23,1.229,0.0015445228505180878
PAN,BA:511,2024,SEX_F,31,1.196,0.001503050715394331
PAN,BA:511,2024,SEX_F,32,4.353,0.005470551642233715
PAN,BA:511,2024,SEX_F,33,0.931,0.0011700169030368914
PAN,BA:511,2024,SEX_F,35,1.362,0.0017116681223805009
PAN,BA:511,2024,SEX_F,36,0.849,0.001066964930911193
PAN,BA:511,2024,SEX_F,38,2.807,0.0035276449482540863
PAN,BA:511,2024,SEX_F,41,3.64,0.004574502177287095
PAN,BA:511,2024,SEX_F,42,0.874,0.0010983832150958572
PAN,BA:511,2024,SEX_F,43,1.674,0.0021037683090051086
PAN,BA:511,2024,SEX_F,45,6.394,0.008035540363069693
PAN,BA:511,2024,SEX_F,46,11.707,0.014712554117994511
PAN,BA:511,2024,SEX_F,47,132.678,0.1667406043621146
PAN,BA:511,2024,SEX_F,49,8.684,0.010913455194384924
PAN,BA:511,2024,SEX_F,51,1.453,0.0018260306768126781
PAN,BA:511,2024,SEX_F,52,8.4,0.010556543486047142
PAN,BA:511,2024,SEX_F,53,1.639,0.002059782711146579
PAN,BA:511,2024,SEX_F,55,9.396,0.01180824792796416
PAN,BA:511,2024,SEX_F,56,63.166,0.07938269355233972
PAN,BA:511,2024,SEX_F,60,1.207,0.0015168747604355833
PAN,BA:511,2024,SEX_F,61,2.352,0.0029558321760931993
PAN,BA:511,2024,SEX_F,62,1.203,0.001511847834966037
PAN,BA:511,2024,SEX_F,64,17.967,0.022579692477834402
PAN,BA:511,2024,SEX_F,65,3.581,0.004500355026611287
PAN,BA:511,2024,SEX_F,66,2.111,0.0026529599165530378
PAN,BA:511,2024,SEX_F,68,5.896,0.007409688142111183
PAN,BA:511,2024,SEX_F,69,11.169,0.014036432642340538
PAN,BA:511,2024,SEX_F,70,0.926,0.0011637332461999588
PAN,BA:511,2024,SEX_F,71,1.052,0.0013220813984906657
PAN,BA:511,2024,SEX_F,72,1.041,0.0013082573534494134
PAN,BA:511,2024,SEX_F,73,2.411,0.0030299793267690067
PAN,BA:511,2024,SEX_F,74,3.393,0.0042640895295426124
PAN,BA:511,2024,SEX_F,75,1.196,0.001503050715394331
PAN,BA:511,2024,SEX_F,77,0.425,5.341108311392898e-4
PAN,BA:511,2024,SEX_F,79,0.736,9.249542863965114e-4
PAN,BA:511,2024,SEX_F,80,2.924,0.003674682518238314
PAN,BA:511,2024,SEX_F,81,7.455,0.009368932343866838
PAN,BA:511,2024,SEX_F,82,6.577,0.008265522203301434
PAN,BA:511,2024,SEX_F,84,55.468,0.06970837548619796
PAN,BA:511,2024,SEX_F,85,77.617,0.09754371854244298
PAN,BA:511,2024,SEX_F,86,45.028,0.05658810001068222
PAN,BA:511,2024,SEX_F,87,0.888,0.0011159774542392692
PAN,BA:511,2024,SEX_F,88,18.173,0.022838579139516032
PAN,BA:511,2024,SEX_F,90,1.077,0.0013534996826753299
PAN,BA:511,2024,SEX_F,92,4.464,0.005610048824013624
PAN,BA:511,2024,SEX_F,93,3.89,0.004888685019133736
PAN,BA:511,2024,SEX_F,94,5.055,0.0063527770621390825
PAN,BA:511,2024,SEX_F,95,6.458,0.008115971170582433
PAN,BA:511,2024,SEX_F,96,23.278,0.029254192770024445
PAN,BA:511,2024,SEX_F,97,76.254,0.09583079368869508
PAN,BA:511,2024,SEX_M,1,217.867,0.19494742154392392
PAN,BA:511,2024,SEX_M,2,3.308,0.0029599988546558233
PAN,BA:511,2024,SEX_M,3,13.961,0.012492304718818003
PAN,BA:511,2024,SEX_M,7,0.942,8.429017294697054e-4
PAN,BA:511,2024,SEX_M,8,1.823,0.0016312206505554915
PAN,BA:511,2024,SEX_M,10,27.5,0.024607003779635775
PAN,BA:511,2024,SEX_M,11,1.754,0.0015694794410720419
PAN,BA:511,2024,SEX_M,13,2.242,0.0020061419081433968
PAN,BA:511,2024,SEX_M,14,2.639,0.002361377562707593
PAN,BA:511,2024,SEX_M,15,0.382,3.41813652502577e-4
PAN,BA:511,2024,SEX_M,16,2.346,0.0020992011224372923
PAN,BA:511,2024,SEX_M,17,2.001,0.0017904950750200431
PAN,BA:511,2024,SEX_M,18,2.279,0.0020392495132287246
PAN,BA:511,2024,SEX_M,20,2.198,0.0019667707020959795
PAN,BA:511,2024,SEX_M,22,0.572,0.00051182567861642405
PAN,BA:511,2024,SEX_M,23,3.394,0.0030369516664757756
PAN,BA:511,2024,SEX_M,24,1.407,0.0012589837933799104
PAN,BA:511,2024,SEX_M,25,12.141,0.010863768468674834
PAN,BA:511,2024,SEX_M,31,9.457,0.008462124899782384
PAN,BA:511,2024,SEX_M,32,0.64,5.726720879624326e-4
PAN,BA:511,2024,SEX_M,33,6.933,0.006203649352880539
PAN,BA:511,2024,SEX_M,35,5.958,0.005331219218875271
PAN,BA:511,2024,SEX_M,36,1.936,0.0017323330660863586
PAN,BA:511,2024,SEX_M,38,7.766,0.006949017867369143
PAN,BA:511,2024,SEX_M,39,0.862,7.713177184744014e-4
PAN,BA:511,2024,SEX_M,41,93.55,0.0837085528576337
PAN,BA:511,2024,SEX_M,42,8.765,0.007842923204673002
PAN,BA:511,2024,SEX_M,43,40.771,0.036481896403619284
PAN,BA:511,2024,SEX_M,45,8.677,0.007764180792578168
PAN,BA:511,2024,SEX_M,46,30.969,0.02771106545641965
PAN,BA:511,2024,SEX_M,47,133.595,0.1195408243614706
PAN,BA:511,2024,SEX_M,49,82.141,0.07349977808956591
PAN,BA:511,2024,SEX_M,50,2.183,0.0019533487000343596
PAN,BA:511,2024,SEX_M,51,3.97,0.0035523565456419648
PAN,BA:511,2024,SEX_M,52,27.088,0.02423834612300996
PAN,BA:511,2024,SEX_M,53,3.219,0.0028803616424235476
PAN,BA:511,2024,SEX_M,55,10.061,0.009002584182796928
PAN,BA:511,2024,SEX_M,56,37.976,0.03398093001947084
PAN,BA:511,2024,SEX_M,59,0.767,6.863117054174778e-4
PAN,BA:511,2024,SEX_M,60,1.909,0.0017081734623754436
PAN,BA:511,2024,SEX_M,61,4.216,0.0037724773794525247
PAN,BA:511,2024,SEX_M,62,2.819,0.0025224415874470275
PAN,BA:511,2024,SEX_M,64,12.189,0.010906718875272017
PAN,BA:511,2024,SEX_M,65,1.987,0.001777967873095865
PAN,BA:511,2024,SEX_M,66,1.816,0.0016249570495934025
PAN,BA:511,2024,SEX_M,68,7.199,0.006441666189439925
PAN,BA:511,2024,SEX_M,69,9.256,0.008282270072156681
PAN,BA:511,2024,SEX_M,70,1.732,0.0015497938380483333
PAN,BA:511,2024,SEX_M,71,3.825,0.003422610525712976
PAN,BA:511,2024,SEX_M,72,0.518,4.635064711945939e-4
PAN,BA:511,2024,SEX_M,73,2.626,0.0023497451609208564
PAN,BA:511,2024,SEX_M,74,4.106,0.0036740493643339814
PAN,BA:511,2024,SEX_M,75,1.739,0.0015560574390104224
PAN,BA:511,2024,SEX_M,77,2.249,0.0020124055091054857
PAN,BA:511,2024,SEX_M,78,0.794,7.10471309128393e-4
PAN,BA:511,2024,SEX_M,79,1.766,0.0015802170427213374
PAN,BA:511,2024,SEX_M,80,15.228,0.01362601649295613
PAN,BA:511,2024,SEX_M,81,36.342,0.032518826594891755
PAN,BA:511,2024,SEX_M,82,4.371,0.0039111714007559265
PAN,BA:511,2024,SEX_M,84,67.236,0.06016278204100332
PAN,BA:511,2024,SEX_M,85,38.171,0.0341554160462719
PAN,BA:511,2024,SEX_M,86,21.306,0.019064611728324358
PAN,BA:511,2024,SEX_M,90,3.838,0.003434242927499713
PAN,BA:511,2024,SEX_M,92,3.016,0.002698717214522964
PAN,BA:511,2024,SEX_M,93,5.306,0.004747809529263543
PAN,BA:511,2024,SEX_M,94,4.281,0.003830639388386209
PAN,BA:511,2024,SEX_M,95,13.397,0.01198763744130111
PAN,BA:511,2024,SEX_M,96,16.265,0.014553924235482761
PAN,BA:511,2024,SEX_M,97,12.025,0.010759971652731645
PER,BA:16208,2024,SEX_F,1,1720.415,0.21669474621845528
PER,BA:16208,2024,SEX_F,2,1.085,1.366610961000828e-4
PER,BA:16208,2024,SEX_F,3,10.601,0.0013352481841078139
PER,BA:16208,2024,SEX_F,6,1.319,1.6613454908387946e-4
PER,BA:16208,2024,SEX_F,7,14.417,0.0018158921866128054
PER,BA:16208,2024,SEX_F,8,1.03,1.297335750996178e-4
PER,BA:16208,2024,SEX_F,9,0.968,1.2192436960818448e-4
PER,BA:16208,2024,SEX_F,10,203.19,0.025592781674263435
PER,BA:16208,2024,SEX_F,11,24.704,0.003111590523554328
PER,BA:16208,2024,SEX_F,12,0.144,1.813750952849025e-5
PER,BA:16208,2024,SEX_F,13,39.1,0.004924837656694229
PER,BA:16208,2024,SEX_F,14,192.292,0.02422012487675311
PER,BA:16208,2024,SEX_F,15,17.259,0.0021738560899459258
PER,BA:16208,2024,SEX_F,16,6.218,7.831877378343916e-4
PER,BA:16208,2024,SEX_F,17,4.902,6.174310535323557e-4
PER,BA:16208,2024,SEX_F,18,8.458,0.00106532677494424
PER,BA:16208,2024,SEX_F,20,10.252,0.0012912899144866812
PER,BA:16208,2024,SEX_F,21,10.563,0.0013304618968711288
PER,BA:16208,2024,SEX_F,22,11.021,0.0013881492535659104
PER,BA:16208,2024,SEX_F,23,9.75,0.0012280605409915276
PER,BA:16208,2024,SEX_F,24,1.205,1.517756873738247e-4
PER,BA:16208,2024,SEX_F,25,8.766,0.0011041208925468443
PER,BA:16208,2024,SEX_F,28,2.912,3.667807482428029e-4
PER,BA:16208,2024,SEX_F,29,1.133,1.4270693260957955e-4
PER,BA:16208,2024,SEX_F,30,1.01,1.2721447655399413e-4
PER,BA:16208,2024,SEX_F,31,17.3,0.002179020241964454
PER,BA:16208,2024,SEX_F,32,44.85,0.005649078488561027
PER,BA:16208,2024,SEX_F,33,5.026,6.330494645152223e-4
PER,BA:16208,2024,SEX_F,35,6.372,8.025847966356937e-4
PER,BA:16208,2024,SEX_F,36,3.333,4.198077726281807e-4
PER,BA:16208,2024,SEX_F,38,21.033,0.0026492099855051077
PER,BA:16208,2024,SEX_F,41,34.55,0.004351742737564848
PER,BA:16208,2024,SEX_F,42,16.241,0.002045633973973682
PER,BA:16208,2024,SEX_F,43,15.489,0.001950915868658233
PER,BA:16208,2024,SEX_F,45,39.2,0.004937433149422347
PER,BA:16208,2024,SEX_F,46,231.416,0.029147985451702087
PER,BA:16208,2024,SEX_F,47,1736.206,0.2186837004751524
PER,BA:16208,2024,SEX_F,49,72.547,0.009137652109467933
PER,BA:16208,2024,SEX_F,50,1.615,2.0341720755910945e-4
PER,BA:16208,2024,SEX_F,51,4.458,5.615070658195108e-4
PER,BA:16208,2024,SEX_F,52,26.1,0.0032874236020388587
PER,BA:16208,2024,SEX_F,53,2.67,3.362996558407568e-4
PER,BA:16208,2024,SEX_F,55,30.174,0.003800563975782395
PER,BA:16208,2024,SEX_F,56,957.589,0.1206130528602601
PER,BA:16208,2024,SEX_F,58,0.938,1.18145721789749e-4
PER,BA:16208,2024,SEX_F,59,5.117,6.445113628978098e-4
PER,BA:16208,2024,SEX_F,60,1.587,1.9989046959523633e-4
PER,BA:16208,2024,SEX_F,61,15.386,0.001937942511148271
PER,BA:16208,2024,SEX_F,62,11.96,0.0015064209302829406
PER,BA:16208,2024,SEX_F,63,0.872,1.0983269658919098e-4
PER,BA:16208,2024,SEX_F,64,56.519,0.007118846535005143
PER,BA:16208,2024,SEX_F,65,13.825,0.0017413268696623455
PER,BA:16208,2024,SEX_F,66,3.989,5.024342049246362e-4
PER,BA:16208,2024,SEX_F,68,21.182,0.0026679772696700035
PER,BA:16208,2024,SEX_F,69,75.538,0.00951438329696595
PER,BA:16208,2024,SEX_F,70,11.632,0.0014651077141347125
PER,BA:16208,2024,SEX_F,71,22.616,0.0028485966353912194
PER,BA:16208,2024,SEX_F,72,3.379,4.2560169928311504e-4
PER,BA:16208,2024,SEX_F,73,24.528,0.0030894224563528397
PER,BA:16208,2024,SEX_F,74,23.52,0.002962459889653408
PER,BA:16208,2024,SEX_F,75,5.546,6.985460267014372e-4
PER,BA:16208,2024,SEX_F,77,7.998,0.0010073875083948963
PER,BA:16208,2024,SEX_F,78,36.133,0.004551129387450961
PER,BA:16208,2024,SEX_F,79,11.6,0.0014610771564617148
PER,BA:16208,2024,SEX_F,80,14.433,0.0018179074654493042
PER,BA:16208,2024,SEX_F,81,95.146,0.011984107511095372
PER,BA:16208,2024,SEX_F,82,64.445,0.008117165288635793
PER,BA:16208,2024,SEX_F,84,292.354,0.03682342681036277
PER,BA:16208,2024,SEX_F,85,489.183,0.06161500919219061
PER,BA:16208,2024,SEX_F,86,335.075,0.04220434725874216
PER,BA:16208,2024,SEX_F,87,7.682,9.675857513740426e-4
PER,BA:16208,2024,SEX_F,88,25.246,0.0031798580941407284
PER,BA:16208,2024,SEX_F,90,19.887,0.0025048656388408728
PER,BA:16208,2024,SEX_F,91,0.674,8.489362098751689e-5
PER,BA:16208,2024,SEX_F,92,15.968,0.002011248278825919
PER,BA:16208,2024,SEX_F,93,21.519,0.002710424080163762
PER,BA:16208,2024,SEX_F,94,34.264,0.0043157196283624315
PER,BA:16208,2024,SEX_F,95,32.333,0.004072500663782468
PER,BA:16208,2024,SEX_F,96,208.621,0.026276842884327536
PER,BA:16208,2024,SEX_F,97,359.77,0.04531480418795096
PER,BA:16208,2024,SEX_M,1,2329.193,0.23880916996339216
PER,BA:16208,2024,SEX_M,2,9.662,9.906324637701963e-4
PER,BA:16208,2024,SEX_M,3,73.214,0.00750653748731848
PER,BA:16208,2024,SEX_M,5,1.248,1.2795583883100858e-4
PER,BA:16208,2024,SEX_M,6,3.501,3.5895303825910337e-4
PER,BA:16208,2024,SEX_M,7,137.22,0.014068990548390222
PER,BA:16208,2024,SEX_M,8,11.109,0.0011389915172865981
PER,BA:16208,2024,SEX_M,9,3.209,3.290146528915918e-4
PER,BA:16208,2024,SEX_M,10,179.691,0.018423487688607982
PER,BA:16208,2024,SEX_M,11,19.577,0.002007204692944435
PER,BA:16208,2024,SEX_M,13,33.073,0.0033909322577387394
PER,BA:16208,2024,SEX_M,14,107.007,0.010971290421305879
PER,BA:16208,2024,SEX_M,15,37.061,0.0037998167811826994
PER,BA:16208,2024,SEX_M,16,35.216,0.0036106512982955114
PER,BA:16208,2024,SEX_M,17,8.521,8.736471976594746e-4
PER,BA:16208,2024,SEX_M,18,16.317,0.00167296107548523
PER,BA:16208,2024,SEX_M,19,1.109,1.1370434716633696e-4
PER,BA:16208,2024,SEX_M,20,24.27,0.0024883719618818737
PER,BA:16208,2024,SEX_M,21,8.639,8.857455862668935e-4
PER,BA:16208,2024,SEX_M,22,28.952,0.00296841141493218
PER,BA:16208,2024,SEX_M,23,46.034,0.0047198069589316095
PER,BA:16208,2024,SEX_M,24,7.205,7.387194060716481e-4
PER,BA:16208,2024,SEX_M,25,144.948,0.01486133247345916
PER,BA:16208,2024,SEX_M,26,1.848,1.8947306903822425e-4
PER,BA:16208,2024,SEX_M,27,5.384,5.520146123927486e-4
PER,BA:16208,2024,SEX_M,28,10.799,0.0011072076150128699
PER,BA:16208,2024,SEX_M,29,5.527,5.666762189254684e-4
PER,BA:16208,2024,SEX_M,30,3.865,3.9627349125148095e-4
PER,BA:16208,2024,SEX_M,31,96.789,0.009923651990876995
PER,BA:16208,2024,SEX_M,32,27.913,0.002861884077956685
PER,BA:16208,2024,SEX_M,33,62.716,0.00643019101612623
PER,BA:16208,2024,SEX_M,35,14.789,0.001516297195890854
PER,BA:16208,2024,SEX_M,36,17.667,0.0018113748434514655
PER,BA:16208,2024,SEX_M,38,44.349,0.004547046070766346
PER,BA:16208,2024,SEX_M,41,762.872,0.07821628740439837
PER,BA:16208,2024,SEX_M,42,83.767,0.00858852303794639
PER,BA:16208,2024,SEX_M,43,240.362,0.02464400747844462
PER,BA:16208,2024,SEX_M,45,266.622,0.027336411587180427
PER,BA:16208,2024,SEX_M,46,359.218,0.036830160667626
PER,BA:16208,2024,SEX_M,47,751.438,0.07704397405408288
PER,BA:16208,2024,SEX_M,49,1172.499,0.1202148181678836
PER,BA:16208,2024,SEX_M,50,8.926,9.151713280493451e-4
PER,BA:16208,2024,SEX_M,51,2.908,2.981535090709719e-4
PER,BA:16208,2024,SEX_M,52,94.037,0.009641492961659899
PER,BA:16208,2024,SEX_M,53,5.355,5.490412795993998e-4
PER,BA:16208,2024,SEX_M,55,30.132,0.003089395301006371
PER,BA:16208,2024,SEX_M,56,370.062,0.03794198207490441
PER,BA:16208,2024,SEX_M,58,6.643,6.810982671108894e-4
PER,BA:16208,2024,SEX_M,59,5.928,6.077902344472908e-4
PER,BA:16208,2024,SEX_M,60,8.201,8.408380082156262e-4
PER,BA:16208,2024,SEX_M,61,25.494,0.0026138671115045935
PER,BA:16208,2024,SEX_M,62,51.304,0.005260133297584988
PER,BA:16208,2024,SEX_M,63,1.623,1.6640410771051836e-4
PER,BA:16208,2024,SEX_M,64,56.279,0.005770213664719818
PER,BA:16208,2024,SEX_M,65,9.505,9.745354551993083e-4
PER,BA:16208,2024,SEX_M,66,5.605,5.746734588524064e-4
PER,BA:16208,2024,SEX_M,68,22.828,0.002340525551950532
PER,BA:16208,2024,SEX_M,69,78.967,0.008096385196288665
PER,BA:16208,2024,SEX_M,70,12.642,0.001296168040466034
PER,BA:16208,2024,SEX_M,71,56.863,0.00583009043545484
PER,BA:16208,2024,SEX_M,72,9.574,9.81609936673138e-4
PER,BA:16208,2024,SEX_M,73,30.814,0.0031593198860085723
PER,BA:16208,2024,SEX_M,74,54.635,0.005601656453952046
PER,BA:16208,2024,SEX_M,75,9.117,9.347543129986421e-4
PER,BA:16208,2024,SEX_M,77,21.579,0.0022124671844025116
PER,BA:16208,2024,SEX_M,78,48.098,0.004931426230844431
PER,BA:16208,2024,SEX_M,79,17.186,0.0017620585305686807
PER,BA:16208,2024,SEX_M,80,101.977,0.010455570974735387
PER,BA:16208,2024,SEX_M,81,47.016,0.00482049015903742
PER,BA:16208,2024,SEX_M,82,47.872,0.004908254740799714
PER,BA:16208,2024,SEX_M,84,467.891,0.04797226393147391
PER,BA:16208,2024,SEX_M,85,329.796,0.03381356075569816
PER,BA:16208,2024,SEX_M,86,161.837,0.016592939975075268
PER,BA:16208,2024,SEX_M,87,3.411,3.4972545372802103e-4
PER,BA:16208,2024,SEX_M,88,2.166,2.2207720104804854e-4
PER,BA:16208,2024,SEX_M,90,53.666,0.005502306127167393
PER,BA:16208,2024,SEX_M,91,0.557,5.710849537569855e-5
PER,BA:16208,2024,SEX_M,92,8.54,8.755952432827029e-4
PER,BA:16208,2024,SEX_M,93,49.846,0.005110646428181453
PER,BA:16208,2024,SEX_M,94,49.824,0.0051083907964071884
PER,BA:16208,2024,SEX_M,95,91.656,0.009397372086454265
PER,BA:16208,2024,SEX_M,96,79.455,0.008146419210190534
PER,BA:16208,2024,SEX_M,97,17.997,0.0018452093200654338
PER,BA:16208,2024,SEX_M,99,1.153,1.1821561071486611e-4
PHL,BA:629,2023,SEX_F,1,2544.645,0.13188308045565245
PHL,BA:629,2023,SEX_F,2,25.526,0.0013229536975534837
PHL,BA:629,2023,SEX_F,3,140.239,0.007268263871785748
PHL,BA:629,2023,SEX_F,5,0.444,2.3011495796981382e-5
PHL,BA:629,2023,SEX_F,7,7.19,3.726411143700364e-4
PHL,BA:629,2023,SEX_F,8,9.111,4.7220211307724637e-4
PHL,BA:629,2023,SEX_F,9,0.967,5.011737935964189e-5
PHL,BA:629,2023,SEX_F,10,362.663,0.018795986712208692
PHL,BA:629,2023,SEX_F,11,42.603,0.0022080152149522476
PHL,BA:629,2023,SEX_F,12,8.963,4.6453161447825253e-4
PHL,BA:629,2023,SEX_F,13,70.618,0.0036599680409712416
PHL,BA:629,2023,SEX_F,14,301.927,0.015648179935799998
PHL,BA:629,2023,SEX_F,15,28.459,0.0014749643218159756
PHL,BA:629,2023,SEX_F,16,120.534,0.006246999176561609
PHL,BA:629,2023,SEX_F,17,21.48,0.0011132588507188291
PHL,BA:629,2023,SEX_F,18,39.475,0.0020458981905086488
PHL,BA:629,2023,SEX_F,19,0.701,3.633121295874763e-5
PHL,BA:629,2023,SEX_F,20,21.316,0.001104759109028052
PHL,BA:629,2023,SEX_F,21,18.855,9.77211155973162e-4
PHL,BA:629,2023,SEX_F,22,35.397,0.0018345448574904279
PHL,BA:629,2023,SEX_F,23,13.44,6.965641970978148e-4
PHL,BA:629,2023,SEX_F,24,4.424,2.2928571487803074e-4
PHL,BA:629,2023,SEX_F,25,14.964,7.755496015901563e-4
PHL,BA:629,2023,SEX_F,26,210.564,0.010913046398638711
PHL,BA:629,2023,SEX_F,27,61.311,0.0031776077000196523
PHL,BA:629,2023,SEX_F,28,10.717,5.554373884149764e-4
PHL,BA:629,2023,SEX_F,29,25.73,0.0013335265469737185
PHL,BA:629,2023,SEX_F,30,3.944,2.0440842212453734e-4
PHL,BA:629,2023,SEX_F,31,15.203,7.879364202736666e-4
PHL,BA:629,2023,SEX_F,32,42.63,0.0022094145626696316
PHL,BA:629,2023,SEX_F,33,2.187,1.1334716510810424e-4
PHL,BA:629,2023,SEX_F,35,12.551,6.504893778106157e-4
PHL,BA:629,2023,SEX_F,36,7.763,4.023383825945191e-4
PHL,BA:629,2023,SEX_F,38,3.37,1.7465932620681817e-4
PHL,BA:629,2023,SEX_F,39,0.366,1.8968935724538708e-5
PHL,BA:629,2023,SEX_F,41,70.978,0.0036786260105363617
PHL,BA:629,2023,SEX_F,42,21.167,0.001097036782735822
PHL,BA:629,2023,SEX_F,43,14.194,7.356422777980941e-4
PHL,BA:629,2023,SEX_F,45,85.77,0.0044452612488898495
PHL,BA:629,2023,SEX_F,46,207.949,0.01077751698082541
PHL,BA:629,2023,SEX_F,47,5962.194,0.3090067616481703
PHL,BA:629,2023,SEX_F,49,45.9,0.002378891119552805
PHL,BA:629,2023,SEX_F,50,4.437,2.2995947489010452e-4
PHL,BA:629,2023,SEX_F,51,12.078,6.259748789097774e-4
PHL,BA:629,2023,SEX_F,52,56.296,0.0029176918184388827
PHL,BA:629,2023,SEX_F,53,31.98,0.001657449629701497
PHL,BA:629,2023,SEX_F,55,123.583,0.006405021813239527
PHL,BA:629,2023,SEX_F,56,1076.031,0.05576820458090467
PHL,BA:629,2023,SEX_F,58,14.052,7.282827453585188e-4
PHL,BA:629,2023,SEX_F,59,2.781,1.4413281489055233e-4
PHL,BA:629,2023,SEX_F,60,5.595,2.899759436579073e-4
PHL,BA:629,2023,SEX_F,61,69.786,0.00361684740019852
PHL,BA:629,2023,SEX_F,62,55.217,0.002861769737436759
PHL,BA:629,2023,SEX_F,63,43.091,0.0022333071292516323
PHL,BA:629,2023,SEX_F,64,264.353,0.013700806190133828
PHL,BA:629,2023,SEX_F,65,47.651,0.0024696414104098197
PHL,BA:629,2023,SEX_F,66,44.986,0.0023315206079346945
PHL,BA:629,2023,SEX_F,68,150.712,0.007811055303051031
PHL,BA:629,2023,SEX_F,69,126.002,0.006530393003178487
PHL,BA:629,2023,SEX_F,70,26.096,0.0013524954826982572
PHL,BA:629,2023,SEX_F,71,14.549,7.540411088970318e-4
PHL,BA:629,2023,SEX_F,72,7.488,3.8808576695449685e-4
PHL,BA:629,2023,SEX_F,73,22.452,0.0011636353685446532
PHL,BA:629,2023,SEX_F,74,22.361,0.0011589190484601367
PHL,BA:629,2023,SEX_F,75,4.194,2.1736534543364847e-4
PHL,BA:629,2023,SEX_F,77,9.232,4.784732639588561e-4
PHL,BA:629,2023,SEX_F,78,44.682,0.0023157649891908157
PHL,BA:629,2023,SEX_F,79,31.835,0.0016499346141822125
PHL,BA:629,2023,SEX_F,80,57.164,0.0029626782561681165
PHL,BA:629,2023,SEX_F,81,85.739,0.00444365459039952
PHL,BA:629,2023,SEX_F,82,866.238,0.04489511733375126
PHL,BA:629,2023,SEX_F,84,1328.098,0.06883225573193553
PHL,BA:629,2023,SEX_F,85,1143.878,0.05928455808391772
PHL,BA:629,2023,SEX_F,86,463.336,0.024013636073401276
PHL,BA:629,2023,SEX_F,87,22.962,0.00119006749209524
PHL,BA:629,2023,SEX_F,88,11.214,5.811957519534892e-4
PHL,BA:629,2023,SEX_F,90,20.447,0.0010597208436055818
PHL,BA:629,2023,SEX_F,91,3.598,1.8647604026472751e-4
PHL,BA:629,2023,SEX_F,92,139.653,0.0072378928435491915
PHL,BA:629,2023,SEX_F,93,40.485,0.002098244160677458
PHL,BA:629,2023,SEX_F,94,41.032,0.002126593908877793
PHL,BA:629,2023,SEX_F,95,15.937,8.259779471092169e-4
PHL,BA:629,2023,SEX_F,96,400.597,0.02076201842743998
PHL,BA:629,2023,SEX_F,97,1703.145,0.08827007659718436
PHL,BA:629,2023,SEX_F,99,1.232,6.38517180672997e-5
PHL,BA:629,2023,SEX_M,1,6193.351,0.22404217180315045
PHL,BA:629,2023,SEX_M,2,94.579,0.003421360192078596
PHL,BA:629,2023,SEX_M,3,1202.005,0.04348208437052024
PHL,BA:629,2023,SEX_M,5,5.731,2.0731679612601565e-4
PHL,BA:629,2023,SEX_M,7,91.348,0.0033044799672865607
PHL,BA:629,2023,SEX_M,8,90.432,0.0032713440075497905
PHL,BA:629,2023,SEX_M,9,4.826,1.745787573031149e-4
PHL,BA:629,2023,SEX_M,10,552.379,0.019982105134757008
PHL,BA:629,2023,SEX_M,11,140.226,0.00507262346075147
PHL,BA:629,2023,SEX_M,12,6.29,2.275384134762936e-4
PHL,BA:629,2023,SEX_M,13,34.273,0.0012398130437317983
PHL,BA:629,2023,SEX_M,14,94.436,0.003416187220198293
PHL,BA:629,2023,SEX_M,15,23.835,8.62222271098165e-4
PHL,BA:629,2023,SEX_M,16,178.919,0.006472328362601745
PHL,BA:629,2023,SEX_M,17,32.19,0.0011644612924963259
PHL,BA:629,2023,SEX_M,18,65.272,0.002361190353644616
PHL,BA:629,2023,SEX_M,19,5.122,1.8528644734905813e-4
PHL,BA:629,2023,SEX_M,20,45.375,0.0016414237697117363
PHL,BA:629,2023,SEX_M,21,19.069,6.898139915070655e-4
PHL,BA:629,2023,SEX_M,22,65.729,0.0023777221588844677
PHL,BA:629,2023,SEX_M,23,105.004,0.003798480694541293
PHL,BA:629,2023,SEX_M,24,55.336,0.002001759244534846
PHL,BA:629,2023,SEX_M,25,165.024,0.0059696818991274835
PHL,BA:629,2023,SEX_M,26,150.825,0.005456038348579011
PHL,BA:629,2023,SEX_M,27,52.652,0.0019046665415506853
PHL,BA:629,2023,SEX_M,28,35.864,0.0012973668777287429
PHL,BA:629,2023,SEX_M,29,37.836,0.0013687032451969864
PHL,BA:629,2023,SEX_M,30,18.247,6.60078446852453e-4
PHL,BA:629,2023,SEX_M,31,97.347,0.0035214915638595787
PHL,BA:629,2023,SEX_M,32,26.684,9.652837877903686e-4
PHL,BA:629,2023,SEX_M,33,99.109,0.003585231259335768
PHL,BA:629,2023,SEX_M,35,82.693,0.002991388557328322
PHL,BA:629,2023,SEX_M,36,35.962,0.0013009119913250352
PHL,BA:629,2023,SEX_M,37,1.069,3.867067790240983e-5
PHL,BA:629,2023,SEX_M,38,20.699,7.487786360168206e-4
PHL,BA:629,2023,SEX_M,39,1.712,6.193096404950948e-5
PHL,BA:629,2023,SEX_M,41,3618.285,0.13089011580366788
PHL,BA:629,2023,SEX_M,42,257.692,0.009321912376078385
PHL,BA:629,2023,SEX_M,43,387.956,0.014034164187378214
PHL,BA:629,2023,SEX_M,45,512.702,0.018546804398429678
PHL,BA:629,2023,SEX_M,46,415.841,0.015042893704037425
PHL,BA:629,2023,SEX_M,47,2825.954,0.10222783620301841
PHL,BA:629,2023,SEX_M,49,2628.926,0.09510042149230184
PHL,BA:629,2023,SEX_M,50,52.351,0.001893777978362074
PHL,BA:629,2023,SEX_M,51,12.68,4.586942898059464e-4
PHL,BA:629,2023,SEX_M,52,362.287,0.01310559764754944
PHL,BA:629,2023,SEX_M,53,300.106,0.010856223070702156
PHL,BA:629,2023,SEX_M,55,131.594,0.004760364067249503
PHL,BA:629,2023,SEX_M,56,803.801,0.02907720258992977
PHL,BA:629,2023,SEX_M,58,16.589,6.001009127437574e-4
PHL,BA:629,2023,SEX_M,59,8.166,2.954020166053122e-4
PHL,BA:629,2023,SEX_M,60,15.108,5.465262878855077e-4
PHL,BA:629,2023,SEX_M,61,135.335,0.004895693352593672
PHL,BA:629,2023,SEX_M,62,118.349,0.004281231112322078
PHL,BA:629,2023,SEX_M,63,47.66,0.0017240827959109938
PHL,BA:629,2023,SEX_M,64,233.653,0.008452310480759367
PHL,BA:629,2023,SEX_M,65,27.617,9.9903471621221e-4
PHL,BA:629,2023,SEX_M,66,31.646,0.001144782294574052
PHL,BA:629,2023,SEX_M,68,122.657,0.004437071412044792
PHL,BA:629,2023,SEX_M,69,55.739,0.0020163376198338834
PHL,BA:629,2023,SEX_M,70,15.758,5.700397964323424e-4
PHL,BA:629,2023,SEX_M,71,36.736,0.0013289111538100351
PHL,BA:629,2023,SEX_M,72,13.264,4.7982027286956407e-4
PHL,BA:629,2023,SEX_M,73,19.6,7.09022719258403e-4
PHL,BA:629,2023,SEX_M,74,34.925,0.0012633989015357
PHL,BA:629,2023,SEX_M,75,10.18,3.682577184719664e-4
PHL,BA:629,2023,SEX_M,77,13.994,5.062277516990863e-4
PHL,BA:629,2023,SEX_M,78,27.687,0.0010015669402095614
PHL,BA:629,2023,SEX_M,79,26.444,9.566018769423064e-4
PHL,BA:629,2023,SEX_M,80,502.819,0.01818929054463219
PHL,BA:629,2023,SEX_M,81,151.56,0.005482626700551201
PHL,BA:629,2023,SEX_M,82,640.092,0.02315509032732396
PHL,BA:629,2023,SEX_M,84,1497.518,0.0541721573723676
PHL,BA:629,2023,SEX_M,85,392,0.014180454385168057
PHL,BA:629,2023,SEX_M,86,216.405,0.007828370487811974
PHL,BA:629,2023,SEX_M,87,14.483,5.239171450520128e-4
PHL,BA:629,2023,SEX_M,88,3.12,1.12864841024807e-4
PHL,BA:629,2023,SEX_M,90,44.06,0.001593854133190063
PHL,BA:629,2023,SEX_M,91,1.657,5.994135948016192e-5
PHL,BA:629,2023,SEX_M,92,115.864,0.004191337160416102
PHL,BA:629,2023,SEX_M,93,73.186,0.002647476363859463
PHL,BA:629,2023,SEX_M,94,67.746,0.0024506863846367223
PHL,BA:629,2023,SEX_M,95,135.093,0.004886939092488542
PHL,BA:629,2023,SEX_M,96,214.525,0.007760362186168821
PHL,BA:629,2023,SEX_M,97,320.081,0.011578811275660657
PHL,BA:629,2023,SEX_M,99,0.743,2.6877749000458844e-5
PLW,AA:1541,2020,SEX_F,1,0.11,0.029200955667640034
PLW,AA:1541,2020,SEX_F,3,0.03,0.007963897000265462
PLW,AA:1541,2020,SEX_F,8,0.005,0.0013273161667109105
PLW,AA:1541,2020,SEX_F,10,0.01,0.002654632333421821
PLW,AA:1541,2020,SEX_F,14,0.006,0.0015927794000530928
PLW,AA:1541,2020,SEX_F,35,0.032,0.008494823466949828
PLW,AA:1541,2020,SEX_F,36,0.007,0.0018582426333952748
PLW,AA:1541,2020,SEX_F,41,0.051,0.013538624900451287
PLW,AA:1541,2020,SEX_F,42,0.01,0.002654632333421821
PLW,AA:1541,2020,SEX_F,45,0.012,0.0031855588001061855
PLW,AA:1541,2020,SEX_F,46,0.073,0.01937881603397929
PLW,AA:1541,2020,SEX_F,47,0.403,0.1069816830368994
PLW,AA:1541,2020,SEX_F,50,0.007,0.0018582426333952748
PLW,AA:1541,2020,SEX_F,51,0.005,0.0013273161667109105
PLW,AA:1541,2020,SEX_F,52,0.021,0.005574727900185825
PLW,AA:1541,2020,SEX_F,53,0.01,0.002654632333421821
PLW,AA:1541,2020,SEX_F,55,0.258,0.06848951420228298
PLW,AA:1541,2020,SEX_F,56,0.274,0.07273692593575791
PLW,AA:1541,2020,SEX_F,58,0.006,0.0015927794000530928
PLW,AA:1541,2020,SEX_F,60,0.01,0.002654632333421821
PLW,AA:1541,2020,SEX_F,61,0.05,0.013273161667109106
PLW,AA:1541,2020,SEX_F,62,0.009,0.002389169100079639
PLW,AA:1541,2020,SEX_F,63,0.008,0.002123705866737457
PLW,AA:1541,2020,SEX_F,64,0.071,0.01884788956729493
PLW,AA:1541,2020,SEX_F,65,0.007,0.0018582426333952748
PLW,AA:1541,2020,SEX_F,66,0.022,0.005840191133528006
PLW,AA:1541,2020,SEX_F,68,0.027,0.007167507300238917
PLW,AA:1541,2020,SEX_F,69,0.071,0.01884788956729493
PLW,AA:1541,2020,SEX_F,70,0.027,0.007167507300238917
PLW,AA:1541,2020,SEX_F,71,0.005,0.0013273161667109105
PLW,AA:1541,2020,SEX_F,72,0.012,0.0031855588001061855
PLW,AA:1541,2020,SEX_F,74,0.017,0.004512874966817096
PLW,AA:1541,2020,SEX_F,78,0.007,0.0018582426333952748
PLW,AA:1541,2020,SEX_F,79,0.11,0.029200955667640034
PLW,AA:1541,2020,SEX_F,80,0.007,0.0018582426333952748
PLW,AA:1541,2020,SEX_F,81,0.027,0.007167507300238917
PLW,AA:1541,2020,SEX_F,82,0.093,0.024688080700822936
PLW,AA:1541,2020,SEX_F,84,0.6,0.15927794000530926
PLW,AA:1541,2020,SEX_F,85,0.492,0.1306079108043536
PLW,AA:1541,2020,SEX_F,86,0.303,0.08043535970268118
PLW,AA:1541,2020,SEX_F,87,0.015,0.003981948500132731
PLW,AA:1541,2020,SEX_F,88,0.01,0.002654632333421821
PLW,AA:1541,2020,SEX_F,90,0.015,0.003981948500132731
PLW,AA:1541,2020,SEX_F,91,0.031,0.008229360233607645
PLW,AA:1541,2020,SEX_F,93,0.011,0.002920095566764003
PLW,AA:1541,2020,SEX_F,94,0.027,0.007167507300238917
PLW,AA:1541,2020,SEX_F,96,0.075,0.019909742500663657
PLW,AA:1541,2020,SEX_F,97,0.189,0.05017255110167242
PLW,AA:1541,2020,SEX_F,98,0.055,0.014600477833820017
PLW,AA:1541,2020,SEX_F,99,0.034,0.009025749933634192
PLW,AA:1541,2020,SEX_M,1,0.246,0.04362475616244016
PLW,AA:1541,2020,SEX_M,2,0.006,0.0010640184429863454
PLW,AA:1541,2020,SEX_M,3,0.146,0.02589111544600107
PLW,AA:1541,2020,SEX_M,8,0.03,0.005320092214931727
PLW,AA:1541,2020,SEX_M,9,0.014,0.0024827097003014727
PLW,AA:1541,2020,SEX_M,10,0.02,0.003546728143287818
PLW,AA:1541,2020,SEX_M,16,0.026,0.0046107465862741635
PLW,AA:1541,2020,SEX_M,18,0.007,0.0012413548501507363
PLW,AA:1541,2020,SEX_M,23,0.011,0.0019507004788082997
PLW,AA:1541,2020,SEX_M,30,0.012,0.002128036885972691
PLW,AA:1541,2020,SEX_M,33,0.025,0.004433410179109773
PLW,AA:1541,2020,SEX_M,35,0.153,0.027132470296151807
PLW,AA:1541,2020,SEX_M,36,0.074,0.013122894130164925
PLW,AA:1541,2020,SEX_M,37,0.005,8.866820358219545e-4
PLW,AA:1541,2020,SEX_M,38,0.018,0.003192055328959036
PLW,AA:1541,2020,SEX_M,39,0.009,0.001596027664479518
PLW,AA:1541,2020,SEX_M,41,0.796,0.14115978010285515
PLW,AA:1541,2020,SEX_M,42,0.139,0.024649760595850338
PLW,AA:1541,2020,SEX_M,43,0.082,0.014541585387480054
PLW,AA:1541,2020,SEX_M,45,0.143,0.025359106224507898
PLW,AA:1541,2020,SEX_M,46,0.112,0.01986167760241178
PLW,AA:1541,2020,SEX_M,47,0.387,0.06862918957261928
PLW,AA:1541,2020,SEX_M,49,0.015,0.0026600461074658636
PLW,AA:1541,2020,SEX_M,50,0.03,0.005320092214931727
PLW,AA:1541,2020,SEX_M,51,0.012,0.002128036885972691
PLW,AA:1541,2020,SEX_M,52,0.084,0.014896258201808836
PLW,AA:1541,2020,SEX_M,53,0.007,0.0012413548501507363
PLW,AA:1541,2020,SEX_M,55,0.28,0.04965419400602945
PLW,AA:1541,2020,SEX_M,56,0.267,0.04734882071289237
PLW,AA:1541,2020,SEX_M,58,0.006,0.0010640184429863454
PLW,AA:1541,2020,SEX_M,59,0.006,0.0010640184429863454
PLW,AA:1541,2020,SEX_M,60,0.013,0.0023053732931370818
PLW,AA:1541,2020,SEX_M,61,0.061,0.010817520837027845
PLW,AA:1541,2020,SEX_M,62,0.012,0.002128036885972691
PLW,AA:1541,2020,SEX_M,63,0.008,0.0014186912573151272
PLW,AA:1541,2020,SEX_M,64,0.023,0.004078737364780991
PLW,AA:1541,2020,SEX_M,66,0.012,0.002128036885972691
PLW,AA:1541,2020,SEX_M,68,0.039,0.006916119879411245
PLW,AA:1541,2020,SEX_M,69,0.031,0.005497428622096118
PLW,AA:1541,2020,SEX_M,70,0.021,0.003724064550452209
PLW,AA:1541,2020,SEX_M,71,0.012,0.002128036885972691
PLW,AA:1541,2020,SEX_M,72,0.011,0.0019507004788082997
PLW,AA:1541,2020,SEX_M,74,0.032,0.005674765029260509
PLW,AA:1541,2020,SEX_M,75,0.006,0.0010640184429863454
PLW,AA:1541,2020,SEX_M,77,0.007,0.0012413548501507363
PLW,AA:1541,2020,SEX_M,78,0.006,0.0010640184429863454
PLW,AA:1541,2020,SEX_M,79,0.31,0.05497428622096118
PLW,AA:1541,2020,SEX_M,80,0.022,0.0039014009576165995
PLW,AA:1541,2020,SEX_M,81,0.17,0.030147189217946454
PLW,AA:1541,2020,SEX_M,82,0.064,0.011349530058521018
PLW,AA:1541,2020,SEX_M,84,0.959,0.17006561447065086
PLW,AA:1541,2020,SEX_M,85,0.231,0.0409647100549743
PLW,AA:1541,2020,SEX_M,86,0.111,0.01968434119524739
PLW,AA:1541,2020,SEX_M,88,0.006,0.0010640184429863454
PLW,AA:1541,2020,SEX_M,90,0.012,0.002128036885972691
PLW,AA:1541,2020,SEX_M,91,0.03,0.005320092214931727
PLW,AA:1541,2020,SEX_M,93,0.017,0.0030147189217946454
PLW,AA:1541,2020,SEX_M,94,0.027,0.0047880829934385544
PLW,AA:1541,2020,SEX_M,95,0.008,0.0014186912573151272
PLW,AA:1541,2020,SEX_M,96,0.034,0.006029437843589291
PLW,AA:1541,2020,SEX_M,97,0.1,0.01773364071643909
PLW,AA:1541,2020,SEX_M,98,0.056,0.00993083880120589
PLW,AA:1541,2020,SEX_M,99,0.02,0.003546728143287818
POL,BA:2241,2024,SEX_F,1,393.738,0.05047160179249828
POL,BA:2241,2024,SEX_F,5,12.982,0.001664107438119289
POL,BA:2241,2024,SEX_F,10,216.938,0.027808360761879706
POL,BA:2241,2024,SEX_F,11,14.056,0.0018017789362351508
POL,BA:2241,2024,SEX_F,13,33.861,0.004340497763222712
POL,BA:2241,2024,SEX_F,14,76.401,0.009793519671834217
POL,BA:2241,2024,SEX_F,15,11.884,0.0015233594819449726
POL,BA:2241,2024,SEX_F,16,29.67,0.0038032712747650063
POL,BA:2241,2024,SEX_F,17,30.156,0.00386556955044872
POL,BA:2241,2024,SEX_F,18,26.259,0.0033660296732070877
POL,BA:2241,2024,SEX_F,20,47.761,0.006122279722077906
POL,BA:2241,2024,SEX_F,21,27.751,0.003557282815841041
POL,BA:2241,2024,SEX_F,22,75.948,0.009735451525980878
POL,BA:2241,2024,SEX_F,23,35.482,0.004548286867920861
POL,BA:2241,2024,SEX_F,24,24.299,0.003114785598433262
POL,BA:2241,2024,SEX_F,25,57.374,0.007354529360241573
POL,BA:2241,2024,SEX_F,26,34.311,0.0043981813518187435
POL,BA:2241,2024,SEX_F,27,58.888,0.007548602589429109
POL,BA:2241,2024,SEX_F,28,28.849,0.0036980307720153576
POL,BA:2241,2024,SEX_F,29,123.122,0.015782486211379072
POL,BA:2241,2024,SEX_F,30,22.2,0.002845723704070884
POL,BA:2241,2024,SEX_F,31,66.754,0.00855691171808774
POL,BA:2241,2024,SEX_F,32,44.927,0.005759001299675343
POL,BA:2241,2024,SEX_F,33,14.21,0.0018215195421102373
POL,BA:2241,2024,SEX_F,35,44.634,0.005721442874211705
POL,BA:2241,2024,SEX_F,36,17.598,0.002255812871362136
POL,BA:2241,2024,SEX_F,38,23.99,0.0030751762009306534
POL,BA:2241,2024,SEX_F,41,54.585,0.006997019296698614
POL,BA:2241,2024,SEX_F,42,25.506,0.003269505801623062
POL,BA:2241,2024,SEX_F,43,35.606,0.004564181901222879
POL,BA:2241,2024,SEX_F,45,38.817,0.004975786352293672
POL,BA:2241,2024,SEX_F,46,169.862,0.021773888280220203
POL,BA:2241,2024,SEX_F,47,1060.633,0.1359580391630547
POL,BA:2241,2024,SEX_F,49,102.735,0.013169163276473977
POL,BA:2241,2024,SEX_F,52,97.641,0.012516185053566902
POL,BA:2241,2024,SEX_F,53,55.12,0.007065598674251673
POL,BA:2241,2024,SEX_F,55,76.432,0.009797493430159723
POL,BA:2241,2024,SEX_F,56,173.751,0.022272402671442353
POL,BA:2241,2024,SEX_F,58,21.068,0.0027006174323137566
POL,BA:2241,2024,SEX_F,59,11.511,0.0014755461962864841
POL,BA:2241,2024,SEX_F,61,26.375,0.0033808992204896206
POL,BA:2241,2024,SEX_F,62,117.722,0.015090283148226694
POL,BA:2241,2024,SEX_F,64,175.733,0.02252646683276976
POL,BA:2241,2024,SEX_F,65,69.609,0.00892288204129145
POL,BA:2241,2024,SEX_F,66,38.896,0.004985913026736086
POL,BA:2241,2024,SEX_F,68,78.036,0.010003103377066466
POL,BA:2241,2024,SEX_F,69,233.296,0.029905223300221665
POL,BA:2241,2024,SEX_F,70,42.681,0.005471096099704928
POL,BA:2241,2024,SEX_F,71,66.058,0.008467694434392544
POL,BA:2241,2024,SEX_F,72,27.785,0.003561641131423852
POL,BA:2241,2024,SEX_F,73,44.022,0.005642993193721102
POL,BA:2241,2024,SEX_F,74,43.246,0.005543521049831057
POL,BA:2241,2024,SEX_F,75,15.462,0.00198200810415964
POL,BA:2241,2024,SEX_F,78,25.352,0.0032497651957479755
POL,BA:2241,2024,SEX_F,79,14.647,0.0018775367159246056
POL,BA:2241,2024,SEX_F,80,28.632,0.0036702144637368274
POL,BA:2241,2024,SEX_F,81,94.954,0.012171749936772376
POL,BA:2241,2024,SEX_F,82,45.84,0.005876034891649069
POL,BA:2241,2024,SEX_F,84,649.205,0.0832188314099702
POL,BA:2241,2024,SEX_F,85,1093.544,0.14017676046146357
POL,BA:2241,2024,SEX_F,86,701.653,0.08994191775371388
POL,BA:2241,2024,SEX_F,87,104.111,0.013345546871825398
POL,BA:2241,2024,SEX_F,88,156.961,0.020120163888048204
POL,BA:2241,2024,SEX_F,90,58.194,0.007459641677238786
POL,BA:2241,2024,SEX_F,91,40.914,0.005244591875151179
POL,BA:2241,2024,SEX_F,93,31.139,0.0039915761450929396
POL,BA:2241,2024,SEX_F,94,30.11,0.0038596730058366815
POL,BA:2241,2024,SEX_F,95,10.618,0.0013610763193614708
POL,BA:2241,2024,SEX_F,96,173.792,0.022277658287292213
POL,BA:2241,2024,SEX_F,98,45.282,0.0058045072417899895
POL,BA:2241,2024,SEX_M,1,677.318,0.07379764141466312
POL,BA:2241,2024,SEX_M,2,31.443,0.0034258933602846118
POL,BA:2241,2024,SEX_M,5,114.21,0.01244382790058536
POL,BA:2241,2024,SEX_M,7,23.91,0.002605130243437492
POL,BA:2241,2024,SEX_M,8,18.455,0.0020107770239497663
POL,BA:2241,2024,SEX_M,9,10.593,0.0011541674892820307
POL,BA:2241,2024,SEX_M,10,242.578,0.026430250279907152
POL,BA:2241,2024,SEX_M,11,20.502,0.0022338092953139046
POL,BA:2241,2024,SEX_M,13,23.917,0.0026058929331783565
POL,BA:2241,2024,SEX_M,16,134,0.014600060753685652
POL,BA:2241,2024,SEX_M,17,52.839,0.0057571090310745985
POL,BA:2241,2024,SEX_M,18,31.849,0.0034701293652547338
POL,BA:2241,2024,SEX_M,19,14.204,0.0015476064398906792
POL,BA:2241,2024,SEX_M,20,71.37,0.007776166686496605
POL,BA:2241,2024,SEX_M,21,23.743,0.002586934645334018
POL,BA:2241,2024,SEX_M,22,140.017,0.015255647063797045
POL,BA:2241,2024,SEX_M,23,126.308,0.013761973684153191
POL,BA:2241,2024,SEX_M,24,83.736,0.009123512591571806
POL,BA:2241,2024,SEX_M,25,294.053,0.0320387437671905
POL,BA:2241,2024,SEX_M,26,44.682,0.004868357571613301
POL,BA:2241,2024,SEX_M,27,76.192,0.008301550962274754
POL,BA:2241,2024,SEX_M,28,128.308,0.01397988503868581
POL,BA:2241,2024,SEX_M,29,222.588,0.024252226291353596
POL,BA:2241,2024,SEX_M,30,86.035,0.009374001693607054
POL,BA:2241,2024,SEX_M,31,171.55,0.018691346435035627
POL,BA:2241,2024,SEX_M,32,45.749,0.0049846132792564545
POL,BA:2241,2024,SEX_M,33,138.767,0.015119452467214156
POL,BA:2241,2024,SEX_M,35,138.651,0.015106813608651265
POL,BA:2241,2024,SEX_M,36,42.553,0.004636390934713325
POL,BA:2241,2024,SEX_M,37,15.361,0.001673668158487801
POL,BA:2241,2024,SEX_M,38,75.861,0.008265486633099606
POL,BA:2241,2024,SEX_M,41,475.85,0.05184655902717401
POL,BA:2241,2024,SEX_M,42,154.155,0.016796062428988148
POL,BA:2241,2024,SEX_M,43,563.289,0.06137353449166297
POL,BA:2241,2024,SEX_M,45,326.546,0.03557904058860474
POL,BA:2241,2024,SEX_M,46,328.385,0.03577941007909748
POL,BA:2241,2024,SEX_M,47,358.641,0.039075973050466985
POL,BA:2241,2024,SEX_M,49,643.851,0.0701512217635915
POL,BA:2241,2024,SEX_M,50,20.491,0.0022326107828639754
POL,BA:2241,2024,SEX_M,52,160.013,0.0174343247864142
POL,BA:2241,2024,SEX_M,53,72.715,0.007922712072419793
POL,BA:2241,2024,SEX_M,55,32.71,0.0035639402033810275
POL,BA:2241,2024,SEX_M,56,103.347,0.011260242378441426
POL,BA:2241,2024,SEX_M,58,25.472,0.00277531901132747
POL,BA:2241,2024,SEX_M,59,18.449,0.002010123289886169
POL,BA:2241,2024,SEX_M,60,16.253,0.00177085662260935
POL,BA:2241,2024,SEX_M,61,49.3,0.005371514889229124
POL,BA:2241,2024,SEX_M,62,356.14,0.03880347490162394
POL,BA:2241,2024,SEX_M,63,11.529,0.0012561500032032976
POL,BA:2241,2024,SEX_M,64,104.396,0.011374536883893787
POL,BA:2241,2024,SEX_M,65,40.533,0.004416300466635378
POL,BA:2241,2024,SEX_M,66,33.319,0.003630294210836211
POL,BA:2241,2024,SEX_M,68,72.655,0.007916174731783814
POL,BA:2241,2024,SEX_M,69,64.99,0.007081029465537541
POL,BA:2241,2024,SEX_M,70,37.65,0.004102181249076603
POL,BA:2241,2024,SEX_M,71,121.886,0.013280171679281562
POL,BA:2241,2024,SEX_M,72,20.36,0.0022183375891420888
POL,BA:2241,2024,SEX_M,73,52.516,0.00572191634731758
POL,BA:2241,2024,SEX_M,74,39.695,0.0043249956090862084
POL,BA:2241,2024,SEX_M,77,15.117,0.001647082973234821
POL,BA:2241,2024,SEX_M,78,11.495,0.001252445510176243
POL,BA:2241,2024,SEX_M,79,12.836,0.001398555073390366
POL,BA:2241,2024,SEX_M,80,117.465,0.012798478630087203
POL,BA:2241,2024,SEX_M,81,64.183,0.0069931022339836295
POL,BA:2241,2024,SEX_M,82,30.345,0.0033062600266462023
POL,BA:2241,2024,SEX_M,84,592.212,0.06452485954523647
POL,BA:2241,2024,SEX_M,85,283.918,0.030934477978096443
POL,BA:2241,2024,SEX_M,86,184.865,0.020142091277836553
POL,BA:2241,2024,SEX_M,87,16.085,0.00175255206882861
POL,BA:2241,2024,SEX_M,88,21.245,0.002314763363522774
POL,BA:2241,2024,SEX_M,90,39.917,0.00434918376943933
POL,BA:2241,2024,SEX_M,91,16.643,0.0018133493367432113
POL,BA:2241,2024,SEX_M,93,39.018,0.0042512326155769165
POL,BA:2241,2024,SEX_M,94,21.256,0.0023159618759727033
POL,BA:2241,2024,SEX_M,95,32.46,0.00353670128406445
POL,BA:2241,2024,SEX_M,96,36.054,0.0039282879881595715
POL,BA:2241,2024,SEX_M,98,16.452,0.001792538802385346
PRT,BA:2252,2024,SEX_F,1,41.249,0.016516830357428867
PRT,BA:2252,2024,SEX_F,10,43.481,0.017410562699007603
PRT,BA:2252,2024,SEX_F,11,6.447,0.002581493013511695
PRT,BA:2252,2024,SEX_F,13,25.112,0.010055289678192289
PRT,BA:2252,2024,SEX_F,14,66.996,0.026826385285129442
PRT,BA:2252,2024,SEX_F,15,28.08,0.01124372945857118
PRT,BA:2252,2024,SEX_F,16,8.079,0.003234974725633781
PRT,BA:2252,2024,SEX_F,17,5.278,0.00211340470378699
PRT,BA:2252,2024,SEX_F,18,7.38,0.0029550827423167844
PRT,BA:2252,2024,SEX_F,20,6.312,0.0025274366218839494
PRT,BA:2252,2024,SEX_F,21,11.498,0.0046040028958209194
PRT,BA:2252,2024,SEX_F,22,5.353,0.0021434360324690716
PRT,BA:2252,2024,SEX_F,23,15.609,0.006250120125314728
PRT,BA:2252,2024,SEX_F,25,19.316,0.007734468597641058
PRT,BA:2252,2024,SEX_F,26,7.895,0.0031612978659337414
PRT,BA:2252,2024,SEX_F,27,10.004,0.004005778828473863
PRT,BA:2252,2024,SEX_F,28,5.926,0.0023728753836001716
PRT,BA:2252,2024,SEX_F,29,29.028,0.011623325453112685
PRT,BA:2252,2024,SEX_F,30,6.077,0.002433338458680095
PRT,BA:2252,2024,SEX_F,31,12.989,0.005201025710020693
PRT,BA:2252,2024,SEX_F,32,7.777,0.003114048575473934
PRT,BA:2252,2024,SEX_F,33,4.904,0.001963648478092346
PRT,BA:2252,2024,SEX_F,35,7.344,0.0029406677045493855
PRT,BA:2252,2024,SEX_F,36,3.33,0.0013333909934844029
PRT,BA:2252,2024,SEX_F,38,4.781,0.0019143970990537324
PRT,BA:2252,2024,SEX_F,41,18.896,0.0075662931570214045
PRT,BA:2252,2024,SEX_F,42,3.989,0.0015972662681709557
PRT,BA:2252,2024,SEX_F,43,9.418,0.003771134047037869
PRT,BA:2252,2024,SEX_F,45,20.942,0.008385547803468578
PRT,BA:2252,2024,SEX_F,46,49.528,0.019831888626214864
PRT,BA:2252,2024,SEX_F,47,285.025,0.11412905943480237
PRT,BA:2252,2024,SEX_F,49,20.394,0.0081661188952315035
PRT,BA:2252,2024,SEX_F,51,9.129,0.0036554133271829168
PRT,BA:2252,2024,SEX_F,52,16.946,0.006785478611287294
PRT,BA:2252,2024,SEX_F,53,6.237,0.002497405293201868
PRT,BA:2252,2024,SEX_F,55,56.853,0.02276494839416479
PRT,BA:2252,2024,SEX_F,56,125.495,0.050250421239436974
PRT,BA:2252,2024,SEX_F,58,5.334,0.0021358280958696106
PRT,BA:2252,2024,SEX_F,61,12.785,0.005119340496005432
PRT,BA:2252,2024,SEX_F,62,39.25,0.015716395343622465
PRT,BA:2252,2024,SEX_F,64,35.576,0.014245260655916251
PRT,BA:2252,2024,SEX_F,65,14.046,0.005624267235580157
PRT,BA:2252,2024,SEX_F,66,6.372,0.002551461684829614
PRT,BA:2252,2024,SEX_F,68,27.783,0.01112480539699014
PRT,BA:2252,2024,SEX_F,69,68.392,0.027385368416331914
PRT,BA:2252,2024,SEX_F,70,14.545,0.005824075675744936
PRT,BA:2252,2024,SEX_F,71,18.232,0.0073004157937560455
PRT,BA:2252,2024,SEX_F,72,6.968,0.002790110643423219
PRT,BA:2252,2024,SEX_F,73,13.256,0.0053079372401289016
PRT,BA:2252,2024,SEX_F,74,12.345,0.004943156701070556
PRT,BA:2252,2024,SEX_F,75,10.064,0.004029803891419529
PRT,BA:2252,2024,SEX_F,77,4.675,0.0018719528211830578
PRT,BA:2252,2024,SEX_F,78,5.417,0.0021690627662777806
PRT,BA:2252,2024,SEX_F,79,10.699,0.004284069140927815
PRT,BA:2252,2024,SEX_F,80,7.296,0.0029214476541928537
PRT,BA:2252,2024,SEX_F,81,42.013,0.016822749492270334
PRT,BA:2252,2024,SEX_F,82,22.364,0.008954941795280837
PRT,BA:2252,2024,SEX_F,84,144.64,0.057916418407682885
PRT,BA:2252,2024,SEX_F,85,324.52,0.1299435571187863
PRT,BA:2252,2024,SEX_F,86,248.829,0.09963553979511426
PRT,BA:2252,2024,SEX_F,87,101.191,0.04051866907557964
PRT,BA:2252,2024,SEX_F,88,64.515,0.0258329489323262
PRT,BA:2252,2024,SEX_F,90,9.069,0.003631388264237252
PRT,BA:2252,2024,SEX_F,91,7.829,0.00313487029669351
PRT,BA:2252,2024,SEX_F,93,18.171,0.007275990313094619
PRT,BA:2252,2024,SEX_F,94,13.382,0.005358389872314798
PRT,BA:2252,2024,SEX_F,95,4.49,0.001797875543767258
PRT,BA:2252,2024,SEX_F,96,69.206,0.027711308436961436
PRT,BA:2252,2024,SEX_F,97,101.041,0.04045860641821548
PRT,BA:2252,2024,SEX_M,1,80.613,0.03126716313707238
PRT,BA:2252,2024,SEX_M,2,10.389,0.004029555503839889
PRT,BA:2252,2024,SEX_M,3,10.89,0.004223877123574588
PRT,BA:2252,2024,SEX_M,8,10.713,0.004155224575285083
PRT,BA:2252,2024,SEX_M,10,48.772,0.018917073927546355
PRT,BA:2252,2024,SEX_M,11,8.767,0.0034004344116049965
PRT,BA:2252,2024,SEX_M,13,21.47,0.008327515320766428
PRT,BA:2252,2024,SEX_M,14,12.208,0.004735086494453496
PRT,BA:2252,2024,SEX_M,15,17.636,0.006840431308664962
PRT,BA:2252,2024,SEX_M,16,27.635,0.010718718485765265
PRT,BA:2252,2024,SEX_M,17,11.368,0.004409277790706696
PRT,BA:2252,2024,SEX_M,18,8.794,0.0034109068342254296
PRT,BA:2252,2024,SEX_M,20,11.401,0.004422077418353891
PRT,BA:2252,2024,SEX_M,21,8.763,0.003398882941587155
PRT,BA:2252,2024,SEX_M,22,16.62,0.006446357924133118
PRT,BA:2252,2024,SEX_M,23,34.921,0.013544721123264295
PRT,BA:2252,2024,SEX_M,24,9.028,0.003501667830269181
PRT,BA:2252,2024,SEX_M,25,77.179,0.02993522612675511
PRT,BA:2252,2024,SEX_M,26,9.326,0.0036172523465984032
PRT,BA:2252,2024,SEX_M,27,10.589,0.004107129004731985
PRT,BA:2252,2024,SEX_M,28,25.217,0.009780854859979832
PRT,BA:2252,2024,SEX_M,29,42.035,0.016304010549996126
PRT,BA:2252,2024,SEX_M,30,8.295,0.0032173609494996515
PRT,BA:2252,2024,SEX_M,31,40.121,0.015561632146458775
PRT,BA:2252,2024,SEX_M,32,8.612,0.003340314948413623
PRT,BA:2252,2024,SEX_M,33,28.034,0.010873477620044996
PRT,BA:2252,2024,SEX_M,35,15.179,0.005887440850205572
PRT,BA:2252,2024,SEX_M,36,9.701,0.0037627026607710817
PRT,BA:2252,2024,SEX_M,37,4.742,0.0018392677061515792
PRT,BA:2252,2024,SEX_M,38,14.644,0.005679931735319216
PRT,BA:2252,2024,SEX_M,41,190.85,0.07402451322628192
PRT,BA:2252,2024,SEX_M,42,25.797,0.01000581801256691
PRT,BA:2252,2024,SEX_M,43,110.557,0.04288146769063689
PRT,BA:2252,2024,SEX_M,45,106.6,0.04134667597548678
PRT,BA:2252,2024,SEX_M,46,106.278,0.04122178263905051
PRT,BA:2252,2024,SEX_M,47,186.075,0.07217244589248314
PRT,BA:2252,2024,SEX_M,49,114.764,0.04451322628190211
PRT,BA:2252,2024,SEX_M,50,4.282,0.00166084865409976
PRT,BA:2252,2024,SEX_M,51,12.333,0.004783569932511056
PRT,BA:2252,2024,SEX_M,52,35.515,0.01377511442091382
PRT,BA:2252,2024,SEX_M,53,14.455,0.005606624776976187
PRT,BA:2252,2024,SEX_M,55,35.341,0.013707625475137698
PRT,BA:2252,2024,SEX_M,56,100.33,0.03891474672251959
PRT,BA:2252,2024,SEX_M,58,6.315,0.0024493832906679084
PRT,BA:2252,2024,SEX_M,59,5.825,0.002259328213482275
PRT,BA:2252,2024,SEX_M,60,6.055,0.0023485377395081847
PRT,BA:2252,2024,SEX_M,61,19.286,0.007480412691024748
PRT,BA:2252,2024,SEX_M,62,102.087,0.039596229927856656
PRT,BA:2252,2024,SEX_M,64,33.831,0.013121945543402378
PRT,BA:2252,2024,SEX_M,65,10.442,0.004050112481576294
PRT,BA:2252,2024,SEX_M,66,9.488,0.003680086882321
PRT,BA:2252,2024,SEX_M,68,26.873,0.010423163447366383
PRT,BA:2252,2024,SEX_M,69,36.565,0.014182375300597318
PRT,BA:2252,2024,SEX_M,70,14.395,0.005583352726708558
PRT,BA:2252,2024,SEX_M,71,33.327,0.012926460321154297
PRT,BA:2252,2024,SEX_M,72,4.618,0.00179117213559848
PRT,BA:2252,2024,SEX_M,73,15.953,0.00618765029865798
PRT,BA:2252,2024,SEX_M,74,10.947,0.004245985571328835
PRT,BA:2252,2024,SEX_M,75,3.728,0.0014459700566286562
PRT,BA:2252,2024,SEX_M,77,9.001,0.003491195407648748
PRT,BA:2252,2024,SEX_M,78,4.231,0.0016410674113722756
PRT,BA:2252,2024,SEX_M,79,7.336,0.0028453960127220548
PRT,BA:2252,2024,SEX_M,80,30.741,0.011923434954619505
PRT,BA:2252,2024,SEX_M,81,23.828,0.00924210689628423
PRT,BA:2252,2024,SEX_M,82,16.349,0.006341245830424329
PRT,BA:2252,2024,SEX_M,84,191.971,0.07445931269878212
PRT,BA:2252,2024,SEX_M,85,102.609,0.03979869676518502
PRT,BA:2252,2024,SEX_M,86,68.327,0.02650182297727097
PRT,BA:2252,2024,SEX_M,87,8.74,0.003389961988984564
PRT,BA:2252,2024,SEX_M,88,6.203,0.002405942130168335
PRT,BA:2252,2024,SEX_M,90,12.74,0.004941432006826469
PRT,BA:2252,2024,SEX_M,91,5.134,0.001991311767900086
PRT,BA:2252,2024,SEX_M,93,31.049,0.012042898145993332
PRT,BA:2252,2024,SEX_M,94,9.059,0.0035136917229074555
PRT,BA:2252,2024,SEX_M,95,9.121,0.0035377395081840055
PRT,BA:2252,2024,SEX_M,96,15.187,0.005890543790241255
PSE,BA:592,2022,SEX_F,1,11.354,0.06296933059730464
PSE,BA:592,2022,SEX_F,10,7.264,0.04028617381176862
PSE,BA:592,2022,SEX_F,12,0.285,0.0015806111696522653
PSE,BA:592,2022,SEX_F,13,0.448,0.0024846098386112807
PSE,BA:592,2022,SEX_F,14,4.758,0.02638788752703677
PSE,BA:592,2022,SEX_F,20,0.337,0.0018690033830625035
PSE,BA:592,2022,SEX_F,21,1.022,0.005668016194331984
PSE,BA:592,2022,SEX_F,23,0.548,0.0030392102490155843
PSE,BA:592,2022,SEX_F,31,0.33,0.0018301813543342023
PSE,BA:592,2022,SEX_F,35,0.264,0.0014641450834673617
PSE,BA:592,2022,SEX_F,41,0.522,0.0028950141423104655
PSE,BA:592,2022,SEX_F,43,0.402,0.002229493649825301
PSE,BA:592,2022,SEX_F,45,0.672,0.003726914757916921
PSE,BA:592,2022,SEX_F,46,1.53,0.008485386279185847
PSE,BA:592,2022,SEX_F,47,16.92,0.09383838944040819
PSE,BA:592,2022,SEX_F,53,0.247,0.0013698630136986301
PSE,BA:592,2022,SEX_F,55,0.662,0.0036714547168764907
PSE,BA:592,2022,SEX_F,56,2.648,0.014685818867505963
PSE,BA:592,2022,SEX_F,60,0.341,0.0018911873994786757
PSE,BA:592,2022,SEX_F,61,1.218,0.0067550329987244185
PSE,BA:592,2022,SEX_F,62,0.646,0.003582718651211802
PSE,BA:592,2022,SEX_F,64,2.026,0.011236204314791191
PSE,BA:592,2022,SEX_F,65,0.925,0.005130053796239809
PSE,BA:592,2022,SEX_F,69,3.199,0.017741667128833676
PSE,BA:592,2022,SEX_F,71,0.649,0.0035993566635239313
PSE,BA:592,2022,SEX_F,73,0.248,0.0013754090178026731
PSE,BA:592,2022,SEX_F,74,1.057,0.00586212633797349
PSE,BA:592,2022,SEX_F,79,0.228,0.0012644889357218126
PSE,BA:592,2022,SEX_F,81,1.633,0.009056624701902279
PSE,BA:592,2022,SEX_F,82,0.868,0.004813931562309356
PSE,BA:592,2022,SEX_F,84,15.605,0.0865453940435916
PSE,BA:592,2022,SEX_F,85,65.045,0.36073983694747935
PSE,BA:592,2022,SEX_F,86,18.855,0.10456990738173147
PSE,BA:592,2022,SEX_F,87,1.172,0.006499916809938439
PSE,BA:592,2022,SEX_F,88,2.799,0.01552326548721646
PSE,BA:592,2022,SEX_F,93,0.845,0.004686373467916366
PSE,BA:592,2022,SEX_F,94,3.099,0.017187066718429372
PSE,BA:592,2022,SEX_F,95,0.853,0.00473074150074871
PSE,BA:592,2022,SEX_F,96,6.3,0.03493982585547113
PSE,BA:592,2022,SEX_F,97,0.844,0.004680827463812323
PSE,BA:592,2022,SEX_F,99,1.642,0.009106538738838666
PSE,BA:592,2022,SEX_M,1,58.933,0.06187574873404234
PSE,BA:592,2022,SEX_M,3,0.208,2.183862307481514e-4
PSE,BA:592,2022,SEX_M,8,5.504,0.005778835644412621
PSE,BA:592,2022,SEX_M,9,1.086,0.001140228108617752
PSE,BA:592,2022,SEX_M,10,30.96,0.032505950499820996
PSE,BA:592,2022,SEX_M,11,1.255,0.001317666921100625
PSE,BA:592,2022,SEX_M,12,0.546,5.732638557138975e-4
PSE,BA:592,2022,SEX_M,13,2.151,0.002258407607400354
PSE,BA:592,2022,SEX_M,14,6.805,0.007144799520390242
PSE,BA:592,2022,SEX_M,15,2.695,0.002829571595510904
PSE,BA:592,2022,SEX_M,16,2.816,0.002956613585513434
PSE,BA:592,2022,SEX_M,17,1.472,0.0015455025560638406
PSE,BA:592,2022,SEX_M,18,2.219,0.002329803105914173
PSE,BA:592,2022,SEX_M,19,0.372,3.905753742226554e-4
PSE,BA:592,2022,SEX_M,20,1.925,0.002021122568222074
PSE,BA:592,2022,SEX_M,21,1.216,0.0012767195028353467
PSE,BA:592,2022,SEX_M,22,4.252,0.004464318524717018
PSE,BA:592,2022,SEX_M,23,17.009,0.017858324032669747
PSE,BA:592,2022,SEX_M,24,3.432,0.003603372807344498
PSE,BA:592,2022,SEX_M,25,18.887,0.019830099712213153
PSE,BA:592,2022,SEX_M,26,0.164,1.72189143474504e-4
PSE,BA:592,2022,SEX_M,27,0.307,3.223296771138581e-4
PSE,BA:592,2022,SEX_M,28,0.734,7.706514104285728e-4
PSE,BA:592,2022,SEX_M,29,0.153,1.6063987165609213e-4
PSE,BA:592,2022,SEX_M,31,22.23,0.02334002841120868
PSE,BA:592,2022,SEX_M,32,1.841,0.0019329281288814747
PSE,BA:592,2022,SEX_M,33,1.253,0.0013155670534972773
PSE,BA:592,2022,SEX_M,35,4.049,0.004251181962977236
PSE,BA:592,2022,SEX_M,36,1.143,0.001200074335313159
PSE,BA:592,2022,SEX_M,37,0.413,4.336226600912814e-4
PSE,BA:592,2022,SEX_M,38,3.805,0.003994998115368828
PSE,BA:592,2022,SEX_M,41,110.486,0.116002986011732
PSE,BA:592,2022,SEX_M,42,8.044,0.008445667500664087
PSE,BA:592,2022,SEX_M,43,93.868,0.09855518609551671
PSE,BA:592,2022,SEX_M,45,35.038,0.03678758054304677
PSE,BA:592,2022,SEX_M,46,24.858,0.02609925444200744
PSE,BA:592,2022,SEX_M,47,132.136,0.13873405281796986
PSE,BA:592,2022,SEX_M,49,45.727,0.04801032294913807
PSE,BA:592,2022,SEX_M,51,0.264,2.7718252364188447e-4
PSE,BA:592,2022,SEX_M,52,1.655,0.001737640441770147
PSE,BA:592,2022,SEX_M,53,0.704,7.391533963783585e-4
PSE,BA:592,2022,SEX_M,55,4.025,0.004225983551737065
PSE,BA:592,2022,SEX_M,56,35.36,0.03712565922718574
PSE,BA:592,2022,SEX_M,58,1.41,0.0014804066603600647
PSE,BA:592,2022,SEX_M,59,0.437,4.588210713314527e-4
PSE,BA:592,2022,SEX_M,60,2.615,0.002745576891377
PSE,BA:592,2022,SEX_M,61,5.32,0.005585647824904642
PSE,BA:592,2022,SEX_M,62,2.312,0.0024274469494698367
PSE,BA:592,2022,SEX_M,63,0.402,4.2207338827286955e-4
PSE,BA:592,2022,SEX_M,64,4.669,0.004902140920014994
PSE,BA:592,2022,SEX_M,65,1.48,0.001553902026477231
PSE,BA:592,2022,SEX_M,66,1.27,0.0013334159281257322
PSE,BA:592,2022,SEX_M,68,1.648,0.0017302909051584302
PSE,BA:592,2022,SEX_M,69,6.462,0.006784672226416127
PSE,BA:592,2022,SEX_M,71,2.636,0.0027676255012121496
PSE,BA:592,2022,SEX_M,73,0.496,5.207671656302071e-4
PSE,BA:592,2022,SEX_M,74,1.244,0.0013061176492822131
PSE,BA:592,2022,SEX_M,77,1.696,0.001780687727638773
PSE,BA:592,2022,SEX_M,79,0.655,6.877066400963422e-4
PSE,BA:592,2022,SEX_M,80,0.578,6.068617373674592e-4
PSE,BA:592,2022,SEX_M,81,3.737,0.003923602616855009
PSE,BA:592,2022,SEX_M,82,1.424,0.001495105733583498
PSE,BA:592,2022,SEX_M,84,114.246,0.1199507371060255
PSE,BA:592,2022,SEX_M,85,46.319,0.04863188375972897
PSE,BA:592,2022,SEX_M,86,24.191,0.02539894859629101
PSE,BA:592,2022,SEX_M,87,0.667,7.003058457164278e-4
PSE,BA:592,2022,SEX_M,88,1.093,0.0011475776452294687
PSE,BA:592,2022,SEX_M,90,0.736,7.727512780319203e-4
PSE,BA:592,2022,SEX_M,91,0.459,4.819196149682764e-4
PSE,BA:592,2022,SEX_M,93,4.14,0.004346725938929551
PSE,BA:592,2022,SEX_M,94,5.454,0.005726338954328931
PSE,BA:592,2022,SEX_M,95,6.067,0.006369948374754974
PSE,BA:592,2022,SEX_M,96,11.531,0.012106786667100643
PSE,BA:592,2022,SEX_M,97,0.398,4.1787365306617436e-4
PSE,BA:592,2022,SEX_M,99,4.649,0.004881142243981519
ROU,BA:436,2024,SEX_F,1,287.986,0.0882642662522948
ROU,BA:436,2024,SEX_F,10,117.51,0.036015410218924404
ROU,BA:436,2024,SEX_F,13,35.645,0.010924766379487366
ROU,BA:436,2024,SEX_F,14,112.591,0.034507795523435594
ROU,BA:436,2024,SEX_F,15,35,0.010727081590182572
ROU,BA:436,2024,SEX_F,16,9.291,0.0028475804301253222
ROU,BA:436,2024,SEX_F,20,8.257,0.0025306717911467856
ROU,BA:436,2024,SEX_F,22,26.732,0.008193038430536015
ROU,BA:436,2024,SEX_F,23,12.049,0.003692874459431709
ROU,BA:436,2024,SEX_F,25,20.084,0.006155505904492193
ROU,BA:436,2024,SEX_F,26,23.219,0.007116345926927119
ROU,BA:436,2024,SEX_F,27,45.177,0.01384621042856223
ROU,BA:436,2024,SEX_F,28,17.219,0.005277417654324392
ROU,BA:436,2024,SEX_F,29,108.907,0.033378693564057524
ROU,BA:436,2024,SEX_F,30,6.762,0.0020724721632232727
ROU,BA:436,2024,SEX_F,31,27.969,0.00857216414273761
ROU,BA:436,2024,SEX_F,32,7.102,0.002176678098670761
ROU,BA:436,2024,SEX_F,35,18.775,0.0057543130530193646
ROU,BA:436,2024,SEX_F,36,11.484,0.0035197087137616187
ROU,BA:436,2024,SEX_F,38,17.674,0.005416869714996765
ROU,BA:436,2024,SEX_F,41,35.612,0.010914652273988051
ROU,BA:436,2024,SEX_F,43,7.832,0.002400414371837426
ROU,BA:436,2024,SEX_F,45,16.669,0.0051088492293358085
ROU,BA:436,2024,SEX_F,46,77.527,0.023761098698345265
ROU,BA:436,2024,SEX_F,47,709.221,0.2173677580705964
ROU,BA:436,2024,SEX_F,49,43.505,0.013333762416596938
ROU,BA:436,2024,SEX_F,52,12.335,0.0037805300404257724
ROU,BA:436,2024,SEX_F,53,22.226,0.006812003297811366
ROU,BA:436,2024,SEX_F,55,35.267,0.010808913898313394
ROU,BA:436,2024,SEX_F,56,102.996,0.031567042727498405
ROU,BA:436,2024,SEX_F,61,21.142,0.0064797702565611405
ROU,BA:436,2024,SEX_F,62,31.623,0.00969207146075267
ROU,BA:436,2024,SEX_F,63,10.973,0.0033630933225449536
ROU,BA:436,2024,SEX_F,64,53.692,0.016455956135430935
ROU,BA:436,2024,SEX_F,65,9.942,0.0030471041477027182
ROU,BA:436,2024,SEX_F,68,11.775,0.003608896734982851
ROU,BA:436,2024,SEX_F,69,92.594,0.028378954078896144
ROU,BA:436,2024,SEX_F,70,8.467,0.0025950342806878813
ROU,BA:436,2024,SEX_F,71,11.881,0.0036413844677988328
ROU,BA:436,2024,SEX_F,73,12.107,0.003710650766066868
ROU,BA:436,2024,SEX_F,74,12.147,0.0037229102878842202
ROU,BA:436,2024,SEX_F,79,8.649,0.00265081510495683
ROU,BA:436,2024,SEX_F,80,13.955,0.0042770406740285085
ROU,BA:436,2024,SEX_F,81,28.745,0.00880999886599423
ROU,BA:436,2024,SEX_F,82,13.206,0.004047481127998601
ROU,BA:436,2024,SEX_F,84,158.384,0.04854280258798504
ROU,BA:436,2024,SEX_F,85,278.266,0.08528520245067839
ROU,BA:436,2024,SEX_F,86,289.099,0.08860538744686261
ROU,BA:436,2024,SEX_F,87,24.608,0.00754205782203465
ROU,BA:436,2024,SEX_F,88,36.638,0.011229109008603116
ROU,BA:436,2024,SEX_F,90,9.515,0.002916233752302491
ROU,BA:436,2024,SEX_F,92,12.096,0.003707279397567097
ROU,BA:436,2024,SEX_F,93,8.454,0.002591049936097242
ROU,BA:436,2024,SEX_F,94,9.36,0.0028687281052602533
ROU,BA:436,2024,SEX_F,96,71.088,0.021787622173797105
ROU,BA:436,2024,SEX_F,97,11.741,0.0035984761414381023
ROU,BA:436,2024,SEX_M,1,548.839,0.1243397187330937
ROU,BA:436,2024,SEX_M,2,41.447,0.009389836222153555
ROU,BA:436,2024,SEX_M,5,21.464,0.004862678714317173
ROU,BA:436,2024,SEX_M,6,10.137,0.002296541843413771
ROU,BA:436,2024,SEX_M,8,9.085,0.002058210777095207
ROU,BA:436,2024,SEX_M,10,97.333,0.022050834294662383
ROU,BA:436,2024,SEX_M,11,9.134,0.002069311748815368
ROU,BA:436,2024,SEX_M,13,11.08,0.0025101789114160586
ROU,BA:436,2024,SEX_M,14,11.996,0.0027176991174500936
ROU,BA:436,2024,SEX_M,15,8.918,0.0020203768530693508
ROU,BA:436,2024,SEX_M,16,39.322,0.008908416530207785
ROU,BA:436,2024,SEX_M,17,6.93,0.0015699945718513795
ROU,BA:436,2024,SEX_M,20,14.2,0.003217016294414082
ROU,BA:436,2024,SEX_M,22,62.876,0.014244585670956326
ROU,BA:436,2024,SEX_M,23,38.413,0.008702482177276628
ROU,BA:436,2024,SEX_M,24,26.184,0.0059319968065449525
ROU,BA:436,2024,SEX_M,25,88.183,0.01997789773875472
ROU,BA:436,2024,SEX_M,26,28.086,0.006362895749641825
ROU,BA:436,2024,SEX_M,27,52.193,0.0118243472855179
ROU,BA:436,2024,SEX_M,28,48.882,0.011074238767855574
ROU,BA:436,2024,SEX_M,29,139.053,0.03150251878782826
ROU,BA:436,2024,SEX_M,30,41.052,0.009300348797062458
ROU,BA:436,2024,SEX_M,31,64.715,0.014661211936127277
ROU,BA:436,2024,SEX_M,33,26.771,0.006064981916743619
ROU,BA:436,2024,SEX_M,35,64.499,0.014612277040381259
ROU,BA:436,2024,SEX_M,36,23.548,0.005334809838088929
ROU,BA:436,2024,SEX_M,38,51.898,0.011757514904753665
ROU,BA:436,2024,SEX_M,41,623.054,0.14115315988027263
ROU,BA:436,2024,SEX_M,42,60.763,0.01376588458432978
ROU,BA:436,2024,SEX_M,43,106.377,0.024099756503583578
ROU,BA:436,2024,SEX_M,45,195.972,0.04439754346823356
ROU,BA:436,2024,SEX_M,46,134.097,0.0303797347909891
ROU,BA:436,2024,SEX_M,47,244.569,0.05540721535975758
ROU,BA:436,2024,SEX_M,49,422.646,0.09575063864569959
ROU,BA:436,2024,SEX_M,50,10.483,0.002374928296784706
ROU,BA:436,2024,SEX_M,52,34.242,0.007757540278403309
ROU,BA:436,2024,SEX_M,53,54.908,0.012439431738992143
ROU,BA:436,2024,SEX_M,55,10.949,0.0024805008033478722
ROU,BA:436,2024,SEX_M,56,61.407,0.013911783069794756
ROU,BA:436,2024,SEX_M,58,7.333,0.0016612944004886243
ROU,BA:436,2024,SEX_M,61,34.284,0.007767055397020591
ROU,BA:436,2024,SEX_M,62,65.21,0.01477335440554523
ROU,BA:436,2024,SEX_M,63,19.441,0.0044043671675848
ROU,BA:436,2024,SEX_M,64,19.492,0.004415921240191499
ROU,BA:436,2024,SEX_M,65,6.909,0.001565237012542739
ROU,BA:436,2024,SEX_M,68,12.725,0.002882854390592901
ROU,BA:436,2024,SEX_M,69,26.747,0.006059544706105173
ROU,BA:436,2024,SEX_M,71,25.196,0.005708164968595579
ROU,BA:436,2024,SEX_M,73,10.548,0.0023896540755971645
ROU,BA:436,2024,SEX_M,74,10.764,0.0024385889713431814
ROU,BA:436,2024,SEX_M,75,9.658,0.002188024181088113
ROU,BA:436,2024,SEX_M,80,115.357,0.026134179484135583
ROU,BA:436,2024,SEX_M,81,20.808,0.004714061623532973
ROU,BA:436,2024,SEX_M,82,6.818,0.0015446209222052965
ROU,BA:436,2024,SEX_M,84,253.945,0.05753135231584395
ROU,BA:436,2024,SEX_M,85,73.316,0.01660977229868048
ROU,BA:436,2024,SEX_M,86,75.022,0.01699626735489671
ROU,BA:436,2024,SEX_M,88,10.038,0.00227411334953018
ROU,BA:436,2024,SEX_M,90,12.171,0.002757345445022098
ROU,BA:436,2024,SEX_M,93,13.105,0.002968943559034968
ROU,BA:436,2024,SEX_M,94,16.853,0.0038180546204056713
ROU,BA:436,2024,SEX_M,95,7.431,0.0016834963439289468
ROU,BA:436,2024,SEX_M,96,15.152,0.0034326923164057868
RWA,BA:1590,2024,SEX_F,1,1193.726,0.5288045344100859
RWA,BA:1590,2024,SEX_F,2,4.951,0.0021932262930222973
RWA,BA:1590,2024,SEX_F,7,3.746,0.00165942752851172
RWA,BA:1590,2024,SEX_F,8,9.057,0.004012128971097344
RWA,BA:1590,2024,SEX_F,10,17.716,0.0078479493046219
RWA,BA:1590,2024,SEX_F,11,9.307,0.004122875602738543
RWA,BA:1590,2024,SEX_F,13,4.772,0.0021139317047671993
RWA,BA:1590,2024,SEX_F,14,57.092,0.025290986774637248
RWA,BA:1590,2024,SEX_F,15,0.912,4.0400371222709257e-4
RWA,BA:1590,2024,SEX_F,16,12.556,0.0055621388275475594
RWA,BA:1590,2024,SEX_F,17,1.588,7.034626041848937e-4
RWA,BA:1590,2024,SEX_F,20,1.678,7.433313915757251e-4
RWA,BA:1590,2024,SEX_F,22,1.186,5.253820205058463e-4
RWA,BA:1590,2024,SEX_F,23,9.014,0.003993080550455057
RWA,BA:1590,2024,SEX_F,35,0.927,4.106485101255645e-4
RWA,BA:1590,2024,SEX_F,36,1.51,6.689096551128397e-4
RWA,BA:1590,2024,SEX_F,41,43.261,0.019164040125719577
RWA,BA:1590,2024,SEX_F,42,18.164,0.008046407268522928
RWA,BA:1590,2024,SEX_F,43,2.219,9.82987102447279e-4
RWA,BA:1590,2024,SEX_F,45,2.637,0.001168155470551363
RWA,BA:1590,2024,SEX_F,46,36.063,0.015975423107506184
RWA,BA:1590,2024,SEX_F,47,318.653,0.14115898564945148
RWA,BA:1590,2024,SEX_F,49,7.871,0.0034867469505914976
RWA,BA:1590,2024,SEX_F,52,9.191,0.0040714891656570265
RWA,BA:1590,2024,SEX_F,55,8.392,0.003717542930931755
RWA,BA:1590,2024,SEX_F,56,67.86,0.030061065692686954
RWA,BA:1590,2024,SEX_F,61,0.99,4.3855666129914657e-4
RWA,BA:1590,2024,SEX_F,63,1.819,8.057924918213611e-4
RWA,BA:1590,2024,SEX_F,64,18.942,0.008391050786190337
RWA,BA:1590,2024,SEX_F,65,1.075,4.7621051605715406e-4
RWA,BA:1590,2024,SEX_F,66,0.768,3.402136524017622e-4
RWA,BA:1590,2024,SEX_F,68,1.134,5.02346721124477e-4
RWA,BA:1590,2024,SEX_F,69,2.091,9.262848270469854e-4
RWA,BA:1590,2024,SEX_F,70,0.929,4.115344831786941e-4
RWA,BA:1590,2024,SEX_F,72,0.856,3.791964667394641e-4
RWA,BA:1590,2024,SEX_F,74,5.569,0.0024669919664393404
RWA,BA:1590,2024,SEX_F,80,4.884,0.0021635461957424567
RWA,BA:1590,2024,SEX_F,81,28.711,0.012718586164201814
RWA,BA:1590,2024,SEX_F,82,1.1,4.87285179221274e-4
RWA,BA:1590,2024,SEX_F,84,19.544,0.008657728675182344
RWA,BA:1590,2024,SEX_F,85,104.842,0.04644359341810619
RWA,BA:1590,2024,SEX_F,86,25.884,0.011466263253603141
RWA,BA:1590,2024,SEX_F,87,0.485,2.148484653839253e-4
RWA,BA:1590,2024,SEX_F,88,5.287,0.0023420697659480684
RWA,BA:1590,2024,SEX_F,90,1.127,4.992458154385234e-4
RWA,BA:1590,2024,SEX_F,92,1.396,6.18409191084453e-4
RWA,BA:1590,2024,SEX_F,94,5.352,0.00237086389017478
RWA,BA:1590,2024,SEX_F,95,11.951,0.005294131978975859
RWA,BA:1590,2024,SEX_F,96,50.609,0.022419105122917685
RWA,BA:1590,2024,SEX_F,97,117.314,0.0519685213774223
RWA,BA:1590,2024,SEX_F,99,0.697,3.0876160901566175e-4
RWA,BA:1590,2024,SEX_M,1,913.315,0.35323176813710716
RWA,BA:1590,2024,SEX_M,2,37.934,0.014671273210790385
RWA,BA:1590,2024,SEX_M,3,8.373,0.003238323683079767
RWA,BA:1590,2024,SEX_M,5,4.052,0.0015671429074213803
RWA,BA:1590,2024,SEX_M,6,0.82,3.171414570793514e-4
RWA,BA:1590,2024,SEX_M,7,31.577,0.01221265340267644
RWA,BA:1590,2024,SEX_M,8,27.477,0.010626946117279682
RWA,BA:1590,2024,SEX_M,10,28.68,0.011092215840287559
RWA,BA:1590,2024,SEX_M,11,11.169,0.004319698700145458
RWA,BA:1590,2024,SEX_M,13,0.64,2.475250396716889e-4
RWA,BA:1590,2024,SEX_M,14,9.194,0.0035558518980336063
RWA,BA:1590,2024,SEX_M,15,1.549,5.990879475803846e-4
RWA,BA:1590,2024,SEX_M,16,26.368,0.010198031634473583
RWA,BA:1590,2024,SEX_M,18,1.211,4.683637860037739e-4
RWA,BA:1590,2024,SEX_M,20,3.975,0.0015373625510858803
RWA,BA:1590,2024,SEX_M,22,2.836,0.0010968453320451715
RWA,BA:1590,2024,SEX_M,23,24.945,0.009647675179078562
RWA,BA:1590,2024,SEX_M,25,13.982,0.005407648601077428
RWA,BA:1590,2024,SEX_M,29,1.758,6.799203433481705e-4
RWA,BA:1590,2024,SEX_M,31,8.438,0.0032634629449214236
RWA,BA:1590,2024,SEX_M,33,0.892,3.4498802404241645e-4
RWA,BA:1590,2024,SEX_M,35,4.002,0.0015478050136970296
RWA,BA:1590,2024,SEX_M,36,2.874,0.0011115421312756781
RWA,BA:1590,2024,SEX_M,38,0.947,3.662597071392022e-4
RWA,BA:1590,2024,SEX_M,41,326.78,0.1263847382248664
RWA,BA:1590,2024,SEX_M,42,18.279,0.007069547187748128
RWA,BA:1590,2024,SEX_M,43,17.518,0.00677522444526351
RWA,BA:1590,2024,SEX_M,45,34.971,0.013525309628685363
RWA,BA:1590,2024,SEX_M,46,60.139,0.023259231813774532
RWA,BA:1590,2024,SEX_M,47,166.995,0.06458663124995889
RWA,BA:1590,2024,SEX_M,49,221.433,0.08564095642128296
RWA,BA:1590,2024,SEX_M,50,1.535,5.936733373375664e-4
RWA,BA:1590,2024,SEX_M,51,3.8,0.0014696799230506528
RWA,BA:1590,2024,SEX_M,52,58.011,0.022436211056866166
RWA,BA:1590,2024,SEX_M,55,12.946,0.005006967443108882
RWA,BA:1590,2024,SEX_M,56,65.122,0.025186446302343322
RWA,BA:1590,2024,SEX_M,59,2.566,9.924207059336778e-4
RWA,BA:1590,2024,SEX_M,60,1.032,3.9913412647059836e-4
RWA,BA:1590,2024,SEX_M,61,1.112,4.300747564295595e-4
RWA,BA:1590,2024,SEX_M,62,1.316,5.089733628249103e-4
RWA,BA:1590,2024,SEX_M,63,2.445,9.45623003120749e-4
RWA,BA:1590,2024,SEX_M,64,13.772,0.0053264294474351555
RWA,BA:1590,2024,SEX_M,65,1.167,4.5134643952634526e-4
RWA,BA:1590,2024,SEX_M,66,1.66,6.420180716484431e-4
RWA,BA:1590,2024,SEX_M,68,5.299,0.002049429976906687
RWA,BA:1590,2024,SEX_M,69,3.436,0.0013289000567373798
RWA,BA:1590,2024,SEX_M,70,2.149,8.31142672272593e-4
RWA,BA:1590,2024,SEX_M,71,0.956,3.697405280095853e-4
RWA,BA:1590,2024,SEX_M,72,1.333,5.155482466911895e-4
RWA,BA:1590,2024,SEX_M,74,8.313,0.003215118210610547
RWA,BA:1590,2024,SEX_M,75,1.478,5.716281384918066e-4
RWA,BA:1590,2024,SEX_M,77,1.062,4.107368627052088e-4
RWA,BA:1590,2024,SEX_M,79,1.813,7.011920264449563e-4
RWA,BA:1590,2024,SEX_M,80,40.313,0.015591370194194994
RWA,BA:1590,2024,SEX_M,81,13.75,0.005317920774196442
RWA,BA:1590,2024,SEX_M,82,1.67,6.458856503933132e-4
RWA,BA:1590,2024,SEX_M,84,64.597,0.024983398418237636
RWA,BA:1590,2024,SEX_M,85,92.423,0.03574532303371329
RWA,BA:1590,2024,SEX_M,86,22.095,0.008545415236790572
RWA,BA:1590,2024,SEX_M,88,5.237,0.002025450988688492
RWA,BA:1590,2024,SEX_M,90,2.423,9.371143298820347e-4
RWA,BA:1590,2024,SEX_M,92,0.833,3.2216930944768256e-4
RWA,BA:1590,2024,SEX_M,93,1.855,7.174358571734108e-4
RWA,BA:1590,2024,SEX_M,94,9.86,0.003813432642441957
RWA,BA:1590,2024,SEX_M,95,24.998,0.009668173346426374
RWA,BA:1590,2024,SEX_M,96,35.041,0.013552382679899454
RWA,BA:1590,2024,SEX_M,97,62.982,0.024358784450941112
RWA,BA:1590,2024,SEX_M,99,2.074,8.021358316860668e-4
SEN,BA:13368,2023,SEX_F,1,373.846,0.20756745112104838
SEN,BA:13368,2023,SEX_F,2,1.689,9.377696295893249e-4
SEN,BA:13368,2023,SEX_F,3,1.869,0.0010377095545899633
SEN,BA:13368,2023,SEX_F,7,2.688,0.0014924362133428687
SEN,BA:13368,2023,SEX_F,8,3.122,0.0017334024769555191
SEN,BA:13368,2023,SEX_F,10,104.276,0.057896308996481016
SEN,BA:13368,2023,SEX_F,11,2.345,0.0013019951340360965
SEN,BA:13368,2023,SEX_F,13,12.24,0.00679591490004342
SEN,BA:13368,2023,SEX_F,14,62.295,0.03458754237730432
SEN,BA:13368,2023,SEX_F,16,1.017,5.646605762536076e-4
SEN,BA:13368,2023,SEX_F,20,4.378,0.0024307610647377525
SEN,BA:13368,2023,SEX_F,23,1.946,0.0010804616336180142
SEN,BA:13368,2023,SEX_F,27,0.5,2.7761090277955144e-4
SEN,BA:13368,2023,SEX_F,35,3.242,0.0018000290936226117
SEN,BA:13368,2023,SEX_F,38,0.247,1.3713978597309842e-4
SEN,BA:13368,2023,SEX_F,41,2.721,0.001510758532926319
SEN,BA:13368,2023,SEX_F,43,5.565,0.0030898093479364078
SEN,BA:13368,2023,SEX_F,45,3.402,0.0018888645825120682
SEN,BA:13368,2023,SEX_F,46,58.488,0.032473812963540814
SEN,BA:13368,2023,SEX_F,47,575.489,0.31952404165940257
SEN,BA:13368,2023,SEX_F,49,4.898,0.002719476403628486
SEN,BA:13368,2023,SEX_F,55,0.65,3.608941736134169e-4
SEN,BA:13368,2023,SEX_F,56,90.263,0.05011598583518131
SEN,BA:13368,2023,SEX_F,61,4.558,0.002530700989738391
SEN,BA:13368,2023,SEX_F,63,1.114,6.185170913928407e-4
SEN,BA:13368,2023,SEX_F,64,7.754,0.004305189880305284
SEN,BA:13368,2023,SEX_F,66,4.168,0.002314164485570341
SEN,BA:13368,2023,SEX_F,68,3.03,0.0016823220708440817
SEN,BA:13368,2023,SEX_F,69,1.523,8.456028098665137e-4
SEN,BA:13368,2023,SEX_F,78,2.123,0.0011787358932019757
SEN,BA:13368,2023,SEX_F,82,1.993,0.0011065570584792921
SEN,BA:13368,2023,SEX_F,84,16.974,0.009424334927560212
SEN,BA:13368,2023,SEX_F,85,39.073,0.02169418160861083
SEN,BA:13368,2023,SEX_F,86,34.099,0.01893250834775985
SEN,BA:13368,2023,SEX_F,88,0.652,3.620046172245351e-4
SEN,BA:13368,2023,SEX_F,90,0.397,2.2042305680696386e-4
SEN,BA:13368,2023,SEX_F,94,8.415,0.00467219149377985
SEN,BA:13368,2023,SEX_F,95,29.713,0.016497305508577625
SEN,BA:13368,2023,SEX_F,96,228.618,0.12693369874331098
SEN,BA:13368,2023,SEX_F,97,43.368,0.024078859263487178
SEN,BA:13368,2023,SEX_F,98,54.794,0.030422823613805484
SEN,BA:13368,2023,SEX_F,99,1.54,8.550415805610185e-4
SEN,BA:13368,2023,SEX_M,1,847.025,0.2639120709569131
SEN,BA:13368,2023,SEX_M,2,7.898,0.002460821742472418
SEN,BA:13368,2023,SEX_M,3,40.065,0.012483264511541836
SEN,BA:13368,2023,SEX_M,5,0.671,2.090670282601915e-4
SEN,BA:13368,2023,SEX_M,7,8.042,0.002505688586093085
SEN,BA:13368,2023,SEX_M,8,5.424,0.001689984443045125
SEN,BA:13368,2023,SEX_M,10,68.833,0.02144666282598176
SEN,BA:13368,2023,SEX_M,11,2.844,8.861201615081738e-4
SEN,BA:13368,2023,SEX_M,13,24.127,0.007517377333582176
SEN,BA:13368,2023,SEX_M,14,109.742,0.034192896893189176
SEN,BA:13368,2023,SEX_M,15,5.371,0.001673470951990296
SEN,BA:13368,2023,SEX_M,16,37.371,0.011643880645471859
SEN,BA:13368,2023,SEX_M,18,4.724,0.0014718817310002156
SEN,BA:13368,2023,SEX_M,20,13.654,0.004254249186087414
SEN,BA:13368,2023,SEX_M,22,3.23,0.0010063882284357952
SEN,BA:13368,2023,SEX_M,23,21.538,0.006710708874318934
SEN,BA:13368,2023,SEX_M,24,21.369,0.006658052648125234
SEN,BA:13368,2023,SEX_M,25,54.774,0.017066225642211223
SEN,BA:13368,2023,SEX_M,26,1.432,4.461758337832999e-4
SEN,BA:13368,2023,SEX_M,27,1.648,5.134760992143004e-4
SEN,BA:13368,2023,SEX_M,29,0.835,2.601653779392845e-4
SEN,BA:13368,2023,SEX_M,30,1.745,5.436989035976664e-4
SEN,BA:13368,2023,SEX_M,31,33.326,0.010383558545155205
SEN,BA:13368,2023,SEX_M,32,2.942,9.166545411944611e-4
SEN,BA:13368,2023,SEX_M,33,3.864,0.0012039269704878985
SEN,BA:13368,2023,SEX_M,35,21.52,0.00670510051886635
SEN,BA:13368,2023,SEX_M,36,4.025,0.0012540905942582277
SEN,BA:13368,2023,SEX_M,38,0.429,1.336658049532372e-4
SEN,BA:13368,2023,SEX_M,39,1.461,4.552115175680176e-4
SEN,BA:13368,2023,SEX_M,41,178.356,0.05557132472783117
SEN,BA:13368,2023,SEX_M,42,6.488,0.002021500565353387
SEN,BA:13368,2023,SEX_M,43,172.27,0.05367507743425215
SEN,BA:13368,2023,SEX_M,45,99.758,0.031082129068822927
SEN,BA:13368,2023,SEX_M,46,104.064,0.03242377232320204
SEN,BA:13368,2023,SEX_M,47,311.645,0.09710088527890816
SEN,BA:13368,2023,SEX_M,49,248.069,0.07729217382038367
SEN,BA:13368,2023,SEX_M,50,8.356,0.002603523231210373
SEN,BA:13368,2023,SEX_M,52,5.169,0.0016105327408001933
SEN,BA:13368,2023,SEX_M,53,7.565,0.0023570671665996256
SEN,BA:13368,2023,SEX_M,55,5.631,0.0017544805307498337
SEN,BA:13368,2023,SEX_M,56,11.848,0.0036915441890115483
SEN,BA:13368,2023,SEX_M,59,2.777,8.652446162124469e-4
SEN,BA:13368,2023,SEX_M,60,3.367,0.0010490740449360131
SEN,BA:13368,2023,SEX_M,61,3.684,0.0011478434159620649
SEN,BA:13368,2023,SEX_M,62,5.143,0.0016024317829242396
SEN,BA:13368,2023,SEX_M,63,9.385,0.0029241342179163895
SEN,BA:13368,2023,SEX_M,64,12.707,0.0039591873742209445
SEN,BA:13368,2023,SEX_M,66,5.619,0.001750741627114778
SEN,BA:13368,2023,SEX_M,68,5.715,0.0017806528561952225
SEN,BA:13368,2023,SEX_M,69,5.199,0.0016198799998878325
SEN,BA:13368,2023,SEX_M,70,4.302,0.0013403969531674274
SEN,BA:13368,2023,SEX_M,71,4.348,0.0013547294171018071
SEN,BA:13368,2023,SEX_M,72,2.261,7.044717599050567e-4
SEN,BA:13368,2023,SEX_M,74,2.802,8.730339987854793e-4
SEN,BA:13368,2023,SEX_M,77,6.163,0.0019202385919039645
SEN,BA:13368,2023,SEX_M,78,4.64,0.0014457094055548264
SEN,BA:13368,2023,SEX_M,82,10.943,0.003409568539867773
SEN,BA:13368,2023,SEX_M,84,21.449,0.0066829786723589385
SEN,BA:13368,2023,SEX_M,85,99.398,0.030969961959771256
SEN,BA:13368,2023,SEX_M,86,18.959,0.005907156168084904
SEN,BA:13368,2023,SEX_M,90,1.309,4.0785207152398015e-4
SEN,BA:13368,2023,SEX_M,93,1.611,5.019478130062124e-4
SEN,BA:13368,2023,SEX_M,94,15.269,0.004757443300305312
SEN,BA:13368,2023,SEX_M,95,49.85,0.015532028850626746
SEN,BA:13368,2023,SEX_M,96,371.279,0.1156813668933169
SEN,BA:13368,2023,SEX_M,97,14.203,0.004425304027391207
SEN,BA:13368,2023,SEX_M,98,15.673,0.004883319722685516
SEN,BA:13368,2023,SEX_M,99,2.294,7.147537449014595e-4
SGP,BA:5873,2024,SEX_F,1,0.713,6.326962889212482e-4
SGP,BA:5873,2024,SEX_F,9,0.32,2.839590637514719e-4
SGP,BA:5873,2024,SEX_F,10,11.008,0.009768191793050631
SGP,BA:5873,2024,SEX_F,11,0.394,3.4962459724399974e-4
SGP,BA:5873,2024,SEX_F,13,0.306,2.7153585471234495e-4
SGP,BA:5873,2024,SEX_F,14,1.594,0.0014144710863120194
SGP,BA:5873,2024,SEX_F,16,0.674,5.980887780265377e-4
SGP,BA:5873,2024,SEX_F,17,0.306,2.7153585471234495e-4
SGP,BA:5873,2024,SEX_F,18,4.369,0.0038769285922818143
SGP,BA:5873,2024,SEX_F,19,1.584,0.0014055973655697858
SGP,BA:5873,2024,SEX_F,20,5.27,0.004676450831157052
SGP,BA:5873,2024,SEX_F,21,3.76,0.0033365189990797943
SGP,BA:5873,2024,SEX_F,22,2.25,0.0019965871670025366
SGP,BA:5873,2024,SEX_F,23,0.687,6.096246149914413e-4
SGP,BA:5873,2024,SEX_F,25,4.553,0.0040402050539389105
SGP,BA:5873,2024,SEX_F,26,15.37,0.013638908780812883
SGP,BA:5873,2024,SEX_F,27,1.707,0.0015147441306992578
SGP,BA:5873,2024,SEX_F,28,11.305,0.010031741299094966
SGP,BA:5873,2024,SEX_F,29,0.503,4.4634815333434484e-4
SGP,BA:5873,2024,SEX_F,30,6.845,0.0060740618480588275
SGP,BA:5873,2024,SEX_F,31,1.278,0.0011340615108574408
SGP,BA:5873,2024,SEX_F,32,5.855,0.005195563494577712
SGP,BA:5873,2024,SEX_F,35,1.352,0.0011997270443499688
SGP,BA:5873,2024,SEX_F,36,0.994,8.820478417780094e-4
SGP,BA:5873,2024,SEX_F,38,2.907,0.002579590619767277
SGP,BA:5873,2024,SEX_F,41,11.553,0.010251809573502359
SGP,BA:5873,2024,SEX_F,42,4.293,0.00380948831464084
SGP,BA:5873,2024,SEX_F,43,14.294,0.01268409642894856
SGP,BA:5873,2024,SEX_F,46,110.892,0.09840246405477568
SGP,BA:5873,2024,SEX_F,47,62.698,0.055636454309655574
SGP,BA:5873,2024,SEX_F,49,9.18,0.008146075641370348
SGP,BA:5873,2024,SEX_F,50,2.862,0.0025396588764272266
SGP,BA:5873,2024,SEX_F,51,7.082,0.0062843690296497615
SGP,BA:5873,2024,SEX_F,52,22.801,0.020232970664366592
SGP,BA:5873,2024,SEX_F,53,4.32,0.0038334473606448705
SGP,BA:5873,2024,SEX_F,55,9.721,0.008626143933525182
SGP,BA:5873,2024,SEX_F,56,75.113,0.06665317861113845
SGP,BA:5873,2024,SEX_F,58,3.559,0.0031581572121609012
SGP,BA:5873,2024,SEX_F,59,4.263,0.003782867152414139
SGP,BA:5873,2024,SEX_F,60,3.34,0.0029638227279059877
SGP,BA:5873,2024,SEX_F,61,5.554,0.004928464500236484
SGP,BA:5873,2024,SEX_F,62,30.777,0.02731065032837203
SGP,BA:5873,2024,SEX_F,63,12.11,0.010746075818844764
SGP,BA:5873,2024,SEX_F,64,82.826,0.07349747941962315
SGP,BA:5873,2024,SEX_F,65,17.44,0.015475768974455219
SGP,BA:5873,2024,SEX_F,66,26.07,0.023133789975002723
SGP,BA:5873,2024,SEX_F,68,27.819,0.02468580373281936
SGP,BA:5873,2024,SEX_F,69,16.042,0.014235222814690975
SGP,BA:5873,2024,SEX_F,70,39.947,0.03544785224900015
SGP,BA:5873,2024,SEX_F,71,15.63,0.013869625520110954
SGP,BA:5873,2024,SEX_F,72,6.464,0.005735973087779732
SGP,BA:5873,2024,SEX_F,73,6.663,0.005912560130550178
SGP,BA:5873,2024,SEX_F,74,9.817,0.008711331652650624
SGP,BA:5873,2024,SEX_F,75,1.41,0.0012511946246549228
SGP,BA:5873,2024,SEX_F,77,2.604,0.0023107168812776025
SGP,BA:5873,2024,SEX_F,78,10.714,0.009507304403228969
SGP,BA:5873,2024,SEX_F,79,3.918,0.003476723786807084
SGP,BA:5873,2024,SEX_F,80,5.582,0.0049533109183147375
SGP,BA:5873,2024,SEX_F,81,20.452,0.018148533662015947
SGP,BA:5873,2024,SEX_F,82,8.684,0.007705939092555568
SGP,BA:5873,2024,SEX_F,84,49.508,0.043932016650649594
SGP,BA:5873,2024,SEX_F,85,95.951,0.08514423789380461
SGP,BA:5873,2024,SEX_F,86,86.305,0.07658464686584619
SGP,BA:5873,2024,SEX_F,87,3.901,0.0034616384615452868
SGP,BA:5873,2024,SEX_F,88,45.519,0.04039228944657265
SGP,BA:5873,2024,SEX_F,90,1.252,0.0011109898369276337
SGP,BA:5873,2024,SEX_F,91,3.852,0.0034181572299083426
SGP,BA:5873,2024,SEX_F,92,6.504,0.005771467970748665
SGP,BA:5873,2024,SEX_F,93,7.787,0.0069099663419772235
SGP,BA:5873,2024,SEX_F,94,14.52,0.012884642517723036
SGP,BA:5873,2024,SEX_F,95,3.121,0.002769488243651074
SGP,BA:5873,2024,SEX_F,96,25.592,0.022709626123523962
SGP,BA:5873,2024,SEX_F,99,0.713,6.326962889212482e-4
SGP,BA:5873,2024,SEX_M,1,1.05,8.485301034236977e-4
SGP,BA:5873,2024,SEX_M,3,0.371,2.998139698763732e-4
SGP,BA:5873,2024,SEX_M,9,1.044,8.436813599755623e-4
SGP,BA:5873,2024,SEX_M,10,8.513,0.006879558828996131
SGP,BA:5873,2024,SEX_M,11,1.002,8.097401558386143e-4
SGP,BA:5873,2024,SEX_M,14,0.693,5.600298682596404e-4
SGP,BA:5873,2024,SEX_M,16,1.229,9.931842829597375e-4
SGP,BA:5873,2024,SEX_M,17,0.831,6.715509675667549e-4
SGP,BA:5873,2024,SEX_M,18,4.696,0.0037949498720739844
SGP,BA:5873,2024,SEX_M,19,6,0.004848743448135415
SGP,BA:5873,2024,SEX_M,20,8.273,0.006685609091070715
SGP,BA:5873,2024,SEX_M,21,4.627,0.003739189322420427
SGP,BA:5873,2024,SEX_M,22,3.378,0.0027298425613002386
SGP,BA:5873,2024,SEX_M,23,1.558,0.0012590570486991628
SGP,BA:5873,2024,SEX_M,24,0.755,6.101335505570397e-4
SGP,BA:5873,2024,SEX_M,25,8.348,0.006746218384172408
SGP,BA:5873,2024,SEX_M,26,24.178,0.01953881984816968
SGP,BA:5873,2024,SEX_M,27,4.188,0.0033844229267985192
SGP,BA:5873,2024,SEX_M,28,22.957,0.018552100556474122
SGP,BA:5873,2024,SEX_M,29,1.86,0.0015031104689219787
SGP,BA:5873,2024,SEX_M,30,19.504,0.015761648702072188
SGP,BA:5873,2024,SEX_M,31,2.307,0.001864341855808067
SGP,BA:5873,2024,SEX_M,32,6.996,0.005653634860525894
SGP,BA:5873,2024,SEX_M,35,3.755,0.0030345052746247473
SGP,BA:5873,2024,SEX_M,36,2.932,0.0023694192983221727
SGP,BA:5873,2024,SEX_M,38,6.433,0.005198661100309187
SGP,BA:5873,2024,SEX_M,41,27.872,0.022524029564405048
SGP,BA:5873,2024,SEX_M,42,10.449,0.008444086714927825
SGP,BA:5873,2024,SEX_M,43,34.428,0.02782208990540101
SGP,BA:5873,2024,SEX_M,46,117.58,0.09501920910529368
SGP,BA:5873,2024,SEX_M,47,44.851,0.03624516539872025
SGP,BA:5873,2024,SEX_M,49,73.81,0.059647625651145834
SGP,BA:5873,2024,SEX_M,50,6.371,0.005148557418011788
SGP,BA:5873,2024,SEX_M,51,9.845,0.007955979874482193
SGP,BA:5873,2024,SEX_M,52,45.599,0.03684964208192113
SGP,BA:5873,2024,SEX_M,53,16.051,0.012971196847670256
SGP,BA:5873,2024,SEX_M,55,9.68,0.00782263942965847
SGP,BA:5873,2024,SEX_M,56,52.938,0.04278046344289877
SGP,BA:5873,2024,SEX_M,58,4.298,0.0034733165566810022
SGP,BA:5873,2024,SEX_M,59,4.099,0.003312499898984511
SGP,BA:5873,2024,SEX_M,60,1.689,0.0013649212806501193
SGP,BA:5873,2024,SEX_M,61,6.577,0.005315030943064437
SGP,BA:5873,2024,SEX_M,62,51.152,0.041337154143170456
SGP,BA:5873,2024,SEX_M,63,11.732,0.00948090968892078
SGP,BA:5873,2024,SEX_M,64,73.944,0.05975591425482086
SGP,BA:5873,2024,SEX_M,65,13.044,0.010541168256246392
SGP,BA:5873,2024,SEX_M,66,26.032,0.02103708157364352
SGP,BA:5873,2024,SEX_M,68,28.464,0.023002438917954407
SGP,BA:5873,2024,SEX_M,69,12.234,0.009886587890748111
SGP,BA:5873,2024,SEX_M,70,34.085,0.02754490340494927
SGP,BA:5873,2024,SEX_M,71,28.916,0.02336771092438061
SGP,BA:5873,2024,SEX_M,72,11.08,0.008954012900890066
SGP,BA:5873,2024,SEX_M,73,4.27,0.00345068908725637
SGP,BA:5873,2024,SEX_M,74,10.023,0.00809982593011021
SGP,BA:5873,2024,SEX_M,75,0.494,3.9921321056314915e-4
SGP,BA:5873,2024,SEX_M,77,3.419,0.002762975641529164
SGP,BA:5873,2024,SEX_M,78,8.053,0.00650782183130575
SGP,BA:5873,2024,SEX_M,79,3.144,0.0025407415668229575
SGP,BA:5873,2024,SEX_M,80,24.475,0.01977883264885238
SGP,BA:5873,2024,SEX_M,81,24.07,0.019451542466103238
SGP,BA:5873,2024,SEX_M,82,8.836,0.007140582851287421
SGP,BA:5873,2024,SEX_M,84,109.813,0.08874251071168239
SGP,BA:5873,2024,SEX_M,85,50.412,0.04073914245123376
SGP,BA:5873,2024,SEX_M,86,29.589,0.0239115783144798
SGP,BA:5873,2024,SEX_M,87,1.634,0.001320474465708878
SGP,BA:5873,2024,SEX_M,88,7.593,0.006136084833615368
SGP,BA:5873,2024,SEX_M,90,0.879,7.103409151518383e-4
SGP,BA:5873,2024,SEX_M,91,2.314,0.001869998723164225
SGP,BA:5873,2024,SEX_M,92,6.364,0.00514290055065563
SGP,BA:5873,2024,SEX_M,93,8.85,0.007151896585999737
SGP,BA:5873,2024,SEX_M,94,9.035,0.007301399508983912
SGP,BA:5873,2024,SEX_M,95,7.463,0.006031028725572434
SGP,BA:5873,2024,SEX_M,96,12.097,0.00977587491534902
SGP,BA:5873,2024,SEX_M,97,0.309,2.4971028757897386e-4
SLV,BX:461,2024,SEX_F,1,52.294,0.04297168063201091
SLV,BX:461,2024,SEX_F,2,0.754,6.195863234125565e-4
SLV,BX:461,2024,SEX_F,3,0.67,5.505607913612903e-4
SLV,BX:461,2024,SEX_F,10,96.013,0.07889700486712173
SLV,BX:461,2024,SEX_F,11,1.929,0.001585122039605864
SLV,BX:461,2024,SEX_F,13,13.629,0.011199392575317947
SLV,BX:461,2024,SEX_F,14,53.468,0.0439363946156798
SLV,BX:461,2024,SEX_F,15,1.285,0.0010559262938794893
SLV,BX:461,2024,SEX_F,16,1.457,0.0011972642880797013
SLV,BX:461,2024,SEX_F,17,2.231,0.0018332852619806542
SLV,BX:461,2024,SEX_F,18,2.161,0.001775763985271266
SLV,BX:461,2024,SEX_F,20,0.674,5.538477214589696e-4
SLV,BX:461,2024,SEX_F,21,3.494,0.0028711334403229076
SLV,BX:461,2024,SEX_F,22,1.722,0.0014150234070509577
SLV,BX:461,2024,SEX_F,23,3.094,0.0025424404305549727
SLV,BX:461,2024,SEX_F,25,0.994,8.168021292733171e-4
SLV,BX:461,2024,SEX_F,26,1.215,9.98405017170101e-4
SLV,BX:461,2024,SEX_F,31,0.812,6.67246809828907e-4
SLV,BX:461,2024,SEX_F,32,2.156,0.0017716553226491667
SLV,BX:461,2024,SEX_F,33,0.653,5.36591338446153e-4
SLV,BX:461,2024,SEX_F,35,0.851,6.992943782812805e-4
SLV,BX:461,2024,SEX_F,36,1.75,0.0014380319177347133
SLV,BX:461,2024,SEX_F,38,1.377,0.0011315256861261142
SLV,BX:461,2024,SEX_F,41,3.823,0.0031414834408570336
SLV,BX:461,2024,SEX_F,42,1.862,0.001530065960469735
SLV,BX:461,2024,SEX_F,43,2.003,0.0016459302464129318
SLV,BX:461,2024,SEX_F,45,8.373,0.006880366426967288
SLV,BX:461,2024,SEX_F,46,31.932,0.026239562969774206
SLV,BX:461,2024,SEX_F,47,316.334,0.25994193637982443
SLV,BX:461,2024,SEX_F,49,3.201,0.0026303658106678956
SLV,BX:461,2024,SEX_F,52,2.696,0.0022153908858358784
SLV,BX:461,2024,SEX_F,53,1.547,0.0012712202152774864
SLV,BX:461,2024,SEX_F,55,3.147,0.002585992254349224
SLV,BX:461,2024,SEX_F,56,162.653,0.1336572602944596
SLV,BX:461,2024,SEX_F,58,0.848,6.96829180708021e-4
SLV,BX:461,2024,SEX_F,60,0.803,6.598512171091285e-4
SLV,BX:461,2024,SEX_F,61,8.803,0.007233711412467818
SLV,BX:461,2024,SEX_F,62,0.558,4.585267486262686e-4
SLV,BX:461,2024,SEX_F,63,1.377,0.0011315256861261142
SLV,BX:461,2024,SEX_F,64,23.424,0.01924826265201024
SLV,BX:461,2024,SEX_F,65,3.303,0.0027141825281587185
SLV,BX:461,2024,SEX_F,66,0.864,7.099769010987385e-4
SLV,BX:461,2024,SEX_F,68,2.693,0.002212925688262619
SLV,BX:461,2024,SEX_F,69,14.779,0.012144384978400757
SLV,BX:461,2024,SEX_F,71,1.931,0.0015867655046547036
SLV,BX:461,2024,SEX_F,73,4.003,0.003289395295252604
SLV,BX:461,2024,SEX_F,74,3.388,0.0027840297927344045
SLV,BX:461,2024,SEX_F,75,0.986,8.102282690779585e-4
SLV,BX:461,2024,SEX_F,79,1.703,0.001399410489086981
SLV,BX:461,2024,SEX_F,80,3.017,0.0024791670261746454
SLV,BX:461,2024,SEX_F,81,5.497,0.004517063686735839
SLV,BX:461,2024,SEX_F,82,18.24,0.01498840124541781
SLV,BX:461,2024,SEX_F,84,39.698,0.032621137754418654
SLV,BX:461,2024,SEX_F,85,53.618,0.04405965449434277
SLV,BX:461,2024,SEX_F,86,54.56,0.04483372653234626
SLV,BX:461,2024,SEX_F,87,2.129,0.0017494685444898312
SLV,BX:461,2024,SEX_F,88,1.981,0.0016278521308756954
SLV,BX:461,2024,SEX_F,92,1.79,0.0014709012187115067
SLV,BX:461,2024,SEX_F,93,1.832,0.0015054139847371399
SLV,BX:461,2024,SEX_F,94,6.141,0.005046259432462214
SLV,BX:461,2024,SEX_F,95,1.867,0.0015341746230918341
SLV,BX:461,2024,SEX_F,96,33.569,0.02758473911224948
SLV,BX:461,2024,SEX_F,97,141.285,0.11609847971265655
SLV,BX:461,2024,SEX_M,1,340.508,0.2045917604031414
SLV,BX:461,2024,SEX_M,2,1.44,8.652135485231583e-4
SLV,BX:461,2024,SEX_M,3,11.35,0.006819565122040172
SLV,BX:461,2024,SEX_M,8,1.12,6.729438710735677e-4
SLV,BX:461,2024,SEX_M,10,57.905,0.03479179897724548
SLV,BX:461,2024,SEX_M,11,9.306,0.005591442557330911
SLV,BX:461,2024,SEX_M,12,0.233,1.3999635889298326e-4
SLV,BX:461,2024,SEX_M,13,10.375,0.0062337434485609505
SLV,BX:461,2024,SEX_M,14,35.663,0.021427854709014857
SLV,BX:461,2024,SEX_M,15,5.981,0.003593640440081257
SLV,BX:461,2024,SEX_M,16,3.331,0.0020014071737018335
SLV,BX:461,2024,SEX_M,17,7.564,0.004544774500714701
SLV,BX:461,2024,SEX_M,18,6.009,0.0036104640368580963
SLV,BX:461,2024,SEX_M,20,2.018,0.0012125006534164815
SLV,BX:461,2024,SEX_M,21,2.036,0.0012233158227730211
SLV,BX:461,2024,SEX_M,22,3.865,0.0023222571979458384
SLV,BX:461,2024,SEX_M,23,8.991,0.00540217709359147
SLV,BX:461,2024,SEX_M,24,2.678,0.0016090568631562626
SLV,BX:461,2024,SEX_M,25,24.67,0.014822790445879388
SLV,BX:461,2024,SEX_M,26,1.324,7.955157904476818e-4
SLV,BX:461,2024,SEX_M,27,2.092,0.0012569630163266996
SLV,BX:461,2024,SEX_M,28,2.655,0.0015952374800895731
SLV,BX:461,2024,SEX_M,31,15.946,0.009581038364409919
SLV,BX:461,2024,SEX_M,32,3.344,0.0020092181293482232
SLV,BX:461,2024,SEX_M,33,14.775,0.008877451513492823
SLV,BX:461,2024,SEX_M,35,5.792,0.0034800811618375923
SLV,BX:461,2024,SEX_M,36,4.89,0.0029381210085265585
SLV,BX:461,2024,SEX_M,38,5.981,0.003593640440081257
SLV,BX:461,2024,SEX_M,41,170.388,0.10237639312900272
SLV,BX:461,2024,SEX_M,42,9.525,0.005723027117835475
SLV,BX:461,2024,SEX_M,43,50.489,0.03033594920235121
SLV,BX:461,2024,SEX_M,45,75.768,0.04552465287812685
SLV,BX:461,2024,SEX_M,46,43.457,0.026110823040396455
SLV,BX:461,2024,SEX_M,47,169.542,0.10186808016924535
SLV,BX:461,2024,SEX_M,49,99.54,0.05980788654166332
SLV,BX:461,2024,SEX_M,50,1.414,8.49591637230379e-4
SLV,BX:461,2024,SEX_M,51,1.402,8.423815243260195e-4
SLV,BX:461,2024,SEX_M,52,10.203,0.006130398496931795
SLV,BX:461,2024,SEX_M,53,4.982,0.002993398540793316
SLV,BX:461,2024,SEX_M,55,7.644,0.004592841920077099
SLV,BX:461,2024,SEX_M,56,50.183,0.03015209132329004
SLV,BX:461,2024,SEX_M,58,2.17,0.0013038287502050371
SLV,BX:461,2024,SEX_M,60,1.491,8.95856528366687e-4
SLV,BX:461,2024,SEX_M,61,12.354,0.007422811235038263
SLV,BX:461,2024,SEX_M,62,4.625,0.002778897681888616
SLV,BX:461,2024,SEX_M,63,0.751,4.5123289926450827e-4
SLV,BX:461,2024,SEX_M,64,16.566,0.0099535608644685
SLV,BX:461,2024,SEX_M,65,1.648,9.901888388653922e-4
SLV,BX:461,2024,SEX_M,66,4.466,0.002683363685905851
SLV,BX:461,2024,SEX_M,68,3.38,0.0020308484680613024
SLV,BX:461,2024,SEX_M,69,15.426,0.009268600138554335
SLV,BX:461,2024,SEX_M,70,0.942,5.659938629922328e-4
SLV,BX:461,2024,SEX_M,71,3.404,0.0020452686938700216
SLV,BX:461,2024,SEX_M,73,4.996,0.003001810339181736
SLV,BX:461,2024,SEX_M,74,4.285,0.002574611149598426
SLV,BX:461,2024,SEX_M,75,0.846,5.083129597573555e-4
SLV,BX:461,2024,SEX_M,77,2.357,0.001416186342964642
SLV,BX:461,2024,SEX_M,78,1.023,6.146621250966603e-4
SLV,BX:461,2024,SEX_M,79,3.39,0.002036856895481602
SLV,BX:461,2024,SEX_M,80,38.353,0.023044121685075483
SLV,BX:461,2024,SEX_M,81,8.135,0.004887855706413815
SLV,BX:461,2024,SEX_M,82,25.004,0.015023471921717399
SLV,BX:461,2024,SEX_M,84,95.918,0.05763163413003077
SLV,BX:461,2024,SEX_M,85,29.864,0.017943567647983057
SLV,BX:461,2024,SEX_M,86,30.526,0.018341325543206898
SLV,BX:461,2024,SEX_M,87,1.068,6.417000484880091e-4
SLV,BX:461,2024,SEX_M,90,1.965,0.0011806559880888933
SLV,BX:461,2024,SEX_M,91,0.939,5.641913347661428e-4
SLV,BX:461,2024,SEX_M,92,2.147,0.0012900093671383479
SLV,BX:461,2024,SEX_M,93,6.295,0.003782305061078668
SLV,BX:461,2024,SEX_M,94,13.863,0.008329482932761489
SLV,BX:461,2024,SEX_M,95,11.968,0.007190885936614694
SLV,BX:461,2024,SEX_M,96,13.411,0.008057902013363942
SLV,BX:461,2024,SEX_M,97,14.374,0.008636513573938805
SRB,BA:467,2019,SEX_F,1,168.758,0.13154077414798748
SRB,BA:467,2019,SEX_F,2,1.389,0.0010826754008198404
SRB,BA:467,2019,SEX_F,3,0.269,2.0967579756698133e-4
SRB,BA:467,2019,SEX_F,5,2.862,0.002230825771883645
SRB,BA:467,2019,SEX_F,7,0.406,3.164623561791614e-4
SRB,BA:467,2019,SEX_F,8,0.403,3.141239643847341e-4
SRB,BA:467,2019,SEX_F,9,0.209,1.629079616784353e-4
SRB,BA:467,2019,SEX_F,10,40.424,0.03150904996597641
SRB,BA:467,2019,SEX_F,11,3.012,0.0023477453616050103
SRB,BA:467,2019,SEX_F,12,0.537,4.185721312024869e-4
SRB,BA:467,2019,SEX_F,13,10.309,0.008035493669583681
SRB,BA:467,2019,SEX_F,14,31.235,0.024346555899645583
SRB,BA:467,2019,SEX_F,15,12.391,0.009658337574916229
SRB,BA:467,2019,SEX_F,16,3.98,0.0031022664472735526
SRB,BA:467,2019,SEX_F,17,2.775,0.0021630124098452534
SRB,BA:467,2019,SEX_F,18,5.102,0.003976824978389364
SRB,BA:467,2019,SEX_F,19,0.869,6.773541564524415e-4
SRB,BA:467,2019,SEX_F,20,5.291,0.004124143661438284
SRB,BA:467,2019,SEX_F,21,6.213,0.0048428094062589406
SRB,BA:467,2019,SEX_F,22,11.2,0.00872999603252859
SRB,BA:467,2019,SEX_F,23,2.49,0.00194086518937466
SRB,BA:467,2019,SEX_F,24,3.962,0.003088236096506989
SRB,BA:467,2019,SEX_F,25,11.135,0.008679330876982666
SRB,BA:467,2019,SEX_F,26,2.143,0.0016703912051525686
SRB,BA:467,2019,SEX_F,27,18.337,0.01429303011147114
SRB,BA:467,2019,SEX_F,28,3.699,0.002883237082528862
SRB,BA:467,2019,SEX_F,29,23.422,0.018256604203025415
SRB,BA:467,2019,SEX_F,31,5.225,0.004072699041960883
SRB,BA:467,2019,SEX_F,32,3.159,0.0024623265595319476
SRB,BA:467,2019,SEX_F,33,2.647,0.002063241026616355
SRB,BA:467,2019,SEX_F,35,8.727,0.006802381729989019
SRB,BA:467,2019,SEX_F,36,5.224,0.004071919578029407
SRB,BA:467,2019,SEX_F,38,5.295,0.004127261517164187
SRB,BA:467,2019,SEX_F,41,5.752,0.004483476533848611
SRB,BA:467,2019,SEX_F,42,2.592,0.002020370510385188
SRB,BA:467,2019,SEX_F,43,2.126,0.0016571403183174805
SRB,BA:467,2019,SEX_F,45,5.541,0.004319009644307225
SRB,BA:467,2019,SEX_F,46,24.921,0.019425020636307588
SRB,BA:467,2019,SEX_F,47,182.672,0.1423862352905413
SRB,BA:467,2019,SEX_F,49,13.703,0.010680994253012435
SRB,BA:467,2019,SEX_F,50,0.45,3.5075876916409516e-4
SRB,BA:467,2019,SEX_F,51,2.619,0.002041416036535034
SRB,BA:467,2019,SEX_F,52,6.747,0.005259043145667
SRB,BA:467,2019,SEX_F,53,8.387,0.006537363993287258
SRB,BA:467,2019,SEX_F,55,11.734,0.00914622977193665
SRB,BA:467,2019,SEX_F,56,40.278,0.03139524823198094
SRB,BA:467,2019,SEX_F,58,3.236,0.0025223452822555822
SRB,BA:467,2019,SEX_F,60,4.1,0.0031958021190506445
SRB,BA:467,2019,SEX_F,61,9.683,0.007547549248479852
SRB,BA:467,2019,SEX_F,62,9.656,0.007526503722330007
SRB,BA:467,2019,SEX_F,63,3.407,0.002655633614537938
SRB,BA:467,2019,SEX_F,64,20.406,0.0159057409856945
SRB,BA:467,2019,SEX_F,65,7.757,0.006046301716457524
SRB,BA:467,2019,SEX_F,66,1.918,0.0014950118205705211
SRB,BA:467,2019,SEX_F,68,2.209,0.0017218358246299695
SRB,BA:467,2019,SEX_F,69,20.433,0.015926786511844346
SRB,BA:467,2019,SEX_F,70,3.567,0.002780347843574061
SRB,BA:467,2019,SEX_F,71,8.025,0.00625519805009303
SRB,BA:467,2019,SEX_F,72,4.832,0.003766369716890906
SRB,BA:467,2019,SEX_F,73,5.38,0.004193515951339626
SRB,BA:467,2019,SEX_F,74,4.433,0.003455363608232075
SRB,BA:467,2019,SEX_F,75,1.091,8.503951492400618e-4
SRB,BA:467,2019,SEX_F,78,1.364,0.0010631888025329462
SRB,BA:467,2019,SEX_F,79,2.13,0.0016602581740433836
SRB,BA:467,2019,SEX_F,80,2.189,0.001706246546000454
SRB,BA:467,2019,SEX_F,81,13.018,0.010147061459951536
SRB,BA:467,2019,SEX_F,82,4.123,0.0032137297894745875
SRB,BA:467,2019,SEX_F,84,67.839,0.05287805364738456
SRB,BA:467,2019,SEX_F,85,135.057,0.10527206019332265
SRB,BA:467,2019,SEX_F,86,102.292,0.07973292447851917
SRB,BA:467,2019,SEX_F,87,13.281,0.010352060473929663
SRB,BA:467,2019,SEX_F,88,5.57,0.004341614098320022
SRB,BA:467,2019,SEX_F,90,4.85,0.0037804000676574696
SRB,BA:467,2019,SEX_F,91,3.273,0.0025511854477201857
SRB,BA:467,2019,SEX_F,92,5.112,0.003984619617704121
SRB,BA:467,2019,SEX_F,93,5.223,0.004071140114097931
SRB,BA:467,2019,SEX_F,94,5.545,0.004322127500033128
SRB,BA:467,2019,SEX_F,95,1.405,0.0010951468237234527
SRB,BA:467,2019,SEX_F,96,19.851,0.01547313850372545
SRB,BA:467,2019,SEX_F,97,10.019,0.00780944912945571
SRB,BA:467,2019,SEX_F,98,60.038,0.046797455517942094
SRB,BA:467,2019,SEX_M,1,264.612,0.16378031902909782
SRB,BA:467,2019,SEX_M,2,15.771,0.009761384258491306
SRB,BA:467,2019,SEX_M,3,1.947,0.0012050862438198321
SRB,BA:467,2019,SEX_M,5,14.785,0.009151104321970322
SRB,BA:467,2019,SEX_M,6,3.88,0.002401507255275269
SRB,BA:467,2019,SEX_M,7,5.708,0.003532939023997741
SRB,BA:467,2019,SEX_M,8,2.152,0.001331970003441335
SRB,BA:467,2019,SEX_M,9,0.378,2.339612738386731e-4
SRB,BA:467,2019,SEX_M,10,48.194,0.02982944346926194
SRB,BA:467,2019,SEX_M,11,7.838,0.004851292233723598
SRB,BA:467,2019,SEX_M,12,1.715,0.0010614909646384243
SRB,BA:467,2019,SEX_M,13,5.499,0.0034035794837006966
SRB,BA:467,2019,SEX_M,14,6.916,0.004280624788011279
SRB,BA:467,2019,SEX_M,15,5.783,0.0035793599116641446
SRB,BA:467,2019,SEX_M,16,14.698,0.009097256092277295
SRB,BA:467,2019,SEX_M,17,6.296,0.003896878783302344
SRB,BA:467,2019,SEX_M,18,7.22,0.004468784119352433
SRB,BA:467,2019,SEX_M,19,6.374,0.003945156506475403
SRB,BA:467,2019,SEX_M,20,9.373,0.005801373067962653
SRB,BA:467,2019,SEX_M,21,5.117,0.0031671424291864823
SRB,BA:467,2019,SEX_M,22,25.245,0.015625270788511385
SRB,BA:467,2019,SEX_M,23,14.597,0.009034742630219871
SRB,BA:467,2019,SEX_M,24,11.822,0.007317169786562945
SRB,BA:467,2019,SEX_M,25,47.551,0.02943146172566864
SRB,BA:467,2019,SEX_M,26,3.893,0.002409553542470779
SRB,BA:467,2019,SEX_M,27,18.523,0.011464721363263868
SRB,BA:467,2019,SEX_M,28,13.967,0.008644807173822083
SRB,BA:467,2019,SEX_M,29,29.785,0.018435281855251
SRB,BA:467,2019,SEX_M,30,4.335,0.002683127307118116
SRB,BA:467,2019,SEX_M,31,18.478,0.011436868830664026
SRB,BA:467,2019,SEX_M,32,2.772,0.0017157160081502692
SRB,BA:467,2019,SEX_M,33,15.876,0.00982637350122427
SRB,BA:467,2019,SEX_M,35,29.539,0.0182830213437052
SRB,BA:467,2019,SEX_M,36,15.665,0.009695776070589456
SRB,BA:467,2019,SEX_M,37,0.359,2.2220131562985092e-4
SRB,BA:467,2019,SEX_M,38,18.812,0.011643596517071742
SRB,BA:467,2019,SEX_M,41,57.001,0.035280493571635464
SRB,BA:467,2019,SEX_M,42,22.507,0.013930598916103216
SRB,BA:467,2019,SEX_M,43,48.926,0.030282511332886033
SRB,BA:467,2019,SEX_M,45,37.058,0.022936870068554358
SRB,BA:467,2019,SEX_M,46,45.128,0.027931757581459365
SRB,BA:467,2019,SEX_M,47,90.507,0.056018870400308965
SRB,BA:467,2019,SEX_M,49,89.01,0.05509230948248755
SRB,BA:467,2019,SEX_M,50,2.407,0.0014898010215071062
SRB,BA:467,2019,SEX_M,51,2.738,0.0016946718724081666
SRB,BA:467,2019,SEX_M,52,16.948,0.010489882722269396
SRB,BA:467,2019,SEX_M,53,13.98,0.008652853461017592
SRB,BA:467,2019,SEX_M,55,9.01,0.005576695971657261
SRB,BA:467,2019,SEX_M,56,44.189,0.027350568067875995
SRB,BA:467,2019,SEX_M,58,3.674,0.002274004550484881
SRB,BA:467,2019,SEX_M,59,1.99,0.0012317008860819034
SRB,BA:467,2019,SEX_M,60,5.042,0.0031207215415200787
SRB,BA:467,2019,SEX_M,61,14.092,0.008722175319932756
SRB,BA:467,2019,SEX_M,62,21.422,0.01325904340786258
SRB,BA:467,2019,SEX_M,63,1.97,0.0012193219827041958
SRB,BA:467,2019,SEX_M,64,10.889,0.006739693943992887
SRB,BA:467,2019,SEX_M,65,4.882,0.0030216903144984182
SRB,BA:467,2019,SEX_M,66,0.838,5.186760515259473e-4
SRB,BA:467,2019,SEX_M,68,2.694,0.0016674382849772098
SRB,BA:467,2019,SEX_M,69,11.209,0.006937756398036209
SRB,BA:467,2019,SEX_M,70,4.128,0.002555005657158843
SRB,BA:467,2019,SEX_M,71,16.144,0.009992250806485551
SRB,BA:467,2019,SEX_M,72,4.027,0.0024924921951014196
SRB,BA:467,2019,SEX_M,73,3.274,0.0020264264829307297
SRB,BA:467,2019,SEX_M,74,4.756,0.0029437032232188607
SRB,BA:467,2019,SEX_M,75,3.987,0.0024677343883460043
SRB,BA:467,2019,SEX_M,77,0.747,4.623520411573778e-4
SRB,BA:467,2019,SEX_M,78,0.545,3.3732511704253135e-4
SRB,BA:467,2019,SEX_M,79,1.911,0.0011828042177399584
SRB,BA:467,2019,SEX_M,80,11.238,0.006955705807933884
SRB,BA:467,2019,SEX_M,81,13.216,0.008179979351989162
SRB,BA:467,2019,SEX_M,82,2.443,0.00151208304758698
SRB,BA:467,2019,SEX_M,84,84.417,0.052249494321797006
SRB,BA:467,2019,SEX_M,85,47.951,0.02967903979322279
SRB,BA:467,2019,SEX_M,86,31.78,0.019670077467177333
SRB,BA:467,2019,SEX_M,87,3.716,0.002300000247578067
SRB,BA:467,2019,SEX_M,88,2.151,0.0013313510582724493
SRB,BA:467,2019,SEX_M,90,9.635,0.005963536702210622
SRB,BA:467,2019,SEX_M,91,2.819,0.0017448064310878822
SRB,BA:467,2019,SEX_M,92,5.333,0.003300834585665724
SRB,BA:467,2019,SEX_M,93,11.349,0.007024408721680162
SRB,BA:467,2019,SEX_M,94,5.188,0.003211087536177344
SRB,BA:467,2019,SEX_M,95,9.416,0.005827987710224725
SRB,BA:467,2019,SEX_M,96,9.27,0.0057376217155674595
SRB,BA:467,2019,SEX_M,97,2.151,0.0013313510582724493
SRB,BA:467,2019,SEX_M,98,59.947,0.03710390603917179
SRB,BA:467,2019,SEX_M,99,0.527,3.2618410400259455e-4
SVK,BA:398,2023,SEX_F,1,12.919,0.013956106161039138
SVK,BA:398,2023,SEX_F,2,2.493,0.00269313202720571
SVK,BA:398,2023,SEX_F,3,0.142,1.5339941751432444e-4
SVK,BA:398,2023,SEX_F,5,0.535,5.779485096490393e-4
SVK,BA:398,2023,SEX_F,8,0.953,0.0010295045414869801
SVK,BA:398,2023,SEX_F,10,16.858,0.01821131958067945
SVK,BA:398,2023,SEX_F,11,1.556,0.0016809119271287947
SVK,BA:398,2023,SEX_F,13,3.341,0.003609207421939141
SVK,BA:398,2023,SEX_F,14,7.029,0.00759327116695906
SVK,BA:398,2023,SEX_F,15,3.56,0.0038457882137394018
SVK,BA:398,2023,SEX_F,16,2.684,0.002899465046538358
SVK,BA:398,2023,SEX_F,17,2.713,0.0029307930965941
SVK,BA:398,2023,SEX_F,18,1.824,0.0019704263207473787
SVK,BA:398,2023,SEX_F,19,1.416,0.0015296730647907282
SVK,BA:398,2023,SEX_F,20,4.368,0.004718652504947671
SVK,BA:398,2023,SEX_F,21,1.538,0.0016614669305424718
SVK,BA:398,2023,SEX_F,22,10.099,0.01090972336251523
SVK,BA:398,2023,SEX_F,23,3.902,0.004215243148879535
SVK,BA:398,2023,SEX_F,24,3.942,0.004258454252404697
SVK,BA:398,2023,SEX_F,25,9.663,0.010438722334090966
SVK,BA:398,2023,SEX_F,26,8.903,0.009617711367112891
SVK,BA:398,2023,SEX_F,27,8.858,0.009569098875647084
SVK,BA:398,2023,SEX_F,28,11.153,0.012048335940403243
SVK,BA:398,2023,SEX_F,29,31.567,0.03410112262446958
SVK,BA:398,2023,SEX_F,30,2.125,0.0022955898747742216
SVK,BA:398,2023,SEX_F,31,5.426,0.0058615861931882
SVK,BA:398,2023,SEX_F,32,4.784,0.005168047981609353
SVK,BA:398,2023,SEX_F,33,0.987,0.0010662339794833679
SVK,BA:398,2023,SEX_F,35,6.858,0.007408543699388993
SVK,BA:398,2023,SEX_F,36,1.471,0.001589088332137826
SVK,BA:398,2023,SEX_F,38,1.234,0.001333062543751242
SVK,BA:398,2023,SEX_F,41,7.646,0.00825980243883468
SVK,BA:398,2023,SEX_F,42,1.473,0.001591248887314084
SVK,BA:398,2023,SEX_F,43,9.439,0.01019674015435006
SVK,BA:398,2023,SEX_F,45,3.504,0.0037852926688041752
SVK,BA:398,2023,SEX_F,46,23.748,0.025654432162888572
SVK,BA:398,2023,SEX_F,47,120.356,0.13001788939685938
SVK,BA:398,2023,SEX_F,49,13.174,0.014231576946012044
SVK,BA:398,2023,SEX_F,51,0.386,4.1698714901781156e-4
SVK,BA:398,2023,SEX_F,52,8.664,0.00935952502355005
SVK,BA:398,2023,SEX_F,53,9.493,0.010255075144109027
SVK,BA:398,2023,SEX_F,55,12.967,0.014007959485269332
SVK,BA:398,2023,SEX_F,56,37.31,0.040305156813094684
SVK,BA:398,2023,SEX_F,58,1.597,0.0017252033082420855
SVK,BA:398,2023,SEX_F,59,0.419,4.5263630942607e-4
SVK,BA:398,2023,SEX_F,60,0.926,0.001000337046607496
SVK,BA:398,2023,SEX_F,61,4.83,0.0052177407506632896
SVK,BA:398,2023,SEX_F,62,11.149,0.012044014830050727
SVK,BA:398,2023,SEX_F,63,0.548,5.91992118294717e-4
SVK,BA:398,2023,SEX_F,64,20.824,0.022495700495199243
SVK,BA:398,2023,SEX_F,65,4.262,0.004604143080605991
SVK,BA:398,2023,SEX_F,66,9.341,0.010090872950713412
SVK,BA:398,2023,SEX_F,68,8.155,0.008809663731192364
SVK,BA:398,2023,SEX_F,69,26.713,0.02885745521169119
SVK,BA:398,2023,SEX_F,70,1.325,0.0014313678042709851
SVK,BA:398,2023,SEX_F,71,2.272,0.002454390680229191
SVK,BA:398,2023,SEX_F,72,3.747,0.004047800122719533
SVK,BA:398,2023,SEX_F,73,4.014,0.004336234238749988
SVK,BA:398,2023,SEX_F,74,5.124,0.005535342361573228
SVK,BA:398,2023,SEX_F,75,1.791,0.0019347771603391202
SVK,BA:398,2023,SEX_F,77,1.461,0.0015782855562565354
SVK,BA:398,2023,SEX_F,78,1.356,0.0014648564095029856
SVK,BA:398,2023,SEX_F,79,2.169,0.0023431220886518996
SVK,BA:398,2023,SEX_F,80,1.301,0.001405441142155888
SVK,BA:398,2023,SEX_F,81,5.354,0.005783806206842909
SVK,BA:398,2023,SEX_F,82,6.068,0.006555124404767047
SVK,BA:398,2023,SEX_F,84,89.421,0.09659950220808737
SVK,BA:398,2023,SEX_F,85,130.681,0.14117175549429178
SVK,BA:398,2023,SEX_F,86,77.459,0.08367722169888774
SVK,BA:398,2023,SEX_F,87,24.284,0.02623346095012574
SVK,BA:398,2023,SEX_F,88,21.673,0.0234128561675208
SVK,BA:398,2023,SEX_F,90,2.597,0.002805480896371131
SVK,BA:398,2023,SEX_F,91,3.902,0.004215243148879535
SVK,BA:398,2023,SEX_F,92,1.682,0.0018170269032330543
SVK,BA:398,2023,SEX_F,93,4.184,0.004519881428731926
SVK,BA:398,2023,SEX_F,94,2.027,0.002189722671137575
SVK,BA:398,2023,SEX_F,95,0.34,3.6729437996387546e-4
SVK,BA:398,2023,SEX_F,96,17.616,0.019030169992481263
SVK,BA:398,2023,SEX_F,97,1.331,0.0014378494697997594
SVK,BA:398,2023,SEX_F,99,0.684,7.389098702802671e-4
SVK,BA:398,2023,SEX_M,1,28.55,0.027120917494464186
SVK,BA:398,2023,SEX_M,2,17.23,0.016367544953751943
SVK,BA:398,2023,SEX_M,5,1.165,0.0011066854249054564
SVK,BA:398,2023,SEX_M,6,0.478,4.5407350481099405e-4
SVK,BA:398,2023,SEX_M,8,3.279,0.0031148682474377606
SVK,BA:398,2023,SEX_M,9,0.135,1.2824251704913014e-4
SVK,BA:398,2023,SEX_M,10,16.214,0.015402401269885894
SVK,BA:398,2023,SEX_M,11,5.556,0.005277892034999756
SVK,BA:398,2023,SEX_M,13,2.208,0.0020974776121813286
SVK,BA:398,2023,SEX_M,14,2.015,0.001914138310029609
SVK,BA:398,2023,SEX_M,15,1.83,0.001738398564443764
SVK,BA:398,2023,SEX_M,16,12.59,0.011959802145544802
SVK,BA:398,2023,SEX_M,17,5.687,0.005402334773765949
SVK,BA:398,2023,SEX_M,18,3.832,0.003640187595053827
SVK,BA:398,2023,SEX_M,19,4.05,0.003847275511473904
SVK,BA:398,2023,SEX_M,20,5.466,0.005192397023633669
SVK,BA:398,2023,SEX_M,21,1.414,0.0013432216230182962
SVK,BA:398,2023,SEX_M,22,13.58,0.012900247270571756
SVK,BA:398,2023,SEX_M,23,10.289,0.009773979688285184
SVK,BA:398,2023,SEX_M,24,12.902,0.012256184851613902
SVK,BA:398,2023,SEX_M,25,41.182,0.039120617311979834
SVK,BA:398,2023,SEX_M,26,8.914,0.008467805903525525
SVK,BA:398,2023,SEX_M,27,11.559,0.010980409293117742
SVK,BA:398,2023,SEX_M,28,34.749,0.033009623888446096
SVK,BA:398,2023,SEX_M,29,65.023,0.061768245822856206
SVK,BA:398,2023,SEX_M,30,5.617,0.0053358386538145475
SVK,BA:398,2023,SEX_M,31,8.238,0.00782564337370914
SVK,BA:398,2023,SEX_M,32,3.59,0.003410301008936127
SVK,BA:398,2023,SEX_M,33,10.297,0.00978157924485106
SVK,BA:398,2023,SEX_M,35,14.905,0.0141589238267947
SVK,BA:398,2023,SEX_M,36,10.463,0.009939270043592952
SVK,BA:398,2023,SEX_M,37,2.31,0.0021943719583962266
SVK,BA:398,2023,SEX_M,38,8.418,0.007996633396441313
SVK,BA:398,2023,SEX_M,41,63.732,0.060541867382038234
SVK,BA:398,2023,SEX_M,42,16.85,0.01600656601687291
SVK,BA:398,2023,SEX_M,43,99.951,0.09494790978946374
SVK,BA:398,2023,SEX_M,45,30.432,0.028908713176586134
SVK,BA:398,2023,SEX_M,46,28.041,0.02663739570796043
SVK,BA:398,2023,SEX_M,47,43.122,0.04096350977920436
SVK,BA:398,2023,SEX_M,49,66.028,0.06272294011644418
SVK,BA:398,2023,SEX_M,50,1.23,0.0011684318220031855
SVK,BA:398,2023,SEX_M,51,0.427,4.056263317035449e-4
SVK,BA:398,2023,SEX_M,52,17.786,0.016895714135080214
SVK,BA:398,2023,SEX_M,53,6.893,0.006547967926071511
SVK,BA:398,2023,SEX_M,55,7.135,0.006777854512189211
SVK,BA:398,2023,SEX_M,56,21.444,0.02037061137482627
SVK,BA:398,2023,SEX_M,58,1.883,0.0017887456266926817
SVK,BA:398,2023,SEX_M,59,0.97,9.214462336122683e-4
SVK,BA:398,2023,SEX_M,60,0.995,9.451948478806257e-4
SVK,BA:398,2023,SEX_M,61,7.694,0.007308873527229683
SVK,BA:398,2023,SEX_M,62,38.052,0.03614729080558148
SVK,BA:398,2023,SEX_M,63,4.032,0.0038301765092006866
SVK,BA:398,2023,SEX_M,64,14.514,0.01378749549963759
SVK,BA:398,2023,SEX_M,65,1.249,0.0011864807688471374
SVK,BA:398,2023,SEX_M,66,5.423,0.0051515494070920945
SVK,BA:398,2023,SEX_M,68,7.708,0.007322172751219963
SVK,BA:398,2023,SEX_M,69,7.888,0.007493162773952137
SVK,BA:398,2023,SEX_M,70,2.817,0.0026759938557585155
SVK,BA:398,2023,SEX_M,71,6.076,0.00577186321178159
SVK,BA:398,2023,SEX_M,72,2.764,0.0026256467935095976
SVK,BA:398,2023,SEX_M,73,4.845,0.00460248144520767
SVK,BA:398,2023,SEX_M,74,2.024,0.0019226878111662177
SVK,BA:398,2023,SEX_M,75,0.18,1.709900227321735e-4
SVK,BA:398,2023,SEX_M,77,1.224,0.0011627321545787798
SVK,BA:398,2023,SEX_M,79,0.513,4.873215647866945e-4
SVK,BA:398,2023,SEX_M,80,10.944,0.01039619338211615
SVK,BA:398,2023,SEX_M,81,5.488,0.005213295804189824
SVK,BA:398,2023,SEX_M,82,2.487,0.0023625121474161975
SVK,BA:398,2023,SEX_M,84,69.876,0.06637832682462975
SVK,BA:398,2023,SEX_M,85,27.22,0.02585749121538757
SVK,BA:398,2023,SEX_M,86,20.66,0.01962585483137058
SVK,BA:398,2023,SEX_M,87,3.889,0.0036943344355856817
SVK,BA:398,2023,SEX_M,88,3.269,0.003105368801730418
SVK,BA:398,2023,SEX_M,90,2.958,0.0028099360402320515
SVK,BA:398,2023,SEX_M,91,1.846,0.0017535976775755128
SVK,BA:398,2023,SEX_M,92,1.824,0.0017326988970193583
SVK,BA:398,2023,SEX_M,93,5.889,0.0055942235770542765
SVK,BA:398,2023,SEX_M,94,2.518,0.0023919604291089604
SVK,BA:398,2023,SEX_M,95,2.788,0.0026484454632072205
SVK,BA:398,2023,SEX_M,96,3.38,0.0032108126490819244
SVN,BA:446,2024,SEX_F,1,13.479,0.030380140552382574
SVN,BA:446,2024,SEX_F,10,10.998,0.02478824733252493
SVN,BA:446,2024,SEX_F,13,1.9,0.00428238497288574
SVN,BA:446,2024,SEX_F,14,2.248,0.005066737588972182
SVN,BA:446,2024,SEX_F,15,1.012,0.0022809334697686152
SVN,BA:446,2024,SEX_F,16,3.745,0.008440806170240577
SVN,BA:446,2024,SEX_F,17,1.372,0.0030923327277890718
SVN,BA:446,2024,SEX_F,18,1.858,0.004187721726116688
SVN,BA:446,2024,SEX_F,20,2.301,0.005186193590847416
SVN,BA:446,2024,SEX_F,21,6.907,0.015567596319853584
SVN,BA:446,2024,SEX_F,22,5.478,0.01234679204287794
SVN,BA:446,2024,SEX_F,23,1.605,0.003617488358674533
SVN,BA:446,2024,SEX_F,24,1.872,0.0042192761417063716
SVN,BA:446,2024,SEX_F,25,7.237,0.016311378973039
SVN,BA:446,2024,SEX_F,26,3.673,0.008278526318636487
SVN,BA:446,2024,SEX_F,27,10.599,0.02388894648821893
SVN,BA:446,2024,SEX_F,28,3.079,0.006939717542902735
SVN,BA:446,2024,SEX_F,29,4.421,0.009964433665856767
SVN,BA:446,2024,SEX_F,31,1.939,0.00437028655917129
SVN,BA:446,2024,SEX_F,32,1.574,0.0035476178670116607
SVN,BA:446,2024,SEX_F,35,1.868,0.004210260594395034
SVN,BA:446,2024,SEX_F,38,1.366,0.003078809406822064
SVN,BA:446,2024,SEX_F,41,1.498,0.0033763224680962312
SVN,BA:446,2024,SEX_F,43,3.488,0.007861557255487086
SVN,BA:446,2024,SEX_F,45,3.013,0.00679096101226565
SVN,BA:446,2024,SEX_F,46,16.5,0.0371891326592709
SVN,BA:446,2024,SEX_F,47,40.448,0.0911652144122539
SVN,BA:446,2024,SEX_F,49,3.199,0.007210183962242885
SVN,BA:446,2024,SEX_F,52,3.203,0.007219199509554224
SVN,BA:446,2024,SEX_F,53,3.479,0.007841272274036575
SVN,BA:446,2024,SEX_F,55,8.609,0.019403711700828073
SVN,BA:446,2024,SEX_F,56,15.38,0.034664779412096156
SVN,BA:446,2024,SEX_F,58,1.468,0.003308705863261193
SVN,BA:446,2024,SEX_F,61,1.261,0.0028421512898994306
SVN,BA:446,2024,SEX_F,62,5.356,0.012071817849882118
SVN,BA:446,2024,SEX_F,63,1.342,0.0030247161229540334
SVN,BA:446,2024,SEX_F,64,6.74,0.015191197219605206
SVN,BA:446,2024,SEX_F,65,3.419,0.007706039064366498
SVN,BA:446,2024,SEX_F,66,1.252,0.0028218663084489193
SVN,BA:446,2024,SEX_F,68,1.774,0.003998395232578581
SVN,BA:446,2024,SEX_F,69,9.097,0.020503608472811356
SVN,BA:446,2024,SEX_F,70,4.92,0.011089123192946233
SVN,BA:446,2024,SEX_F,71,4.534,0.010219122877402077
SVN,BA:446,2024,SEX_F,72,4.781,0.010775832923877222
SVN,BA:446,2024,SEX_F,73,1.965,0.00442888761669499
SVN,BA:446,2024,SEX_F,74,2.783,0.006272567041863692
SVN,BA:446,2024,SEX_F,78,4.06,0.009150780521008477
SVN,BA:446,2024,SEX_F,79,1.625,0.003662566095231225
SVN,BA:446,2024,SEX_F,81,8.38,0.01888757161725395
SVN,BA:446,2024,SEX_F,82,2.476,0.00558062378571847
SVN,BA:446,2024,SEX_F,84,30.787,0.06939041376854384
SVN,BA:446,2024,SEX_F,85,69.309,0.1562146421503883
SVN,BA:446,2024,SEX_F,86,38.252,0.08621567893832913
SVN,BA:446,2024,SEX_F,87,16.523,0.0372409720563111
SVN,BA:446,2024,SEX_F,88,9.995,0.02252759884420683
SVN,BA:446,2024,SEX_F,90,3.845,0.008666194853024039
SVN,BA:446,2024,SEX_F,91,2.66,0.005995338962040037
SVN,BA:446,2024,SEX_F,93,2.589,0.00583531299726378
SVN,BA:446,2024,SEX_F,94,5.152,0.01161202493700386
SVN,BA:446,2024,SEX_F,96,7.985,0.017997286320259282
SVN,BA:446,2024,SEX_M,1,21.639,0.04039802481120893
SVN,BA:446,2024,SEX_M,2,2.186,0.004081061150575476
SVN,BA:446,2024,SEX_M,5,1.18,0.0022029515817379055
SVN,BA:446,2024,SEX_M,10,10.796,0.02015514006478172
SVN,BA:446,2024,SEX_M,11,1.178,0.002199217765497672
SVN,BA:446,2024,SEX_M,13,1.849,0.003451913114096091
SVN,BA:446,2024,SEX_M,16,7.503,0.01400741162523687
SVN,BA:446,2024,SEX_M,17,2.662,0.0049697094157511055
SVN,BA:446,2024,SEX_M,18,3.153,0.005886361302728489
SVN,BA:446,2024,SEX_M,20,6.19,0.011556161263523422
SVN,BA:446,2024,SEX_M,21,4.709,0.008791270337630337
SVN,BA:446,2024,SEX_M,22,12.626,0.023571581924595592
SVN,BA:446,2024,SEX_M,23,5.268,0.009834871976775668
SVN,BA:446,2024,SEX_M,24,6.303,0.011767121881096626
SVN,BA:446,2024,SEX_M,25,27.421,0.05119248756172467
SVN,BA:446,2024,SEX_M,26,4.193,0.007827945747650032
SVN,BA:446,2024,SEX_M,27,16.087,0.030032950928320076
SVN,BA:446,2024,SEX_M,28,16.176,0.030199105751010476
SVN,BA:446,2024,SEX_M,29,10.583,0.01975748863519683
SVN,BA:446,2024,SEX_M,31,5.143,0.009601508461761058
SVN,BA:446,2024,SEX_M,32,3.049,0.005692202858236335
SVN,BA:446,2024,SEX_M,33,7.279,0.01358922420633069
SVN,BA:446,2024,SEX_M,35,7.255,0.013544418411447887
SVN,BA:446,2024,SEX_M,36,4.636,0.008654986044861807
SVN,BA:446,2024,SEX_M,37,1.148,0.002143210521894166
SVN,BA:446,2024,SEX_M,38,5.844,0.010910211053962985
SVN,BA:446,2024,SEX_M,41,11.003,0.020541590045645913
SVN,BA:446,2024,SEX_M,42,8.928,0.01666775569640341
SVN,BA:446,2024,SEX_M,43,38.489,0.07185542663517817
SVN,BA:446,2024,SEX_M,45,14.469,0.02701229358997098
SVN,BA:446,2024,SEX_M,46,28.366,0.05295671573523512
SVN,BA:446,2024,SEX_M,47,20.698,0.038641264270178964
SVN,BA:446,2024,SEX_M,49,25.298,0.04722904162271656
SVN,BA:446,2024,SEX_M,52,8.99,0.016783503999850655
SVN,BA:446,2024,SEX_M,53,5.329,0.009948753372102796
SVN,BA:446,2024,SEX_M,55,5.794,0.01081686564795714
SVN,BA:446,2024,SEX_M,56,12.746,0.02379561089900962
SVN,BA:446,2024,SEX_M,59,1.713,0.003198013609760197
SVN,BA:446,2024,SEX_M,60,1.061,0.0019807895154439984
SVN,BA:446,2024,SEX_M,61,3.764,0.0070270421641198955
SVN,BA:446,2024,SEX_M,62,15.555,0.029039755808417902
SVN,BA:446,2024,SEX_M,63,1.258,0.0023485704151070216
SVN,BA:446,2024,SEX_M,64,5.296,0.009887145404138941
SVN,BA:446,2024,SEX_M,65,1.705,0.0031830783447992623
SVN,BA:446,2024,SEX_M,68,3.224,0.006018911779256787
SVN,BA:446,2024,SEX_M,69,3.159,0.00589756275144919
SVN,BA:446,2024,SEX_M,70,7.985,0.014907261339133202
SVN,BA:446,2024,SEX_M,71,12.065,0.022524246469210026
SVN,BA:446,2024,SEX_M,72,5.479,0.010228789590120328
SVN,BA:446,2024,SEX_M,73,2.064,0.0038532983599212185
SVN,BA:446,2024,SEX_M,74,3.031,0.005658598512074231
SVN,BA:446,2024,SEX_M,78,5.824,0.010872872891560647
SVN,BA:446,2024,SEX_M,79,1.061,0.0019807895154439984
SVN,BA:446,2024,SEX_M,80,3.905,0.007290276209056375
SVN,BA:446,2024,SEX_M,81,4.885,0.009119846166770907
SVN,BA:446,2024,SEX_M,82,1.804,0.003367902248690832
SVN,BA:446,2024,SEX_M,84,24.078,0.04495141371617398
SVN,BA:446,2024,SEX_M,85,17.289,0.03227697448870056
SVN,BA:446,2024,SEX_M,86,12.498,0.02333261768522063
SVN,BA:446,2024,SEX_M,87,1.652,0.003084132214433068
SVN,BA:446,2024,SEX_M,88,2.903,0.005419634272699272
SVN,BA:446,2024,SEX_M,90,3.487,0.006509908614847524
SVN,BA:446,2024,SEX_M,91,1.935,0.003612467212426142
SVN,BA:446,2024,SEX_M,93,3.068,0.0057276741125185555
SVN,BA:446,2024,SEX_M,94,3.084,0.005757544642440425
SVN,BA:446,2024,SEX_M,95,2.25,0.004200543270262956
SVN,BA:446,2024,SEX_M,96,2.397,0.004474978763920136
SWE,BA:2519,2024,SEX_F,1,16.255,0.00654592841641689
SWE,BA:2519,2024,SEX_F,2,6.512,0.0026223983911231492
SWE,BA:2519,2024,SEX_F,10,13.431,0.005408696681691495
SWE,BA:2519,2024,SEX_F,17,6.582,0.0026505875630179004
SWE,BA:2519,2024,SEX_F,20,4.235,0.0017054448996324536
SWE,BA:2519,2024,SEX_F,21,4.656,0.0018749826334566004
SWE,BA:2519,2024,SEX_F,22,4.367,0.0017586016237768416
SWE,BA:2519,2024,SEX_F,24,3.324,0.0013385829625450472
SWE,BA:2519,2024,SEX_F,25,10.102,0.0040681002068682515
SWE,BA:2519,2024,SEX_F,26,7.582,0.003053290018657205
SWE,BA:2519,2024,SEX_F,27,6.011,0.0024206444608478577
SWE,BA:2519,2024,SEX_F,28,12.875,0.005184794116356042
SWE,BA:2519,2024,SEX_F,29,19.719,0.007940889722751442
SWE,BA:2519,2024,SEX_F,30,4.391,0.001768266482712185
SWE,BA:2519,2024,SEX_F,32,7.297,0.002938519818800003
SWE,BA:2519,2024,SEX_F,35,10.135,0.004081389387904349
SWE,BA:2519,2024,SEX_F,38,4.529,0.001823839421590409
SWE,BA:2519,2024,SEX_F,41,9.075,0.003654524784926686
SWE,BA:2519,2024,SEX_F,42,6.917,0.0027854928856570673
SWE,BA:2519,2024,SEX_F,43,20.847,0.008395138092712575
SWE,BA:2519,2024,SEX_F,45,10.003,0.004028232663759961
SWE,BA:2519,2024,SEX_F,46,77.86,0.03135441319607623
SWE,BA:2519,2024,SEX_F,47,140.25,0.05647901940341242
SWE,BA:2519,2024,SEX_F,49,22.454,0.009042280938924938
SWE,BA:2519,2024,SEX_F,50,3.312,0.0013337505330773755
SWE,BA:2519,2024,SEX_F,52,19.499,0.007852295182510793
SWE,BA:2519,2024,SEX_F,53,6.655,0.0026799848422795697
SWE,BA:2519,2024,SEX_F,55,26.451,0.010651882654115237
SWE,BA:2519,2024,SEX_F,56,64.946,0.02615391368395025
SWE,BA:2519,2024,SEX_F,58,16.85,0.006785536377522277
SWE,BA:2519,2024,SEX_F,59,5.004,0.0020151230880190783
SWE,BA:2519,2024,SEX_F,60,3.766,0.0015165774479376198
SWE,BA:2519,2024,SEX_F,61,4.465,0.0017980664644294934
SWE,BA:2519,2024,SEX_F,62,49.522,0.019942631008169624
SWE,BA:2519,2024,SEX_F,63,4.769,0.0019204880109438421
SWE,BA:2519,2024,SEX_F,64,30.975,0.01247370856342745
SWE,BA:2519,2024,SEX_F,65,13.483,0.00542963720938474
SWE,BA:2519,2024,SEX_F,66,11.352,0.004571478276417382
SWE,BA:2519,2024,SEX_F,68,39.009,0.01570902009203362
SWE,BA:2519,2024,SEX_F,69,56.189,0.022627448279916865
SWE,BA:2519,2024,SEX_F,70,88.655,0.03570158620470252
SWE,BA:2519,2024,SEX_F,71,42.115,0.0169598139192493
SWE,BA:2519,2024,SEX_F,72,22.789,0.009177186261564106
SWE,BA:2519,2024,SEX_F,73,10.816,0.004355629760194715
SWE,BA:2519,2024,SEX_F,74,18.676,0.0075208710615196454
SWE,BA:2519,2024,SEX_F,75,10.147,0.00408622181737202
SWE,BA:2519,2024,SEX_F,77,4.399,0.0017714881023572994
SWE,BA:2519,2024,SEX_F,78,34.836,0.014028542744650803
SWE,BA:2519,2024,SEX_F,79,6.056,0.0024387660713516266
SWE,BA:2519,2024,SEX_F,80,5.899,0.002375541785816256
SWE,BA:2519,2024,SEX_F,81,38.74,0.015600693131466647
SWE,BA:2519,2024,SEX_F,82,14.382,0.005791666717004474
SWE,BA:2519,2024,SEX_F,84,256.506,0.10329559608621536
SWE,BA:2519,2024,SEX_F,85,409.588,0.16494209340039137
SWE,BA:2519,2024,SEX_F,86,292.524,0.11780013313343184
SWE,BA:2519,2024,SEX_F,87,155.922,0.0627901722881916
SWE,BA:2519,2024,SEX_F,88,137.147,0.05522943368356366
SWE,BA:2519,2024,SEX_F,90,19.944,0.008031497775270284
SWE,BA:2519,2024,SEX_F,91,16.891,0.006802047178203487
SWE,BA:2519,2024,SEX_F,93,36.43,0.014670450458939853
SWE,BA:2519,2024,SEX_F,94,41.006,0.01651321689594531
SWE,BA:2519,2024,SEX_F,96,34.099,0.013731751034844634
SWE,BA:2519,2024,SEX_M,1,44.052,0.016003754989820547
SWE,BA:2519,2024,SEX_M,2,28.292,0.010278267415145804
SWE,BA:2519,2024,SEX_M,7,5.067,0.0018408023820353382
SWE,BA:2519,2024,SEX_M,10,25.328,0.009201468863665095
SWE,BA:2519,2024,SEX_M,11,3.947,0.00143391494018028
SWE,BA:2519,2024,SEX_M,16,22.248,0.008082528398563688
SWE,BA:2519,2024,SEX_M,17,16.806,0.006105491381978664
SWE,BA:2519,2024,SEX_M,18,5.388,0.001957419229209868
SWE,BA:2519,2024,SEX_M,20,11.283,0.0040990276843309095
SWE,BA:2519,2024,SEX_M,21,8.5,0.0030879850497928505
SWE,BA:2519,2024,SEX_M,22,11.661,0.004236352195956992
SWE,BA:2519,2024,SEX_M,23,11.942,0.004338437348779555
SWE,BA:2519,2024,SEX_M,24,20.488,0.0074431338470771664
SWE,BA:2519,2024,SEX_M,25,45.406,0.016495652843634606
SWE,BA:2519,2024,SEX_M,26,20.928,0.007602982484948797
SWE,BA:2519,2024,SEX_M,27,21.117,0.007671644740761838
SWE,BA:2519,2024,SEX_M,28,52.33,0.019011089135959985
SWE,BA:2519,2024,SEX_M,29,49.995,0.018162801478163945
SWE,BA:2519,2024,SEX_M,30,13.057,0.0047435083288406175
SWE,BA:2519,2024,SEX_M,31,6.671,0.002423523325549189
SWE,BA:2519,2024,SEX_M,32,6.594,0.002395549813921654
SWE,BA:2519,2024,SEX_M,33,20.296,0.007373381714187728
SWE,BA:2519,2024,SEX_M,35,20.451,0.007429692029801599
SWE,BA:2519,2024,SEX_M,36,3.454,0.0012548118072922949
SWE,BA:2519,2024,SEX_M,37,5.5,0.0019981079733953737
SWE,BA:2519,2024,SEX_M,38,12.943,0.004702092999937513
SWE,BA:2519,2024,SEX_M,41,61.218,0.02224003162096691
SWE,BA:2519,2024,SEX_M,42,30.012,0.010903130272280357
SWE,BA:2519,2024,SEX_M,43,196.963,0.07155515286615872
SWE,BA:2519,2024,SEX_M,45,62.924,0.022859808385078274
SWE,BA:2519,2024,SEX_M,46,135.869,0.04936016949768292
SWE,BA:2519,2024,SEX_M,47,101.491,0.036870904786885435
SWE,BA:2519,2024,SEX_M,49,100.652,0.036566102497852936
SWE,BA:2519,2024,SEX_M,50,7.801,0.0028340436909922383
SWE,BA:2519,2024,SEX_M,52,47.781,0.01735847219578261
SWE,BA:2519,2024,SEX_M,53,19.164,0.006962134764027081
SWE,BA:2519,2024,SEX_M,55,18.561,0.006743069471671188
SWE,BA:2519,2024,SEX_M,56,59.277,0.02153488115253774
SWE,BA:2519,2024,SEX_M,58,23.202,0.008429109308858086
SWE,BA:2519,2024,SEX_M,59,11.513,0.004182584926854716
SWE,BA:2519,2024,SEX_M,60,5.4,0.001961778737515458
SWE,BA:2519,2024,SEX_M,61,19.813,0.0071979115048877345
SWE,BA:2519,2024,SEX_M,62,151.182,0.05492326538797443
SWE,BA:2519,2024,SEX_M,63,7.71,0.002800984086341515
SWE,BA:2519,2024,SEX_M,64,38.931,0.014143334820410053
SWE,BA:2519,2024,SEX_M,65,12.234,0.00444451871754891
SWE,BA:2519,2024,SEX_M,66,13.841,0.005028329538139158
SWE,BA:2519,2024,SEX_M,68,53.586,0.019467384338611726
SWE,BA:2519,2024,SEX_M,69,30.954,0.011245351674269164
SWE,BA:2519,2024,SEX_M,70,103.875,0.03773699377026263
SWE,BA:2519,2024,SEX_M,71,114.427,0.041570454740311354
SWE,BA:2519,2024,SEX_M,72,30.499,0.011080053651015546
SWE,BA:2519,2024,SEX_M,73,13.822,0.005021426983321974
SWE,BA:2519,2024,SEX_M,74,21.289,0.007734131026475293
SWE,BA:2519,2024,SEX_M,77,11.159,0.004053979431839814
SWE,BA:2519,2024,SEX_M,78,53,0.01925449501635542
SWE,BA:2519,2024,SEX_M,80,15.65,0.005685525415206836
SWE,BA:2519,2024,SEX_M,81,40.916,0.014864470152626383
SWE,BA:2519,2024,SEX_M,82,13.849,0.005031235877009551
SWE,BA:2519,2024,SEX_M,84,169.845,0.061703390680243136
SWE,BA:2519,2024,SEX_M,85,169.603,0.061615473929413744
SWE,BA:2519,2024,SEX_M,86,84.184,0.03058340393314839
SWE,BA:2519,2024,SEX_M,87,49.002,0.017802052165876384
SWE,BA:2519,2024,SEX_M,88,46.677,0.01695739743166834
SWE,BA:2519,2024,SEX_M,90,16.71,0.006070615315533945
SWE,BA:2519,2024,SEX_M,91,6.544,0.0023773851959816954
SWE,BA:2519,2024,SEX_M,93,36.474,0.013250725494840519
SWE,BA:2519,2024,SEX_M,94,30.747,0.011170150155997738
SWE,BA:2519,2024,SEX_M,95,5.168,0.0018774949102740531
SWE,BA:2519,2024,SEX_M,96,15.341,0.005573268076337896
SYC,BA:2524,2023,SEX_F,1,0.219,0.008871065743103658
SYC,BA:2524,2023,SEX_F,10,0.565,0.022886539474217198
SYC,BA:2524,2023,SEX_F,11,0.196,0.007939401304330214
SYC,BA:2524,2023,SEX_F,13,0.089,0.003605136306558107
SYC,BA:2524,2023,SEX_F,18,0.049,0.0019848503260825536
SYC,BA:2524,2023,SEX_F,32,0.067,0.0027139790172965527
SYC,BA:2524,2023,SEX_F,35,0.147,0.00595455097824766
SYC,BA:2524,2023,SEX_F,36,0.09,0.003645643456069996
SYC,BA:2524,2023,SEX_F,41,0.086,0.0034836148580224403
SYC,BA:2524,2023,SEX_F,45,0.079,0.003200064811439219
SYC,BA:2524,2023,SEX_F,46,0.772,0.03127151942317819
SYC,BA:2524,2023,SEX_F,47,1.502,0.06084173856685705
SYC,BA:2524,2023,SEX_F,49,0.142,0.005752015230688216
SYC,BA:2524,2023,SEX_F,50,0.049,0.0019848503260825536
SYC,BA:2524,2023,SEX_F,51,0.461,0.01867379592498076
SYC,BA:2524,2023,SEX_F,52,0.368,0.014906631020375096
SYC,BA:2524,2023,SEX_F,53,0.085,0.0034431077085105522
SYC,BA:2524,2023,SEX_F,55,2.769,0.11216429699842022
SYC,BA:2524,2023,SEX_F,56,0.594,0.024061246810061974
SYC,BA:2524,2023,SEX_F,58,0.048,0.0019443431765706646
SYC,BA:2524,2023,SEX_F,60,0.132,0.005346943735569328
SYC,BA:2524,2023,SEX_F,61,0.126,0.005103900838497995
SYC,BA:2524,2023,SEX_F,64,0.934,0.03783367764410418
SYC,BA:2524,2023,SEX_F,65,0.072,0.002916514764855997
SYC,BA:2524,2023,SEX_F,66,0.128,0.005184915137521773
SYC,BA:2524,2023,SEX_F,68,0.18,0.007291286912139992
SYC,BA:2524,2023,SEX_F,69,0.185,0.007493822659699436
SYC,BA:2524,2023,SEX_F,70,0.264,0.010693887471138657
SYC,BA:2524,2023,SEX_F,71,0.046,0.001863328877546887
SYC,BA:2524,2023,SEX_F,74,0.096,0.0038886863531413293
SYC,BA:2524,2023,SEX_F,77,0.174,0.0070482440150686585
SYC,BA:2524,2023,SEX_F,79,0.236,0.009559687284805767
SYC,BA:2524,2023,SEX_F,80,0.226,0.00915461578968688
SYC,BA:2524,2023,SEX_F,81,0.8,0.03240571960951108
SYC,BA:2524,2023,SEX_F,82,0.051,0.002065864625106331
SYC,BA:2524,2023,SEX_F,84,6.792,0.27512455948474906
SYC,BA:2524,2023,SEX_F,85,2.438,0.09875643050998502
SYC,BA:2524,2023,SEX_F,86,0.806,0.03264876250658241
SYC,BA:2524,2023,SEX_F,87,0.062,0.0025114432697371084
SYC,BA:2524,2023,SEX_F,88,1.242,0.05030987969376595
SYC,BA:2524,2023,SEX_F,91,0.255,0.010329323125531656
SYC,BA:2524,2023,SEX_F,92,0.306,0.012395187750637986
SYC,BA:2524,2023,SEX_F,93,0.174,0.0070482440150686585
SYC,BA:2524,2023,SEX_F,94,0.047,0.0019038360270587757
SYC,BA:2524,2023,SEX_F,96,0.255,0.010329323125531656
SYC,BA:2524,2023,SEX_F,97,0.283,0.011463523311864543
SYC,BA:2524,2023,SEX_M,1,0.691,0.02829184408778249
SYC,BA:2524,2023,SEX_M,2,0.056,0.0022928267278087117
SYC,BA:2524,2023,SEX_M,3,0.675,0.027636750736980006
SYC,BA:2524,2023,SEX_M,10,0.719,0.029438257451686847
SYC,BA:2524,2023,SEX_M,11,0.273,0.01117753029806747
SYC,BA:2524,2023,SEX_M,23,0.097,0.00397150343924009
SYC,BA:2524,2023,SEX_M,25,0.075,0.003070750081886667
SYC,BA:2524,2023,SEX_M,32,0.089,0.003643956763838845
SYC,BA:2524,2023,SEX_M,33,0.218,0.008925646904683912
SYC,BA:2524,2023,SEX_M,35,0.41,0.016786767114313778
SYC,BA:2524,2023,SEX_M,36,0.34,0.013920733704552893
SYC,BA:2524,2023,SEX_M,38,0.127,0.005199803471994756
SYC,BA:2524,2023,SEX_M,41,1.678,0.06870291516541104
SYC,BA:2524,2023,SEX_M,43,0.634,0.025958074025548627
SYC,BA:2524,2023,SEX_M,45,0.713,0.029192597445135915
SYC,BA:2524,2023,SEX_M,46,1.061,0.04344087782509005
SYC,BA:2524,2023,SEX_M,47,1.371,0.05613331149688827
SYC,BA:2524,2023,SEX_M,49,1.186,0.048558794628234495
SYC,BA:2524,2023,SEX_M,50,0.167,0.006837536849000979
SYC,BA:2524,2023,SEX_M,51,0.343,0.014043563707828359
SYC,BA:2524,2023,SEX_M,52,1.165,0.04769898460530623
SYC,BA:2524,2023,SEX_M,53,0.033,0.0013511300360301336
SYC,BA:2524,2023,SEX_M,55,2.29,0.09376023583360624
SYC,BA:2524,2023,SEX_M,56,0.597,0.02444317065181787
SYC,BA:2524,2023,SEX_M,59,0.036,0.0014739600393056
SYC,BA:2524,2023,SEX_M,60,0.11,0.004503766786767112
SYC,BA:2524,2023,SEX_M,61,0.242,0.009908286930887645
SYC,BA:2524,2023,SEX_M,62,0.063,0.0025794300687848005
SYC,BA:2524,2023,SEX_M,64,0.243,0.009949230265312801
SYC,BA:2524,2023,SEX_M,66,0.068,0.0027841467409105785
SYC,BA:2524,2023,SEX_M,68,0.288,0.0117916803144448
SYC,BA:2524,2023,SEX_M,69,0.074,0.0030298067474615114
SYC,BA:2524,2023,SEX_M,70,0.155,0.006346216835899112
SYC,BA:2524,2023,SEX_M,71,0.096,0.003930560104814934
SYC,BA:2524,2023,SEX_M,74,0.107,0.004380936783491645
SYC,BA:2524,2023,SEX_M,77,0.495,0.020266950540452
SYC,BA:2524,2023,SEX_M,79,0.206,0.008434326891582045
SYC,BA:2524,2023,SEX_M,80,0.532,0.02178185391418276
SYC,BA:2524,2023,SEX_M,81,0.818,0.033491647559777245
SYC,BA:2524,2023,SEX_M,82,0.06,0.002456600065509334
SYC,BA:2524,2023,SEX_M,84,3.185,0.13040452014412046
SYC,BA:2524,2023,SEX_M,85,0.57,0.02333770062233867
SYC,BA:2524,2023,SEX_M,86,0.167,0.006837536849000979
SYC,BA:2524,2023,SEX_M,88,0.138,0.005650180150671468
SYC,BA:2524,2023,SEX_M,90,0.129,0.005281690140845068
SYC,BA:2524,2023,SEX_M,91,0.17,0.006960366852276446
SYC,BA:2524,2023,SEX_M,92,0.202,0.008270553553881423
SYC,BA:2524,2023,SEX_M,93,0.691,0.02829184408778249
SYC,BA:2524,2023,SEX_M,94,0.177,0.007246970193252534
SYC,BA:2524,2023,SEX_M,95,0.074,0.0030298067474615114
SYC,BA:2524,2023,SEX_M,96,0.105,0.004299050114641334
SYC,BA:2524,2023,SEX_M,97,0.17,0.006960366852276446
SYC,BA:2524,2023,SEX_M,99,0.045,0.0018424500491320002
THA,BA:741,2024,SEX_F,1,4543.313,0.24753406478069936
THA,BA:741,2024,SEX_F,2,41.61,0.00226704443112876
THA,BA:741,2024,SEX_F,3,55.643,0.0030316066638139292
THA,BA:741,2024,SEX_F,6,1.66,9.044205132597312e-5
THA,BA:741,2024,SEX_F,8,7.402,4.032843758523211e-4
THA,BA:741,2024,SEX_F,9,1.88,1.0242834728483703e-4
THA,BA:741,2024,SEX_F,10,864.047,0.04707601392894765
THA,BA:741,2024,SEX_F,11,65.866,0.0035885880437569553
THA,BA:741,2024,SEX_F,12,3.119,1.699329867986206e-4
THA,BA:741,2024,SEX_F,13,146.595,0.007986959345862066
THA,BA:741,2024,SEX_F,14,336.184,0.018316367821066836
THA,BA:741,2024,SEX_F,15,55.117,0.0030029485198395543
THA,BA:741,2024,SEX_F,16,77.815,0.004239607363813613
THA,BA:741,2024,SEX_F,17,53.042,0.002889895955682088
THA,BA:741,2024,SEX_F,18,35.887,0.00195523728670795
THA,BA:741,2024,SEX_F,19,13.596,7.407530902577896e-4
THA,BA:741,2024,SEX_F,20,96.112,0.005236485805446944
THA,BA:741,2024,SEX_F,21,35.343,0.001925598445791487
THA,BA:741,2024,SEX_F,22,171.725,0.00935612124334502
THA,BA:741,2024,SEX_F,23,91.155,0.004966412764228361
THA,BA:741,2024,SEX_F,24,41.999,0.0022882383817105696
THA,BA:741,2024,SEX_F,25,89.799,0.004892533594591001
THA,BA:741,2024,SEX_F,26,262.763,0.014316159477449804
THA,BA:741,2024,SEX_F,27,93.949,0.005118638722905933
THA,BA:741,2024,SEX_F,28,72.192,0.003933248535737742
THA,BA:741,2024,SEX_F,29,161.326,0.008789550826634903
THA,BA:741,2024,SEX_F,30,23.313,0.0012701659894954285
THA,BA:741,2024,SEX_F,31,54.768,0.0029839338957957204
THA,BA:741,2024,SEX_F,32,206.402,0.01124543390227922
THA,BA:741,2024,SEX_F,33,12.267,6.683449660335616e-4
THA,BA:741,2024,SEX_F,35,20.701,0.0011278559665656445
THA,BA:741,2024,SEX_F,36,16.837,9.173330229972346e-4
THA,BA:741,2024,SEX_F,37,4.939,2.6909234427649475e-4
THA,BA:741,2024,SEX_F,38,7.116,3.8770219110579804e-4
THA,BA:741,2024,SEX_F,41,284.005,0.015473490835441564
THA,BA:741,2024,SEX_F,42,19.414,0.0010577361352062905
THA,BA:741,2024,SEX_F,43,55.165,0.0030055637116851246
THA,BA:741,2024,SEX_F,45,196.911,0.010728334197981141
THA,BA:741,2024,SEX_F,46,503.177,0.027414674734969384
THA,BA:741,2024,SEX_F,47,2895.143,0.15773654927833242
THA,BA:741,2024,SEX_F,49,117.8,0.0064181166543371285
THA,BA:741,2024,SEX_F,50,3.209,1.748364715090649e-4
THA,BA:741,2024,SEX_F,51,6.716,3.659089257260455e-4
THA,BA:741,2024,SEX_F,52,125.371,0.006830608684812395
THA,BA:741,2024,SEX_F,53,41.882,0.0022818638515869918
THA,BA:741,2024,SEX_F,55,235.876,0.012851270661786287
THA,BA:741,2024,SEX_F,56,2022.835,0.11021044993612943
THA,BA:741,2024,SEX_F,58,6.563,3.575730017182901e-4
THA,BA:741,2024,SEX_F,59,11.566,6.301522684555453e-4
THA,BA:741,2024,SEX_F,60,4.389,2.3912660437933498e-4
THA,BA:741,2024,SEX_F,61,22.36,0.0012182435347281681
THA,BA:741,2024,SEX_F,62,24.258,0.001321652578955094
THA,BA:741,2024,SEX_F,63,4.213,2.2953756761224384e-4
THA,BA:741,2024,SEX_F,64,189.036,0.010299279285817262
THA,BA:741,2024,SEX_F,65,54.998,0.002996465023389078
THA,BA:741,2024,SEX_F,66,23.123,0.001259814188440046
THA,BA:741,2024,SEX_F,68,184.746,0.010065546514619416
THA,BA:741,2024,SEX_F,69,106.482,0.00580147621041703
THA,BA:741,2024,SEX_F,70,12.989,7.07681810044015e-4
THA,BA:741,2024,SEX_F,71,26.461,0.001441678988034081
THA,BA:741,2024,SEX_F,72,24.336,0.0013259022657041456
THA,BA:741,2024,SEX_F,73,35.058,0.001910070744208413
THA,BA:741,2024,SEX_F,74,38.379,0.0020910093300238086
THA,BA:741,2024,SEX_F,75,7.965,4.339583968743228e-4
THA,BA:741,2024,SEX_F,77,8.714,4.7476628629790953e-4
THA,BA:741,2024,SEX_F,78,88.871,0.004841973218909974
THA,BA:741,2024,SEX_F,79,29.434,0.001603657432969092
THA,BA:741,2024,SEX_F,80,14.442,7.868458465359662e-4
THA,BA:741,2024,SEX_F,81,123.672,0.006738041790111896
THA,BA:741,2024,SEX_F,82,42.514,0.0023162972108870007
THA,BA:741,2024,SEX_F,84,708.868,0.038621371108036096
THA,BA:741,2024,SEX_F,85,765.595,0.04171203752102915
THA,BA:741,2024,SEX_F,86,540.957,0.029473048650087014
THA,BA:741,2024,SEX_F,87,5.219,2.8434763004232154e-4
THA,BA:741,2024,SEX_F,88,87.134,0.0047473359639983986
THA,BA:741,2024,SEX_F,90,20.83,0.0011348842946506145
THA,BA:741,2024,SEX_F,91,12.204,6.649125267362506e-4
THA,BA:741,2024,SEX_F,92,59.598,0.0032470875752562325
THA,BA:741,2024,SEX_F,93,46.213,0.0025178304324862625
THA,BA:741,2024,SEX_F,94,18.203,9.917570242690896e-4
THA,BA:741,2024,SEX_F,95,40.844,0.002225310327926534
THA,BA:741,2024,SEX_F,96,482.695,0.026298750581199154
THA,BA:741,2024,SEX_F,97,207.259,0.011292125973355339
THA,BA:741,2024,SEX_F,99,1.12,6.102114306330717e-5
THA,BA:741,2024,SEX_M,1,6495.031,0.30369588885166926
THA,BA:741,2024,SEX_M,2,116.149,0.005430916926221373
THA,BA:741,2024,SEX_M,3,268.081,0.012534982139306856
THA,BA:741,2024,SEX_M,5,3.279,1.5332010263609572e-4
THA,BA:741,2024,SEX_M,6,9.222,4.3120402150353e-4
THA,BA:741,2024,SEX_M,7,0.902,4.2175886726977234e-5
THA,BA:741,2024,SEX_M,8,28.712,0.0013425211304933153
THA,BA:741,2024,SEX_M,9,6.341,2.964936781992934e-4
THA,BA:741,2024,SEX_M,10,715.064,0.03343509785647367
THA,BA:741,2024,SEX_M,11,82.749,0.0038691934044020387
THA,BA:741,2024,SEX_M,12,2.993,1.3994726050315173e-4
THA,BA:741,2024,SEX_M,13,88.392,0.004133049866486664
THA,BA:741,2024,SEX_M,14,109.253,0.005108472452973884
THA,BA:741,2024,SEX_M,15,39.104,0.001828432233449798
THA,BA:741,2024,SEX_M,16,102.063,0.004772281072079243
THA,BA:741,2024,SEX_M,17,65.647,0.0030695348514034088
THA,BA:741,2024,SEX_M,18,42.523,0.0019882984825845378
THA,BA:741,2024,SEX_M,19,28.136,0.001315588413470323
THA,BA:741,2024,SEX_M,20,122.417,0.005723997256603517
THA,BA:741,2024,SEX_M,21,20.207,9.448427307006973e-4
THA,BA:741,2024,SEX_M,22,225.407,0.010539623170141638
THA,BA:741,2024,SEX_M,23,159.551,0.007460315857179539
THA,BA:741,2024,SEX_M,24,110.085,0.00514737526645154
THA,BA:741,2024,SEX_M,25,268.671,0.012562569470979713
THA,BA:741,2024,SEX_M,26,177.439,0.008296726346949128
THA,BA:741,2024,SEX_M,27,92.498,0.004325038991654036
THA,BA:741,2024,SEX_M,28,106.161,0.004963896131732406
THA,BA:741,2024,SEX_M,29,276.302,0.012919381213345084
THA,BA:741,2024,SEX_M,30,48.232,0.0022552409851613812
THA,BA:741,2024,SEX_M,31,133.815,0.006256947097971683
THA,BA:741,2024,SEX_M,32,120.484,0.005633613676732954
THA,BA:741,2024,SEX_M,33,85.81,0.004012320221775961
THA,BA:741,2024,SEX_M,35,84.895,0.003969536478588395
THA,BA:741,2024,SEX_M,36,32.056,0.0014988805154323526
THA,BA:741,2024,SEX_M,37,10.396,4.860981357135869e-4
THA,BA:741,2024,SEX_M,38,16.12,7.53742011129571e-4
THA,BA:741,2024,SEX_M,41,1419.155,0.06635711810202148
THA,BA:741,2024,SEX_M,42,65.024,0.003040404499484443
THA,BA:741,2024,SEX_M,43,461.022,0.02155655393641297
THA,BA:741,2024,SEX_M,45,717.338,0.03354142597888735
THA,BA:741,2024,SEX_M,46,718.342,0.03358837120092049
THA,BA:741,2024,SEX_M,47,1814.335,0.08483501934012222
THA,BA:741,2024,SEX_M,49,966.42,0.045188049280138955
THA,BA:741,2024,SEX_M,50,11.961,5.592747019305706e-4
THA,BA:741,2024,SEX_M,51,10.621,4.966187283006932e-4
THA,BA:741,2024,SEX_M,52,181.691,0.0084955421677508
THA,BA:741,2024,SEX_M,53,144.704,0.006766097020998353
THA,BA:741,2024,SEX_M,55,159.01,0.007435019676781208
THA,BA:741,2024,SEX_M,56,997.85,0.046657659169084514
THA,BA:741,2024,SEX_M,58,12.529,5.858333534393545e-4
THA,BA:741,2024,SEX_M,59,20.596,9.630316663290721e-4
THA,BA:741,2024,SEX_M,60,6.271,2.932206049499714e-4
THA,BA:741,2024,SEX_M,61,27.499,0.0012858034469014933
THA,BA:741,2024,SEX_M,62,41.807,0.0019548196190629016
THA,BA:741,2024,SEX_M,63,2.235,1.0450455303192252e-4
THA,BA:741,2024,SEX_M,64,151.732,0.0070947135752302765
THA,BA:741,2024,SEX_M,65,28.757,0.0013446252490107366
THA,BA:741,2024,SEX_M,66,18.156,8.489416844955638e-4
THA,BA:741,2024,SEX_M,68,156.613,0.007322940297086569
THA,BA:741,2024,SEX_M,69,40.765,0.0019060975858372804
THA,BA:741,2024,SEX_M,70,16.966,7.932994392570907e-4
THA,BA:741,2024,SEX_M,71,50.41,0.00235708032140457
THA,BA:741,2024,SEX_M,72,19.576,9.153383132675237e-4
THA,BA:741,2024,SEX_M,73,28.539,0.0013344319637485624
THA,BA:741,2024,SEX_M,74,59.041,0.0027606502530459678
THA,BA:741,2024,SEX_M,75,7.173,3.353964916769487e-4
THA,BA:741,2024,SEX_M,77,18.897,8.835895027491005e-4
THA,BA:741,2024,SEX_M,78,135.559,0.006338493380069077
THA,BA:741,2024,SEX_M,79,28.91,0.0013517792519699688
THA,BA:741,2024,SEX_M,80,95.758,0.0044774706886938865
THA,BA:741,2024,SEX_M,81,63.555,0.002971716719437958
THA,BA:741,2024,SEX_M,82,67.35,0.0031491640477404837
THA,BA:741,2024,SEX_M,84,1056.649,0.04940699394032568
THA,BA:741,2024,SEX_M,85,337.817,0.01579571122665994
THA,BA:741,2024,SEX_M,86,174.539,0.008161127598048646
THA,BA:741,2024,SEX_M,87,2.002,9.360989493060799e-5
THA,BA:741,2024,SEX_M,88,9.434,4.411167576300479e-4
THA,BA:741,2024,SEX_M,90,54.567,0.0025514541142250186
THA,BA:741,2024,SEX_M,91,15.504,7.249389665355378e-4
THA,BA:741,2024,SEX_M,92,54.21,0.0025347614406534768
THA,BA:741,2024,SEX_M,93,38.73,0.0018109446706605634
THA,BA:741,2024,SEX_M,94,15.202,7.108179933741773e-4
THA,BA:741,2024,SEX_M,95,105.401,0.004928359907882624
THA,BA:741,2024,SEX_M,96,410.122,0.019176562102263147
THA,BA:741,2024,SEX_M,97,52.097,0.0024359613867132295
TLS,AA:7002,2022,SEX_F,1,75.52,0.4891128353259674
TLS,AA:7002,2022,SEX_F,2,0.093,6.02323804095802e-4
TLS,AA:7002,2022,SEX_F,3,0.144,9.326304063418869e-4
TLS,AA:7002,2022,SEX_F,8,0.135,8.743410059455191e-4
TLS,AA:7002,2022,SEX_F,10,0.422,0.002733125218585252
TLS,AA:7002,2022,SEX_F,11,0.195,0.0012629370085879721
TLS,AA:7002,2022,SEX_F,13,0.443,0.0028691338195101107
TLS,AA:7002,2022,SEX_F,16,0.115,7.448090050647015e-4
TLS,AA:7002,2022,SEX_F,23,0.07,4.533620030828618e-4
TLS,AA:7002,2022,SEX_F,33,0.04,2.590640017616353e-4
TLS,AA:7002,2022,SEX_F,35,0.019,1.2305540083677675e-4
TLS,AA:7002,2022,SEX_F,36,0.005,3.2383000220204414e-5
TLS,AA:7002,2022,SEX_F,37,0.005,3.2383000220204414e-5
TLS,AA:7002,2022,SEX_F,41,0.335,0.0021696610147536955
TLS,AA:7002,2022,SEX_F,42,0.353,0.0022862398155464314
TLS,AA:7002,2022,SEX_F,43,0.021,1.3600860092485853e-4
TLS,AA:7002,2022,SEX_F,45,0.041,2.655406018056762e-4
TLS,AA:7002,2022,SEX_F,46,2.432,0.015751091307107425
TLS,AA:7002,2022,SEX_F,47,29.547,0.19136410150127595
TLS,AA:7002,2022,SEX_F,49,0.214,0.0013859924094247488
TLS,AA:7002,2022,SEX_F,52,0.06,3.885960026424529e-4
TLS,AA:7002,2022,SEX_F,55,0.044,2.849704019377988e-4
TLS,AA:7002,2022,SEX_F,56,1.027,0.006651468245229985
TLS,AA:7002,2022,SEX_F,58,0.009,5.8289400396367934e-5
TLS,AA:7002,2022,SEX_F,60,0.078,5.051748034351888e-4
TLS,AA:7002,2022,SEX_F,62,0.024,1.5543840105698118e-4
TLS,AA:7002,2022,SEX_F,63,0.013,8.419580057253146e-5
TLS,AA:7002,2022,SEX_F,64,0.46,0.002979236020258806
TLS,AA:7002,2022,SEX_F,65,0.017,1.1010220074869501e-4
TLS,AA:7002,2022,SEX_F,66,0.007,4.5336200308286174e-5
TLS,AA:7002,2022,SEX_F,69,0.022,1.424852009688994e-4
TLS,AA:7002,2022,SEX_F,70,0.062,4.015492027305347e-4
TLS,AA:7002,2022,SEX_F,71,0.005,3.2383000220204414e-5
TLS,AA:7002,2022,SEX_F,72,0.009,5.8289400396367934e-5
TLS,AA:7002,2022,SEX_F,74,0.008,5.181280035232706e-5
TLS,AA:7002,2022,SEX_F,77,0.016,1.0362560070465412e-4
TLS,AA:7002,2022,SEX_F,78,0.23,0.001489618010129403
TLS,AA:7002,2022,SEX_F,79,0.016,1.0362560070465412e-4
TLS,AA:7002,2022,SEX_F,80,15.432,0.0999468918796389
TLS,AA:7002,2022,SEX_F,81,2.074,0.013432468491340789
TLS,AA:7002,2022,SEX_F,82,0.253,0.0016385798111423432
TLS,AA:7002,2022,SEX_F,84,13.087,0.08475926477636302
TLS,AA:7002,2022,SEX_F,85,4.458,0.028872682996334255
TLS,AA:7002,2022,SEX_F,86,1.83,0.011852178080594815
TLS,AA:7002,2022,SEX_F,87,0.052,3.3678320229012584e-4
TLS,AA:7002,2022,SEX_F,88,0.009,5.8289400396367934e-5
TLS,AA:7002,2022,SEX_F,90,0.061,3.950726026864938e-4
TLS,AA:7002,2022,SEX_F,92,0.099,6.411834043600473e-4
TLS,AA:7002,2022,SEX_F,94,0.039,2.525874017175944e-4
TLS,AA:7002,2022,SEX_F,95,0.005,3.2383000220204414e-5
TLS,AA:7002,2022,SEX_F,96,0.109,7.059494048004562e-4
TLS,AA:7002,2022,SEX_F,97,4.354,0.028199116591754
TLS,AA:7002,2022,SEX_F,98,0.266,0.0017227756117148747
TLS,AA:7002,2022,SEX_F,99,0.018,1.1657880079273587e-4
TLS,AA:7002,2022,SEX_M,1,92.708,0.46956689104658295
TLS,AA:7002,2022,SEX_M,2,0.181,9.167667006022297e-4
TLS,AA:7002,2022,SEX_M,3,1.211,0.006133726378062433
TLS,AA:7002,2022,SEX_M,5,0.138,6.989712965917553e-4
TLS,AA:7002,2022,SEX_M,6,0.006,3.039005637355458e-5
TLS,AA:7002,2022,SEX_M,8,0.302,0.0015296328374689138
TLS,AA:7002,2022,SEX_M,10,0.24,0.0012156022549421831
TLS,AA:7002,2022,SEX_M,11,0.485,0.002456529556862328
TLS,AA:7002,2022,SEX_M,13,0.111,5.622160429107597e-4
TLS,AA:7002,2022,SEX_M,16,2.291,0.011603936525302257
TLS,AA:7002,2022,SEX_M,18,0.207,0.0010484569448876329
TLS,AA:7002,2022,SEX_M,23,0.228,0.001154822142195074
TLS,AA:7002,2022,SEX_M,28,0.02,1.013001879118486e-4
TLS,AA:7002,2022,SEX_M,33,1.325,0.0067111374491599695
TLS,AA:7002,2022,SEX_M,35,0.148,7.496213905476796e-4
TLS,AA:7002,2022,SEX_M,36,0.078,3.950707328562095e-4
TLS,AA:7002,2022,SEX_M,41,5.117,0.02591765307724646
TLS,AA:7002,2022,SEX_M,42,1.363,0.006903607806192482
TLS,AA:7002,2022,SEX_M,43,0.341,0.0017271682038970187
TLS,AA:7002,2022,SEX_M,45,0.579,0.0029326404400480165
TLS,AA:7002,2022,SEX_M,46,5.516,0.027938591826087843
TLS,AA:7002,2022,SEX_M,47,25.528,0.12929955985068353
TLS,AA:7002,2022,SEX_M,49,7.16,0.0362654672724418
TLS,AA:7002,2022,SEX_M,52,0.101,5.115659489548355e-4
TLS,AA:7002,2022,SEX_M,53,0.006,3.039005637355458e-5
TLS,AA:7002,2022,SEX_M,55,0.107,5.4195600532839e-4
TLS,AA:7002,2022,SEX_M,56,0.351,0.0017778182978529426
TLS,AA:7002,2022,SEX_M,58,0.013,6.584512214270158e-5
TLS,AA:7002,2022,SEX_M,60,0.178,9.015716724154524e-4
TLS,AA:7002,2022,SEX_M,61,0.013,6.584512214270158e-5
TLS,AA:7002,2022,SEX_M,62,0.107,5.4195600532839e-4
TLS,AA:7002,2022,SEX_M,63,0.031,1.5701529126336533e-4
TLS,AA:7002,2022,SEX_M,64,0.693,0.0035100515111455535
TLS,AA:7002,2022,SEX_M,65,0.074,3.748106952738398e-4
TLS,AA:7002,2022,SEX_M,69,0.069,3.4948564829587767e-4
TLS,AA:7002,2022,SEX_M,70,0.245,0.0012409273019201453
TLS,AA:7002,2022,SEX_M,71,0.035,1.7727532884573505e-4
TLS,AA:7002,2022,SEX_M,72,0.026,1.3169024428540317e-4
TLS,AA:7002,2022,SEX_M,74,0.046,2.3299043219725176e-4
TLS,AA:7002,2022,SEX_M,75,0.011,5.571510335151672e-5
TLS,AA:7002,2022,SEX_M,77,0.015,7.597514093388645e-5
TLS,AA:7002,2022,SEX_M,78,0.287,0.0014536576965350273
TLS,AA:7002,2022,SEX_M,79,0.019,9.623517851625617e-5
TLS,AA:7002,2022,SEX_M,80,15.828,0.08016896871343697
TLS,AA:7002,2022,SEX_M,81,1.276,0.00646295198877594
TLS,AA:7002,2022,SEX_M,82,0.366,0.0018537934387868292
TLS,AA:7002,2022,SEX_M,84,22.184,0.11236216843182247
TLS,AA:7002,2022,SEX_M,85,5.599,0.028358987605922016
TLS,AA:7002,2022,SEX_M,86,1.271,0.006437626941797977
TLS,AA:7002,2022,SEX_M,87,0.057,2.887055355487685e-4
TLS,AA:7002,2022,SEX_M,88,0.029,1.4688527247218048e-4
TLS,AA:7002,2022,SEX_M,90,0.014,7.091013153829402e-5
TLS,AA:7002,2022,SEX_M,92,0.608,0.0030795257125201974
TLS,AA:7002,2022,SEX_M,93,0.011,5.571510335151672e-5
TLS,AA:7002,2022,SEX_M,94,0.066,3.3429062010910035e-4
TLS,AA:7002,2022,SEX_M,95,0.03,1.519502818677729e-4
TLS,AA:7002,2022,SEX_M,96,0.159,8.053364938991963e-4
TLS,AA:7002,2022,SEX_M,97,2.117,0.010722624890469174
TLS,AA:7002,2022,SEX_M,98,0.063,3.190955919223231e-4
TLS,AA:7002,2022,SEX_M,99,0.045,2.2792542280165932e-4
TUN,BA:743,2023,SEX_F,1,85.951,0.09030809464220234
TUN,BA:743,2023,SEX_F,2,1.089,0.0011442044311917063
TUN,BA:743,2023,SEX_F,8,0.409,4.297333446808153e-4
TUN,BA:743,2023,SEX_F,10,29.923,0.03143987988480205
TUN,BA:743,2023,SEX_F,11,0.399,4.192264169380081e-4
TUN,BA:743,2023,SEX_F,13,5.297,0.005565519625364984
TUN,BA:743,2023,SEX_F,14,140.725,0.1478587406606546
TUN,BA:743,2023,SEX_F,15,14.494,0.015228741070424786
TUN,BA:743,2023,SEX_F,16,1.693,0.0017788228668572626
TUN,BA:743,2023,SEX_F,17,2.89,0.0030365021176712867
TUN,BA:743,2023,SEX_F,18,2.265,0.0023798191337458356
TUN,BA:743,2023,SEX_F,20,3.398,0.0035702540470058937
TUN,BA:743,2023,SEX_F,21,6.501,0.006830553725598975
TUN,BA:743,2023,SEX_F,22,2.123,0.0022306207597979732
TUN,BA:743,2023,SEX_F,23,3.685,0.0038718028732244608
TUN,BA:743,2023,SEX_F,24,0.826,8.678722315558764e-4
TUN,BA:743,2023,SEX_F,25,1.187,0.001247172323071217
TUN,BA:743,2023,SEX_F,26,12.136,0.012751207508670842
TUN,BA:743,2023,SEX_F,27,17.949,0.01885888460556468
TUN,BA:743,2023,SEX_F,28,0.835,8.773284665244029e-4
TUN,BA:743,2023,SEX_F,29,41.33,0.04342513236102224
TUN,BA:743,2023,SEX_F,30,2.588,0.002719192899838509
TUN,BA:743,2023,SEX_F,31,1.884,0.0019795051867448803
TUN,BA:743,2023,SEX_F,32,3.999,0.0042017204043486075
TUN,BA:743,2023,SEX_F,35,1.69,0.0017756707885344203
TUN,BA:743,2023,SEX_F,36,0.611,6.419732850855212e-4
TUN,BA:743,2023,SEX_F,38,1.961,0.002060408530364496
TUN,BA:743,2023,SEX_F,39,0.365,3.8350286261246353e-4
TUN,BA:743,2023,SEX_F,41,3.86,0.004055674108723587
TUN,BA:743,2023,SEX_F,42,0.502,5.274477726889225e-4
TUN,BA:743,2023,SEX_F,43,1.691,0.001776721481308701
TUN,BA:743,2023,SEX_F,45,2.525,0.002652999255058823
TUN,BA:743,2023,SEX_F,46,19.225,0.020199568585546883
TUN,BA:743,2023,SEX_F,47,85.773,0.09012107132838038
TUN,BA:743,2023,SEX_F,49,1.72,0.001807191571762842
TUN,BA:743,2023,SEX_F,51,0.75,7.880195807105415e-4
TUN,BA:743,2023,SEX_F,52,2.316,0.002433404465234152
TUN,BA:743,2023,SEX_F,53,1.776,0.0018660303671225625
TUN,BA:743,2023,SEX_F,55,6.325,0.0066456317973255675
TUN,BA:743,2023,SEX_F,56,12.053,0.012664000008405544
TUN,BA:743,2023,SEX_F,60,1.541,0.0016191175651665926
TUN,BA:743,2023,SEX_F,61,4.743,0.004983435828413465
TUN,BA:743,2023,SEX_F,62,8.599,0.00903490716603993
TUN,BA:743,2023,SEX_F,63,0.189,1.9858093433905647e-4
TUN,BA:743,2023,SEX_F,64,7.1,0.007459918697393126
TUN,BA:743,2023,SEX_F,65,3.96,0.004160743386151659
TUN,BA:743,2023,SEX_F,68,0.808,8.489597616188235e-4
TUN,BA:743,2023,SEX_F,69,15.016,0.01577720269859932
TUN,BA:743,2023,SEX_F,70,0.463,4.8647075449197435e-4
TUN,BA:743,2023,SEX_F,71,4.007,0.004210125946542853
TUN,BA:743,2023,SEX_F,73,0.954,0.0010023609066638088
TUN,BA:743,2023,SEX_F,74,1.589,0.0016695508183320674
TUN,BA:743,2023,SEX_F,77,1.296,0.0013616978354678158
TUN,BA:743,2023,SEX_F,78,1.074,0.0011284440395774955
TUN,BA:743,2023,SEX_F,79,2.582,0.0027128887431928242
TUN,BA:743,2023,SEX_F,80,0.307,3.225626817041817e-4
TUN,BA:743,2023,SEX_F,81,1.962,0.002061459223138777
TUN,BA:743,2023,SEX_F,82,17.151,0.018020431771688664
TUN,BA:743,2023,SEX_F,84,48.217,0.05066125349749358
TUN,BA:743,2023,SEX_F,85,159.169,0.16723771818948827
TUN,BA:743,2023,SEX_F,86,72.309,0.07597454381546473
TUN,BA:743,2023,SEX_F,87,1.575,0.0016548411194921373
TUN,BA:743,2023,SEX_F,88,5.973,0.006275787940778753
TUN,BA:743,2023,SEX_F,90,2.742,0.00288099958707774
TUN,BA:743,2023,SEX_F,91,1.396,0.0014667671128958878
TUN,BA:743,2023,SEX_F,93,1.92,0.0020173301266189865
TUN,BA:743,2023,SEX_F,94,1.319,0.0013858637692762724
TUN,BA:743,2023,SEX_F,95,0.516,5.421574715288526e-4
TUN,BA:743,2023,SEX_F,96,24.549,0.025793456915817446
TUN,BA:743,2023,SEX_F,97,25.404,0.026691799237827465
TUN,BA:743,2023,SEX_F,99,6.604,0.006938775081349889
TUN,BA:743,2023,SEX_M,1,291.569,0.1189716265754399
TUN,BA:743,2023,SEX_M,2,21.078,0.008600653515830291
TUN,BA:743,2023,SEX_M,3,37.583,0.015335343063167748
TUN,BA:743,2023,SEX_M,6,3.23,0.001317967115292335
TUN,BA:743,2023,SEX_M,7,0.429,1.7504888311467857e-4
TUN,BA:743,2023,SEX_M,8,8.17,0.0033336815269159065
TUN,BA:743,2023,SEX_M,9,3.885,0.001585232892542019
TUN,BA:743,2023,SEX_M,10,67.329,0.02747288170449462
TUN,BA:743,2023,SEX_M,11,7.234,0.002951756691029335
TUN,BA:743,2023,SEX_M,12,1.326,5.410601841726428e-4
TUN,BA:743,2023,SEX_M,13,6.785,0.002768547020823063
TUN,BA:743,2023,SEX_M,14,31.212,0.01273572433514067
TUN,BA:743,2023,SEX_M,15,14.838,0.006054487943253148
TUN,BA:743,2023,SEX_M,16,21.917,0.008942998534322635
TUN,BA:743,2023,SEX_M,17,6.527,0.0026632728673415085
TUN,BA:743,2023,SEX_M,18,4.242,0.0017309029421269616
TUN,BA:743,2023,SEX_M,19,1.032,4.210966139262198e-4
TUN,BA:743,2023,SEX_M,20,17.144,0.006995426694913868
TUN,BA:743,2023,SEX_M,21,7.238,0.002953388848447654
TUN,BA:743,2023,SEX_M,22,7.045,0.0028746372530137772
TUN,BA:743,2023,SEX_M,23,26.669,0.010882001547285228
TUN,BA:743,2023,SEX_M,24,11.252,0.004591258817730451
TUN,BA:743,2023,SEX_M,25,34.955,0.014263015639332376
TUN,BA:743,2023,SEX_M,26,10.211,0.004166489849613013
TUN,BA:743,2023,SEX_M,27,16.433,0.006705310713807722
TUN,BA:743,2023,SEX_M,28,2.253,9.193126658679973e-4
TUN,BA:743,2023,SEX_M,29,30.233,0.012336253807007173
TUN,BA:743,2023,SEX_M,30,6.022,0.0024572129932787746
TUN,BA:743,2023,SEX_M,31,19.782,0.008071834512295038
TUN,BA:743,2023,SEX_M,32,4.124,0.0016827542982865602
TUN,BA:743,2023,SEX_M,33,5.625,0.0022952213695106457
TUN,BA:743,2023,SEX_M,35,10.349,0.004222799280545008
TUN,BA:743,2023,SEX_M,36,5.66,0.002309502746920934
TUN,BA:743,2023,SEX_M,37,2.813,0.0011478147044326128
TUN,BA:743,2023,SEX_M,38,13.691,0.005586466803550267
TUN,BA:743,2023,SEX_M,39,1.758,7.173331853510605e-4
TUN,BA:743,2023,SEX_M,41,324.766,0.13251730902942122
TUN,BA:743,2023,SEX_M,42,7.415,0.0030256118142082556
TUN,BA:743,2023,SEX_M,43,82.684,0.03373832599406546
TUN,BA:743,2023,SEX_M,45,74.579,0.030431167025197232
TUN,BA:743,2023,SEX_M,46,66.954,0.027319866946527244
TUN,BA:743,2023,SEX_M,47,269.468,0.10995354879987461
TUN,BA:743,2023,SEX_M,49,138.173,0.05638002174033679
TUN,BA:743,2023,SEX_M,50,1.407,5.741113718935962e-4
TUN,BA:743,2023,SEX_M,51,3.166,0.0012918525965992362
TUN,BA:743,2023,SEX_M,52,13.105,0.005347355741766579
TUN,BA:743,2023,SEX_M,53,4.296,0.0017529370672742638
TUN,BA:743,2023,SEX_M,55,32.112,0.013102959754262374
TUN,BA:743,2023,SEX_M,56,90.552,0.03694877963589831
TUN,BA:743,2023,SEX_M,58,0.472,1.925945753616044e-4
TUN,BA:743,2023,SEX_M,59,0.262,1.0690631089987363e-4
TUN,BA:743,2023,SEX_M,60,2.846,0.0011612800031337417
TUN,BA:743,2023,SEX_M,61,10.499,0.004284005183731959
TUN,BA:743,2023,SEX_M,62,13.015,0.005310632199854409
TUN,BA:743,2023,SEX_M,63,0.657,2.680818559588434e-4
TUN,BA:743,2023,SEX_M,64,10.284,0.00419627672249733
TUN,BA:743,2023,SEX_M,65,4.864,0.0019847034206755165
TUN,BA:743,2023,SEX_M,68,4.537,0.0018512745517279643
TUN,BA:743,2023,SEX_M,69,11.502,0.0046932686563753686
TUN,BA:743,2023,SEX_M,70,0.263,1.073143502544533e-4
TUN,BA:743,2023,SEX_M,71,6.934,0.002829344884655434
TUN,BA:743,2023,SEX_M,72,0.569,2.321743927558324e-4
TUN,BA:743,2023,SEX_M,73,1.496,6.104268744511868e-4
TUN,BA:743,2023,SEX_M,74,4.026,0.0016427664415377527
TUN,BA:743,2023,SEX_M,75,0.515,2.1014026760853022e-4
TUN,BA:743,2023,SEX_M,77,3.43,0.0013995749862082693
TUN,BA:743,2023,SEX_M,78,1.097,4.4761917197389835e-4
TUN,BA:743,2023,SEX_M,79,3.404,0.0013889659629891977
TUN,BA:743,2023,SEX_M,80,2.966,0.0012102447256833022
TUN,BA:743,2023,SEX_M,81,9.458,0.003859236215614522
TUN,BA:743,2023,SEX_M,82,12.135,0.004951557567824299
TUN,BA:743,2023,SEX_M,84,244.848,0.09990761989012313
TUN,BA:743,2023,SEX_M,85,118.043,0.04816618953264803
TUN,BA:743,2023,SEX_M,86,34.366,0.014022680459484951
TUN,BA:743,2023,SEX_M,87,0.867,3.5377012042057417e-4
TUN,BA:743,2023,SEX_M,88,1.716,7.001955324587143e-4
TUN,BA:743,2023,SEX_M,90,5.911,0.002411920624920431
TUN,BA:743,2023,SEX_M,91,1.862,7.597692782273462e-4
TUN,BA:743,2023,SEX_M,93,11.239,0.004585954306120915
TUN,BA:743,2023,SEX_M,94,0.924,3.770283636316154e-4
TUN,BA:743,2023,SEX_M,95,13.206,0.005388567716579126
TUN,BA:743,2023,SEX_M,96,29.76,0.01214325119229099
TUN,BA:743,2023,SEX_M,97,4.706,0.0019202332026519288
TUN,BA:743,2023,SEX_M,99,7.745,0.0031602648012195467
TUR,BA:622,2024,SEX_F,1,2017.649,0.1866413685689915
TUR,BA:622,2024,SEX_F,2,10.238,9.470598361802944e-4
TUR,BA:622,2024,SEX_F,3,2.555,2.3634868933782502e-4
TUR,BA:622,2024,SEX_F,5,2.652,2.453216141385174e-4
TUR,BA:622,2024,SEX_F,7,1.733,1.6031008948041124e-4
TUR,BA:622,2024,SEX_F,8,5.737,5.306976245522904e-4
TUR,BA:622,2024,SEX_F,10,241.712,0.022359418550772742
TUR,BA:622,2024,SEX_F,11,4.189,3.875008452587667e-4
TUR,BA:622,2024,SEX_F,12,2.026,1.8741387264126553e-4
TUR,BA:622,2024,SEX_F,13,256.636,0.02373995390876793
TUR,BA:622,2024,SEX_F,14,533.667,0.04936653463516597
TUR,BA:622,2024,SEX_F,15,26.879,0.0024864252135856743
TUR,BA:622,2024,SEX_F,16,18.653,0.0017254841887352052
TUR,BA:622,2024,SEX_F,17,21.412,0.001980703771468301
TUR,BA:622,2024,SEX_F,18,16.959,0.0015687817700509488
TUR,BA:622,2024,SEX_F,19,1.3,1.2025569320515558e-4
TUR,BA:622,2024,SEX_F,20,42.623,0.003942814162679497
TUR,BA:622,2024,SEX_F,21,21.703,0.002007622545870378
TUR,BA:622,2024,SEX_F,22,54.658,0.005056104368621072
TUR,BA:622,2024,SEX_F,23,51.864,0.004797647132609376
TUR,BA:622,2024,SEX_F,24,26.495,0.0024509035319004594
TUR,BA:622,2024,SEX_F,25,53.056,0.0049079123528405644
TUR,BA:622,2024,SEX_F,26,30.792,0.0028483948501331928
TUR,BA:622,2024,SEX_F,27,73.135,0.006765307786583887
TUR,BA:622,2024,SEX_F,28,63.906,0.005911584869206671
TUR,BA:622,2024,SEX_F,29,64.064,0.005926200561150066
TUR,BA:622,2024,SEX_F,30,14.555,0.0013464012420007995
TUR,BA:622,2024,SEX_F,31,43.901,0.004061034759538104
TUR,BA:622,2024,SEX_F,32,54.436,0.005035568396396807
TUR,BA:622,2024,SEX_F,33,14.204,0.0013139322048354076
TUR,BA:622,2024,SEX_F,35,16.954,0.001568319248154006
TUR,BA:622,2024,SEX_F,36,3.346,3.0951965343419273e-4
TUR,BA:622,2024,SEX_F,37,0.662,6.123789915524077e-5
TUR,BA:622,2024,SEX_F,38,17.455,0.0016146639422276849
TUR,BA:622,2024,SEX_F,41,65.561,0.006064679617094774
TUR,BA:622,2024,SEX_F,42,10.528,9.73886106202983e-4
TUR,BA:622,2024,SEX_F,43,36.903,0.003413689112576812
TUR,BA:622,2024,SEX_F,45,69.215,0.006402690619380649
TUR,BA:622,2024,SEX_F,46,209.978,0.019423884575255505
TUR,BA:622,2024,SEX_F,47,1064.632,0.098483122437224
TUR,BA:622,2024,SEX_F,49,52.546,0.004860735119352388
TUR,BA:622,2024,SEX_F,50,6.5,6.012784660257779e-4
TUR,BA:622,2024,SEX_F,51,26.145,0.002418526999114456
TUR,BA:622,2024,SEX_F,52,67.693,0.006261898953951228
TUR,BA:622,2024,SEX_F,53,30.441,0.0028159258129678007
TUR,BA:622,2024,SEX_F,55,155.665,0.014399694217523493
TUR,BA:622,2024,SEX_F,56,440.111,0.040712194917087864
TUR,BA:622,2024,SEX_F,58,11.314,0.0010465945484024078
TUR,BA:622,2024,SEX_F,59,12.705,0.0011752681401319242
TUR,BA:622,2024,SEX_F,60,9.658,8.934072961349173e-4
TUR,BA:622,2024,SEX_F,61,16.102,0.0014895055169149348
TUR,BA:622,2024,SEX_F,62,62.044,0.005739341714785132
TUR,BA:622,2024,SEX_F,63,8.14,7.529856482230512e-4
TUR,BA:622,2024,SEX_F,64,98.108,0.009075419653054926
TUR,BA:622,2024,SEX_F,65,12.715,0.0011761931839258102
TUR,BA:622,2024,SEX_F,66,52.076,0.004817258061039755
TUR,BA:622,2024,SEX_F,68,79.687,0.007371396480337871
TUR,BA:622,2024,SEX_F,69,167.217,0.015468304808220385
TUR,BA:622,2024,SEX_F,70,102.502,0.009481883896088351
TUR,BA:622,2024,SEX_F,71,63.266,0.005852382066397979
TUR,BA:622,2024,SEX_F,72,6.936,6.416103754391993e-4
TUR,BA:622,2024,SEX_F,73,30.444,0.002816203326105966
TUR,BA:622,2024,SEX_F,74,48.689,0.004503945728050631
TUR,BA:622,2024,SEX_F,75,6.954,6.432754542681937e-4
TUR,BA:622,2024,SEX_F,77,5.631,5.208921603371008e-4
TUR,BA:622,2024,SEX_F,78,64.31,0.005948956638479658
TUR,BA:622,2024,SEX_F,79,22.762,0.0021055846836428855
TUR,BA:622,2024,SEX_F,80,31.082,0.002875221120155881
TUR,BA:622,2024,SEX_F,81,241.476,0.022337587517237037
TUR,BA:622,2024,SEX_F,82,83.944,0.007765187623395062
TUR,BA:622,2024,SEX_F,84,464.772,0.04299344541718966
TUR,BA:622,2024,SEX_F,85,1181.711,0.1093134426716597
TUR,BA:622,2024,SEX_F,86,833.922,0.07714143706848442
TUR,BA:622,2024,SEX_F,87,40.113,0.003710628170414158
TUR,BA:622,2024,SEX_F,88,577.737,0.05344320263482074
TUR,BA:622,2024,SEX_F,90,14.519,0.0013430710843428107
TUR,BA:622,2024,SEX_F,91,9.301,8.603832326931939e-4
TUR,BA:622,2024,SEX_F,92,2.466,2.281157995722413e-4
TUR,BA:622,2024,SEX_F,93,40.261,0.0037243188185636686
TUR,BA:622,2024,SEX_F,94,35.516,0.00328538553836485
TUR,BA:622,2024,SEX_F,95,26.836,0.0024824475252719653
TUR,BA:622,2024,SEX_F,96,164.546,0.015221225610873483
TUR,BA:622,2024,SEX_F,97,131.004,0.012118443717421693
TUR,BA:622,2024,SEX_F,99,2.109,1.9509173613051778e-4
TUR,BA:622,2024,SEX_M,1,2720.119,0.12472239591144864
TUR,BA:622,2024,SEX_M,2,42.477,0.001947647588627778
TUR,BA:622,2024,SEX_M,3,33.634,0.001542179979657384
TUR,BA:622,2024,SEX_M,5,44.105,0.002022294345090947
TUR,BA:622,2024,SEX_M,6,5.428,2.4888365729857525e-4
TUR,BA:622,2024,SEX_M,7,28.237,0.0012947177286550973
TUR,BA:622,2024,SEX_M,8,63.256,0.002900402473485386
TUR,BA:622,2024,SEX_M,9,9.752,4.4714690972286403e-4
TUR,BA:622,2024,SEX_M,10,509.616,0.023366819067404333
TUR,BA:622,2024,SEX_M,11,17.696,8.113937361008821e-4
TUR,BA:622,2024,SEX_M,12,6.949,3.186242694487471e-4
TUR,BA:622,2024,SEX_M,13,396.105,0.0181621335803707
TUR,BA:622,2024,SEX_M,14,451.243,0.020690311011492445
TUR,BA:622,2024,SEX_M,15,90.939,0.004169718296071321
TUR,BA:622,2024,SEX_M,16,118.818,0.0054480210745950835
TUR,BA:622,2024,SEX_M,17,99.315,0.004553773106965365
TUR,BA:622,2024,SEX_M,18,45.47,0.0020848820739436656
TUR,BA:622,2024,SEX_M,19,18.322,8.400969729227148e-4
TUR,BA:622,2024,SEX_M,20,116.788,0.005354941888096169
TUR,BA:622,2024,SEX_M,21,33.728,0.00154649005036226
TUR,BA:622,2024,SEX_M,22,215.55,0.009883358940808383
TUR,BA:622,2024,SEX_M,23,276.006,0.012655376329467677
TUR,BA:622,2024,SEX_M,24,237.131,0.010872886982105461
TUR,BA:622,2024,SEX_M,25,404.311,0.018538393582543156
TUR,BA:622,2024,SEX_M,26,57.366,0.0026303352771905064
TUR,BA:622,2024,SEX_M,27,195.913,0.008982966829833414
TUR,BA:622,2024,SEX_M,28,294.392,0.013498407818614989
TUR,BA:622,2024,SEX_M,29,262.989,0.012058523240474392
TUR,BA:622,2024,SEX_M,30,92.938,0.004261376076273947
TUR,BA:622,2024,SEX_M,31,312.456,0.014326675023007301
TUR,BA:622,2024,SEX_M,32,89.018,0.004081636957517423
TUR,BA:622,2024,SEX_M,33,186.788,0.008564569008748392
TUR,BA:622,2024,SEX_M,35,130.084,0.005964587633756054
TUR,BA:622,2024,SEX_M,36,31.756,0.0014560702691918856
TUR,BA:622,2024,SEX_M,37,11.251,5.158787819208309e-4
TUR,BA:622,2024,SEX_M,38,108.901,0.004993308615230682
TUR,BA:622,2024,SEX_M,39,1.128,5.172084845851011e-5
TUR,BA:622,2024,SEX_M,41,1164.77,0.05340681973317271
TUR,BA:622,2024,SEX_M,42,159.93,0.007333080934370144
TUR,BA:622,2024,SEX_M,43,724.162,0.03320414278493936
TUR,BA:622,2024,SEX_M,45,672.945,0.030855750324390148
TUR,BA:622,2024,SEX_M,46,803.66,0.03684927045404808
TUR,BA:622,2024,SEX_M,47,1877.811,0.08610104447227244
TUR,BA:622,2024,SEX_M,49,961.033,0.0440651082948824
TUR,BA:622,2024,SEX_M,50,28.207,0.001293342174174818
TUR,BA:622,2024,SEX_M,51,39.068,0.0017913387478520149
TUR,BA:622,2024,SEX_M,52,254.124,0.011652046891551793
TUR,BA:622,2024,SEX_M,53,212.115,0.009725857952816377
TUR,BA:622,2024,SEX_M,55,282.647,0.012959878239585556
TUR,BA:622,2024,SEX_M,56,1020.919,0.04681099014841639
TUR,BA:622,2024,SEX_M,58,14.965,6.86172426579436e-4
TUR,BA:622,2024,SEX_M,59,23.828,0.0010925570718700167
TUR,BA:622,2024,SEX_M,60,12.006,5.504969030078656e-4
TUR,BA:622,2024,SEX_M,61,44.406,0.0020360957417097517
TUR,BA:622,2024,SEX_M,62,117.073,0.005368009655658824
TUR,BA:622,2024,SEX_M,63,13.29,6.093706347638292e-4
TUR,BA:622,2024,SEX_M,64,125.551,0.0057567413517858185
TUR,BA:622,2024,SEX_M,65,17.5,8.024067801630558e-4
TUR,BA:622,2024,SEX_M,66,46.215,0.002119041676870607
TUR,BA:622,2024,SEX_M,68,288.271,0.013217748852821959
TUR,BA:622,2024,SEX_M,69,201.031,0.009217636424169102
TUR,BA:622,2024,SEX_M,70,144.029,0.006603991208005987
TUR,BA:622,2024,SEX_M,71,134.704,0.006176423023719102
TUR,BA:622,2024,SEX_M,72,7.052,3.233470064977068e-4
TUR,BA:622,2024,SEX_M,73,40.728,0.0018674527624274822
TUR,BA:622,2024,SEX_M,74,63.14,0.0028950836628283054
TUR,BA:622,2024,SEX_M,75,17,7.794808721583971e-4
TUR,BA:622,2024,SEX_M,77,31.639,0.0014507056067187955
TUR,BA:622,2024,SEX_M,78,191.939,0.008800751713012386
TUR,BA:622,2024,SEX_M,79,47.047,0.002157190387790359
TUR,BA:622,2024,SEX_M,80,158.945,0.007287916895600965
TUR,BA:622,2024,SEX_M,81,191.181,0.008765996036477324
TUR,BA:622,2024,SEX_M,82,66.393,0.003044239620306615
TUR,BA:622,2024,SEX_M,84,1661.4,0.07617820711788005
TUR,BA:622,2024,SEX_M,85,821.831,0.03768244380275339
TUR,BA:622,2024,SEX_M,86,515.635,0.023642801147964417
TUR,BA:622,2024,SEX_M,87,19.161,8.785666465545321e-4
TUR,BA:622,2024,SEX_M,88,64.779,0.0029702347892675766
TUR,BA:622,2024,SEX_M,90,24.799,0.001137079185215064
TUR,BA:622,2024,SEX_M,91,11.986,5.495798666876792e-4
TUR,BA:622,2024,SEX_M,92,6.666,3.056482055181103e-4
TUR,BA:622,2024,SEX_M,93,80.509,0.0036914838550941406
TUR,BA:622,2024,SEX_M,94,137.765,0.006316775432523621
TUR,BA:622,2024,SEX_M,95,164.332,0.007534920628443159
TUR,BA:622,2024,SEX_M,96,328.818,0.015076902436551753
TUR,BA:622,2024,SEX_M,97,9.705,4.449918743704261e-4
TUR,BA:622,2024,SEX_M,99,2.702,1.238916068571758e-4
TZA,BA:1743,2024,SEX_F,1,10078.753,0.6557446302964438
TZA,BA:1743,2024,SEX_F,2,22.962,0.001493955472553692
TZA,BA:1743,2024,SEX_F,3,25.183,0.0016384583514205916
TZA,BA:1743,2024,SEX_F,8,33.748,0.002195715063484975
TZA,BA:1743,2024,SEX_F,10,69.042,0.004492016102083965
TZA,BA:1743,2024,SEX_F,11,47.143,0.0030672216201811124
TZA,BA:1743,2024,SEX_F,13,273.354,0.017784979716246055
TZA,BA:1743,2024,SEX_F,14,60.491,0.003935670259134457
TZA,BA:1743,2024,SEX_F,15,6.351,4.132092677549211e-4
TZA,BA:1743,2024,SEX_F,16,19.321,0.0012570644406066495
TZA,BA:1743,2024,SEX_F,20,14.598,9.497762384957232e-4
TZA,BA:1743,2024,SEX_F,23,4.346,2.827597980889446e-4
TZA,BA:1743,2024,SEX_F,28,6.137,3.992859827132657e-4
TZA,BA:1743,2024,SEX_F,32,19.872,0.0012929136464849302
TZA,BA:1743,2024,SEX_F,33,5.041,3.279779434345075e-4
TZA,BA:1743,2024,SEX_F,35,4.553,2.962276485731626e-4
TZA,BA:1743,2024,SEX_F,36,7.09,4.612901446043758e-4
TZA,BA:1743,2024,SEX_F,38,8.593,5.590784502941327e-4
TZA,BA:1743,2024,SEX_F,41,24.859,0.0016173782376192071
TZA,BA:1743,2024,SEX_F,42,6.551,4.262216836817018e-4
TZA,BA:1743,2024,SEX_F,43,13.009,8.463925939574506e-4
TZA,BA:1743,2024,SEX_F,45,8.203,5.337042392369103e-4
TZA,BA:1743,2024,SEX_F,46,175.296,0.011405122311504746
TZA,BA:1743,2024,SEX_F,47,1750.296,0.11387789773490276
TZA,BA:1743,2024,SEX_F,49,22.206,0.001444768540350461
TZA,BA:1743,2024,SEX_F,50,7.106,4.6233113787851824e-4
TZA,BA:1743,2024,SEX_F,52,8.89,5.784018879454021e-4
TZA,BA:1743,2024,SEX_F,55,34.983,0.002276066731832846
TZA,BA:1743,2024,SEX_F,56,936.222,0.060912550319012396
TZA,BA:1743,2024,SEX_F,58,4.923,3.2030061803770693e-4
TZA,BA:1743,2024,SEX_F,60,1.764,1.1476950847420576e-4
TZA,BA:1743,2024,SEX_F,61,7.984,5.194556437970855e-4
TZA,BA:1743,2024,SEX_F,64,32.601,0.0021210888581448878
TZA,BA:1743,2024,SEX_F,66,37.895,0.0024655275077267733
TZA,BA:1743,2024,SEX_F,68,17.141,0.0011152291070047396
TZA,BA:1743,2024,SEX_F,69,9.302,6.052074647545703e-4
TZA,BA:1743,2024,SEX_F,71,5.113,3.326624131681486e-4
TZA,BA:1743,2024,SEX_F,72,12.935,8.415780000645417e-4
TZA,BA:1743,2024,SEX_F,74,11.7,7.612263317166709e-4
TZA,BA:1743,2024,SEX_F,77,4.247,2.7631865220518814e-4
TZA,BA:1743,2024,SEX_F,78,9.645,6.275237580689991e-4
TZA,BA:1743,2024,SEX_F,79,12.758,8.300620119693407e-4
TZA,BA:1743,2024,SEX_F,80,8.289,5.39299578085426e-4
TZA,BA:1743,2024,SEX_F,81,148.652,0.009671608261739021
TZA,BA:1743,2024,SEX_F,82,166.327,0.010821580519268266
TZA,BA:1743,2024,SEX_F,84,43.109,0.002804761190937946
TZA,BA:1743,2024,SEX_F,85,247.124,0.01607840136744877
TZA,BA:1743,2024,SEX_F,86,106.907,0.0069555917474217206
TZA,BA:1743,2024,SEX_F,87,7.887,5.131446220725969e-4
TZA,BA:1743,2024,SEX_F,88,6.689,4.352002506711805e-4
TZA,BA:1743,2024,SEX_F,90,4.694,3.05401401801543e-4
TZA,BA:1743,2024,SEX_F,93,21.193,0.0013788606536813167
TZA,BA:1743,2024,SEX_F,94,66.003,0.004294292442076532
TZA,BA:1743,2024,SEX_F,95,6.937,4.5133564642038855e-4
TZA,BA:1743,2024,SEX_F,96,388.465,0.025274340764984318
TZA,BA:1743,2024,SEX_F,97,199.063,0.01295145275816373
TZA,BA:1743,2024,SEX_F,98,86.39,0.005620713059572923
TZA,BA:1743,2024,SEX_M,1,9182.739,0.5888408694239199
TZA,BA:1743,2024,SEX_M,2,53.801,0.003449975831380628
TZA,BA:1743,2024,SEX_M,3,303.209,0.019443202205481104
TZA,BA:1743,2024,SEX_M,5,3.008,1.9288725675717792e-4
TZA,BA:1743,2024,SEX_M,7,33.053,0.0021195154579770614
TZA,BA:1743,2024,SEX_M,8,238.795,0.015312670371452891
TZA,BA:1743,2024,SEX_M,9,21.761,0.001395418748102709
TZA,BA:1743,2024,SEX_M,10,60.145,0.003856783263849889
TZA,BA:1743,2024,SEX_M,11,27.378,0.0017556074852054578
TZA,BA:1743,2024,SEX_M,13,51.841,0.0033242913156744883
TZA,BA:1743,2024,SEX_M,14,10.062,6.452232637934588e-4
TZA,BA:1743,2024,SEX_M,15,18.659,0.0011965037645718692
TZA,BA:1743,2024,SEX_M,16,151.554,0.009718362802718532
TZA,BA:1743,2024,SEX_M,18,6.893,4.420119218175623e-4
TZA,BA:1743,2024,SEX_M,20,7.653,4.907467340301471e-4
TZA,BA:1743,2024,SEX_M,22,11.651,7.471174961695079e-4
TZA,BA:1743,2024,SEX_M,23,52.673,0.003377643110096686
TZA,BA:1743,2024,SEX_M,24,12.637,8.103445025400457e-4
TZA,BA:1743,2024,SEX_M,25,59.059,0.0037871437821882215
TZA,BA:1743,2024,SEX_M,26,16.562,0.001062034157716882
TZA,BA:1743,2024,SEX_M,27,28.755,0.001843907269964312
TZA,BA:1743,2024,SEX_M,28,21.12,0.0013543147814865683
TZA,BA:1743,2024,SEX_M,29,71.073,0.00455753856366453
TZA,BA:1743,2024,SEX_M,30,20.104,0.0012891640325286917
TZA,BA:1743,2024,SEX_M,31,52.177,0.0033458372326526835
TZA,BA:1743,2024,SEX_M,32,28.396,0.0018208864836691569
TZA,BA:1743,2024,SEX_M,33,42.714,0.002739024695853091
TZA,BA:1743,2024,SEX_M,35,56.998,0.003654982666438041
TZA,BA:1743,2024,SEX_M,36,29.333,0.001880971377147041
TZA,BA:1743,2024,SEX_M,38,1.977,1.267746365056319e-4
TZA,BA:1743,2024,SEX_M,41,678.638,0.043517494066215995
TZA,BA:1743,2024,SEX_M,42,33.507,0.00214862809579879
TZA,BA:1743,2024,SEX_M,43,181.911,0.01166499792684674
TZA,BA:1743,2024,SEX_M,45,120.5,0.00772703272581115
TZA,BA:1743,2024,SEX_M,46,193.856,0.012430968100372168
TZA,BA:1743,2024,SEX_M,47,1032.09,0.06618251623221932
TZA,BA:1743,2024,SEX_M,49,828.86,0.05315044269805668
TZA,BA:1743,2024,SEX_M,50,21.705,0.0013918277619396763
TZA,BA:1743,2024,SEX_M,51,3.166,2.0301896771716266e-4
TZA,BA:1743,2024,SEX_M,52,87.927,0.00563829714923151
TZA,BA:1743,2024,SEX_M,53,18.739,0.0012016337448047729
TZA,BA:1743,2024,SEX_M,55,32.222,0.002066227788307775
TZA,BA:1743,2024,SEX_M,56,165.892,0.010637783509960691
TZA,BA:1743,2024,SEX_M,58,7.704,4.940170964286232e-4
TZA,BA:1743,2024,SEX_M,60,4.726,3.0305358225878417e-4
TZA,BA:1743,2024,SEX_M,61,17.321,0.0011107048451765556
TZA,BA:1743,2024,SEX_M,62,4.007,2.569478849155624e-4
TZA,BA:1743,2024,SEX_M,63,2.427,1.5563077531571503e-4
TZA,BA:1743,2024,SEX_M,64,30.766,0.001972862148068928
TZA,BA:1743,2024,SEX_M,65,4.613,2.9580748517980777e-4
TZA,BA:1743,2024,SEX_M,66,19.125,0.0012263858994285331
TZA,BA:1743,2024,SEX_M,68,28.188,0.0018075485350636073
TZA,BA:1743,2024,SEX_M,69,21.352,0.001369191724161989
TZA,BA:1743,2024,SEX_M,70,6.939,4.4496166045148187e-4
TZA,BA:1743,2024,SEX_M,71,14.544,9.326304063418868e-4
TZA,BA:1743,2024,SEX_M,72,11.614,7.4474488031179e-4
TZA,BA:1743,2024,SEX_M,74,20.35,0.0013049387217448705
TZA,BA:1743,2024,SEX_M,75,6.069,3.891731254186545e-4
TZA,BA:1743,2024,SEX_M,77,8.07,5.174867559941575e-4
TZA,BA:1743,2024,SEX_M,78,8.115,5.203723698751658e-4
TZA,BA:1743,2024,SEX_M,79,60.684,0.0038913465056690773
TZA,BA:1743,2024,SEX_M,80,54.957,0.003524104045746086
TZA,BA:1743,2024,SEX_M,81,75.588,0.00484706182305903
TZA,BA:1743,2024,SEX_M,82,130.056,0.008339808864631494
TZA,BA:1743,2024,SEX_M,84,160.846,0.010314210006770292
TZA,BA:1743,2024,SEX_M,85,287.855,0.018458630749281068
TZA,BA:1743,2024,SEX_M,86,101.018,0.006477754289593284
TZA,BA:1743,2024,SEX_M,88,7.135,4.5753011202209586e-4
TZA,BA:1743,2024,SEX_M,90,13.009,8.341989106230477e-4
TZA,BA:1743,2024,SEX_M,93,24.768,0.0015882418801069756
TZA,BA:1743,2024,SEX_M,94,107.01,0.006861989809037769
TZA,BA:1743,2024,SEX_M,95,30.849,0.0019781845025605657
TZA,BA:1743,2024,SEX_M,96,200.754,0.012873300645954286
TZA,BA:1743,2024,SEX_M,97,23.764,0.0015238606281840344
TZA,BA:1743,2024,SEX_M,98,25.586,0.0016406959279884155
UKR,BA:475,2021,SEX_F,1,857.278,0.11508085130603267
UKR,BA:475,2021,SEX_F,2,11.373,0.0015267095643461159
UKR,BA:475,2021,SEX_F,5,20.368,0.0027341968176032433
UKR,BA:475,2021,SEX_F,6,5.119,6.871736797580028e-4
UKR,BA:475,2021,SEX_F,7,36.199,0.004859347535370179
UKR,BA:475,2021,SEX_F,8,2.954,3.9654445204241856e-4
UKR,BA:475,2021,SEX_F,10,219.644,0.029484972790929244
UKR,BA:475,2021,SEX_F,11,13.584,0.001823513824151731
UKR,BA:475,2021,SEX_F,13,11.101,0.0014901963311181072
UKR,BA:475,2021,SEX_F,14,141.284,0.01896593986538966
UKR,BA:475,2021,SEX_F,15,13.841,0.0018580134599590775
UKR,BA:475,2021,SEX_F,16,18.67,0.0025062575895842772
UKR,BA:475,2021,SEX_F,17,15.032,0.00201789309515966
UKR,BA:475,2021,SEX_F,18,11.476,0.0015405362666346635
UKR,BA:475,2021,SEX_F,19,5.435,7.295934654199542e-4
UKR,BA:475,2021,SEX_F,20,20.465,0.0027472180809235257
UKR,BA:475,2021,SEX_F,21,12.521,0.0016808168869408
UKR,BA:475,2021,SEX_F,22,22.246,0.0029862992146701566
UKR,BA:475,2021,SEX_F,23,24.644,0.0033082063223200276
UKR,BA:475,2021,SEX_F,24,59.272,0.007956663087832848
UKR,BA:475,2021,SEX_F,25,19.651,0.002637946860895588
UKR,BA:475,2021,SEX_F,26,14.97,0.0020095702258209227
UKR,BA:475,2021,SEX_F,27,13.595,0.0018249904622602167
UKR,BA:475,2021,SEX_F,28,37.816,0.00507641333731757
UKR,BA:475,2021,SEX_F,29,29.582,0.0039710825932020395
UKR,BA:475,2021,SEX_F,30,35.272,0.004734907214773252
UKR,BA:475,2021,SEX_F,31,17.572,0.0023588622583918003
UKR,BA:475,2021,SEX_F,32,7.704,0.0010341836352521301
UKR,BA:475,2021,SEX_F,33,11.507,0.0015446977013040318
UKR,BA:475,2021,SEX_F,35,95.131,0.012770369081668016
UKR,BA:475,2021,SEX_F,36,37.322,0.00501009886226376
UKR,BA:475,2021,SEX_F,37,4.45,5.973672347964667e-4
UKR,BA:475,2021,SEX_F,38,7.698,0.0010333781962838654
UKR,BA:475,2021,SEX_F,41,52.672,0.007070680222741458
UKR,BA:475,2021,SEX_F,42,6.932,9.305504880020466e-4
UKR,BA:475,2021,SEX_F,43,17.444,0.0023416795604021493
UKR,BA:475,2021,SEX_F,45,21.305,0.0028599795364806116
UKR,BA:475,2021,SEX_F,46,107.501,0.01443091575457415
UKR,BA:475,2021,SEX_F,47,1521.446,0.20423864941845954
UKR,BA:475,2021,SEX_F,49,151.915,0.020393043477327018
UKR,BA:475,2021,SEX_F,50,6.229,8.361798888870092e-4
UKR,BA:475,2021,SEX_F,51,2.374,3.1868535177681165e-4
UKR,BA:475,2021,SEX_F,52,44.683,0.005998238236496746
UKR,BA:475,2021,SEX_F,53,67.05,0.009000780470360245
UKR,BA:475,2021,SEX_F,55,33.937,0.004555697044334312
UKR,BA:475,2021,SEX_F,56,210.892,0.028310105815886843
UKR,BA:475,2021,SEX_F,58,18.105,0.0024304120867393326
UKR,BA:475,2021,SEX_F,59,3.662,4.915862502976766e-4
UKR,BA:475,2021,SEX_F,60,8.261,0.0011089552194727215
UKR,BA:475,2021,SEX_F,61,15.215,0.002042458983691739
UKR,BA:475,2021,SEX_F,62,46.722,0.006271953245878768
UKR,BA:475,2021,SEX_F,63,8.18,0.0010980817934011454
UKR,BA:475,2021,SEX_F,64,135.854,0.01823701759910993
UKR,BA:475,2021,SEX_F,65,10.915,0.0014652277231018951
UKR,BA:475,2021,SEX_F,66,4.877,6.546876413713186e-4
UKR,BA:475,2021,SEX_F,68,36.902,0.0049537181344852165
UKR,BA:475,2021,SEX_F,69,58.971,0.007916256899591557
UKR,BA:475,2021,SEX_F,70,5.068,6.803274485277512e-4
UKR,BA:475,2021,SEX_F,71,21.072,0.002828701656546325
UKR,BA:475,2021,SEX_F,72,21.062,0.0028273592582658837
UKR,BA:475,2021,SEX_F,73,26.23,0.0035211106895980497
UKR,BA:475,2021,SEX_F,74,23.009,0.003088724203467843
UKR,BA:475,2021,SEX_F,75,12.652,0.0016984023044145833
UKR,BA:475,2021,SEX_F,78,4.263,5.722643869522107e-4
UKR,BA:475,2021,SEX_F,79,16.209,0.0021758933727676244
UKR,BA:475,2021,SEX_F,80,10.261,0.0013774348755610211
UKR,BA:475,2021,SEX_F,81,69.542,0.009335306121846267
UKR,BA:475,2021,SEX_F,82,11.213,0.0015052311918590518
UKR,BA:475,2021,SEX_F,84,432.222,0.058021406956898516
UKR,BA:475,2021,SEX_F,85,1163.086,0.15613246464055802
UKR,BA:475,2021,SEX_F,86,723.859,0.09717070768821025
UKR,BA:475,2021,SEX_F,87,36.67,0.004922574494378974
UKR,BA:475,2021,SEX_F,88,67.291,0.009033132268918885
UKR,BA:475,2021,SEX_F,90,43.229,0.005803053526520552
UKR,BA:475,2021,SEX_F,91,38.616,0.005183805199752889
UKR,BA:475,2021,SEX_F,92,1.719,2.3075826440789354e-4
UKR,BA:475,2021,SEX_F,93,23.395,0.0031405407770928847
UKR,BA:475,2021,SEX_F,94,10.203,0.0013696489655344605
UKR,BA:475,2021,SEX_F,95,11.157,0.0014977137614885796
UKR,BA:475,2021,SEX_F,96,194.697,0.026136091800711837
UKR,BA:475,2021,SEX_F,97,35.809,0.00480699400243296
UKR,BA:475,2021,SEX_M,1,1260.145,0.15289392469457497
UKR,BA:475,2021,SEX_M,2,77.72,0.009429800401749296
UKR,BA:475,2021,SEX_M,3,8.608,0.0010444122730089802
UKR,BA:475,2021,SEX_M,5,100.485,0.012191887459724368
UKR,BA:475,2021,SEX_M,6,21.499,0.0026084827436593937
UKR,BA:475,2021,SEX_M,7,89.893,0.010906755629367593
UKR,BA:475,2021,SEX_M,8,20.691,0.0025104477626427518
UKR,BA:475,2021,SEX_M,9,2.568,3.1157652382516975e-4
UKR,BA:475,2021,SEX_M,10,262.274,0.03182181511282031
UKR,BA:475,2021,SEX_M,11,24.61,0.0029859416866578766
UKR,BA:475,2021,SEX_M,12,2.163,2.624377028947983e-4
UKR,BA:475,2021,SEX_M,13,2.948,3.5768208420428364e-4
UKR,BA:475,2021,SEX_M,14,13.418,0.0016280116030709217
UKR,BA:475,2021,SEX_M,15,12.588,0.001527307352769173
UKR,BA:475,2021,SEX_M,16,113.134,0.01372659596823861
UKR,BA:475,2021,SEX_M,17,28.814,0.0034960147809573365
UKR,BA:475,2021,SEX_M,18,13.183,0.0015994989538891014
UKR,BA:475,2021,SEX_M,19,7.289,8.843774463246347e-4
UKR,BA:475,2021,SEX_M,20,41.497,0.005034848523821288
UKR,BA:475,2021,SEX_M,21,12.116,0.0014700393935614315
UKR,BA:475,2021,SEX_M,22,49.92,0.006056814668750963
UKR,BA:475,2021,SEX_M,23,76.487,0.009280199991361275
UKR,BA:475,2021,SEX_M,24,152.212,0.018467946201120224
UKR,BA:475,2021,SEX_M,25,80.903,0.0098159951351354
UKR,BA:475,2021,SEX_M,26,32.87,0.003988130972793352
UKR,BA:475,2021,SEX_M,27,31.271,0.003794123627934923
UKR,BA:475,2021,SEX_M,28,92.048,0.01116822268888599
UKR,BA:475,2021,SEX_M,29,42.159,0.005115169263218587
UKR,BA:475,2021,SEX_M,30,48.35,0.005866325906131993
UKR,BA:475,2021,SEX_M,31,97.458,0.011824620272178111
UKR,BA:475,2021,SEX_M,32,11.698,0.0014193232771444063
UKR,BA:475,2021,SEX_M,33,52.005,0.006309788598725838
UKR,BA:475,2021,SEX_M,35,244.278,0.02963835283760312
UKR,BA:475,2021,SEX_M,36,57.529,0.006980017850131694
UKR,BA:475,2021,SEX_M,37,8.11,9.839897228279308e-4
UKR,BA:475,2021,SEX_M,38,21.496,0.0026081187523932427
UKR,BA:475,2021,SEX_M,39,1.023,1.241210217574566e-4
UKR,BA:475,2021,SEX_M,41,706.901,0.08576859667777893
UKR,BA:475,2021,SEX_M,42,47.037,0.005707019061979949
UKR,BA:475,2021,SEX_M,43,270.49,0.03281866586038558
UKR,BA:475,2021,SEX_M,45,230.382,0.027952345292792155
UKR,BA:475,2021,SEX_M,46,156.387,0.018974500713180225
UKR,BA:475,2021,SEX_M,47,834.88,0.10129634276135424
UKR,BA:475,2021,SEX_M,49,639.757,0.0776219868196336
UKR,BA:475,2021,SEX_M,50,44.649,0.005417282014123833
UKR,BA:475,2021,SEX_M,51,5.346,6.486324362809024e-4
UKR,BA:475,2021,SEX_M,52,128.913,0.01564106869777029
UKR,BA:475,2021,SEX_M,53,39.806,0.004829678780134231
UKR,BA:475,2021,SEX_M,55,22.811,0.002767668257389387
UKR,BA:475,2021,SEX_M,56,83.556,0.010137884744834845
UKR,BA:475,2021,SEX_M,58,10.635,0.0012903490385049376
UKR,BA:475,2021,SEX_M,59,2.638,3.2006965336869067e-4
UKR,BA:475,2021,SEX_M,60,15.404,0.0018689738212628172
UKR,BA:475,2021,SEX_M,61,26.69,0.0032383089645225
UKR,BA:475,2021,SEX_M,62,140.405,0.017035397907972333
UKR,BA:475,2021,SEX_M,63,5.564,6.750824682878677e-4
UKR,BA:475,2021,SEX_M,64,64.699,0.007849956976232343
UKR,BA:475,2021,SEX_M,65,7.36,8.929919062902061e-4
UKR,BA:475,2021,SEX_M,66,1.842,2.234906374166521e-4
UKR,BA:475,2021,SEX_M,68,26.936,0.003268156248346874
UKR,BA:475,2021,SEX_M,69,52.389,0.006356379480793153
UKR,BA:475,2021,SEX_M,70,2.875,3.488249633946117e-4
UKR,BA:475,2021,SEX_M,71,29.681,0.0036012082568749465
UKR,BA:475,2021,SEX_M,72,18.677,0.002266088292633448
UKR,BA:475,2021,SEX_M,73,21.096,0.0025595865835731234
UKR,BA:475,2021,SEX_M,74,13.84,0.0016792130411761484
UKR,BA:475,2021,SEX_M,75,11.707,0.0014204152509428591
UKR,BA:475,2021,SEX_M,77,2.25,2.729934496131744e-4
UKR,BA:475,2021,SEX_M,78,0.854,1.0361618043095598e-4
UKR,BA:475,2021,SEX_M,79,6.843,8.302640780902011e-4
UKR,BA:475,2021,SEX_M,80,82.886,0.010056593362061144
UKR,BA:475,2021,SEX_M,81,70.01,0.008494342847741485
UKR,BA:475,2021,SEX_M,82,2.085,2.529739299748749e-4
UKR,BA:475,2021,SEX_M,84,508.841,0.06173789328649657
UKR,BA:475,2021,SEX_M,85,285.203,0.034603800360011636
UKR,BA:475,2021,SEX_M,86,188.228,0.022837782681683818
UKR,BA:475,2021,SEX_M,87,9.545,0.0011580988784701109
UKR,BA:475,2021,SEX_M,88,17.677,0.0021447578705831483
UKR,BA:475,2021,SEX_M,90,24.015,0.0029137500855379484
UKR,BA:475,2021,SEX_M,91,8.057,9.77559210459265e-4
UKR,BA:475,2021,SEX_M,92,1.495,1.8138898096519812e-4
UKR,BA:475,2021,SEX_M,93,30.416,0.003690386117081917
UKR,BA:475,2021,SEX_M,94,22.814,0.002768032248655538
UKR,BA:475,2021,SEX_M,95,57.022,0.0069185033261521915
UKR,BA:475,2021,SEX_M,96,22.648,0.0027478913985951882
UKR,BA:475,2021,SEX_M,97,22.254,0.0027000872123073704
URY,BA:348,2024,SEX_F,1,27.261,0.03493101186021956
URY,BA:348,2024,SEX_F,2,1.18,0.0015119986058860304
URY,BA:348,2024,SEX_F,3,0.355,4.5488093651656e-4
URY,BA:348,2024,SEX_F,7,0.107,1.3710495833034345e-4
URY,BA:348,2024,SEX_F,10,28.312,0.03627771570325873
URY,BA:348,2024,SEX_F,11,1.14,0.0014607444158559954
URY,BA:348,2024,SEX_F,13,2.002,0.0025652722110032482
URY,BA:348,2024,SEX_F,14,6.626,0.008490256578475287
URY,BA:348,2024,SEX_F,15,1.254,0.0016068188574415952
URY,BA:348,2024,SEX_F,16,0.96,0.0012301005607208383
URY,BA:348,2024,SEX_F,17,1.228,0.0015735036339220724
URY,BA:348,2024,SEX_F,18,2.071,0.002653685688805059
URY,BA:348,2024,SEX_F,19,0.419,5.368876405646159e-4
URY,BA:348,2024,SEX_F,20,1.431,0.0018336186483244997
URY,BA:348,2024,SEX_F,21,2.648,0.003393027379988313
URY,BA:348,2024,SEX_F,22,0.891,0.0011416870829190282
URY,BA:348,2024,SEX_F,23,1.036,0.001327483521777905
URY,BA:348,2024,SEX_F,24,0.26,3.331522351952271e-4
URY,BA:348,2024,SEX_F,25,0.996,0.0012762293317478699
URY,BA:348,2024,SEX_F,26,0.18,2.306438551351572e-4
URY,BA:348,2024,SEX_F,27,0.362,4.6385041977181613e-4
URY,BA:348,2024,SEX_F,29,1.497,0.0019181880618740575
URY,BA:348,2024,SEX_F,30,0.108,1.3838631308109433e-4
URY,BA:348,2024,SEX_F,31,0.855,0.0010955583118919968
URY,BA:348,2024,SEX_F,32,3.548,0.004546246655664099
URY,BA:348,2024,SEX_F,33,0.4,5.125419003003494e-4
URY,BA:348,2024,SEX_F,35,1.028,0.0013172326837718978
URY,BA:348,2024,SEX_F,36,1.255,0.0016081002121923458
URY,BA:348,2024,SEX_F,37,0.021,2.690844976576834e-5
URY,BA:348,2024,SEX_F,38,1.05,0.001345422488288417
URY,BA:348,2024,SEX_F,41,3.012,0.0038594405092616307
URY,BA:348,2024,SEX_F,42,1.147,0.0014697138991112517
URY,BA:348,2024,SEX_F,43,1.666,0.002134737014750955
URY,BA:348,2024,SEX_F,45,4.287,0.005493167816468994
URY,BA:348,2024,SEX_F,46,18.358,0.023523110514284535
URY,BA:348,2024,SEX_F,47,111.514,0.1428889936752329
URY,BA:348,2024,SEX_F,49,6.626,0.008490256578475287
URY,BA:348,2024,SEX_F,50,0.621,7.957213002162924e-4
URY,BA:348,2024,SEX_F,51,0.083,1.0635244431232249e-4
URY,BA:348,2024,SEX_F,52,4.638,0.005942923333982551
URY,BA:348,2024,SEX_F,53,2.391,0.0030637192090453382
URY,BA:348,2024,SEX_F,55,6.678,0.008556887025514333
URY,BA:348,2024,SEX_F,56,33.278,0.042640923395487564
URY,BA:348,2024,SEX_F,58,0.709,9.084805182823692e-4
URY,BA:348,2024,SEX_F,59,0.477,6.112062161081666e-4
URY,BA:348,2024,SEX_F,60,0.787,0.0010084261888409374
URY,BA:348,2024,SEX_F,61,4.052,0.005192049450042539
URY,BA:348,2024,SEX_F,62,7.471,0.009573001342859775
URY,BA:348,2024,SEX_F,63,0.232,2.9727430217420264e-4
URY,BA:348,2024,SEX_F,64,10.238,0.013118509938187441
URY,BA:348,2024,SEX_F,65,3.283,0.004206687646715117
URY,BA:348,2024,SEX_F,66,1.509,0.0019335643188830678
URY,BA:348,2024,SEX_F,68,5.026,0.0064400889772738895
URY,BA:348,2024,SEX_F,69,16.559,0.021217953317683714
URY,BA:348,2024,SEX_F,70,4.172,0.005345812020132643
URY,BA:348,2024,SEX_F,71,5.326,0.006824495402499151
URY,BA:348,2024,SEX_F,72,1.214,0.0015555646674115602
URY,BA:348,2024,SEX_F,73,3.762,0.0048204565723247855
URY,BA:348,2024,SEX_F,74,4.47,0.0057276557358564035
URY,BA:348,2024,SEX_F,75,2.451,0.003140600494090391
URY,BA:348,2024,SEX_F,77,1.138,0.0014581817063544938
URY,BA:348,2024,SEX_F,78,0.926,0.0011865344991953087
URY,BA:348,2024,SEX_F,79,1.596,0.002045042182198394
URY,BA:348,2024,SEX_F,80,2.395,0.003068844628048342
URY,BA:348,2024,SEX_F,81,25.828,0.033094830502393556
URY,BA:348,2024,SEX_F,82,8.597,0.011015806792205258
URY,BA:348,2024,SEX_F,84,50.891,0.0652094246204627
URY,BA:348,2024,SEX_F,85,83.989,0.10761970416081511
URY,BA:348,2024,SEX_F,86,89.575,0.11477735179850948
URY,BA:348,2024,SEX_F,87,14.816,0.01898455198712494
URY,BA:348,2024,SEX_F,88,12.689,0.016259110432277832
URY,BA:348,2024,SEX_F,90,1.834,0.0023500046128771017
URY,BA:348,2024,SEX_F,91,0.965,0.0012365073344745927
URY,BA:348,2024,SEX_F,92,2.448,0.003136756429838138
URY,BA:348,2024,SEX_F,93,5.552,0.007114081576168848
URY,BA:348,2024,SEX_F,94,3.903,0.005001127592180659
URY,BA:348,2024,SEX_F,95,6.071,0.007779104691808552
URY,BA:348,2024,SEX_F,96,24.855,0.031848072329912956
URY,BA:348,2024,SEX_F,97,84.671,0.10849358810082721
URY,BA:348,2024,SEX_F,99,1.167,0.0014953409941262693
URY,BA:348,2024,SEX_M,1,97.804,0.10219725562479887
URY,BA:348,2024,SEX_M,2,12.369,0.012924602826296849
URY,BA:348,2024,SEX_M,3,2.168,0.002265384342098114
URY,BA:348,2024,SEX_M,7,0.139,1.4524373780057097e-4
URY,BA:348,2024,SEX_M,8,2.306,0.0024095831609217025
URY,BA:348,2024,SEX_M,9,0.141,1.47333575754536e-4
URY,BA:348,2024,SEX_M,10,42.988,0.044918976982524776
URY,BA:348,2024,SEX_M,11,3.126,0.0032664167220473727
URY,BA:348,2024,SEX_M,12,0.14,1.462886567775535e-4
URY,BA:348,2024,SEX_M,13,0.691,7.220390130949246e-4
URY,BA:348,2024,SEX_M,14,1.22,0.0012748011519186802
URY,BA:348,2024,SEX_M,15,1.714,0.0017909911265480475
URY,BA:348,2024,SEX_M,16,4.822,0.005038599307009735
URY,BA:348,2024,SEX_M,17,3.623,0.003785741453607688
URY,BA:348,2024,SEX_M,18,1.973,0.0020616251415865217
URY,BA:348,2024,SEX_M,19,1.499,0.0015663335464968049
URY,BA:348,2024,SEX_M,20,4.13,0.004315515374937827
URY,BA:348,2024,SEX_M,21,3.869,0.004042791521945388
URY,BA:348,2024,SEX_M,22,3.918,0.004093992551817532
URY,BA:348,2024,SEX_M,23,4.507,0.004709449829260239
URY,BA:348,2024,SEX_M,24,1.079,0.0011274675761641442
URY,BA:348,2024,SEX_M,25,12.277,0.012828470280414457
URY,BA:348,2024,SEX_M,26,0.461,4.81707648388944e-4
URY,BA:348,2024,SEX_M,27,1.148,0.0011995669855759384
URY,BA:348,2024,SEX_M,28,0.761,7.951833414837014e-4
URY,BA:348,2024,SEX_M,29,1.736,0.001813979344041663
URY,BA:348,2024,SEX_M,30,0.056,5.851546271102139e-5
URY,BA:348,2024,SEX_M,31,8.075,0.008437720739133887
URY,BA:348,2024,SEX_M,32,2.638,0.0027564962612799003
URY,BA:348,2024,SEX_M,33,4.755,0.004968589735551906
URY,BA:348,2024,SEX_M,35,7.414,0.007747029295348439
URY,BA:348,2024,SEX_M,36,4.729,0.00494142184215036
URY,BA:348,2024,SEX_M,37,0.536,5.600765716626333e-4
URY,BA:348,2024,SEX_M,38,4.032,0.00421311331519354
URY,BA:348,2024,SEX_M,39,0.27,2.821281237852817e-4
URY,BA:348,2024,SEX_M,41,77.793,0.08128738197640156
URY,BA:348,2024,SEX_M,42,15.498,0.01619415430527517
URY,BA:348,2024,SEX_M,43,28.348,0.029621363159500612
URY,BA:348,2024,SEX_M,45,39.725,0.0415094063606308
URY,BA:348,2024,SEX_M,46,49.456,0.051677512925647755
URY,BA:348,2024,SEX_M,47,86.933,0.09083794142602183
URY,BA:348,2024,SEX_M,49,47.803,0.049950261856695634
URY,BA:348,2024,SEX_M,50,1.413,0.0014764705144763076
URY,BA:348,2024,SEX_M,51,0.424,4.4304564624059054e-4
URY,BA:348,2024,SEX_M,52,14.9,0.01556929275703962
URY,BA:348,2024,SEX_M,53,4.5,0.0047021353964213615
URY,BA:348,2024,SEX_M,55,5.025,0.005250717859337188
URY,BA:348,2024,SEX_M,56,22.813,0.023837736621902337
URY,BA:348,2024,SEX_M,58,1.315,0.00137406845473202
URY,BA:348,2024,SEX_M,59,1.686,0.0017617333951925368
URY,BA:348,2024,SEX_M,60,1.984,0.002073119250333329
URY,BA:348,2024,SEX_M,61,6.487,0.006778389403685639
URY,BA:348,2024,SEX_M,62,19.843,0.02073432726026424
URY,BA:348,2024,SEX_M,63,0.628,6.562091175450256e-4
URY,BA:348,2024,SEX_M,64,8.19,0.008557886421486877
URY,BA:348,2024,SEX_M,65,2.103,0.0021974646085942497
URY,BA:348,2024,SEX_M,66,1.966,0.0020543107087476436
URY,BA:348,2024,SEX_M,68,5.713,0.005969622115501164
URY,BA:348,2024,SEX_M,69,10.546,0.011019715531257706
URY,BA:348,2024,SEX_M,70,4.591,0.004797223023326772
URY,BA:348,2024,SEX_M,71,5.552,0.005801390160206977
URY,BA:348,2024,SEX_M,72,0.888,9.278880515604821e-4
URY,BA:348,2024,SEX_M,73,4.136,0.004321784888799723
URY,BA:348,2024,SEX_M,74,5.558,0.0058076596740688725
URY,BA:348,2024,SEX_M,75,1.89,0.0019748968664969717
URY,BA:348,2024,SEX_M,77,2.345,0.002450335001024021
URY,BA:348,2024,SEX_M,78,0.847,8.850463735041985e-4
URY,BA:348,2024,SEX_M,79,2.111,0.00220582396041011
URY,BA:348,2024,SEX_M,80,9.393,0.009814923950796856
URY,BA:348,2024,SEX_M,81,25.444,0.02658691845034336
URY,BA:348,2024,SEX_M,82,6.421,0.006709424751204792
URY,BA:348,2024,SEX_M,84,63.988,0.0668622754991578
URY,BA:348,2024,SEX_M,85,31.459,0.03287210609689325
URY,BA:348,2024,SEX_M,86,32.631,0.03409675113791677
URY,BA:348,2024,SEX_M,87,4.25,0.00444090565217573
URY,BA:348,2024,SEX_M,88,2.096,0.002190150175755372
URY,BA:348,2024,SEX_M,90,4.77,0.0049842635202066434
URY,BA:348,2024,SEX_M,91,0.96,0.0010031222179032238
URY,BA:348,2024,SEX_M,92,2.893,0.003022950600410444
URY,BA:348,2024,SEX_M,93,12.555,0.0131189577560156
URY,BA:348,2024,SEX_M,94,3.122,0.0032622370461394424
URY,BA:348,2024,SEX_M,95,7.682,0.008027067581179756
URY,BA:348,2024,SEX_M,96,12.121,0.012665462920005184
URY,BA:348,2024,SEX_M,97,10.058,0.010509795070490234
URY,BA:348,2024,SEX_M,99,1.045,0.0010919403309467383
USA,BA:453,2024,SEX_F,1,518.658,0.006821511605242312
USA,BA:453,2024,SEX_F,2,31.129,4.094159055863168e-4
USA,BA:453,2024,SEX_F,3,219.637,0.002888717313606665
USA,BA:453,2024,SEX_F,5,10.163,1.3366615851693718e-4
USA,BA:453,2024,SEX_F,6,6.297,8.281962020871332e-5
USA,BA:453,2024,SEX_F,7,7.392,9.722131691008557e-5
USA,BA:453,2024,SEX_F,8,7.223,9.499858929133497e-5
USA,BA:453,2024,SEX_F,9,24.36,3.2038843072641835e-4
USA,BA:453,2024,SEX_F,10,544.301,0.007158774352743032
USA,BA:453,2024,SEX_F,11,50.959,6.702247143426746e-4
USA,BA:453,2024,SEX_F,12,5.093,6.698432995441907e-5
USA,BA:453,2024,SEX_F,13,262.692,0.0034549867670108495
USA,BA:453,2024,SEX_F,14,84.678,0.0011137049071039268
USA,BA:453,2024,SEX_F,15,25.477,3.350794765852611e-4
USA,BA:453,2024,SEX_F,16,54.931,7.22465389500529e-4
USA,BA:453,2024,SEX_F,17,85.916,0.001129987373328857
USA,BA:453,2024,SEX_F,18,134.311,0.001766489758591789
USA,BA:453,2024,SEX_F,19,32.596,4.287102334958264e-4
USA,BA:453,2024,SEX_F,20,371.87,0.004890921417661461
USA,BA:453,2024,SEX_F,21,272.523,0.003584286383696869
USA,BA:453,2024,SEX_F,22,142.19,0.0018701162136695168
USA,BA:453,2024,SEX_F,23,224.678,0.0029550177273706987
USA,BA:453,2024,SEX_F,24,53.964,7.097471788062578e-4
USA,BA:453,2024,SEX_F,25,254.029,0.0033410489601396276
USA,BA:453,2024,SEX_F,26,192.004,0.002525281619589295
USA,BA:453,2024,SEX_F,27,214.118,0.0028161301317848626
USA,BA:453,2024,SEX_F,28,408.455,0.00537209591430046
USA,BA:453,2024,SEX_F,29,170.767,0.0022459676169892563
USA,BA:453,2024,SEX_F,30,283.623,0.0037302761858751623
USA,BA:453,2024,SEX_F,31,111.282,0.0014636069518923352
USA,BA:453,2024,SEX_F,32,404.558,0.005320841656724891
USA,BA:453,2024,SEX_F,33,132.586,0.0017438021541992164
USA,BA:453,2024,SEX_F,35,341.826,0.004495775686432213
USA,BA:453,2024,SEX_F,36,18.501,2.4332948919825396e-4
USA,BA:453,2024,SEX_F,37,43.709,5.748710147217168e-4
USA,BA:453,2024,SEX_F,38,34.471,4.533706730529707e-4
USA,BA:453,2024,SEX_F,39,36.73,4.8308157063141815e-4
USA,BA:453,2024,SEX_F,41,447.446,0.005884914686979187
USA,BA:453,2024,SEX_F,42,443.482,0.005832779229696777
USA,BA:453,2024,SEX_F,43,540.081,0.007103271923446419
USA,BA:453,2024,SEX_F,45,1465.33,0.01927236367801078
USA,BA:453,2024,SEX_F,46,883.715,0.011622826849728934
USA,BA:453,2024,SEX_F,47,6039.775,0.07943653670733389
USA,BA:453,2024,SEX_F,49,555.624,0.0073076971031993225
USA,BA:453,2024,SEX_F,50,27.159,3.5720153489732334e-4
USA,BA:453,2024,SEX_F,51,586.518,0.007714022233694477
USA,BA:453,2024,SEX_F,52,681.708,0.008965983429131576
USA,BA:453,2024,SEX_F,53,1092.59,0.014369999816394804
USA,BA:453,2024,SEX_F,55,363.129,0.004775957736504663
USA,BA:453,2024,SEX_F,56,4903.071,0.06448633922127302
USA,BA:453,2024,SEX_F,58,265.008,0.003485447341951834
USA,BA:453,2024,SEX_F,59,191.762,0.00252209877885712
USA,BA:453,2024,SEX_F,60,92.885,0.001221645295074851
USA,BA:453,2024,SEX_F,61,375.16,0.004934192268937731
USA,BA:453,2024,SEX_F,62,1185.146,0.015587318026342029
USA,BA:453,2024,SEX_F,63,91.226,0.0011998257381546898
USA,BA:453,2024,SEX_F,64,1718.048,0.022596170058812055
USA,BA:453,2024,SEX_F,65,983.743,0.012938418555340682
USA,BA:453,2024,SEX_F,66,1553.582,0.020433074670969234
USA,BA:453,2024,SEX_F,68,1486.637,0.019552598337020954
USA,BA:453,2024,SEX_F,69,1807.228,0.02376908632532199
USA,BA:453,2024,SEX_F,70,519.288,0.006829797512933512
USA,BA:453,2024,SEX_F,71,534.857,0.007034564650781607
USA,BA:453,2024,SEX_F,72,401.791,0.005284449424055762
USA,BA:453,2024,SEX_F,73,199.173,0.0026195699882213845
USA,BA:453,2024,SEX_F,74,831.52,0.010936345973630189
USA,BA:453,2024,SEX_F,75,374.254,0.004922276344543719
USA,BA:453,2024,SEX_F,77,94.463,0.0012423995210061435
USA,BA:453,2024,SEX_F,78,486.91,0.006403954466543529
USA,BA:453,2024,SEX_F,79,644.392,0.0084751946491239
USA,BA:453,2024,SEX_F,80,285.654,0.003756988374003461
USA,BA:453,2024,SEX_F,81,1259.066,0.016559531195442886
USA,BA:453,2024,SEX_F,82,278.994,0.003669394492696485
USA,BA:453,2024,SEX_F,84,3265.195,0.04294461010122117
USA,BA:453,2024,SEX_F,85,9899.228,0.1301969673367414
USA,BA:453,2024,SEX_F,86,12129.64,0.15953186883729037
USA,BA:453,2024,SEX_F,87,1854.057,0.02438499231146679
USA,BA:453,2024,SEX_F,88,4104.216,0.05397961098531437
USA,BA:453,2024,SEX_F,90,93.988,0.001236152209651667
USA,BA:453,2024,SEX_F,91,347.861,0.00457514942122014
USA,BA:453,2024,SEX_F,92,650.841,0.008560013408966045
USA,BA:453,2024,SEX_F,93,481.534,0.006333248054245285
USA,BA:453,2024,SEX_F,94,1230.07,0.016178169005896775
USA,BA:453,2024,SEX_F,95,244.964,0.003221823955027354
USA,BA:453,2024,SEX_F,96,1453.643,0.019118653514221796
USA,BA:453,2024,SEX_F,97,592.85,0.007797302182108257
USA,BA:453,2024,SEX_F,99,176.509,0.002321487747089055
USA,BA:453,2024,SEX_M,1,1219.984,0.014300123607435399
USA,BA:453,2024,SEX_M,2,120.349,0.0014106788089280212
USA,BA:453,2024,SEX_M,3,421.741,0.004943465185054404
USA,BA:453,2024,SEX_M,5,57.178,6.70215730391498e-4
USA,BA:453,2024,SEX_M,6,27.082,3.1744346445245636e-4
USA,BA:453,2024,SEX_M,7,29.076,3.4081626809023043e-4
USA,BA:453,2024,SEX_M,8,78.831,9.240228102153307e-4
USA,BA:453,2024,SEX_M,9,153.656,0.0018010890249577814
USA,BA:453,2024,SEX_M,10,727.114,0.008522915117490709
USA,BA:453,2024,SEX_M,11,87.564,0.0010263872506208879
USA,BA:453,2024,SEX_M,12,11.236,1.317035214012185e-4
USA,BA:453,2024,SEX_M,13,426.416,0.004998263508528123
USA,BA:453,2024,SEX_M,14,168.433,0.0019742986134008043
USA,BA:453,2024,SEX_M,15,22.622,2.6516527778020334e-4
USA,BA:453,2024,SEX_M,16,237.342,0.0027820200406201497
USA,BA:453,2024,SEX_M,17,230.145,0.00269765992638692
USA,BA:453,2024,SEX_M,18,297.984,0.003492839277431532
USA,BA:453,2024,SEX_M,19,159.847,0.0018736572432734582
USA,BA:453,2024,SEX_M,20,630.134,0.0073861575965321665
USA,BA:453,2024,SEX_M,21,400.725,0.00469712474310282
USA,BA:453,2024,SEX_M,22,278.918,0.00326935589019091
USA,BA:453,2024,SEX_M,23,709.549,0.008317025801594267
USA,BA:453,2024,SEX_M,24,210.6,0.0024685619087839636
USA,BA:453,2024,SEX_M,25,969.965,0.011369509268060957
USA,BA:453,2024,SEX_M,26,479.253,0.005617595918663063
USA,BA:453,2024,SEX_M,27,601.549,0.007051096617602491
USA,BA:453,2024,SEX_M,28,1230.169,0.014419507762425737
USA,BA:453,2024,SEX_M,29,822.112,0.009636440493609696
USA,BA:453,2024,SEX_M,30,813.482,0.009535283374555538
USA,BA:453,2024,SEX_M,31,269.654,0.0031607672979640598
USA,BA:453,2024,SEX_M,32,843.284,0.009884609499938158
USA,BA:453,2024,SEX_M,33,438.516,0.005140094463401276
USA,BA:453,2024,SEX_M,35,1106.916,0.012974789524328158
USA,BA:453,2024,SEX_M,36,70.481,8.261477297863368e-4
USA,BA:453,2024,SEX_M,37,267.468,0.0031351439535547447
USA,BA:453,2024,SEX_M,38,166.478,0.0019513829508572495
USA,BA:453,2024,SEX_M,39,150.121,0.0017596532873150876
USA,BA:453,2024,SEX_M,41,3590.655,0.0420881014272777
USA,BA:453,2024,SEX_M,42,3574.809,0.041902361484226464
USA,BA:453,2024,SEX_M,43,3907.526,0.04580232593154305
USA,BA:453,2024,SEX_M,45,3070.662,0.03599296888865329
USA,BA:453,2024,SEX_M,46,1910.56,0.022394756127475258
USA,BA:453,2024,SEX_M,47,6051.798,0.07093655281317651
USA,BA:453,2024,SEX_M,49,2948.422,0.0345601245974389
USA,BA:453,2024,SEX_M,50,78.419,9.191935248097325e-4
USA,BA:453,2024,SEX_M,51,698.865,0.008191792584911229
USA,BA:453,2024,SEX_M,52,1442.188,0.01690470257409937
USA,BA:453,2024,SEX_M,53,2215.518,0.02596934160980641
USA,BA:453,2024,SEX_M,55,289.849,0.003397484333804003
USA,BA:453,2024,SEX_M,56,4511.055,0.05287663125085206
USA,BA:453,2024,SEX_M,58,319.119,0.003740574585798812
USA,BA:453,2024,SEX_M,59,371.82,0.004358312862887243
USA,BA:453,2024,SEX_M,60,102.616,0.0012028202698564825
USA,BA:453,2024,SEX_M,61,669.491,0.007847483289998503
USA,BA:453,2024,SEX_M,62,2904.874,0.03404967381869377
USA,BA:453,2024,SEX_M,63,118.334,0.0013870598523933598
USA,BA:453,2024,SEX_M,64,1553.506,0.018209523915799337
USA,BA:453,2024,SEX_M,65,794.296,0.009310393399332704
USA,BA:453,2024,SEX_M,66,1558.393,0.018266807211374966
USA,BA:453,2024,SEX_M,68,1617.442,0.018958953992722467
USA,BA:453,2024,SEX_M,69,1326.957,0.015554014742612737
USA,BA:453,2024,SEX_M,70,571.893,0.006703481840931565
USA,BA:453,2024,SEX_M,71,1767.248,0.020714914986584246
USA,BA:453,2024,SEX_M,72,421.751,0.004943582400719589
USA,BA:453,2024,SEX_M,73,161.43,0.0018922124830721523
USA,BA:453,2024,SEX_M,74,828.629,0.009712829942610385
USA,BA:453,2024,SEX_M,75,72.832,8.537051326711948e-4
USA,BA:453,2024,SEX_M,77,269.587,0.0031599819530073237
USA,BA:453,2024,SEX_M,78,331.615,0.0038870472810132676
USA,BA:453,2024,SEX_M,79,646.189,0.007574347346985758
USA,BA:453,2024,SEX_M,80,740.944,0.008685024382440764
USA,BA:453,2024,SEX_M,81,2227.15,0.026105686871548933
USA,BA:453,2024,SEX_M,82,231.401,0.0027123822139340837
USA,BA:453,2024,SEX_M,84,3142.289,0.03683254953366977
USA,BA:453,2024,SEX_M,85,4388.737,0.05144287267744922
USA,BA:453,2024,SEX_M,86,3852.657,0.04515917529824264
USA,BA:453,2024,SEX_M,87,465.447,0.005455767971309447
USA,BA:453,2024,SEX_M,88,988.494,0.011586698174081176
USA,BA:453,2024,SEX_M,90,107.543,0.0012605724280928482
USA,BA:453,2024,SEX_M,91,268.748,0.003150147558698351
USA,BA:453,2024,SEX_M,92,584.522,0.0068515135044929735
USA,BA:453,2024,SEX_M,93,542.823,0.006362735902240444
USA,BA:453,2024,SEX_M,94,832.647,0.009759927196881487
USA,BA:453,2024,SEX_M,95,411.699,0.004825757214076206
USA,BA:453,2024,SEX_M,96,497.359,0.00582982660204598
USA,BA:453,2024,SEX_M,97,57.599,6.751505098957622e-4
USA,BA:453,2024,SEX_M,99,338.448,0.003967140745033784
VNM,BA:1788,2024,SEX_F,1,5578.259,0.23181453105428715
VNM,BA:1788,2024,SEX_F,2,225.752,0.009381528181923327
VNM,BA:1788,2024,SEX_F,3,314.317,0.01306200518071864
VNM,BA:1788,2024,SEX_F,5,14.273,5.93140046336651e-4
VNM,BA:1788,2024,SEX_F,6,4.348,1.8068891763972246e-4
VNM,BA:1788,2024,SEX_F,7,2.609,1.084216619415906e-4
VNM,BA:1788,2024,SEX_F,8,14.258,5.925166945048672e-4
VNM,BA:1788,2024,SEX_F,10,669.712,0.02783108013117153
VNM,BA:1788,2024,SEX_F,11,66.588,0.0027671834516545166
VNM,BA:1788,2024,SEX_F,12,3.386,1.4071128682798995e-4
VNM,BA:1788,2024,SEX_F,13,181.11,0.0075263500169572535
VNM,BA:1788,2024,SEX_F,14,2399.407,0.09971164990965353
VNM,BA:1788,2024,SEX_F,15,1260.913,0.05239949521799801
VNM,BA:1788,2024,SEX_F,16,300.885,0.012503814393750664
VNM,BA:1788,2024,SEX_F,17,93.499,0.0038855181946633875
VNM,BA:1788,2024,SEX_F,18,29.763,0.0012368547046253588
VNM,BA:1788,2024,SEX_F,19,2.975,1.236314466371146e-4
VNM,BA:1788,2024,SEX_F,20,56.293,0.002339356311106922
VNM,BA:1788,2024,SEX_F,21,29.398,0.0012216864767186203
VNM,BA:1788,2024,SEX_F,22,114.158,0.004744039894184783
VNM,BA:1788,2024,SEX_F,23,113.429,0.004713744995160092
VNM,BA:1788,2024,SEX_F,24,15.064,6.260114662660486e-4
VNM,BA:1788,2024,SEX_F,25,112.988,0.004695418451305649
VNM,BA:1788,2024,SEX_F,26,520.824,0.021643772962463385
VNM,BA:1788,2024,SEX_F,27,96.082,0.003992859380096553
VNM,BA:1788,2024,SEX_F,28,18.395,7.644371297108313e-4
VNM,BA:1788,2024,SEX_F,29,59.295,0.002464109791041247
VNM,BA:1788,2024,SEX_F,30,27.335,0.0011359548214539589
VNM,BA:1788,2024,SEX_F,31,252.224,0.010481619494655326
VNM,BA:1788,2024,SEX_F,32,189.221,0.007863417130797131
VNM,BA:1788,2024,SEX_F,33,8.622,3.5830263290931167e-4
VNM,BA:1788,2024,SEX_F,35,31.113,0.001292956369485898
VNM,BA:1788,2024,SEX_F,36,15.389,6.395174226213636e-4
VNM,BA:1788,2024,SEX_F,37,1.934,8.037082951132088e-5
VNM,BA:1788,2024,SEX_F,38,47.742,0.001984004210201387
VNM,BA:1788,2024,SEX_F,41,407.34,0.01692774234392009
VNM,BA:1788,2024,SEX_F,42,39.614,0.0016462306309521539
VNM,BA:1788,2024,SEX_F,43,20.434,8.491714220446386e-4
VNM,BA:1788,2024,SEX_F,45,76.834,0.003192974309551618
VNM,BA:1788,2024,SEX_F,46,740.935,0.03079087929884723
VNM,BA:1788,2024,SEX_F,47,3444.044,0.14312340907626042
VNM,BA:1788,2024,SEX_F,49,78.953,0.0032810331449882723
VNM,BA:1788,2024,SEX_F,50,13.214,5.491314070127168e-4
VNM,BA:1788,2024,SEX_F,51,10.389,4.317334786934399e-4
VNM,BA:1788,2024,SEX_F,52,56.18,0.0023346603939741507
VNM,BA:1788,2024,SEX_F,53,42.393,0.0017617169469872941
VNM,BA:1788,2024,SEX_F,55,138.835,0.005769536771046658
VNM,BA:1788,2024,SEX_F,56,1919.353,0.07976214722597844
VNM,BA:1788,2024,SEX_F,58,19.576,8.13515697266607e-4
VNM,BA:1788,2024,SEX_F,59,6.585,2.736514541530755e-4
VNM,BA:1788,2024,SEX_F,60,10.247,4.258324146858868e-4
VNM,BA:1788,2024,SEX_F,61,39.333,0.0016345531733034046
VNM,BA:1788,2024,SEX_F,62,28.107,0.0011680366623964304
VNM,BA:1788,2024,SEX_F,63,5.203,2.1621997205139743e-4
VNM,BA:1788,2024,SEX_F,64,217.598,0.009042674126165669
VNM,BA:1788,2024,SEX_F,65,43.151,0.0017932169928867674
VNM,BA:1788,2024,SEX_F,66,13.322,5.536195402015599e-4
VNM,BA:1788,2024,SEX_F,68,145.784,0.006058314896317685
VNM,BA:1788,2024,SEX_F,69,47.679,0.001981386132507895
VNM,BA:1788,2024,SEX_F,70,7.143,2.968401422954318e-4
VNM,BA:1788,2024,SEX_F,71,31.333,0.0013020988630187266
VNM,BA:1788,2024,SEX_F,72,13.282,5.519572686501366e-4
VNM,BA:1788,2024,SEX_F,73,26.509,0.001101628913917066
VNM,BA:1788,2024,SEX_F,74,26.904,0.001118043845487372
VNM,BA:1788,2024,SEX_F,75,6.189,2.57194965793984e-4
VNM,BA:1788,2024,SEX_F,77,25.412,0.0010560411166192795
VNM,BA:1788,2024,SEX_F,78,13.85,5.755615246803487e-4
VNM,BA:1788,2024,SEX_F,79,42.446,0.00176391945679293
VNM,BA:1788,2024,SEX_F,80,6.6,2.742748059848593e-4
VNM,BA:1788,2024,SEX_F,81,48.874,0.0020310464951066687
VNM,BA:1788,2024,SEX_F,82,32.284,0.0013416193691538178
VNM,BA:1788,2024,SEX_F,84,439.083,0.018246879490340907
VNM,BA:1788,2024,SEX_F,85,1472.635,0.061197981653259584
VNM,BA:1788,2024,SEX_F,86,409.289,0.017008736525263194
VNM,BA:1788,2024,SEX_F,87,8.592,3.570559292457441e-4
VNM,BA:1788,2024,SEX_F,88,2.97,1.234236626931867e-4
VNM,BA:1788,2024,SEX_F,90,8.887,3.693151819374916e-4
VNM,BA:1788,2024,SEX_F,91,5.938,2.4676421180880217e-4
VNM,BA:1788,2024,SEX_F,92,88.295,0.003669256665823205
VNM,BA:1788,2024,SEX_F,93,43.367,0.0018021932592644533
VNM,BA:1788,2024,SEX_F,94,9.824,4.082538930295845e-4
VNM,BA:1788,2024,SEX_F,95,22.832,9.488246015524708e-4
VNM,BA:1788,2024,SEX_F,96,611.416,0.025408485572127083
VNM,BA:1788,2024,SEX_F,97,219.307,0.009113694678200232
VNM,BA:1788,2024,SEX_F,98,1.781,7.401264082712643e-5
VNM,BA:1788,2024,SEX_F,99,1.752,7.280749395234446e-5
VNM,BA:1788,2024,SEX_M,1,6006.284,0.21944187966063597
VNM,BA:1788,2024,SEX_M,2,403.986,0.014759782786924774
VNM,BA:1788,2024,SEX_M,3,1108.458,0.0404979363354895
VNM,BA:1788,2024,SEX_M,5,61.317,0.0022402400111535214
VNM,BA:1788,2024,SEX_M,6,13.896,5.0769566669911e-4
VNM,BA:1788,2024,SEX_M,7,12.896,4.711602848123002e-4
VNM,BA:1788,2024,SEX_M,8,47.483,0.0017348095381313933
VNM,BA:1788,2024,SEX_M,9,2.455,8.969436253211824e-5
VNM,BA:1788,2024,SEX_M,10,585.204,0.021380651621688684
VNM,BA:1788,2024,SEX_M,11,76.222,0.0027847998781764223
VNM,BA:1788,2024,SEX_M,12,4.111,1.501969549366754e-4
VNM,BA:1788,2024,SEX_M,13,142.808,0.005217544816491545
VNM,BA:1788,2024,SEX_M,14,733.726,0.026806959610281463
VNM,BA:1788,2024,SEX_M,15,622.183,0.02273169350848103
VNM,BA:1788,2024,SEX_M,16,284.715,0.010402171253903072
VNM,BA:1788,2024,SEX_M,17,108.403,0.003960545002675851
VNM,BA:1788,2024,SEX_M,18,48.03,0.0017547943920234784
VNM,BA:1788,2024,SEX_M,19,5.959,2.1771434066350002e-4
VNM,BA:1788,2024,SEX_M,20,79.997,0.0029227209447991297
VNM,BA:1788,2024,SEX_M,21,24.804,9.062236123204322e-4
VNM,BA:1788,2024,SEX_M,22,154.852,0.005657576955936283
VNM,BA:1788,2024,SEX_M,23,277.874,0.010152232706415408
VNM,BA:1788,2024,SEX_M,24,94.97,0.003469765217790334
VNM,BA:1788,2024,SEX_M,25,747.314,0.027303402379359434
VNM,BA:1788,2024,SEX_M,26,393.14,0.014363520034980435
VNM,BA:1788,2024,SEX_M,27,111.615,0.004077896649296284
VNM,BA:1788,2024,SEX_M,28,56.268,0.0020557728680070182
VNM,BA:1788,2024,SEX_M,29,95.904,0.003503889264472614
VNM,BA:1788,2024,SEX_M,30,70.356,0.0025704833280283954
VNM,BA:1788,2024,SEX_M,31,579.506,0.021172473015697642
VNM,BA:1788,2024,SEX_M,32,111.858,0.004086774747094779
VNM,BA:1788,2024,SEX_M,33,116.288,0.004248626488853347
VNM,BA:1788,2024,SEX_M,35,127.099,0.004643610502431649
VNM,BA:1788,2024,SEX_M,36,40.989,0.0014975487681584498
VNM,BA:1788,2024,SEX_M,37,6.978,2.549438948061593e-4
VNM,BA:1788,2024,SEX_M,38,47.074,0.001719866566939688
VNM,BA:1788,2024,SEX_M,39,1.679,6.134290618795379e-5
VNM,BA:1788,2024,SEX_M,41,3462.902,0.1265184470065977
VNM,BA:1788,2024,SEX_M,42,180.318,0.006587986991065784
VNM,BA:1788,2024,SEX_M,43,378.774,0.013838652738794524
VNM,BA:1788,2024,SEX_M,45,499.949,0.01826582763892871
VNM,BA:1788,2024,SEX_M,46,1052.198,0.038442455750537584
VNM,BA:1788,2024,SEX_M,47,1953.026,0.07135455074486875
VNM,BA:1788,2024,SEX_M,49,1557.889,0.05691806955226035
VNM,BA:1788,2024,SEX_M,50,84.632,0.0030920624398444937
VNM,BA:1788,2024,SEX_M,51,15.559,5.684540067768749e-4
VNM,BA:1788,2024,SEX_M,52,146.013,0.005334640715438771
VNM,BA:1788,2024,SEX_M,53,91.798,0.003353874986445373
VNM,BA:1788,2024,SEX_M,55,114.74,0.004192069717692565
VNM,BA:1788,2024,SEX_M,56,932.66,0.0340750892705521
VNM,BA:1788,2024,SEX_M,58,29.958,0.0010945269705650502
VNM,BA:1788,2024,SEX_M,59,11.155,4.0755218494736416e-4
VNM,BA:1788,2024,SEX_M,60,13.88,5.071111005889211e-4
VNM,BA:1788,2024,SEX_M,61,84.759,0.003096702433344118
VNM,BA:1788,2024,SEX_M,62,74.376,0.0027173555632133716
VNM,BA:1788,2024,SEX_M,63,11.494,4.199376794069927e-4
VNM,BA:1788,2024,SEX_M,64,183.808,0.00671549547385075
VNM,BA:1788,2024,SEX_M,65,23.319,8.519685702185195e-4
VNM,BA:1788,2024,SEX_M,66,16.167,5.906675189640553e-4
VNM,BA:1788,2024,SEX_M,68,199.082,0.007273536896789883
VNM,BA:1788,2024,SEX_M,69,25.979,9.491526860374338e-4
VNM,BA:1788,2024,SEX_M,70,7.267,2.655026201714474e-4
VNM,BA:1788,2024,SEX_M,71,84.055,0.0030709815244958044
VNM,BA:1788,2024,SEX_M,72,10.819,3.952762966333961e-4
VNM,BA:1788,2024,SEX_M,73,47.269,0.001726990966407616
VNM,BA:1788,2024,SEX_M,74,71.134,0.002598907855136334
VNM,BA:1788,2024,SEX_M,75,9.315,3.40327082275634e-4
VNM,BA:1788,2024,SEX_M,77,57.231,0.002090956440764016
VNM,BA:1788,2024,SEX_M,78,10.824,3.9545897354283007e-4
VNM,BA:1788,2024,SEX_M,79,42.099,0.0015381030420528088
VNM,BA:1788,2024,SEX_M,80,73.753,0.0026945940202978886
VNM,BA:1788,2024,SEX_M,81,26.965,9.851765725778284e-4
VNM,BA:1788,2024,SEX_M,82,35.863,0.0013102684006066625
VNM,BA:1788,2024,SEX_M,84,911.718,0.033309965303078524
VNM,BA:1788,2024,SEX_M,85,485.026,0.017720610135031848
VNM,BA:1788,2024,SEX_M,86,220.486,0.008055540210695163
VNM,BA:1788,2024,SEX_M,87,2.025,7.398414832078999e-5
VNM,BA:1788,2024,SEX_M,88,2.503,9.144806086268513e-5
VNM,BA:1788,2024,SEX_M,90,13.01,4.753253183473965e-4
VNM,BA:1788,2024,SEX_M,91,6.268,2.290037736665243e-4
VNM,BA:1788,2024,SEX_M,92,64.451,0.002354741897986783
VNM,BA:1788,2024,SEX_M,93,66.593,0.00243300068598833
VNM,BA:1788,2024,SEX_M,94,13.396,4.894279757557051e-4
VNM,BA:1788,2024,SEX_M,95,244.12,0.008919017426208027
VNM,BA:1788,2024,SEX_M,96,302.361,0.01104687460267772
VNM,BA:1788,2024,SEX_M,97,8.415,3.074452385775051e-4
VNM,BA:1788,2024,SEX_M,98,1.305,4.767867336228689e-5
VNM,BA:1788,2024,SEX_M,99,1.321,4.826323947247584e-5
VUT,AA:52,2020,SEX_F,1,14.323,0.4596303189782428
VUT,AA:52,2020,SEX_F,2,0.039,0.0012515242924074194
VUT,AA:52,2020,SEX_F,3,0.047,0.0015082472241833005
VUT,AA:52,2020,SEX_F,10,0.536,0.01720043642898402
VUT,AA:52,2020,SEX_F,11,0.159,0.005102368269045633
VUT,AA:52,2020,SEX_F,13,0.084,0.00269559078364675
VUT,AA:52,2020,SEX_F,14,0.213,0.006835248058532829
VUT,AA:52,2020,SEX_F,15,0.02,6.418073294397023e-4
VUT,AA:52,2020,SEX_F,16,0.064,0.0020537834542070474
VUT,AA:52,2020,SEX_F,17,0.005,1.6045183235992557e-4
VUT,AA:52,2020,SEX_F,18,0.011,3.5299403119183625e-4
VUT,AA:52,2020,SEX_F,19,0.006,1.9254219883191068e-4
VUT,AA:52,2020,SEX_F,20,0.009,2.8881329824786603e-4
VUT,AA:52,2020,SEX_F,23,0.005,1.6045183235992557e-4
VUT,AA:52,2020,SEX_F,25,0.014,4.4926513060779163e-4
VUT,AA:52,2020,SEX_F,26,0.007,2.2463256530389582e-4
VUT,AA:52,2020,SEX_F,27,0.005,1.6045183235992557e-4
VUT,AA:52,2020,SEX_F,31,0.011,3.5299403119183625e-4
VUT,AA:52,2020,SEX_F,32,0.168,0.0053911815672935
VUT,AA:52,2020,SEX_F,35,0.075,0.0024067774853988835
VUT,AA:52,2020,SEX_F,36,0.011,3.5299403119183625e-4
VUT,AA:52,2020,SEX_F,39,0.005,1.6045183235992557e-4
VUT,AA:52,2020,SEX_F,41,0.052,0.0016686990565432259
VUT,AA:52,2020,SEX_F,42,0.015,4.813554970797767e-4
VUT,AA:52,2020,SEX_F,43,0.019,6.097169629677171e-4
VUT,AA:52,2020,SEX_F,45,0.206,0.006610615493228934
VUT,AA:52,2020,SEX_F,46,0.869,0.027886528464155066
VUT,AA:52,2020,SEX_F,47,1.453,0.046627302483794375
VUT,AA:52,2020,SEX_F,49,0.024,7.701687953276427e-4
VUT,AA:52,2020,SEX_F,50,0.052,0.0016686990565432259
VUT,AA:52,2020,SEX_F,51,0.105,0.0033694884795584367
VUT,AA:52,2020,SEX_F,52,0.04,0.0012836146588794046
VUT,AA:52,2020,SEX_F,53,0.01,3.2090366471985114e-4
VUT,AA:52,2020,SEX_F,55,0.623,0.019992298312046727
VUT,AA:52,2020,SEX_F,56,0.93,0.02984404081894616
VUT,AA:52,2020,SEX_F,58,0.023,7.380784288556577e-4
VUT,AA:52,2020,SEX_F,59,0.007,2.2463256530389582e-4
VUT,AA:52,2020,SEX_F,60,0.014,4.4926513060779163e-4
VUT,AA:52,2020,SEX_F,61,0.096,0.003080675181310571
VUT,AA:52,2020,SEX_F,62,0.014,4.4926513060779163e-4
VUT,AA:52,2020,SEX_F,63,0.079,0.002535138951286824
VUT,AA:52,2020,SEX_F,64,0.486,0.015595918105384765
VUT,AA:52,2020,SEX_F,65,0.022,7.059880623836725e-4
VUT,AA:52,2020,SEX_F,66,0.092,0.0029523137154226307
VUT,AA:52,2020,SEX_F,68,0.073,0.0023425967524549132
VUT,AA:52,2020,SEX_F,69,0.081,0.0025993196842307945
VUT,AA:52,2020,SEX_F,70,0.029,9.306206276875683e-4
VUT,AA:52,2020,SEX_F,71,0.011,3.5299403119183625e-4
VUT,AA:52,2020,SEX_F,72,0.01,3.2090366471985114e-4
VUT,AA:52,2020,SEX_F,74,0.066,0.0021179641871510177
VUT,AA:52,2020,SEX_F,77,0.008,2.567229317758809e-4
VUT,AA:52,2020,SEX_F,78,0.105,0.0033694884795584367
VUT,AA:52,2020,SEX_F,79,0.057,0.0018291508889031517
VUT,AA:52,2020,SEX_F,80,0.012,3.8508439766382136e-4
VUT,AA:52,2020,SEX_F,81,0.043,0.0013798857582953598
VUT,AA:52,2020,SEX_F,82,0.696,0.022334895064501637
VUT,AA:52,2020,SEX_F,84,0.58,0.018612412553751366
VUT,AA:52,2020,SEX_F,85,2.641,0.08475065785251269
VUT,AA:52,2020,SEX_F,86,0.694,0.022270714331557667
VUT,AA:52,2020,SEX_F,87,0.094,0.003016494448366601
VUT,AA:52,2020,SEX_F,88,0.068,0.002182144920094988
VUT,AA:52,2020,SEX_F,90,0.187,0.006000898530261216
VUT,AA:52,2020,SEX_F,91,0.011,3.5299403119183625e-4
VUT,AA:52,2020,SEX_F,92,0.068,0.002182144920094988
VUT,AA:52,2020,SEX_F,93,0.061,0.001957512354791092
VUT,AA:52,2020,SEX_F,94,0.302,0.009691290674539504
VUT,AA:52,2020,SEX_F,96,1.546,0.04961170656568899
VUT,AA:52,2020,SEX_F,97,1.38,0.044284705731339455
VUT,AA:52,2020,SEX_F,98,1.02,0.03273217380142482
VUT,AA:52,2020,SEX_F,99,0.271,0.008696489313907967
VUT,AA:52,2020,SEX_M,1,16.522,0.4207282913165266
VUT,AA:52,2020,SEX_M,2,0.276,0.007028265851795265
VUT,AA:52,2020,SEX_M,3,0.3,0.007639419404125287
VUT,AA:52,2020,SEX_M,5,0.016,4.0743570155334866e-4
VUT,AA:52,2020,SEX_M,6,0.008,2.0371785077667433e-4
VUT,AA:52,2020,SEX_M,8,0.023,5.856888209829386e-4
VUT,AA:52,2020,SEX_M,9,0.009,2.291825821237586e-4
VUT,AA:52,2020,SEX_M,10,0.48,0.01222307104660046
VUT,AA:52,2020,SEX_M,11,0.231,0.005882352941176471
VUT,AA:52,2020,SEX_M,12,0.005,1.2732365673542146e-4
VUT,AA:52,2020,SEX_M,13,0.015,3.8197097020626437e-4
VUT,AA:52,2020,SEX_M,14,0.015,3.8197097020626437e-4
VUT,AA:52,2020,SEX_M,15,0.005,1.2732365673542146e-4
VUT,AA:52,2020,SEX_M,16,0.308,0.00784313725490196
VUT,AA:52,2020,SEX_M,17,0.012,3.055767761650115e-4
VUT,AA:52,2020,SEX_M,18,0.018,4.583651642475172e-4
VUT,AA:52,2020,SEX_M,19,0.015,3.8197097020626437e-4
VUT,AA:52,2020,SEX_M,20,0.036,9.167303284950344e-4
VUT,AA:52,2020,SEX_M,22,0.012,3.055767761650115e-4
VUT,AA:52,2020,SEX_M,23,0.034,8.658008658008659e-4
VUT,AA:52,2020,SEX_M,24,0.035,8.912655971479503e-4
VUT,AA:52,2020,SEX_M,25,0.025,6.366182836771073e-4
VUT,AA:52,2020,SEX_M,26,0.005,1.2732365673542146e-4
VUT,AA:52,2020,SEX_M,27,0.024,6.11153552330023e-4
VUT,AA:52,2020,SEX_M,28,0.018,4.583651642475172e-4
VUT,AA:52,2020,SEX_M,29,0.041,0.001044053985230456
VUT,AA:52,2020,SEX_M,30,0.016,4.0743570155334866e-4
VUT,AA:52,2020,SEX_M,31,0.06,0.0015278838808250575
VUT,AA:52,2020,SEX_M,32,0.229,0.005831423478482303
VUT,AA:52,2020,SEX_M,33,0.029,7.384772090654445e-4
VUT,AA:52,2020,SEX_M,35,0.326,0.00830150241914948
VUT,AA:52,2020,SEX_M,36,0.075,0.0019098548510313217
VUT,AA:52,2020,SEX_M,37,0.005,1.2732365673542146e-4
VUT,AA:52,2020,SEX_M,38,0.047,0.0011968423733129618
VUT,AA:52,2020,SEX_M,39,0.013,3.310415075120958e-4
VUT,AA:52,2020,SEX_M,41,3.332,0.08484848484848485
VUT,AA:52,2020,SEX_M,42,0.19,0.0048382989559460155
VUT,AA:52,2020,SEX_M,43,0.251,0.006391647568118157
VUT,AA:52,2020,SEX_M,45,0.499,0.012706900942195062
VUT,AA:52,2020,SEX_M,46,0.798,0.020320855614973266
VUT,AA:52,2020,SEX_M,47,0.894,0.022765469824293356
VUT,AA:52,2020,SEX_M,49,1.827,0.046524064171123
VUT,AA:52,2020,SEX_M,50,0.343,0.008734402852049912
VUT,AA:52,2020,SEX_M,51,0.212,0.0053985230455818696
VUT,AA:52,2020,SEX_M,52,0.203,0.005169340463458111
VUT,AA:52,2020,SEX_M,53,0.012,3.055767761650115e-4
VUT,AA:52,2020,SEX_M,55,0.344,0.008759867583396995
VUT,AA:52,2020,SEX_M,56,0.561,0.014285714285714289
VUT,AA:52,2020,SEX_M,58,0.029,7.384772090654445e-4
VUT,AA:52,2020,SEX_M,59,0.016,4.0743570155334866e-4
VUT,AA:52,2020,SEX_M,60,0.028,7.130124777183602e-4
VUT,AA:52,2020,SEX_M,61,0.151,0.0038451744334097276
VUT,AA:52,2020,SEX_M,62,0.045,0.001145912910618793
VUT,AA:52,2020,SEX_M,63,0.124,0.003157626687038452
VUT,AA:52,2020,SEX_M,64,0.366,0.00932009167303285
VUT,AA:52,2020,SEX_M,65,0.018,4.583651642475172e-4
VUT,AA:52,2020,SEX_M,66,0.068,0.0017316017316017318
VUT,AA:52,2020,SEX_M,68,0.097,0.002470078940667176
VUT,AA:52,2020,SEX_M,69,0.066,0.0016806722689075633
VUT,AA:52,2020,SEX_M,70,0.074,0.0018843901196842375
VUT,AA:52,2020,SEX_M,71,0.084,0.0021390374331550807
VUT,AA:52,2020,SEX_M,72,0.022,5.602240896358544e-4
VUT,AA:52,2020,SEX_M,74,0.133,0.003386809269162211
VUT,AA:52,2020,SEX_M,77,0.011,2.801120448179272e-4
VUT,AA:52,2020,SEX_M,78,0.117,0.0029793735676088623
VUT,AA:52,2020,SEX_M,79,0.045,0.001145912910618793
VUT,AA:52,2020,SEX_M,80,0.171,0.004354469060351414
VUT,AA:52,2020,SEX_M,81,0.085,0.002164502164502165
VUT,AA:52,2020,SEX_M,82,0.666,0.016959511077158138
VUT,AA:52,2020,SEX_M,84,1.548,0.03941940412528648
VUT,AA:52,2020,SEX_M,85,1.594,0.04059078176725236
VUT,AA:52,2020,SEX_M,86,0.499,0.012706900942195062
VUT,AA:52,2020,SEX_M,87,0.056,0.0014260249554367203
VUT,AA:52,2020,SEX_M,88,0.071,0.0018079959256429845
VUT,AA:52,2020,SEX_M,90,0.171,0.004354469060351414
VUT,AA:52,2020,SEX_M,91,0.017,4.3290043290043295e-4
VUT,AA:52,2020,SEX_M,92,0.028,7.130124777183602e-4
VUT,AA:52,2020,SEX_M,93,0.099,0.002521008403361345
VUT,AA:52,2020,SEX_M,94,0.479,0.012197606315253375
VUT,AA:52,2020,SEX_M,95,0.037,9.421950598421187e-4
VUT,AA:52,2020,SEX_M,96,1.432,0.0364654952890247
VUT,AA:52,2020,SEX_M,97,0.682,0.01736694677871149
VUT,AA:52,2020,SEX_M,98,0.882,0.022459893048128343
VUT,AA:52,2020,SEX_M,99,0.505,0.012859689330277566
ZMB,BA:2212,2021,SEX_F,1,1624.941,0.6248225439544975
ZMB,BA:2212,2021,SEX_F,2,11.411,0.004387759339609727
ZMB,BA:2212,2021,SEX_F,3,9.27,0.0035645017157288736
ZMB,BA:2212,2021,SEX_F,7,2.086,8.0210901607448e-4
ZMB,BA:2212,2021,SEX_F,8,1.504,5.783182934688486e-4
ZMB,BA:2212,2021,SEX_F,9,2.785,0.0010708885952863984
ZMB,BA:2212,2021,SEX_F,10,35.81,0.01376966628265922
ZMB,BA:2212,2021,SEX_F,11,20.159,0.007751541541249014
ZMB,BA:2212,2021,SEX_F,13,2.696,0.0010366663026542657
ZMB,BA:2212,2021,SEX_F,16,5.368,0.0020641041219021136
ZMB,BA:2212,2021,SEX_F,18,2.785,0.0010708885952863984
ZMB,BA:2212,2021,SEX_F,20,3.998,0.0015373115274524313
ZMB,BA:2212,2021,SEX_F,28,2.763,0.0010624291521638487
ZMB,BA:2212,2021,SEX_F,32,4.578,0.0017603332097741948
ZMB,BA:2212,2021,SEX_F,33,1.567,6.025430624106952e-4
ZMB,BA:2212,2021,SEX_F,41,4.503,0.001731494199129139
ZMB,BA:2212,2021,SEX_F,45,2.982,0.0011466390632474113
ZMB,BA:2212,2021,SEX_F,46,18.706,0.0071928337750188035
ZMB,BA:2212,2021,SEX_F,47,424.686,0.16330032099741448
ZMB,BA:2212,2021,SEX_F,52,1.396,5.367901181399684e-4
ZMB,BA:2212,2021,SEX_F,55,6.115,0.002351340667926868
ZMB,BA:2212,2021,SEX_F,56,48.918,0.01880995630313107
ZMB,BA:2212,2021,SEX_F,64,11.35,0.004364303610951749
ZMB,BA:2212,2021,SEX_F,66,3.81,0.0014650217407688251
ZMB,BA:2212,2021,SEX_F,68,10.718,0.004121286881249414
ZMB,BA:2212,2021,SEX_F,69,6.937,0.0026674162245966773
ZMB,BA:2212,2021,SEX_F,72,2.038,7.836520492616444e-4
ZMB,BA:2212,2021,SEX_F,74,3.836,0.001475019264459111
ZMB,BA:2212,2021,SEX_F,77,1.926,7.405857933650281e-4
ZMB,BA:2212,2021,SEX_F,79,1.512,5.813944546043211e-4
ZMB,BA:2212,2021,SEX_F,80,4.609,0.001772253334174151
ZMB,BA:2212,2021,SEX_F,81,22.869,0.008793591125890357
ZMB,BA:2212,2021,SEX_F,82,24.501,0.009421127997526767
ZMB,BA:2212,2021,SEX_F,84,18.625,0.0071616876435221435
ZMB,BA:2212,2021,SEX_F,85,74.347,0.02858791899237266
ZMB,BA:2212,2021,SEX_F,86,23.39,0.00899392611983801
ZMB,BA:2212,2021,SEX_F,87,9.002,0.003461450317690542
ZMB,BA:2212,2021,SEX_F,94,7.022,0.0027001004366610736
ZMB,BA:2212,2021,SEX_F,96,52.123,0.02004234335802978
ZMB,BA:2212,2021,SEX_F,97,66.59,0.025605196251390044
ZMB,BA:2212,2021,SEX_F,98,9.086,0.003493750009613004
ZMB,BA:2212,2021,SEX_F,99,7.326,0.002816994559809032
ZMB,BA:2212,2021,SEX_M,1,1569.027,0.5097030324372157
ZMB,BA:2212,2021,SEX_M,2,36.337,0.011804181247149418
ZMB,BA:2212,2021,SEX_M,3,58.919,0.019140010317329346
ZMB,BA:2212,2021,SEX_M,5,1.939,6.298898488654187e-4
ZMB,BA:2212,2021,SEX_M,7,32.4,0.010525235226013185
ZMB,BA:2212,2021,SEX_M,8,20.948,0.006805019367732228
ZMB,BA:2212,2021,SEX_M,9,4.814,0.0015638420487045516
ZMB,BA:2212,2021,SEX_M,10,45.161,0.014670683581542637
ZMB,BA:2212,2021,SEX_M,11,11.261,0.0036581689469177303
ZMB,BA:2212,2021,SEX_M,13,6.876,0.0022336888090761313
ZMB,BA:2212,2021,SEX_M,16,40.53,0.013166289620688715
ZMB,BA:2212,2021,SEX_M,18,4.452,0.0014462452847595895
ZMB,BA:2212,2021,SEX_M,20,8.358,0.0027151208647845123
ZMB,BA:2212,2021,SEX_M,23,24.424,0.007934208183955124
ZMB,BA:2212,2021,SEX_M,24,9.738,0.003163417920707296
ZMB,BA:2212,2021,SEX_M,25,21.129,0.006863817749704709
ZMB,BA:2212,2021,SEX_M,26,4.138,0.0013442414618902024
ZMB,BA:2212,2021,SEX_M,27,5.89,0.001913383811148693
ZMB,BA:2212,2021,SEX_M,28,11.818,0.0038391120339822163
ZMB,BA:2212,2021,SEX_M,31,3.539,0.0011496545513845883
ZMB,BA:2212,2021,SEX_M,32,12.842,0.004171761443594485
ZMB,BA:2212,2021,SEX_M,33,25.871,0.008404270386795898
ZMB,BA:2212,2021,SEX_M,35,7.449,0.002419829543165809
ZMB,BA:2212,2021,SEX_M,36,5.368,0.0017438105769518142
ZMB,BA:2212,2021,SEX_M,38,3.341,0.001085333669447841
ZMB,BA:2212,2021,SEX_M,41,110.414,0.035868312414969745
ZMB,BA:2212,2021,SEX_M,42,12.823,0.00416558923775207
ZMB,BA:2212,2021,SEX_M,43,37.388,0.012145601686116695
ZMB,BA:2212,2021,SEX_M,45,29.748,0.009663725231587662
ZMB,BA:2212,2021,SEX_M,46,29.778,0.009673470819759895
ZMB,BA:2212,2021,SEX_M,47,285.579,0.09277117748795122
ZMB,BA:2212,2021,SEX_M,49,92.411,0.030019984952811864
ZMB,BA:2212,2021,SEX_M,50,3.624,0.0011772670512059191
ZMB,BA:2212,2021,SEX_M,52,34.651,0.011256479191869843
ZMB,BA:2212,2021,SEX_M,53,3.524,0.001144781757298471
ZMB,BA:2212,2021,SEX_M,55,5.493,0.0017844171943361242
ZMB,BA:2212,2021,SEX_M,56,16.138,0.005242476730783975
ZMB,BA:2212,2021,SEX_M,61,4.535,0.0014732080787027715
ZMB,BA:2212,2021,SEX_M,62,3.951,0.0012834939622832745
ZMB,BA:2212,2021,SEX_M,63,3.262,0.001059670287260957
ZMB,BA:2212,2021,SEX_M,64,13.408,0.004355628207110641
ZMB,BA:2212,2021,SEX_M,66,4.225,0.001372503667589682
ZMB,BA:2212,2021,SEX_M,68,5.762,0.0018718026349471594
ZMB,BA:2212,2021,SEX_M,69,10.552,0.0034278482131139235
ZMB,BA:2212,2021,SEX_M,70,1.913,6.214436724494821e-4
ZMB,BA:2212,2021,SEX_M,74,5.122,0.0016638967539394916
ZMB,BA:2212,2021,SEX_M,78,2.772,9.004923471144612e-4
ZMB,BA:2212,2021,SEX_M,79,2.436,7.913417595854357e-4
ZMB,BA:2212,2021,SEX_M,80,64.256,0.020873750453169852
ZMB,BA:2212,2021,SEX_M,81,23.782,0.007725652597069308
ZMB,BA:2212,2021,SEX_M,82,33.509,0.010885497135446783
ZMB,BA:2212,2021,SEX_M,84,45.254,0.014700894904876563
ZMB,BA:2212,2021,SEX_M,85,79.146,0.025710810715988873
ZMB,BA:2212,2021,SEX_M,86,21.721,0.0070561306896368015
ZMB,BA:2212,2021,SEX_M,87,2.881,9.359013174735797e-4
ZMB,BA:2212,2021,SEX_M,88,2.794,9.076391117741e-4
ZMB,BA:2212,2021,SEX_M,91,6.731,0.0021865851329103316
ZMB,BA:2212,2021,SEX_M,93,3.591,0.0011665469042164613
ZMB,BA:2212,2021,SEX_M,94,17.632,0.00572780702176125
ZMB,BA:2212,2021,SEX_M,95,14.116,0.0045856240879753735
ZMB,BA:2212,2021,SEX_M,96,25.247,0.008201562152813422
ZMB,BA:2212,2021,SEX_M,97,25.387,0.008247041564283849
ZMB,BA:2212,2021,SEX_M,98,9.935,0.003227413949704969
ZMB,BA:2212,2021,SEX_M,99,6.256,0.0020322799868499534
ZWE,BA:1823,2024,SEX_F,1,1333.249,0.5601462914569488
ZWE,BA:1823,2024,SEX_F,2,2.531,0.0010633649555915942
ZWE,BA:1823,2024,SEX_F,5,1.653,6.944852910284098e-4
ZWE,BA:1823,2024,SEX_F,7,14.206,0.005968456167180634
ZWE,BA:1823,2024,SEX_F,8,13.807,0.0058008217865875705
ZWE,BA:1823,2024,SEX_F,9,1.378,5.789478106697814e-4
ZWE,BA:1823,2024,SEX_F,10,23.418,0.00983875169104858
ZWE,BA:1823,2024,SEX_F,11,3.53,0.001483081111512575
ZWE,BA:1823,2024,SEX_F,12,1.377,5.785276743775682e-4
ZWE,BA:1823,2024,SEX_F,13,8.264,0.0034720063188498356
ZWE,BA:1823,2024,SEX_F,15,7.646,0.003212362090262082
ZWE,BA:1823,2024,SEX_F,16,2.508,0.0010537018208706906
ZWE,BA:1823,2024,SEX_F,20,2.285,9.600114277071485e-4
ZWE,BA:1823,2024,SEX_F,23,1.643,6.902839281062779e-4
ZWE,BA:1823,2024,SEX_F,32,1.555,6.533119343915168e-4
ZWE,BA:1823,2024,SEX_F,35,2.023,8.499357191472916e-4
ZWE,BA:1823,2024,SEX_F,36,1.821,7.650681881202264e-4
ZWE,BA:1823,2024,SEX_F,38,1.141,4.7937550941525443e-4
ZWE,BA:1823,2024,SEX_F,41,2.208,9.276609332067326e-4
ZWE,BA:1823,2024,SEX_F,42,1.557,6.541522069759432e-4
ZWE,BA:1823,2024,SEX_F,43,1.312,5.512188153837107e-4
ZWE,BA:1823,2024,SEX_F,45,3.414,0.0014343453016158446
ZWE,BA:1823,2024,SEX_F,46,7.073,0.0029716239948239217
ZWE,BA:1823,2024,SEX_F,47,430.53,0.18088127788654643
ZWE,BA:1823,2024,SEX_F,49,6.261,0.002630473325546808
ZWE,BA:1823,2024,SEX_F,51,1.745,7.331378299120237e-4
ZWE,BA:1823,2024,SEX_F,52,2.224,9.343831138821437e-4
ZWE,BA:1823,2024,SEX_F,55,5.433,0.0022826004755942832
ZWE,BA:1823,2024,SEX_F,56,26.854,0.011282339991093113
ZWE,BA:1823,2024,SEX_F,63,1.822,7.654883244124397e-4
ZWE,BA:1823,2024,SEX_F,64,6.203,0.002606105420598443
ZWE,BA:1823,2024,SEX_F,66,1.645,6.911242006907043e-4
ZWE,BA:1823,2024,SEX_F,69,7.503,0.003152282600475595
ZWE,BA:1823,2024,SEX_F,70,1.382,5.806283558386342e-4
ZWE,BA:1823,2024,SEX_F,72,2.477,0.0010406775958120816
ZWE,BA:1823,2024,SEX_F,75,1.848,7.764118680099826e-4
ZWE,BA:1823,2024,SEX_F,80,9.829,0.004129519616163485
ZWE,BA:1823,2024,SEX_F,81,9.142,0.00384088598341302
ZWE,BA:1823,2024,SEX_F,82,7.462,0.0031350570124948542
ZWE,BA:1823,2024,SEX_F,84,55.306,0.02323605777714291
ZWE,BA:1823,2024,SEX_F,85,150.152,0.06308430454839552
ZWE,BA:1823,2024,SEX_F,86,18.893,0.007937634968783875
ZWE,BA:1823,2024,SEX_F,87,6.178,0.002595602013293113
ZWE,BA:1823,2024,SEX_F,88,3.013,0.0012658706484383537
ZWE,BA:1823,2024,SEX_F,94,5.036,0.002115806367585645
ZWE,BA:1823,2024,SEX_F,95,1.18,4.95760824811569e-4
ZWE,BA:1823,2024,SEX_F,96,56.404,0.023697367425992998
ZWE,BA:1823,2024,SEX_F,97,114.396,0.04806191128402055
ZWE,BA:1823,2024,SEX_F,98,6.059,0.002545605794519743
ZWE,BA:1823,2024,SEX_F,99,1.604,6.738986127099633e-4
ZWE,BA:1823,2024,SEX_M,1,1093.665,0.42753989183914914
ZWE,BA:1823,2024,SEX_M,2,11.533,0.0045085264432718495
ZWE,BA:1823,2024,SEX_M,3,2.387,9.331355779146714e-4
ZWE,BA:1823,2024,SEX_M,5,5.686,0.002222793839976046
ZWE,BA:1823,2024,SEX_M,7,138.623,0.05419105706630309
ZWE,BA:1823,2024,SEX_M,8,65.078,0.025440551797038535
ZWE,BA:1823,2024,SEX_M,9,18.653,0.007291905293189092
ZWE,BA:1823,2024,SEX_M,10,41.877,0.016370724171065228
ZWE,BA:1823,2024,SEX_M,11,4.621,0.001806459784475784
ZWE,BA:1823,2024,SEX_M,12,4.955,0.0019370283990645986
ZWE,BA:1823,2024,SEX_M,13,9.57,0.003741142639565733
ZWE,BA:1823,2024,SEX_M,15,4.54,0.0017747949408180176
ZWE,BA:1823,2024,SEX_M,16,20.845,0.00814881069192766
ZWE,BA:1823,2024,SEX_M,18,5.805,0.0022693137954732582
ZWE,BA:1823,2024,SEX_M,20,5.203,0.0020339775500167723
ZWE,BA:1823,2024,SEX_M,22,3.581,0.0013998988288698945
ZWE,BA:1823,2024,SEX_M,23,18.262,0.00713905401084111
ZWE,BA:1823,2024,SEX_M,24,8.498,0.003322072116095047
ZWE,BA:1823,2024,SEX_M,25,18.392,0.007189874130291846
ZWE,BA:1823,2024,SEX_M,27,4.272,0.0016700273099503461
ZWE,BA:1823,2024,SEX_M,28,3.253,0.0012716757582557294
ZWE,BA:1823,2024,SEX_M,31,15.832,0.006189108701108118
ZWE,BA:1823,2024,SEX_M,32,9.31,0.003639502400664261
ZWE,BA:1823,2024,SEX_M,33,18.949,0.007407618795938462
ZWE,BA:1823,2024,SEX_M,35,5.889,0.0023021514111183495
ZWE,BA:1823,2024,SEX_M,36,4.648,0.001817014732361706
ZWE,BA:1823,2024,SEX_M,38,1.998,7.810661435582377e-4
ZWE,BA:1823,2024,SEX_M,41,92.33,0.03609401252989594
ZWE,BA:1823,2024,SEX_M,42,8.584,0.0033556915797316876
ZWE,BA:1823,2024,SEX_M,43,29.248,0.011433745028424093
ZWE,BA:1823,2024,SEX_M,45,58.542,0.02288547256065383
ZWE,BA:1823,2024,SEX_M,46,13.058,0.005104685536828563
ZWE,BA:1823,2024,SEX_M,47,242.043,0.09462041670934261
ZWE,BA:1823,2024,SEX_M,49,89.283,0.03490286711476984
ZWE,BA:1823,2024,SEX_M,52,24.31,0.009503362337287666
ZWE,BA:1823,2024,SEX_M,55,21.152,0.008268824358630553
ZWE,BA:1823,2024,SEX_M,56,13.298,0.005198507295814537
ZWE,BA:1823,2024,SEX_M,58,1.333,5.211016863679334e-4
ZWE,BA:1823,2024,SEX_M,59,2.385,9.323537299231215e-4
ZWE,BA:1823,2024,SEX_M,61,4.544,0.001776358636801117
ZWE,BA:1823,2024,SEX_M,62,2.165,8.46350450852645e-4
ZWE,BA:1823,2024,SEX_M,63,2.294,8.967796463076063e-4
ZWE,BA:1823,2024,SEX_M,64,7.88,0.0030804810867061626
ZWE,BA:1823,2024,SEX_M,65,3.544,0.0013854346410262235
ZWE,BA:1823,2024,SEX_M,66,2.989,0.0011684718233711574
ZWE,BA:1823,2024,SEX_M,68,2.977,0.0011637807354218587
ZWE,BA:1823,2024,SEX_M,69,6.517,0.0025476516804649827
ZWE,BA:1823,2024,SEX_M,71,2.859,0.0011176517039204212
ZWE,BA:1823,2024,SEX_M,72,2.022,7.90448319456835e-4
ZWE,BA:1823,2024,SEX_M,74,5.778,0.002258758847587336
ZWE,BA:1823,2024,SEX_M,75,1.997,7.806752195624628e-4
ZWE,BA:1823,2024,SEX_M,79,2.438,9.530727016991911e-4
ZWE,BA:1823,2024,SEX_M,80,45.892,0.017940284014101426
ZWE,BA:1823,2024,SEX_M,81,10.447,0.004083982983860314
ZWE,BA:1823,2024,SEX_M,82,5.818,0.0022743958074183316
ZWE,BA:1823,2024,SEX_M,84,80.93,0.031637478978062156
ZWE,BA:1823,2024,SEX_M,85,93.868,0.036695253635397725
ZWE,BA:1823,2024,SEX_M,86,8.671,0.0033897019673641035
ZWE,BA:1823,2024,SEX_M,87,2.42,9.460360697752428e-4
ZWE,BA:1823,2024,SEX_M,90,1.254,4.902186907017168e-4
ZWE,BA:1823,2024,SEX_M,91,3.225,0.0012607298863740323
ZWE,BA:1823,2024,SEX_M,92,1.125,4.3978949524675544e-4
ZWE,BA:1823,2024,SEX_M,93,3.325,0.0012998222859515217
ZWE,BA:1823,2024,SEX_M,94,7.314,0.0028592181050975727
ZWE,BA:1823,2024,SEX_M,95,10.795,0.004220024534389978
ZWE,BA:1823,2024,SEX_M,96,21.501,0.00840525683315599
ZWE,BA:1823,2024,SEX_M,97,66.012,0.025805674809092287
ZWE,BA:1823,2024,SEX_M,98,5.95,0.0023259977748606177
