support,domain,iso3,country_name,income_level,margin,total_gap_pp,reference_profile_pp,country_specific_pp,identity_error_pp
Common female-male cells,Occupation (ISCO-2),AFG,Afghanistan,Low income,Augmentation-only,-0.014594139328867255,0.1286767361454058,-0.14327087547427306,0
Common female-male cells,Occupation (ISCO-2),AFG,Afghanistan,Low income,Overall exposure,-0.9269591969375264,-0.8038417919847125,-0.12311740495281405,1.8041124150158794e-16
Common female-male cells,Occupation (ISCO-2),AFG,Afghanistan,Low income,Substitution-only,-0.8009648996952446,-0.7839656602205604,-0.016999239474683472,-8.187894806610529e-16
Common female-male cells,Occupation (ISCO-2),AGO,Angola,Lower middle income,Augmentation-only,-0.32719580439635837,-0.7434617050055415,0.4162659006091832,-5.551115123125783e-17
Common female-male cells,Occupation (ISCO-2),AGO,Angola,Lower middle income,Overall exposure,4.351360744877996,3.2844767404350717,1.0668840044429262,-1.5543122344752192e-15
Common female-male cells,Occupation (ISCO-2),AGO,Angola,Lower middle income,Substitution-only,4.277778200526024,4.7159544987591975,-0.4381762982331747,1.1102230246251565e-15
Common female-male cells,Occupation (ISCO-2),ARE,United Arab Emirates,High income,Augmentation-only,-0.0416390802972747,-0.21201584875696697,0.1703767684596923,-2.7755575615628914e-17
Common female-male cells,Occupation (ISCO-2),ARE,United Arab Emirates,High income,Overall exposure,0.5123254458568216,-0.36649859383847794,0.8788240396953002,-6.661338147750939e-16
Common female-male cells,Occupation (ISCO-2),ARE,United Arab Emirates,High income,Substitution-only,4.130819662224839,1.7796053166082655,2.3512143456165724,1.3322676295501878e-15
Common female-male cells,Occupation (ISCO-2),ARG,Argentina,Upper middle income,Augmentation-only,0.1225164041632079,0.03400986268871519,0.08850654147449256,1.5265566588595902e-16
Common female-male cells,Occupation (ISCO-2),ARG,Argentina,Upper middle income,Overall exposure,1.1632693483031793,-0.12893486654019432,1.2922042148433748,-1.1102230246251565e-15
Common female-male cells,Occupation (ISCO-2),ARG,Argentina,Upper middle income,Substitution-only,1.92827372287684,0.947090323757219,0.9811833991196224,-1.3322676295501878e-15
Common female-male cells,Occupation (ISCO-2),AUS,Australia,High income,Augmentation-only,0.05377923755615914,-0.1546708062882412,0.20845004384440025,1.1102230246251565e-16
Common female-male cells,Occupation (ISCO-2),AUS,Australia,High income,Overall exposure,0.2858023666442927,0.6262714156409321,-0.3404690489966399,4.440892098500626e-16
Common female-male cells,Occupation (ISCO-2),AUS,Australia,High income,Substitution-only,1.6561553049397553,1.3368410570461797,0.319314247893572,3.552713678800501e-15
Common female-male cells,Occupation (ISCO-2),AUT,Austria,High income,Augmentation-only,-0.4935720127242888,-0.5726804545125913,0.07910844178830258,-6.938893903907228e-17
Common female-male cells,Occupation (ISCO-2),AUT,Austria,High income,Overall exposure,-0.3871089447421099,-0.05732404950171538,-0.32978489524039367,-8.326672684688674e-16
Common female-male cells,Occupation (ISCO-2),AUT,Austria,High income,Substitution-only,3.262318433828114,2.5302020791452557,0.732116354682858,2.220446049250313e-16
Common female-male cells,Occupation (ISCO-2),BDI,Burundi,Low income,Augmentation-only,0.09464886092921433,0.42929710983787356,-0.33464824890865913,-1.1102230246251565e-16
Common female-male cells,Occupation (ISCO-2),BDI,Burundi,Low income,Overall exposure,0.962234582103272,1.9097097983155267,-0.9474752162122533,-1.4432899320127035e-15
Common female-male cells,Occupation (ISCO-2),BDI,Burundi,Low income,Substitution-only,0.454138298120256,-0.08607783091807131,0.5402161290383264,9.992007221626409e-16
Common female-male cells,Occupation (ISCO-2),BEL,Belgium,High income,Augmentation-only,-0.29497930855691923,-0.4512896994810297,0.15631039092411042,5.551115123125783e-17
Common female-male cells,Occupation (ISCO-2),BEL,Belgium,High income,Overall exposure,-1.8825490862452885,-1.6579091179414327,-0.2246399683038553,-4.996003610813204e-16
Common female-male cells,Occupation (ISCO-2),BEL,Belgium,High income,Substitution-only,1.7960571621684056,1.097452999682547,0.69860416248586,-1.4432899320127035e-15
Common female-male cells,Occupation (ISCO-2),BEN,Benin,Lower middle income,Augmentation-only,-0.9131333272485853,-0.7541579170605185,-0.15897541018806666,-1.6653345369377348e-16
Common female-male cells,Occupation (ISCO-2),BEN,Benin,Lower middle income,Overall exposure,6.095473184846883,5.758303304320246,0.33716988052663716,-3.885780586188048e-16
Common female-male cells,Occupation (ISCO-2),BEN,Benin,Lower middle income,Substitution-only,4.681635768360543,6.114349483070647,-1.4327137147101052,1.1102230246251565e-15
Common female-male cells,Occupation (ISCO-2),BFA,Burkina Faso,Low income,Augmentation-only,-0.23925682615476754,-0.7852751197470821,0.5460182935923145,1.1102230246251565e-16
Common female-male cells,Occupation (ISCO-2),BFA,Burkina Faso,Low income,Overall exposure,1.3122087719766795,1.514012501783044,-0.20180372980636352,-8.881784197001252e-16
Common female-male cells,Occupation (ISCO-2),BFA,Burkina Faso,Low income,Substitution-only,1.3425604017218997,2.9090829583095172,-1.5665225565876182,6.661338147750939e-16
Common female-male cells,Occupation (ISCO-2),BGD,Bangladesh,Lower middle income,Augmentation-only,-0.20683443761939307,1.129460064992572,-1.3362945026119657,6.661338147750939e-16
Common female-male cells,Occupation (ISCO-2),BGD,Bangladesh,Lower middle income,Overall exposure,-5.481040422805694,-3.6944052742977367,-1.786635148507957,0
Common female-male cells,Occupation (ISCO-2),BGD,Bangladesh,Lower middle income,Substitution-only,-5.139677206082232,-6.048580514815669,0.908903308733435,1.6653345369377348e-15
Common female-male cells,Occupation (ISCO-2),BGR,Bulgaria,High income,Augmentation-only,0.7878261853340823,0.022750182907327287,0.7650760024267553,-3.3306690738754696e-16
Common female-male cells,Occupation (ISCO-2),BGR,Bulgaria,High income,Overall exposure,3.55765340744505,1.7186617372521085,1.8389916701929387,2.6645352591003757e-15
Common female-male cells,Occupation (ISCO-2),BGR,Bulgaria,High income,Substitution-only,2.2052992945613656,1.5091925839856082,0.6961067105757592,-1.7763568394002505e-15
Common female-male cells,Occupation (ISCO-2),BLR,Belarus,Upper middle income,Augmentation-only,1.304947019320081,0.5428393816245027,0.762107637695577,1.2212453270876722e-15
Common female-male cells,Occupation (ISCO-2),BLR,Belarus,Upper middle income,Overall exposure,2.995723491178424,0.8705748027979031,2.125148688380522,-1.3322676295501878e-15
Common female-male cells,Occupation (ISCO-2),BLR,Belarus,Upper middle income,Substitution-only,-0.977535841204599,-1.3066784146128503,0.3291425734082509,3.3306690738754696e-16
Common female-male cells,Occupation (ISCO-2),BOL,Bolivia,Lower middle income,Augmentation-only,-0.09837556211601949,-0.1593774479038643,0.061001885787844774,3.469446951953614e-17
Common female-male cells,Occupation (ISCO-2),BOL,Bolivia,Lower middle income,Overall exposure,3.1608850224468297,0.9604152511379365,2.2004697713088928,4.440892098500626e-16
Common female-male cells,Occupation (ISCO-2),BOL,Bolivia,Lower middle income,Substitution-only,1.9782048211276202,1.4133800289720695,0.5648247921555503,4.440892098500626e-16
Common female-male cells,Occupation (ISCO-2),BRA,Brazil,Upper middle income,Augmentation-only,-0.0019192803801980985,-0.1433705449228152,0.14145126454261714,-2.7755575615628914e-17
Common female-male cells,Occupation (ISCO-2),BRA,Brazil,Upper middle income,Overall exposure,0.44375473815466343,0.5163050474073834,-0.07255030925272143,1.4988010832439613e-15
Common female-male cells,Occupation (ISCO-2),BRA,Brazil,Upper middle income,Substitution-only,2.1867183165913926,1.8272010107831038,0.3595173058082885,2.7755575615628914e-16
Common female-male cells,Occupation (ISCO-2),CHE,Switzerland,High income,Augmentation-only,-0.743107436521719,-0.8158892507123359,0.07278181419061718,-2.636779683484747e-16
Common female-male cells,Occupation (ISCO-2),CHE,Switzerland,High income,Overall exposure,-1.497632518842957,-1.5025492982879312,0.004916779444974706,-4.440892098500626e-16
Common female-male cells,Occupation (ISCO-2),CHE,Switzerland,High income,Substitution-only,3.5053637227437764,2.4731369642591132,1.0322267584846632,0
Common female-male cells,Occupation (ISCO-2),CHL,Chile,High income,Augmentation-only,-0.14737699192796938,-0.27512057780644184,0.1277435858784725,-5.551115123125783e-17
Common female-male cells,Occupation (ISCO-2),CHL,Chile,High income,Overall exposure,0.4724425690891537,-0.19020437099789542,0.6626469400870459,3.219646771412954e-15
Common female-male cells,Occupation (ISCO-2),CHL,Chile,High income,Substitution-only,2.1826960917747837,1.1540692999394262,1.0286267918353589,-1.3322676295501878e-15
Common female-male cells,Occupation (ISCO-2),CIV,Cote d'Ivoire,Lower middle income,Augmentation-only,-0.3491172850728145,-0.8603212317264346,0.5112039466536201,0
Common female-male cells,Occupation (ISCO-2),CIV,Cote d'Ivoire,Lower middle income,Overall exposure,5.45288608063545,3.290454075197472,2.162432005437978,0
Common female-male cells,Occupation (ISCO-2),CIV,Cote d'Ivoire,Lower middle income,Substitution-only,4.280167384415244,4.8075991968818546,-0.5274318124666084,-1.9984014443252818e-15
Common female-male cells,Occupation (ISCO-2),COD,"Congo, Dem. Rep.",Low income,Augmentation-only,-0.07496748319404786,-0.21150393131742992,0.13653644812338234,-2.7755575615628914e-16
Common female-male cells,Occupation (ISCO-2),COD,"Congo, Dem. Rep.",Low income,Overall exposure,0.04260620525771999,0.2893931744958915,-0.2467869692381711,-4.440892098500626e-16
Common female-male cells,Occupation (ISCO-2),COD,"Congo, Dem. Rep.",Low income,Substitution-only,0.05941267906487616,0.44716240131276286,-0.38774972224788656,-1.1102230246251565e-16
Common female-male cells,Occupation (ISCO-2),COL,Colombia,Upper middle income,Augmentation-only,-0.30932700537513874,-0.2888401669943889,-0.02048683838074989,6.245004513516506e-17
Common female-male cells,Occupation (ISCO-2),COL,Colombia,Upper middle income,Overall exposure,2.8064371418738983,1.7440053258904533,1.0624318159834447,2.220446049250313e-16
Common female-male cells,Occupation (ISCO-2),COL,Colombia,Upper middle income,Substitution-only,3.0961476970676176,2.589934517343873,0.5062131797237426,1.9984014443252818e-15
Common female-male cells,Occupation (ISCO-2),CRI,Costa Rica,High income,Augmentation-only,-0.29325882739785625,-0.18657728905808246,-0.10668153833977399,2.0816681711721685e-16
Common female-male cells,Occupation (ISCO-2),CRI,Costa Rica,High income,Overall exposure,1.9261880103062532,0.004043305878180359,1.9221447044280706,2.220446049250313e-15
Common female-male cells,Occupation (ISCO-2),CRI,Costa Rica,High income,Substitution-only,3.4034455724942134,1.5613122577866583,1.8421333147075551,0
Common female-male cells,Occupation (ISCO-2),CZE,Czechia,High income,Augmentation-only,-0.5134220594533341,-0.3584161675469821,-0.15500589190635208,8.326672684688674e-17
Common female-male cells,Occupation (ISCO-2),CZE,Czechia,High income,Overall exposure,1.3416460531885068,1.1734824088700133,0.16816364431848824,5.2735593669694936e-15
Common female-male cells,Occupation (ISCO-2),CZE,Czechia,High income,Substitution-only,2.4560951319250064,2.4393584055038926,0.016736726421114602,-8.118505867571457e-16
Common female-male cells,Occupation (ISCO-2),DEU,Germany,High income,Augmentation-only,-0.652152460676812,-0.5800552657538893,-0.07209719492292249,-1.6653345369377348e-16
Common female-male cells,Occupation (ISCO-2),DEU,Germany,High income,Overall exposure,-0.870809024833602,-0.018521353259715462,-0.8522876715738842,-2.3314683517128287e-15
Common female-male cells,Occupation (ISCO-2),DEU,Germany,High income,Substitution-only,3.408775073260695,2.6684088240877415,0.7403662491729568,-3.1086244689504383e-15
Common female-male cells,Occupation (ISCO-2),DNK,Denmark,High income,Augmentation-only,0.19160166901753464,-0.29449038735910216,0.48609205637663666,1.1102230246251565e-16
Common female-male cells,Occupation (ISCO-2),DNK,Denmark,High income,Overall exposure,-3.135098092096995,-1.9882433027648374,-1.1468547893321592,1.5543122344752192e-15
Common female-male cells,Occupation (ISCO-2),DNK,Denmark,High income,Substitution-only,-0.2217627161069755,0.2601180644637924,-0.481880780570768,1.1102230246251565e-16
Common female-male cells,Occupation (ISCO-2),DOM,Dominican Republic,Upper middle income,Augmentation-only,-0.06532790669396665,-0.21526069730851974,0.14993279061455309,0
Common female-male cells,Occupation (ISCO-2),DOM,Dominican Republic,Upper middle income,Overall exposure,6.689396677254414,3.3486651580641458,3.34073151919027,-1.7763568394002505e-15
Common female-male cells,Occupation (ISCO-2),DOM,Dominican Republic,Upper middle income,Substitution-only,5.847135050672006,4.006619092189511,1.8405159584824944,6.661338147750939e-16
Common female-male cells,Occupation (ISCO-2),ECU,Ecuador,Upper middle income,Augmentation-only,-0.42316876443997076,-0.37710272352798774,-0.046066040911983,-2.0816681711721685e-17
Common female-male cells,Occupation (ISCO-2),ECU,Ecuador,Upper middle income,Overall exposure,1.2759172533422747,0.4318549929586578,0.8440622603836159,9.992007221626409e-16
Common female-male cells,Occupation (ISCO-2),ECU,Ecuador,Upper middle income,Substitution-only,1.7818140061393417,1.8564233755750337,-0.07460936943569249,5.273559366969494e-16
Common female-male cells,Occupation (ISCO-2),EGY,"Egypt, Arab Rep.",Lower middle income,Augmentation-only,0.5443900410614121,0.7908050396476284,-0.24641499858621577,-5.273559366969494e-16
Common female-male cells,Occupation (ISCO-2),EGY,"Egypt, Arab Rep.",Lower middle income,Overall exposure,2.2107577414676833,1.360588533404567,0.850169208063118,-1.7763568394002505e-15
Common female-male cells,Occupation (ISCO-2),EGY,"Egypt, Arab Rep.",Lower middle income,Substitution-only,-0.02521553500074214,-0.33756471017984835,0.31234917517910643,-2.220446049250313e-16
Common female-male cells,Occupation (ISCO-2),ESP,Spain,High income,Augmentation-only,-0.13839373167512647,-0.25255664017665264,0.11416290850152604,1.249000902703301e-16
Common female-male cells,Occupation (ISCO-2),ESP,Spain,High income,Overall exposure,1.3850540949473886,0.5861842072072498,0.7988698877401365,2.3314683517128287e-15
Common female-male cells,Occupation (ISCO-2),ESP,Spain,High income,Substitution-only,3.153648127836843,2.1414598184722515,1.012188309364592,-6.661338147750939e-16
Common female-male cells,Occupation (ISCO-2),FIN,Finland,High income,Augmentation-only,-0.389718009770105,-0.5568252825951365,0.16710727282503116,3.608224830031759e-16
Common female-male cells,Occupation (ISCO-2),FIN,Finland,High income,Overall exposure,-4.084005084490743,-2.896081370382466,-1.1879237141082768,2.220446049250313e-16
Common female-male cells,Occupation (ISCO-2),FIN,Finland,High income,Substitution-only,-0.6598194289929655,-0.18839696292347313,-0.4714224660694912,-1.2212453270876722e-15
Common female-male cells,Occupation (ISCO-2),FRA,France,High income,Augmentation-only,-0.39460314612784075,-0.5897519345722554,0.19514878844441483,-1.942890293094024e-16
Common female-male cells,Occupation (ISCO-2),FRA,France,High income,Overall exposure,-0.14566485226792736,-0.08970839134851982,-0.05595646091940876,1.2212453270876722e-15
Common female-male cells,Occupation (ISCO-2),FRA,France,High income,Substitution-only,2.8137081730347884,2.306818116006183,0.5068900570286023,2.886579864025407e-15
Common female-male cells,Occupation (ISCO-2),GBR,United Kingdom,High income,Augmentation-only,-0.33457171557893345,-0.4934608440184949,0.1588891284395611,3.3306690738754696e-16
Common female-male cells,Occupation (ISCO-2),GBR,United Kingdom,High income,Overall exposure,-1.3667370540374486,-1.5616392286517604,0.19490217461431125,5.551115123125783e-16
Common female-male cells,Occupation (ISCO-2),GBR,United Kingdom,High income,Substitution-only,1.2190116656596537,0.9299059876265419,0.2891056780331114,4.440892098500626e-16
Common female-male cells,Occupation (ISCO-2),GIN,Guinea,Lower middle income,Augmentation-only,-0.20375020617507453,-0.5614470985408487,0.3576968923657739,2.7755575615628914e-16
Common female-male cells,Occupation (ISCO-2),GIN,Guinea,Lower middle income,Overall exposure,3.6030296800561126,2.6390821926408146,0.963947487415298,0
Common female-male cells,Occupation (ISCO-2),GIN,Guinea,Lower middle income,Substitution-only,2.881313372356442,2.9311583524489864,-0.04984498009254491,6.800116025829084e-16
Common female-male cells,Occupation (ISCO-2),GRC,Greece,High income,Augmentation-only,-0.23334728260037987,-0.10146667555785105,-0.13188060704252882,0
Common female-male cells,Occupation (ISCO-2),GRC,Greece,High income,Overall exposure,2.234021665288926,1.6019959443692267,0.6320257209197003,-9.992007221626409e-16
Common female-male cells,Occupation (ISCO-2),GRC,Greece,High income,Substitution-only,3.6150963037544606,2.2643251308381327,1.3507711729163248,3.1086244689504383e-15
Common female-male cells,Occupation (ISCO-2),GTM,Guatemala,Upper middle income,Augmentation-only,-0.36224837263391596,-0.4350410480583517,0.07279267542443575,-1.3877787807814457e-17
Common female-male cells,Occupation (ISCO-2),GTM,Guatemala,Upper middle income,Overall exposure,5.800171352575672,3.2672397566943667,2.532931595881308,-2.220446049250313e-15
Common female-male cells,Occupation (ISCO-2),GTM,Guatemala,Upper middle income,Substitution-only,4.714687880873425,4.196085042598956,0.5186028382744668,2.1094237467877974e-15
Common female-male cells,Occupation (ISCO-2),HND,Honduras,Lower middle income,Augmentation-only,-0.6319179808682601,-0.6100144426780694,-0.021903538190190763,1.0408340855860843e-17
Common female-male cells,Occupation (ISCO-2),HND,Honduras,Lower middle income,Overall exposure,5.063676829362453,2.4356925345295117,2.6279842948329435,-2.6645352591003757e-15
Common female-male cells,Occupation (ISCO-2),HND,Honduras,Lower middle income,Substitution-only,4.113385401110815,4.158950073774925,-0.04556467266411053,6.245004513516506e-16
Common female-male cells,Occupation (ISCO-2),HRV,Croatia,High income,Augmentation-only,0.12687608952770488,-0.24116464425688083,0.3680407337845864,-7.216449660063518e-16
Common female-male cells,Occupation (ISCO-2),HRV,Croatia,High income,Overall exposure,1.8237687226440127,0.34364506728051203,1.480123655363497,3.552713678800501e-15
Common female-male cells,Occupation (ISCO-2),HRV,Croatia,High income,Substitution-only,2.7481271952744017,1.6576432296852954,1.0904839655891068,-4.440892098500626e-16
Common female-male cells,Occupation (ISCO-2),HUN,Hungary,High income,Augmentation-only,-0.21082447834743903,-0.24201222095829641,0.031187742610857293,9.020562075079397e-17
Common female-male cells,Occupation (ISCO-2),HUN,Hungary,High income,Overall exposure,2.9941640469440407,2.376761548446855,0.6174024984971848,7.771561172376096e-16
Common female-male cells,Occupation (ISCO-2),HUN,Hungary,High income,Substitution-only,3.495020789992414,2.7887362129235207,0.7062845770688972,-3.9968028886505635e-15
Common female-male cells,Occupation (ISCO-2),IDN,Indonesia,Upper middle income,Augmentation-only,-0.05447647625606786,-0.04193923128510047,-0.012537244970967282,-1.0408340855860843e-16
Common female-male cells,Occupation (ISCO-2),IDN,Indonesia,Upper middle income,Overall exposure,1.9595319199054986,1.0188282786865352,0.9407036412189625,7.771561172376096e-16
Common female-male cells,Occupation (ISCO-2),IDN,Indonesia,Upper middle income,Substitution-only,0.6485627602490122,0.9650393615902166,-0.3164766013412043,-1.6653345369377348e-16
Common female-male cells,Occupation (ISCO-2),IND,India,Lower middle income,Augmentation-only,0.564348178621578,0.3396915006944886,0.2246566779270894,2.7755575615628914e-17
Common female-male cells,Occupation (ISCO-2),IND,India,Lower middle income,Overall exposure,-2.3819373542642333,-2.4837560986628717,0.1018187443986373,1.1657341758564144e-15
Common female-male cells,Occupation (ISCO-2),IND,India,Lower middle income,Substitution-only,-3.5379426216993615,-2.8022922718121785,-0.7356503498871834,4.440892098500626e-16
Common female-male cells,Occupation (ISCO-2),IRL,Ireland,High income,Augmentation-only,-0.4425861886413963,-0.5621126450347486,0.11952645639335228,-4.163336342344337e-17
Common female-male cells,Occupation (ISCO-2),IRL,Ireland,High income,Overall exposure,-1.61892825444504,-1.30211544070485,-0.31681281374018877,-1.2212453270876722e-15
Common female-male cells,Occupation (ISCO-2),IRL,Ireland,High income,Substitution-only,1.6882896993905367,1.4983232916856315,0.1899664077049063,-1.0547118733938987e-15
Common female-male cells,Occupation (ISCO-2),IRN,"Iran, Islamic Rep.",Upper middle income,Augmentation-only,0.4094124840832338,1.132799727028454,-0.7233872429452203,1.1102230246251565e-16
Common female-male cells,Occupation (ISCO-2),IRN,"Iran, Islamic Rep.",Upper middle income,Overall exposure,-0.5457337659836046,-0.6041239337664165,0.058390167782810094,1.824929096727601e-15
Common female-male cells,Occupation (ISCO-2),IRN,"Iran, Islamic Rep.",Upper middle income,Substitution-only,-3.1830334731136807,-3.1937333202868254,0.010699847173144792,-3.122502256758253e-17
Common female-male cells,Occupation (ISCO-2),IRQ,Iraq,Upper middle income,Augmentation-only,-0.03830483633852148,1.5843982847326463,-1.6227031210711675,-2.220446049250313e-16
Common female-male cells,Occupation (ISCO-2),IRQ,Iraq,Upper middle income,Overall exposure,1.619339852512216,-0.33992075022095003,1.9592606027331632,2.886579864025407e-15
Common female-male cells,Occupation (ISCO-2),IRQ,Iraq,Upper middle income,Substitution-only,-1.8631071496794565,-3.530892872107826,1.6677857224283705,-8.881784197001252e-16
Common female-male cells,Occupation (ISCO-2),ISR,Israel,High income,Augmentation-only,-0.14188290256405198,-0.24733420705490655,0.10545130449085453,4.163336342344337e-17
Common female-male cells,Occupation (ISCO-2),ISR,Israel,High income,Overall exposure,-1.8799133155528212,-1.704939671450487,-0.17497364410233393,-2.498001805406602e-16
Common female-male cells,Occupation (ISCO-2),ISR,Israel,High income,Substitution-only,-0.07560375355475948,-0.09026835881413105,0.014664605259371417,1.457167719820518e-16
Common female-male cells,Occupation (ISCO-2),ITA,Italy,High income,Augmentation-only,-0.14477199169427746,-0.2513735627281004,0.10660157103382306,-1.1102230246251565e-16
Common female-male cells,Occupation (ISCO-2),ITA,Italy,High income,Overall exposure,0.8496702182140494,1.3254803012320153,-0.47581008301796884,2.942091015256665e-15
Common female-male cells,Occupation (ISCO-2),ITA,Italy,High income,Substitution-only,3.603896868583263,2.7963134893751973,0.8075833792080673,-1.7763568394002505e-15
Common female-male cells,Occupation (ISCO-2),JOR,Jordan,Lower middle income,Augmentation-only,1.079804130954458,0.3700847002184964,0.7097194307359611,4.440892098500626e-16
Common female-male cells,Occupation (ISCO-2),JOR,Jordan,Lower middle income,Overall exposure,-0.6627189013916,-0.6649155921722374,0.0021966907806382392,-7.9450335199737765e-16
Common female-male cells,Occupation (ISCO-2),JOR,Jordan,Lower middle income,Substitution-only,0.8459927060989669,1.003890763256078,-0.15789805715711105,-8.326672684688674e-17
Common female-male cells,Occupation (ISCO-2),JPN,Japan,High income,Augmentation-only,-0.144968612139196,-0.4147471072802009,0.26977849514100494,0
Common female-male cells,Occupation (ISCO-2),JPN,Japan,High income,Overall exposure,-2.85847518149635,-0.0033180177623254314,-2.8551571637340203,-3.9968028886505635e-15
Common female-male cells,Occupation (ISCO-2),JPN,Japan,High income,Substitution-only,1.1102090689755026,1.764088138146136,-0.6538790691706362,2.886579864025407e-15
Common female-male cells,Occupation (ISCO-2),KEN,Kenya,Lower middle income,Augmentation-only,0.24896727639263985,0.21107699298659405,0.037890283406045784,2.0816681711721685e-17
Common female-male cells,Occupation (ISCO-2),KEN,Kenya,Lower middle income,Overall exposure,-0.2307117249593751,-0.601792987636153,0.37108126267677766,2.220446049250313e-16
Common female-male cells,Occupation (ISCO-2),KEN,Kenya,Lower middle income,Substitution-only,-1.4739588785911137,-1.4032353098932546,-0.07072356869785851,-6.106226635438361e-16
Common female-male cells,Occupation (ISCO-2),KGZ,Kyrgyz Republic,Lower middle income,Augmentation-only,0.6629509997720514,0.6105027973177196,0.05244820245433169,1.0408340855860843e-16
Common female-male cells,Occupation (ISCO-2),KGZ,Kyrgyz Republic,Lower middle income,Overall exposure,3.581366053870575,-0.011434748649875814,3.5928008025204523,-1.3322676295501878e-15
Common female-male cells,Occupation (ISCO-2),KGZ,Kyrgyz Republic,Lower middle income,Substitution-only,0.45334384505146286,-1.3516349050487388,1.8049787501002013,4.440892098500626e-16
Common female-male cells,Occupation (ISCO-2),KHM,Cambodia,Lower middle income,Augmentation-only,0.07600823632280902,-0.043173429010277306,0.11918166533308637,-4.163336342344337e-17
Common female-male cells,Occupation (ISCO-2),KHM,Cambodia,Lower middle income,Overall exposure,5.3090060840613535,4.082110234138034,1.2268958499233198,-6.661338147750939e-16
Common female-male cells,Occupation (ISCO-2),KHM,Cambodia,Lower middle income,Substitution-only,2.7087084910903663,2.9073409542544106,-0.19863246316404265,-1.7208456881689926e-15
Common female-male cells,Occupation (ISCO-2),LAO,Lao PDR,Lower middle income,Augmentation-only,-0.10069321455236255,-0.19940703584181285,0.09871382128945029,1.3877787807814457e-17
Common female-male cells,Occupation (ISCO-2),LAO,Lao PDR,Lower middle income,Overall exposure,2.3340761778730004,1.4405286466879526,0.8935475311850458,1.9984014443252818e-15
Common female-male cells,Occupation (ISCO-2),LAO,Lao PDR,Lower middle income,Substitution-only,1.5179921199803748,1.4982671038501083,0.019725016130267337,-8.881784197001252e-16
Common female-male cells,Occupation (ISCO-2),LKA,Sri Lanka,Lower middle income,Augmentation-only,0.38629218547817873,0.11083645467372244,0.2754557308044564,-1.1102230246251565e-16
Common female-male cells,Occupation (ISCO-2),LKA,Sri Lanka,Lower middle income,Overall exposure,3.64712906694011,1.472980470380874,2.174148596559236,0
Common female-male cells,Occupation (ISCO-2),LKA,Sri Lanka,Lower middle income,Substitution-only,1.874895190289541,1.4570663460043831,0.41782884428515904,-1.1657341758564144e-15
Common female-male cells,Occupation (ISCO-2),MDG,Madagascar,Low income,Augmentation-only,-0.010601904836964923,-0.06192170022843878,0.05131979539147383,2.7755575615628914e-17
Common female-male cells,Occupation (ISCO-2),MDG,Madagascar,Low income,Overall exposure,1.2683088839140235,1.276981222856644,-0.008672338942621094,6.661338147750939e-16
Common female-male cells,Occupation (ISCO-2),MDG,Madagascar,Low income,Substitution-only,1.1904450009532639,1.0565663331681547,0.13387866778510893,2.220446049250313e-16
Common female-male cells,Occupation (ISCO-2),MEX,Mexico,Upper middle income,Augmentation-only,-0.15299513510102003,-0.2600881694861078,0.10709303438508763,1.3877787807814457e-16
Common female-male cells,Occupation (ISCO-2),MEX,Mexico,Upper middle income,Overall exposure,4.132692215008361,2.7659199914033796,1.366772223604978,3.3306690738754696e-15
Common female-male cells,Occupation (ISCO-2),MEX,Mexico,Upper middle income,Substitution-only,3.974958662238948,3.099141615994051,0.8758170462448984,-1.1102230246251565e-15
Common female-male cells,Occupation (ISCO-2),MLI,Mali,Low income,Augmentation-only,-0.01241367280133429,-0.36061182896274724,0.3481981561614129,5.551115123125783e-17
Common female-male cells,Occupation (ISCO-2),MLI,Mali,Low income,Overall exposure,1.6688830706954485,2.0569126400474893,-0.38802956935204036,-4.440892098500626e-16
Common female-male cells,Occupation (ISCO-2),MLI,Mali,Low income,Substitution-only,1.4544566435565927,2.5943578193670738,-1.1399011758104818,6.661338147750939e-16
Common female-male cells,Occupation (ISCO-2),MMR,Myanmar,Lower middle income,Augmentation-only,0.11842198695179833,-0.23728884289008315,0.35571082984188157,-1.1102230246251565e-16
Common female-male cells,Occupation (ISCO-2),MMR,Myanmar,Lower middle income,Overall exposure,5.537679459511319,4.0190353042253975,1.5186441552859224,-1.3322676295501878e-15
Common female-male cells,Occupation (ISCO-2),MMR,Myanmar,Lower middle income,Substitution-only,4.0994953901918025,3.644643097491218,0.4548522927005837,7.771561172376096e-16
Common female-male cells,Occupation (ISCO-2),MOZ,Mozambique,Low income,Augmentation-only,-0.0499792492961359,-0.36817897709725494,0.3181997278011191,-5.551115123125783e-17
Common female-male cells,Occupation (ISCO-2),MOZ,Mozambique,Low income,Overall exposure,3.124501300101944,4.008216970262106,-0.8837156701601717,9.658940314238862e-15
Common female-male cells,Occupation (ISCO-2),MOZ,Mozambique,Low income,Substitution-only,3.046939484974852,4.265535037694804,-1.2185955527199532,1.5543122344752192e-15
Common female-male cells,Occupation (ISCO-2),MWI,Malawi,Low income,Augmentation-only,0.009299877809241923,-0.22662085072023014,0.23592072852947207,0
Common female-male cells,Occupation (ISCO-2),MWI,Malawi,Low income,Overall exposure,1.4662051482838896,1.5228450807958347,-0.0566399325119441,-9.992007221626409e-16
Common female-male cells,Occupation (ISCO-2),MWI,Malawi,Low income,Substitution-only,1.1082857438328342,1.639523124682311,-0.5312373808494774,5.551115123125783e-16
Common female-male cells,Occupation (ISCO-2),NGA,Nigeria,Lower middle income,Augmentation-only,-0.48574205052843983,-0.7750449321840233,0.28930288165558327,1.6653345369377348e-16
Common female-male cells,Occupation (ISCO-2),NGA,Nigeria,Lower middle income,Overall exposure,5.550031522176549,4.320805296928594,1.2292262252479578,-2.6645352591003757e-15
Common female-male cells,Occupation (ISCO-2),NGA,Nigeria,Lower middle income,Substitution-only,4.693443339221907,5.503667322956344,-0.8102239837344384,7.771561172376096e-16
Common female-male cells,Occupation (ISCO-2),NLD,Netherlands,High income,Augmentation-only,-0.8097134834107496,-0.789738075551246,-0.019975407859503146,-4.3368086899420177e-16
Common female-male cells,Occupation (ISCO-2),NLD,Netherlands,High income,Overall exposure,-4.471516749221317,-3.724206766709054,-0.747309982512264,8.881784197001252e-16
Common female-male cells,Occupation (ISCO-2),NLD,Netherlands,High income,Substitution-only,0.42737636021952635,0.41001679198235874,0.017359568237167694,-8.326672684688674e-17
Common female-male cells,Occupation (ISCO-2),NOR,Norway,High income,Augmentation-only,-0.044576977320901566,-0.2515495061976535,0.2069725288767518,1.1102230246251565e-16
Common female-male cells,Occupation (ISCO-2),NOR,Norway,High income,Overall exposure,-5.481780412568399,-4.212930137788208,-1.268850274780192,8.881784197001252e-16
Common female-male cells,Occupation (ISCO-2),NOR,Norway,High income,Substitution-only,-1.6194508512236605,-1.3801227550508328,-0.239328096172827,-6.938893903907228e-16
Common female-male cells,Occupation (ISCO-2),PAK,Pakistan,Lower middle income,Augmentation-only,0.5786032332044123,0.9931447181555427,-0.41454148495113,-3.885780586188048e-16
Common female-male cells,Occupation (ISCO-2),PAK,Pakistan,Lower middle income,Overall exposure,-3.7464717612909397,-4.614038043413826,0.8675662821228863,1.1102230246251565e-16
Common female-male cells,Occupation (ISCO-2),PAK,Pakistan,Lower middle income,Substitution-only,-5.0431535194295,-6.21314430836597,1.1699907889364691,1.1102230246251565e-15
Common female-male cells,Occupation (ISCO-2),PER,Peru,Upper middle income,Augmentation-only,-0.5077639715785471,-0.3767162601822553,-0.13104771139629187,2.7755575615628914e-17
Common female-male cells,Occupation (ISCO-2),PER,Peru,Upper middle income,Overall exposure,0.4007122771108723,0.0799859336577532,0.3207263434531159,3.219646771412954e-15
Common female-male cells,Occupation (ISCO-2),PER,Peru,Upper middle income,Substitution-only,1.5744654222567276,1.5539612628865824,0.02050415937014409,1.0685896612017132e-15
Common female-male cells,Occupation (ISCO-2),PHL,Philippines,Lower middle income,Augmentation-only,-0.2831960263065833,-0.17110454712934686,-0.11209147917723623,-2.0816681711721685e-16
Common female-male cells,Occupation (ISCO-2),PHL,Philippines,Lower middle income,Overall exposure,6.405117820747663,4.181703353341514,2.223414467406152,-2.6645352591003757e-15
Common female-male cells,Occupation (ISCO-2),PHL,Philippines,Lower middle income,Substitution-only,4.363097507631382,3.620491437474828,0.7426060701565566,-2.3314683517128287e-15
Common female-male cells,Occupation (ISCO-2),PNG,Papua New Guinea,Lower middle income,Augmentation-only,0.018020183910872706,-0.4001514371498008,0.4181716210606735,0
Common female-male cells,Occupation (ISCO-2),PNG,Papua New Guinea,Lower middle income,Overall exposure,2.4716179561940512,2.4719148287408435,-2.968725467918931e-4,-3.3306690738754696e-16
Common female-male cells,Occupation (ISCO-2),PNG,Papua New Guinea,Lower middle income,Substitution-only,2.3988779545652705,2.965901982832389,-0.5670240282671173,-1.1102230246251565e-15
Common female-male cells,Occupation (ISCO-2),POL,Poland,High income,Augmentation-only,0.11034993540689476,-0.007597450710003947,0.11794738611689877,-5.551115123125783e-17
Common female-male cells,Occupation (ISCO-2),POL,Poland,High income,Overall exposure,1.4911733665507694,1.154969404100155,0.33620396245061557,-1.2212453270876722e-15
Common female-male cells,Occupation (ISCO-2),POL,Poland,High income,Substitution-only,1.940602509493204,1.4057285711911893,0.5348739383020167,-1.9984014443252818e-15
Common female-male cells,Occupation (ISCO-2),PRT,Portugal,High income,Augmentation-only,-0.3970799728355033,-0.4422883578389603,0.04520838500345709,-6.245004513516506e-17
Common female-male cells,Occupation (ISCO-2),PRT,Portugal,High income,Overall exposure,0.48381115157572885,-0.41152822819142887,0.8953393797671577,0
Common female-male cells,Occupation (ISCO-2),PRT,Portugal,High income,Substitution-only,3.402743224540086,2.258682210812645,1.1440610137274412,0
Common female-male cells,Occupation (ISCO-2),ROU,Romania,High income,Augmentation-only,0.23012780965501525,0.1365648561582312,0.09356295349678434,-2.7755575615628914e-16
Common female-male cells,Occupation (ISCO-2),ROU,Romania,High income,Overall exposure,4.436539213895143,2.95043599320755,1.4861032206875928,2.220446049250313e-16
Common female-male cells,Occupation (ISCO-2),ROU,Romania,High income,Substitution-only,2.185499133240395,1.8337049774889624,0.35179415575143647,-4.107825191113079e-15
Common female-male cells,Occupation (ISCO-2),RUS,Russian Federation,High income,Augmentation-only,0.08474069806670323,0.09315595080516681,-0.008415252738463486,-9.367506770274758e-17
Common female-male cells,Occupation (ISCO-2),RUS,Russian Federation,High income,Overall exposure,0.720781388974151,-0.18572352497942468,0.906504913953585,-9.325873406851315e-15
Common female-male cells,Occupation (ISCO-2),RUS,Russian Federation,High income,Substitution-only,-0.4170454168592854,-0.46222557740751846,0.04518016054823243,6.106226635438361e-16
Common female-male cells,Occupation (ISCO-2),RWA,Rwanda,Low income,Augmentation-only,-0.15753391691753685,-0.10141105068738313,-0.056122866230153695,-2.7755575615628914e-17
Common female-male cells,Occupation (ISCO-2),RWA,Rwanda,Low income,Overall exposure,0.9174192510425089,-0.010926903139214801,0.9283461541817233,4.440892098500626e-16
Common female-male cells,Occupation (ISCO-2),RWA,Rwanda,Low income,Substitution-only,0.1656164828537864,0.40272290079194123,-0.23710641793815457,-2.498001805406602e-16
Common female-male cells,Occupation (ISCO-2),SDN,Sudan,Low income,Augmentation-only,0.12150752011422777,0.9809568084527537,-0.8594492883385257,-1.1102230246251565e-16
Common female-male cells,Occupation (ISCO-2),SDN,Sudan,Low income,Overall exposure,-1.1207186424505236,-1.921044244444257,0.8003256019937336,-1.1102230246251565e-16
Common female-male cells,Occupation (ISCO-2),SDN,Sudan,Low income,Substitution-only,-1.762932194295162,-3.259718641984046,1.496786447688883,8.881784197001252e-16
Common female-male cells,Occupation (ISCO-2),SEN,Senegal,Lower middle income,Augmentation-only,-0.2935848188324277,-0.20134437701646285,-0.09224044181596487,1.3877787807814457e-17
Common female-male cells,Occupation (ISCO-2),SEN,Senegal,Lower middle income,Overall exposure,0.3329527194974992,1.3004204000766437,-0.9674676805791422,-2.220446049250313e-15
Common female-male cells,Occupation (ISCO-2),SEN,Senegal,Lower middle income,Substitution-only,0.9983897284334442,3.070186287722779,-2.0717965592893353,4.440892098500626e-16
Common female-male cells,Occupation (ISCO-2),SGP,Singapore,High income,Augmentation-only,-0.766940446588742,-0.8106430158142078,0.043702569225465754,2.7755575615628914e-17
Common female-male cells,Occupation (ISCO-2),SGP,Singapore,High income,Overall exposure,3.0485660093576565,3.0349376486982065,0.013628360659447489,2.5673907444456745e-15
Common female-male cells,Occupation (ISCO-2),SGP,Singapore,High income,Substitution-only,5.705362880020648,4.699015225151601,1.0063476548690518,-3.9968028886505635e-15
Common female-male cells,Occupation (ISCO-2),SLE,Sierra Leone,Low income,Augmentation-only,-0.2687624287857596,-0.7061746306577841,0.4374122018720244,5.551115123125783e-17
Common female-male cells,Occupation (ISCO-2),SLE,Sierra Leone,Low income,Overall exposure,2.8237484505216544,2.476397463377106,0.3473509871445477,6.661338147750939e-16
Common female-male cells,Occupation (ISCO-2),SLE,Sierra Leone,Low income,Substitution-only,2.4116073287666078,3.4291541534408765,-1.0175468246742683,-4.440892098500626e-16
Common female-male cells,Occupation (ISCO-2),SLV,El Salvador,Upper middle income,Augmentation-only,-0.37007933233764245,-0.5155680683247779,0.1454887359871352,2.220446049250313e-16
Common female-male cells,Occupation (ISCO-2),SLV,El Salvador,Upper middle income,Overall exposure,5.959614763472241,2.595434738916044,3.3641800245561964,8.881784197001252e-16
Common female-male cells,Occupation (ISCO-2),SLV,El Salvador,Upper middle income,Substitution-only,4.828306674299934,3.9550772935632286,0.873229380736705,1.1102230246251565e-16
Common female-male cells,Occupation (ISCO-2),SOM,"Somalia, Fed. Rep.",Low income,Augmentation-only,-0.11239156754786342,-0.36867700238902656,0.25628543484116323,-5.551115123125783e-17
Common female-male cells,Occupation (ISCO-2),SOM,"Somalia, Fed. Rep.",Low income,Overall exposure,0.5143787842325778,1.307440281714757,-0.7930614974821777,-1.5543122344752192e-15
Common female-male cells,Occupation (ISCO-2),SOM,"Somalia, Fed. Rep.",Low income,Substitution-only,0.4378704651368447,1.8418928512227188,-1.4040223860858743,0
Common female-male cells,Occupation (ISCO-2),SRB,Serbia,Upper middle income,Augmentation-only,0.021373322695457674,-0.06090344882984439,0.08227677152530206,0
Common female-male cells,Occupation (ISCO-2),SRB,Serbia,Upper middle income,Overall exposure,2.264721462521388,0.8529003140509114,1.4118211484704766,0
Common female-male cells,Occupation (ISCO-2),SRB,Serbia,Upper middle income,Substitution-only,2.2816869499925714,1.3858741368745664,0.8958128131180034,1.5543122344752192e-15
Common female-male cells,Occupation (ISCO-2),SVK,Slovak Republic,High income,Augmentation-only,0.13093263057593849,-0.3275727383930058,0.45850536896894434,0
Common female-male cells,Occupation (ISCO-2),SVK,Slovak Republic,High income,Overall exposure,3.321766422600111,2.3010407043705827,1.0207257182295255,2.886579864025407e-15
Common female-male cells,Occupation (ISCO-2),SVK,Slovak Republic,High income,Substitution-only,4.154082947744473,3.264068957764008,0.8900139899804672,-2.3314683517128287e-15
Common female-male cells,Occupation (ISCO-2),SWE,Sweden,High income,Augmentation-only,0.47087597604225107,-0.17250163758949907,0.6433776136317506,-4.440892098500626e-16
Common female-male cells,Occupation (ISCO-2),SWE,Sweden,High income,Overall exposure,-4.215990563031256,-3.1638622094169353,-1.052128353614319,-1.7763568394002505e-15
Common female-male cells,Occupation (ISCO-2),SWE,Sweden,High income,Substitution-only,-1.8344158304600315,-1.1402349146892916,-0.6941809157707395,-4.440892098500626e-16
Common female-male cells,Occupation (ISCO-2),TGO,Togo,Low income,Augmentation-only,-0.9474867615071473,-0.8807139269499212,-0.06677283455722596,-8.326672684688674e-17
Common female-male cells,Occupation (ISCO-2),TGO,Togo,Low income,Overall exposure,3.6201552491921527,3.931745743083134,-0.3115904938909779,-3.3306690738754696e-15
Common female-male cells,Occupation (ISCO-2),TGO,Togo,Low income,Substitution-only,3.260520646391738,5.083502655045453,-1.8229820086537152,4.440892098500626e-16
Common female-male cells,Occupation (ISCO-2),THA,Thailand,Upper middle income,Augmentation-only,0.0017140656887057694,-0.2139628427846772,0.215676908473383,-2.7755575615628914e-17
Common female-male cells,Occupation (ISCO-2),THA,Thailand,Upper middle income,Overall exposure,4.298493213967333,3.225082441812582,1.0734107721547528,-1.5543122344752192e-15
Common female-male cells,Occupation (ISCO-2),THA,Thailand,Upper middle income,Substitution-only,3.6880469019064606,3.1374954122878322,0.5505514896186294,-1.1102230246251565e-15
Common female-male cells,Occupation (ISCO-2),TUN,Tunisia,Lower middle income,Augmentation-only,0.2963011686689752,-0.060165085747997823,0.3564662544169729,1.6653345369377348e-16
Common female-male cells,Occupation (ISCO-2),TUN,Tunisia,Lower middle income,Overall exposure,6.102692593149348,3.3227014587647306,2.779991134384616,8.881784197001252e-16
Common female-male cells,Occupation (ISCO-2),TUN,Tunisia,Lower middle income,Substitution-only,4.574932876092149,3.487819415824405,1.087113460267743,4.440892098500626e-16
Common female-male cells,Occupation (ISCO-2),TUR,Turkiye,Upper middle income,Augmentation-only,0.25992542752969894,0.13714282564561076,0.12278260188408816,2.7755575615628914e-17
Common female-male cells,Occupation (ISCO-2),TUR,Turkiye,Upper middle income,Overall exposure,-1.203034355594254,-1.6243721621261396,0.42133780653188446,1.1102230246251565e-15
Common female-male cells,Occupation (ISCO-2),TUR,Turkiye,Upper middle income,Substitution-only,-0.4065228341175291,-0.7473256619879487,0.34080282787041905,5.551115123125783e-16
Common female-male cells,Occupation (ISCO-2),TZA,Tanzania,Lower middle income,Augmentation-only,0.013323851547721609,0.0014442859429653343,0.011879565604756278,-3.469446951953614e-18
Common female-male cells,Occupation (ISCO-2),TZA,Tanzania,Lower middle income,Overall exposure,-0.5878178839218395,-0.3172341235415872,-0.27058376038025256,2.220446049250313e-16
Common female-male cells,Occupation (ISCO-2),TZA,Tanzania,Lower middle income,Substitution-only,-0.3786377905227781,-0.07037071114590843,-0.3082670793768697,5.551115123125783e-17
Common female-male cells,Occupation (ISCO-2),UGA,Uganda,Low income,Augmentation-only,-0.15892764928002714,-0.39875069303932636,0.23982304375929933,-1.1102230246251565e-16
Common female-male cells,Occupation (ISCO-2),UGA,Uganda,Low income,Overall exposure,2.203945372319935,2.7516774999266325,-0.5477321276066979,3.3306690738754696e-16
Common female-male cells,Occupation (ISCO-2),UGA,Uganda,Low income,Substitution-only,2.038430917722296,3.2264626954938214,-1.1880317777715246,-8.881784197001252e-16
Common female-male cells,Occupation (ISCO-2),USA,United States,High income,Augmentation-only,0.40772568438644224,0.051827361557263155,0.3558983228291789,2.220446049250313e-16
Common female-male cells,Occupation (ISCO-2),USA,United States,High income,Overall exposure,-0.4602798817509486,-0.2923673041103929,-0.16791257764055956,3.885780586188048e-15
Common female-male cells,Occupation (ISCO-2),USA,United States,High income,Substitution-only,0.4328271260698039,0.3060108351049523,0.12681629096485053,1.0547118733938987e-15
Common female-male cells,Occupation (ISCO-2),VNM,Viet Nam,Lower middle income,Augmentation-only,-0.024581087096593672,-0.1268250049416817,0.10224391784508798,4.163336342344337e-17
Common female-male cells,Occupation (ISCO-2),VNM,Viet Nam,Lower middle income,Overall exposure,4.733788339862888,3.2837446173826392,1.4500437224802476,8.881784197001252e-16
Common female-male cells,Occupation (ISCO-2),VNM,Viet Nam,Lower middle income,Substitution-only,3.4179080939318345,2.7327891951647456,0.6851188987670891,-2.220446049250313e-16
Common female-male cells,Occupation (ISCO-2),ZMB,Zambia,Lower middle income,Augmentation-only,-0.1365478719966234,-0.43766762729767494,0.3011197553010515,0
Common female-male cells,Occupation (ISCO-2),ZMB,Zambia,Lower middle income,Overall exposure,4.754856599966478,4.337119748195503,0.41773685177097314,1.1657341758564144e-15
Common female-male cells,Occupation (ISCO-2),ZMB,Zambia,Lower middle income,Substitution-only,4.207905797320585,4.704332759408539,-0.49642696208795517,1.3877787807814457e-15
Common female-male cells,Occupation (ISCO-2),ZWE,Zimbabwe,Lower middle income,Augmentation-only,0.36813897330273776,0.14894213791637742,0.21919683538636056,-2.220446049250313e-16
Common female-male cells,Occupation (ISCO-2),ZWE,Zimbabwe,Lower middle income,Overall exposure,3.766645838718532,0.5746694013799019,3.19197643733863,0
Common female-male cells,Occupation (ISCO-2),ZWE,Zimbabwe,Lower middle income,Substitution-only,1.8526009778051116,-0.13393692663310236,1.9865379044382137,2.220446049250313e-16
Common female-male cells,Industry (ISIC-2),AGO,Angola,Lower middle income,Augmentation-only,-0.27887771001295875,-1.0160982939975998,0.7372205839846411,0
Common female-male cells,Industry (ISIC-2),AGO,Angola,Lower middle income,Overall exposure,0.7480679363799341,1.3707982588602725,-0.6227303224803381,-3.3306690738754696e-16
Common female-male cells,Industry (ISIC-2),AGO,Angola,Lower middle income,Substitution-only,1.1353780642364466,2.5432832086962414,-1.4079051444597954,6.661338147750939e-16
Common female-male cells,Industry (ISIC-2),ARE,United Arab Emirates,High income,Augmentation-only,-0.9967474332410146,-0.4805987156405449,-0.5161487176004692,-4.440892098500626e-16
Common female-male cells,Industry (ISIC-2),ARE,United Arab Emirates,High income,Overall exposure,-1.8354535710170485,-1.3665713965047501,-0.4688821745122863,-1.2101430968414206e-14
Common female-male cells,Industry (ISIC-2),ARE,United Arab Emirates,High income,Substitution-only,-4.357692732069434,-3.458616881878507,-0.899075850190925,-1.887379141862766e-15
Common female-male cells,Industry (ISIC-2),ARG,Argentina,Upper middle income,Augmentation-only,-1.1309471825894293,-0.7746961272050854,-0.3562510553843433,-5.551115123125783e-16
Common female-male cells,Industry (ISIC-2),ARG,Argentina,Upper middle income,Overall exposure,-1.186734232726427,-2.064917852534154,0.8781836198077287,-1.887379141862766e-15
Common female-male cells,Industry (ISIC-2),ARG,Argentina,Upper middle income,Substitution-only,-1.3083847564669995,-1.8061489203205199,0.4977641638535206,-2.220446049250313e-16
Common female-male cells,Industry (ISIC-2),AUS,Australia,High income,Augmentation-only,-1.5697481984081834,-1.040725285055497,-0.5290229133526863,0
Common female-male cells,Industry (ISIC-2),AUS,Australia,High income,Overall exposure,-5.457117197821372,-3.246591728693353,-2.2105254691280263,7.549516567451064e-15
Common female-male cells,Industry (ISIC-2),AUS,Australia,High income,Substitution-only,-3.1411047533723786,-1.8464834906003464,-1.2946212627720348,2.6645352591003757e-15
Common female-male cells,Industry (ISIC-2),AUT,Austria,High income,Augmentation-only,-1.3883099101201484,-0.6622290168856316,-0.726080893234517,2.220446049250313e-16
Common female-male cells,Industry (ISIC-2),AUT,Austria,High income,Overall exposure,-4.92421728067336,-2.839739942920696,-2.084477337752655,-8.881784197001252e-15
Common female-male cells,Industry (ISIC-2),AUT,Austria,High income,Substitution-only,-2.013698795267161,-2.1033636029128164,0.08966480764565694,-1.2906342661267445e-15
Common female-male cells,Industry (ISIC-2),BEL,Belgium,High income,Augmentation-only,-0.48240545858950895,-0.6942871431071388,0.21188168451763087,-1.0269562977782698e-15
Common female-male cells,Industry (ISIC-2),BEL,Belgium,High income,Overall exposure,-7.7022539702778925,-5.774646617573167,-1.9276073527047248,-2.220446049250313e-16
Common female-male cells,Industry (ISIC-2),BEL,Belgium,High income,Substitution-only,-5.062670987118792,-4.1878776434562095,-0.8747933436625835,1.2212453270876722e-15
Common female-male cells,Industry (ISIC-2),BFA,Burkina Faso,Low income,Augmentation-only,-1.2594675936243707,-1.7925838596396693,0.5331162660152986,0
Common female-male cells,Industry (ISIC-2),BFA,Burkina Faso,Low income,Overall exposure,2.6431186950832783,4.156880575170764,-1.5137618800874848,-4.440892098500626e-16
Common female-male cells,Industry (ISIC-2),BFA,Burkina Faso,Low income,Substitution-only,3.3933615899366516,6.595088237009077,-3.2017266470724244,-8.881784197001252e-16
Common female-male cells,Industry (ISIC-2),BGD,Bangladesh,Lower middle income,Augmentation-only,0.31679500415130135,0.19179787115192587,0.12499713299937507,4.163336342344337e-16
Common female-male cells,Industry (ISIC-2),BGD,Bangladesh,Lower middle income,Overall exposure,-6.7081883465874395,-2.8408912762079197,-3.8672970703795224,2.6645352591003757e-15
Common female-male cells,Industry (ISIC-2),BGD,Bangladesh,Lower middle income,Substitution-only,-2.4810610176888135,-3.8662016138941855,1.3851405962053722,-2.220446049250313e-16
Common female-male cells,Industry (ISIC-2),BGR,Bulgaria,High income,Augmentation-only,-1.1557234052729775,-1.0174587796635877,-0.13826462560938974,-5.551115123125783e-17
Common female-male cells,Industry (ISIC-2),BGR,Bulgaria,High income,Overall exposure,0.6896127055263891,1.0962672986603232,-0.40665459313393093,-3.219646771412954e-15
Common female-male cells,Industry (ISIC-2),BGR,Bulgaria,High income,Substitution-only,1.710228055827749,1.9956813776805213,-0.2854533218527721,-2.7755575615628914e-16
Common female-male cells,Industry (ISIC-2),BLR,Belarus,Upper middle income,Augmentation-only,-1.4814175156180767,-1.024626860932515,-0.456790654685563,1.4432899320127035e-15
Common female-male cells,Industry (ISIC-2),BLR,Belarus,Upper middle income,Overall exposure,-2.5295348639250594,-0.8334654500266846,-1.696069413898378,3.3306690738754696e-15
Common female-male cells,Industry (ISIC-2),BLR,Belarus,Upper middle income,Substitution-only,-1.8994459539985031,-0.31556908281869706,-1.583876871179802,-4.218847493575595e-15
Common female-male cells,Industry (ISIC-2),BOL,Bolivia,Lower middle income,Augmentation-only,-0.9936070857843808,-1.1874144642859448,0.1938073785015631,8.326672684688674e-16
Common female-male cells,Industry (ISIC-2),BOL,Bolivia,Lower middle income,Overall exposure,0.04440942373045449,0.8638141775048024,-0.8194047537743465,-1.3322676295501878e-15
Common female-male cells,Industry (ISIC-2),BOL,Bolivia,Lower middle income,Substitution-only,1.6729154378787494,2.1619702265239282,-0.4890547886451779,-9.43689570931383e-16
Common female-male cells,Industry (ISIC-2),BRA,Brazil,Upper middle income,Augmentation-only,-1.0423477182299146,-0.7762370861681798,-0.26611063206173546,6.661338147750939e-16
Common female-male cells,Industry (ISIC-2),BRA,Brazil,Upper middle income,Overall exposure,-2.078223033907089,-2.5691845644052163,0.49096153049813973,-1.2545520178264269e-14
Common female-male cells,Industry (ISIC-2),BRA,Brazil,Upper middle income,Substitution-only,-1.852406467357071,-1.5997978987955925,-0.2526085685614801,1.609823385706477e-15
Common female-male cells,Industry (ISIC-2),CHE,Switzerland,High income,Augmentation-only,-0.42480728656666134,-0.7194978497696974,0.29469056320303616,-5.551115123125783e-17
Common female-male cells,Industry (ISIC-2),CHE,Switzerland,High income,Overall exposure,-6.769760882889195,-4.908843859847054,-1.8609170230421446,3.3306690738754696e-15
Common female-male cells,Industry (ISIC-2),CHE,Switzerland,High income,Substitution-only,-3.46182514335107,-2.4381369793493137,-1.0236881640017637,7.549516567451064e-15
Common female-male cells,Industry (ISIC-2),CHL,Chile,High income,Augmentation-only,-2.816990680862346,-1.274032830730444,-1.5429578501319032,1.1102230246251565e-15
Common female-male cells,Industry (ISIC-2),CHL,Chile,High income,Overall exposure,-2.958603794312595,-0.8435426847704415,-2.115061109542155,1.7763568394002505e-15
Common female-male cells,Industry (ISIC-2),CHL,Chile,High income,Substitution-only,0.35289691175200244,-0.07644896212070484,0.4293458738727072,1.1102230246251565e-16
Common female-male cells,Industry (ISIC-2),COL,Colombia,Upper middle income,Augmentation-only,-0.8308185275030594,-0.9619819367320199,0.13116340922896047,5.551115123125783e-17
Common female-male cells,Industry (ISIC-2),COL,Colombia,Upper middle income,Overall exposure,-1.0024732044188245,-1.394231577002714,0.39175837258388724,2.3314683517128287e-15
Common female-male cells,Industry (ISIC-2),COL,Colombia,Upper middle income,Substitution-only,1.2125312212754729,0.3273132985963986,0.8852179226790737,4.440892098500626e-16
Common female-male cells,Industry (ISIC-2),CRI,Costa Rica,High income,Augmentation-only,-0.6124052834903674,-0.6958017304252447,0.08339644693487716,1.942890293094024e-16
Common female-male cells,Industry (ISIC-2),CRI,Costa Rica,High income,Overall exposure,-2.1790710750826072,-2.96070278849337,0.7816317134107631,-2.220446049250313e-16
Common female-male cells,Industry (ISIC-2),CRI,Costa Rica,High income,Substitution-only,-0.50044348939042,-1.5402300589642755,1.0397865695738535,1.9984014443252818e-15
Common female-male cells,Industry (ISIC-2),CZE,Czechia,High income,Augmentation-only,-0.9085300672210915,-0.8441005844289127,-0.06442948279217829,-5.689893001203927e-16
Common female-male cells,Industry (ISIC-2),CZE,Czechia,High income,Overall exposure,-2.701883792450948,-2.214445758439999,-0.4874380340109496,3.885780586188048e-16
Common female-male cells,Industry (ISIC-2),CZE,Czechia,High income,Substitution-only,-2.5022170781652067,-1.232584407090524,-1.269632671074679,-3.552713678800501e-15
Common female-male cells,Industry (ISIC-2),DEU,Germany,High income,Augmentation-only,-0.5556818597763278,-0.5125354551725212,-0.043146404603806324,-2.636779683484747e-16
Common female-male cells,Industry (ISIC-2),DEU,Germany,High income,Overall exposure,-8.02613794952664,-4.5838801828829085,-3.4422577666437384,6.217248937900877e-15
Common female-male cells,Industry (ISIC-2),DEU,Germany,High income,Substitution-only,-5.040257156664477,-3.421864426829725,-1.6183927298347485,-3.774758283725532e-15
Common female-male cells,Industry (ISIC-2),DNK,Denmark,High income,Augmentation-only,-0.03883917712081333,-0.599711040436382,0.5608718633155685,2.220446049250313e-16
Common female-male cells,Industry (ISIC-2),DNK,Denmark,High income,Overall exposure,-9.579298654246346,-7.2463399248527764,-2.3329587293935607,-8.43769498715119e-15
Common female-male cells,Industry (ISIC-2),DNK,Denmark,High income,Substitution-only,-5.3288266327504195,-4.315630623697378,-1.0131960090530416,0
Common female-male cells,Industry (ISIC-2),DOM,Dominican Republic,Upper middle income,Augmentation-only,-1.7156061649332732,-0.7478971184768887,-0.9677090464563851,5.551115123125783e-16
Common female-male cells,Industry (ISIC-2),DOM,Dominican Republic,Upper middle income,Overall exposure,0.8855339229637864,-0.09851600081057299,0.984049923774358,1.4432899320127035e-15
Common female-male cells,Industry (ISIC-2),DOM,Dominican Republic,Upper middle income,Substitution-only,3.8108900039057803,1.2423762518275279,2.568513752078253,-4.440892098500626e-16
Common female-male cells,Industry (ISIC-2),ECU,Ecuador,Upper middle income,Augmentation-only,-1.8491952178297153,-0.8078640502662632,-1.041331167563452,0
Common female-male cells,Industry (ISIC-2),ECU,Ecuador,Upper middle income,Overall exposure,-0.3881197336835507,-0.00574650915854887,-0.38237322452500166,-1.6653345369377348e-16
Common female-male cells,Industry (ISIC-2),ECU,Ecuador,Upper middle income,Substitution-only,1.9702396658990624,0.882698613214391,1.0875410526846712,2.220446049250313e-16
Common female-male cells,Industry (ISIC-2),EGY,"Egypt, Arab Rep.",Lower middle income,Augmentation-only,-1.1310142797459612,-0.3184356915167111,-0.8125785882292497,-5.551115123125783e-16
Common female-male cells,Industry (ISIC-2),EGY,"Egypt, Arab Rep.",Lower middle income,Overall exposure,0.6056020708081639,-0.5891031923070992,1.19470526311527,-6.8833827526759706e-15
Common female-male cells,Industry (ISIC-2),EGY,"Egypt, Arab Rep.",Lower middle income,Substitution-only,-1.3269634422835979,-2.712408091118071,1.3854446488344707,2.220446049250313e-15
Common female-male cells,Industry (ISIC-2),ESP,Spain,High income,Augmentation-only,-0.263699380640309,-0.6627902407549056,0.3990908601145973,-7.771561172376096e-16
Common female-male cells,Industry (ISIC-2),ESP,Spain,High income,Overall exposure,-3.746917968182804,-3.266807480032446,-0.48011048815035545,-2.7200464103316335e-15
Common female-male cells,Industry (ISIC-2),ESP,Spain,High income,Substitution-only,-2.4886281780448067,-2.109504429889824,-0.3791237481549782,-4.551914400963142e-15
Common female-male cells,Industry (ISIC-2),FIN,Finland,High income,Augmentation-only,-1.4328395022146558,-0.8681690212306035,-0.5646704809840535,1.1102230246251565e-15
Common female-male cells,Industry (ISIC-2),FIN,Finland,High income,Overall exposure,-11.378092549853452,-8.241754818663162,-3.1363377311902934,3.552713678800501e-15
Common female-male cells,Industry (ISIC-2),FIN,Finland,High income,Substitution-only,-5.374551459909405,-4.419460703297671,-0.9550907566117326,-1.7763568394002505e-15
Common female-male cells,Industry (ISIC-2),FRA,France,High income,Augmentation-only,-0.4997397770333331,-0.5681608983316428,0.06842112129830924,4.996003610813204e-16
Common female-male cells,Industry (ISIC-2),FRA,France,High income,Overall exposure,-5.112047171122827,-3.8755478420983493,-1.23649932902449,1.2656542480726785e-14
Common female-male cells,Industry (ISIC-2),FRA,France,High income,Substitution-only,-3.949276606098732,-2.7625880350063725,-1.1866885710923616,2.220446049250313e-15
Common female-male cells,Industry (ISIC-2),GBR,United Kingdom,High income,Augmentation-only,-0.23567404329226382,-0.7968655870693239,0.5611915437770594,6.661338147750939e-16
Common female-male cells,Industry (ISIC-2),GBR,United Kingdom,High income,Overall exposure,-6.1417990494955195,-5.417384595633352,-0.724414453862178,1.021405182655144e-14
Common female-male cells,Industry (ISIC-2),GBR,United Kingdom,High income,Substitution-only,-3.9289370741399763,-2.981228880422823,-0.9477081937171532,-2.220446049250313e-16
Common female-male cells,Industry (ISIC-2),GRC,Greece,High income,Augmentation-only,-1.0115202328429116,-0.5695804679979377,-0.4419397648449727,-1.1657341758564144e-15
Common female-male cells,Industry (ISIC-2),GRC,Greece,High income,Overall exposure,-1.9255635922646772,-1.650095016328347,-0.27546857593633234,2.1094237467877974e-15
Common female-male cells,Industry (ISIC-2),GRC,Greece,High income,Substitution-only,-0.46707514088520075,-1.2644446303414447,0.7973694894562438,2.220446049250313e-16
Common female-male cells,Industry (ISIC-2),GTM,Guatemala,Upper middle income,Augmentation-only,-0.9084946628347581,-1.033888160766049,0.12539349793129134,-3.885780586188048e-16
Common female-male cells,Industry (ISIC-2),GTM,Guatemala,Upper middle income,Overall exposure,4.506387972451991,2.5499957177030437,1.9563922547489456,1.7763568394002505e-15
Common female-male cells,Industry (ISIC-2),GTM,Guatemala,Upper middle income,Substitution-only,2.5532480828584543,4.11898444890843,-1.5657363660499775,1.9984014443252818e-15
Common female-male cells,Industry (ISIC-2),HND,Honduras,Lower middle income,Augmentation-only,0.1628574069102367,-0.9061881460050817,1.0690455529153173,1.1102230246251565e-15
Common female-male cells,Industry (ISIC-2),HND,Honduras,Lower middle income,Overall exposure,6.86890234126738,2.762152755484188,4.106749585783192,-8.881784197001252e-16
Common female-male cells,Industry (ISIC-2),HND,Honduras,Lower middle income,Substitution-only,5.519176551157706,4.309255972178051,1.2099205789796557,-8.881784197001252e-16
Common female-male cells,Industry (ISIC-2),HRV,Croatia,High income,Augmentation-only,-1.5242051145142412,-0.9126569496451661,-0.6115481648690737,-1.4432899320127035e-15
Common female-male cells,Industry (ISIC-2),HRV,Croatia,High income,Overall exposure,-0.24068004537819387,-0.5802315672958354,0.33955152191764826,-6.772360450213455e-15
Common female-male cells,Industry (ISIC-2),HRV,Croatia,High income,Substitution-only,0.383450918061666,-0.3833403139626106,0.7667912320242751,1.4432899320127035e-15
Common female-male cells,Industry (ISIC-2),HUN,Hungary,High income,Augmentation-only,-0.7329397639513928,-0.6588686124307321,-0.07407115152066128,5.967448757360216e-16
Common female-male cells,Industry (ISIC-2),HUN,Hungary,High income,Overall exposure,-2.166831711576526,-0.7476561700910017,-1.4191755414855198,-4.218847493575595e-15
Common female-male cells,Industry (ISIC-2),HUN,Hungary,High income,Substitution-only,-2.128959279725814,-0.9955418560817164,-1.1334174236440977,0
Common female-male cells,Industry (ISIC-2),IDN,Indonesia,Upper middle income,Augmentation-only,-1.0296204082838936,-0.990284532595272,-0.03933587568862114,-3.7470027081099033e-16
Common female-male cells,Industry (ISIC-2),IDN,Indonesia,Upper middle income,Overall exposure,2.0169993939259765,1.284694943217866,0.7323044507081111,-6.661338147750939e-16
Common female-male cells,Industry (ISIC-2),IDN,Indonesia,Upper middle income,Substitution-only,2.2820521680191312,2.1736908883492907,0.10836127966984055,0
Common female-male cells,Industry (ISIC-2),IND,India,Lower middle income,Augmentation-only,0.5495044971988332,-0.33343112419713555,0.8829356213959689,-2.220446049250313e-16
Common female-male cells,Industry (ISIC-2),IND,India,Lower middle income,Overall exposure,-0.8577445207604001,0.6671245583289986,-1.5248690790894004,1.5543122344752192e-15
Common female-male cells,Industry (ISIC-2),IND,India,Lower middle income,Substitution-only,0.8800880915637552,0.6368289946829351,0.24325909688082187,-1.7208456881689926e-15
Common female-male cells,Industry (ISIC-2),IRL,Ireland,High income,Augmentation-only,-0.8260525265314812,-0.7728523028330343,-0.05320022369844692,2.0816681711721685e-17
Common female-male cells,Industry (ISIC-2),IRL,Ireland,High income,Overall exposure,-5.70903599691571,-4.349212468684521,-1.3598235282311926,3.552713678800501e-15
Common female-male cells,Industry (ISIC-2),IRL,Ireland,High income,Substitution-only,-3.223604313376876,-2.1905708933796273,-1.0330334199972502,1.5543122344752192e-15
Common female-male cells,Industry (ISIC-2),IRN,"Iran, Islamic Rep.",Upper middle income,Augmentation-only,0.1746569855079142,-0.5694206590516848,0.7440776445595991,-1.1102230246251565e-16
Common female-male cells,Industry (ISIC-2),IRN,"Iran, Islamic Rep.",Upper middle income,Overall exposure,0.22925891840822363,-0.2710398116320506,0.5002987300402706,3.6637359812630166e-15
Common female-male cells,Industry (ISIC-2),IRN,"Iran, Islamic Rep.",Upper middle income,Substitution-only,0.3565718652156526,-0.20957209618360878,0.5661439613992619,-5.551115123125783e-16
Common female-male cells,Industry (ISIC-2),ISR,Israel,High income,Augmentation-only,0.0448966066435911,-0.7475998383951735,0.7924964450387647,-1.1102230246251565e-16
Common female-male cells,Industry (ISIC-2),ISR,Israel,High income,Overall exposure,-5.249711175190195,-5.735308395508207,0.4855972203179991,1.2989609388114332e-14
Common female-male cells,Industry (ISIC-2),ISR,Israel,High income,Substitution-only,-4.129057616505313,-3.760259789530095,-0.3687978269752148,-3.1086244689504383e-15
Common female-male cells,Industry (ISIC-2),ITA,Italy,High income,Augmentation-only,-0.7501729201212881,-0.6741996849332816,-0.07597323518800617,-3.0531133177191805e-16
Common female-male cells,Industry (ISIC-2),ITA,Italy,High income,Overall exposure,-3.960293375880853,-3.2508382781108027,-0.7094550977700543,3.885780586188048e-15
Common female-male cells,Industry (ISIC-2),ITA,Italy,High income,Substitution-only,-3.051716361110217,-2.630511291984063,-0.4212050691261546,3.885780586188048e-16
Common female-male cells,Industry (ISIC-2),JOR,Jordan,Lower middle income,Augmentation-only,-0.5811842923502182,-0.4209497989570363,-0.16023449339318185,0
Common female-male cells,Industry (ISIC-2),JOR,Jordan,Lower middle income,Overall exposure,-2.6637593262887105,-3.5320506996514407,0.8682913733627379,-7.66053886991358e-15
Common female-male cells,Industry (ISIC-2),JOR,Jordan,Lower middle income,Substitution-only,-2.985814369287854,-3.455340524396217,0.46952615510836065,2.4980018054066022e-15
Common female-male cells,Industry (ISIC-2),JPN,Japan,High income,Augmentation-only,-1.0291335977115499,-0.60007347010818,-0.4290601276033702,3.3306690738754696e-16
Common female-male cells,Industry (ISIC-2),JPN,Japan,High income,Overall exposure,-6.577737605586869,-5.487170008542171,-1.0905675970446917,-5.551115123125783e-15
Common female-male cells,Industry (ISIC-2),JPN,Japan,High income,Substitution-only,-3.1006436894296114,-2.826009595032729,-0.27463409439688163,-9.43689570931383e-16
Common female-male cells,Industry (ISIC-2),KEN,Kenya,Lower middle income,Augmentation-only,0.6649717940429863,-0.6108260891453228,1.2757978831883088,2.220446049250313e-16
Common female-male cells,Industry (ISIC-2),KEN,Kenya,Lower middle income,Overall exposure,3.798567756142212,1.3125736877485246,2.4859940683936883,-4.440892098500626e-16
Common female-male cells,Industry (ISIC-2),KEN,Kenya,Lower middle income,Substitution-only,1.2244329031325807,1.4660894560313757,-0.24165655289879506,0
Common female-male cells,Industry (ISIC-2),KGZ,Kyrgyz Republic,Lower middle income,Augmentation-only,-0.84957619503537,-1.025631673713244,0.17605547867787377,3.0531133177191805e-16
Common female-male cells,Industry (ISIC-2),KGZ,Kyrgyz Republic,Lower middle income,Overall exposure,2.6748833259775298,0.6215902734052883,2.0532930525722457,-3.9968028886505635e-15
Common female-male cells,Industry (ISIC-2),KGZ,Kyrgyz Republic,Lower middle income,Substitution-only,1.7048139822125676,0.947671462970316,0.7571425192422518,-2.220446049250313e-16
Common female-male cells,Industry (ISIC-2),KHM,Cambodia,Lower middle income,Augmentation-only,-0.3077895693158604,-0.7623957115245436,0.45460614220868295,2.220446049250313e-16
Common female-male cells,Industry (ISIC-2),KHM,Cambodia,Lower middle income,Overall exposure,4.056885614923401,4.969424345513603,-0.9125387305901974,-3.885780586188048e-15
Common female-male cells,Industry (ISIC-2),KHM,Cambodia,Lower middle income,Substitution-only,3.8851245425314924,5.588812530823378,-1.7036879882918867,1.1102230246251565e-15
Common female-male cells,Industry (ISIC-2),KOR,"Korea, Rep.",High income,Augmentation-only,-0.9664458492333196,-0.7575822486340015,-0.2088636005993178,-2.7755575615628914e-16
Common female-male cells,Industry (ISIC-2),KOR,"Korea, Rep.",High income,Overall exposure,-4.13483762197723,-4.905635860591312,0.7707982386140795,2.886579864025407e-15
Common female-male cells,Industry (ISIC-2),KOR,"Korea, Rep.",High income,Substitution-only,-2.8320995006226606,-3.128530212808024,0.29643071218536177,1.7763568394002505e-15
Common female-male cells,Industry (ISIC-2),LKA,Sri Lanka,Lower middle income,Augmentation-only,-0.5771251970200172,-0.5573494112163984,-0.019775785803618304,-5.238864897449957e-16
Common female-male cells,Industry (ISIC-2),LKA,Sri Lanka,Lower middle income,Overall exposure,4.055392472558978,1.215302768986363,2.8400897035726134,1.7763568394002505e-15
Common female-male cells,Industry (ISIC-2),LKA,Sri Lanka,Lower middle income,Substitution-only,3.6723507691633586,2.314257056788736,1.3580937123746246,-1.9984014443252818e-15
Common female-male cells,Industry (ISIC-2),MDG,Madagascar,Low income,Augmentation-only,-0.035683027876502356,-0.5733727898169869,0.5376897619404847,-1.1102230246251565e-16
Common female-male cells,Industry (ISIC-2),MDG,Madagascar,Low income,Overall exposure,1.2817416044630285,0.8916227873707433,0.3901188170922857,-4.440892098500626e-16
Common female-male cells,Industry (ISIC-2),MDG,Madagascar,Low income,Substitution-only,1.3827239821245985,1.6417267253040029,-0.2590027431794048,3.885780586188048e-16
Common female-male cells,Industry (ISIC-2),MEX,Mexico,Upper middle income,Augmentation-only,-1.034134587549937,-0.8607511871953258,-0.17338340035461153,3.3306690738754696e-16
Common female-male cells,Industry (ISIC-2),MEX,Mexico,Upper middle income,Overall exposure,0.6619485978457601,-0.4587211801836097,1.120669778029367,2.6645352591003757e-15
Common female-male cells,Industry (ISIC-2),MEX,Mexico,Upper middle income,Substitution-only,0.7791612012674483,0.7584155701613278,0.020745631106119454,1.033895191682177e-15
Common female-male cells,Industry (ISIC-2),MMR,Myanmar,Lower middle income,Augmentation-only,-0.09262533905625873,-0.8645032193188831,0.7718778802626243,1.1102230246251565e-16
Common female-male cells,Industry (ISIC-2),MMR,Myanmar,Lower middle income,Overall exposure,4.359530317024176,3.585446252510068,0.7740840645141085,-4.440892098500626e-16
Common female-male cells,Industry (ISIC-2),MMR,Myanmar,Lower middle income,Substitution-only,3.482150144809394,4.087782994781979,-0.6056328499725854,2.220446049250313e-16
Common female-male cells,Industry (ISIC-2),MWI,Malawi,Low income,Augmentation-only,0.054487309319445884,-0.23386702477247182,0.2883543340919177,0
Common female-male cells,Industry (ISIC-2),MWI,Malawi,Low income,Overall exposure,-0.5271610806473475,0.7302239033040542,-1.2573849839514013,-4.440892098500626e-16
Common female-male cells,Industry (ISIC-2),MWI,Malawi,Low income,Substitution-only,-0.08849669913474933,0.8134600332306203,-0.9019567323653701,4.440892098500626e-16
Common female-male cells,Industry (ISIC-2),NGA,Nigeria,Lower middle income,Augmentation-only,-0.5192349400022358,-0.8437191373751473,0.32448419737291123,2.220446049250313e-16
Common female-male cells,Industry (ISIC-2),NGA,Nigeria,Lower middle income,Overall exposure,2.959450040622658,2.5785443436245776,0.3809056969980842,-3.774758283725532e-15
Common female-male cells,Industry (ISIC-2),NGA,Nigeria,Lower middle income,Substitution-only,2.710646746411973,4.269050549341628,-1.5584038029296565,1.1102230246251565e-15
Common female-male cells,Industry (ISIC-2),NLD,Netherlands,High income,Augmentation-only,-0.8784141604236689,-0.7270197612987847,-0.15139439912488498,6.938893903907228e-16
Common female-male cells,Industry (ISIC-2),NLD,Netherlands,High income,Overall exposure,-10.49178922137578,-8.435368282608993,-2.0564209387667858,-2.220446049250313e-15
Common female-male cells,Industry (ISIC-2),NLD,Netherlands,High income,Substitution-only,-5.238335909138625,-4.530582792007404,-0.7077531171312195,-1.1102230246251565e-15
Common female-male cells,Industry (ISIC-2),PAK,Pakistan,Lower middle income,Augmentation-only,1.2357089941732629,-0.10826356275024368,1.3439725569235066,0
Common female-male cells,Industry (ISIC-2),PAK,Pakistan,Lower middle income,Overall exposure,-0.5690775210009323,-2.3424624052723853,1.7733848842714555,-2.4424906541753444e-15
Common female-male cells,Industry (ISIC-2),PAK,Pakistan,Lower middle income,Substitution-only,-2.163634328997362,-2.3726580966091966,0.20902376761183317,1.5543122344752192e-15
Common female-male cells,Industry (ISIC-2),PER,Peru,Upper middle income,Augmentation-only,-1.247432109595595,-1.047659337199509,-0.19977277239608537,-4.440892098500626e-16
Common female-male cells,Industry (ISIC-2),PER,Peru,Upper middle income,Overall exposure,1.4961693694023175,0.5482467906972053,0.9479225787051115,6.661338147750939e-16
Common female-male cells,Industry (ISIC-2),PER,Peru,Upper middle income,Substitution-only,1.434430202865074,1.5874027597996958,-0.1529725569346224,5.273559366969494e-16
Common female-male cells,Industry (ISIC-2),PHL,Philippines,Lower middle income,Augmentation-only,-0.922788286418071,-1.1129038146733539,0.19011552825528194,9.43689570931383e-16
Common female-male cells,Industry (ISIC-2),PHL,Philippines,Lower middle income,Overall exposure,6.470930535634,4.207556922503036,2.2633736131309665,-2.220446049250313e-15
Common female-male cells,Industry (ISIC-2),PHL,Philippines,Lower middle income,Substitution-only,3.2121280810780206,3.655387166396363,-0.44325908531834174,-7.216449660063518e-16
Common female-male cells,Industry (ISIC-2),POL,Poland,High income,Augmentation-only,-0.9351788434251892,-0.855288963796782,-0.07988987962840687,-3.469446951953614e-16
Common female-male cells,Industry (ISIC-2),POL,Poland,High income,Overall exposure,-1.935105602605278,-0.8402511372869618,-1.0948544653183134,-2.6645352591003757e-15
Common female-male cells,Industry (ISIC-2),POL,Poland,High income,Substitution-only,-2.182090546430939,-0.962237968278876,-1.2198525781520662,3.3306690738754696e-15
Common female-male cells,Industry (ISIC-2),PRT,Portugal,High income,Augmentation-only,-0.33428393572670095,-0.7564324908442064,0.422148555117505,4.440892098500626e-16
Common female-male cells,Industry (ISIC-2),PRT,Portugal,High income,Overall exposure,-4.389628170435979,-2.9485817920063115,-1.4410463784296605,-7.105427357601002e-15
Common female-male cells,Industry (ISIC-2),PRT,Portugal,High income,Substitution-only,-2.710859414287569,-1.256397883822022,-1.4544615304655486,1.7763568394002505e-15
Common female-male cells,Industry (ISIC-2),ROU,Romania,High income,Augmentation-only,-0.8837061624577066,-0.9681305816125156,0.08442441915480878,2.498001805406602e-16
Common female-male cells,Industry (ISIC-2),ROU,Romania,High income,Overall exposure,5.216739342882368,3.1888280747699156,2.0279112681124505,2.220446049250313e-15
Common female-male cells,Industry (ISIC-2),ROU,Romania,High income,Substitution-only,2.9817035782770667,3.3427469860905386,-0.3610434078134704,-1.4988010832439613e-15
Common female-male cells,Industry (ISIC-2),RWA,Rwanda,Low income,Augmentation-only,-0.22469848710343163,-0.8287363386395042,0.6040378515360726,0
Common female-male cells,Industry (ISIC-2),RWA,Rwanda,Low income,Overall exposure,-0.35198408955419935,1.5324368497735072,-1.884420939327709,2.220446049250313e-15
Common female-male cells,Industry (ISIC-2),RWA,Rwanda,Low income,Substitution-only,-0.5917010989524963,1.8495877170697064,-2.4412888160222046,1.7763568394002505e-15
Common female-male cells,Industry (ISIC-2),SEN,Senegal,Lower middle income,Augmentation-only,-1.0842697800212011,-0.6604951563944074,-0.42377462362679397,2.220446049250313e-16
Common female-male cells,Industry (ISIC-2),SEN,Senegal,Lower middle income,Overall exposure,1.8084084471220119,3.2042313430183533,-1.3958228958963417,2.220446049250313e-16
Common female-male cells,Industry (ISIC-2),SEN,Senegal,Lower middle income,Substitution-only,1.6453460627519927,3.3684545319385237,-1.723108469186532,8.881784197001252e-16
Common female-male cells,Industry (ISIC-2),SGP,Singapore,High income,Augmentation-only,-0.48959572447825317,-0.5328902076582135,0.04329448317996083,-5.134781488891349e-16
Common female-male cells,Industry (ISIC-2),SGP,Singapore,High income,Overall exposure,-3.4977713819922336,-2.986208577275728,-0.5115628047165035,-1.9984014443252818e-15
Common female-male cells,Industry (ISIC-2),SGP,Singapore,High income,Substitution-only,-1.8637600819258728,-1.3741287447987687,-0.4896313371271037,-4.440892098500626e-16
Common female-male cells,Industry (ISIC-2),SLV,El Salvador,Upper middle income,Augmentation-only,-1.399618034218701,-1.0182274480618652,-0.3813905861568346,-1.27675647831893e-15
Common female-male cells,Industry (ISIC-2),SLV,El Salvador,Upper middle income,Overall exposure,5.945988586035695,2.0987321655105164,3.8472564205251767,2.220446049250313e-15
Common female-male cells,Industry (ISIC-2),SLV,El Salvador,Upper middle income,Substitution-only,5.1770758613174,3.5558872220764153,1.6211886392409838,8.881784197001252e-16
Common female-male cells,Industry (ISIC-2),SRB,Serbia,Upper middle income,Augmentation-only,-1.271757483027919,-0.8270787163883486,-0.44467876663957134,9.43689570931383e-16
Common female-male cells,Industry (ISIC-2),SRB,Serbia,Upper middle income,Overall exposure,-0.6737500665914475,-0.5326012438174689,-0.14114882277398152,2.858824288409778e-15
Common female-male cells,Industry (ISIC-2),SRB,Serbia,Upper middle income,Substitution-only,0.3544217503027568,-0.1817518001822221,0.5361735504849782,7.771561172376096e-16
Common female-male cells,Industry (ISIC-2),SVK,Slovak Republic,High income,Augmentation-only,-0.8369616659362247,-0.9329322275106056,0.09597056157438125,-3.608224830031759e-16
Common female-male cells,Industry (ISIC-2),SVK,Slovak Republic,High income,Overall exposure,-0.616989262222309,-0.2564382002371183,-0.3605510619851866,-4.107825191113079e-15
Common female-male cells,Industry (ISIC-2),SVK,Slovak Republic,High income,Substitution-only,-0.4247652956841421,-0.32406835081244384,-0.10069694487169473,-3.552713678800501e-15
Common female-male cells,Industry (ISIC-2),SWE,Sweden,High income,Augmentation-only,-0.6304123961793566,-0.7582132387393754,0.1278008425600183,4.718447854656915e-16
Common female-male cells,Industry (ISIC-2),SWE,Sweden,High income,Overall exposure,-7.648805573249317,-6.1622472231093495,-1.486558350139962,-5.3290705182007514e-15
Common female-male cells,Industry (ISIC-2),SWE,Sweden,High income,Substitution-only,-4.6213914027744485,-3.366749241261609,-1.254642161512841,1.3322676295501878e-15
Common female-male cells,Industry (ISIC-2),THA,Thailand,Upper middle income,Augmentation-only,-0.46771844358163805,-0.47417014334550883,0.006451699763871034,-2.5673907444456745e-16
Common female-male cells,Industry (ISIC-2),THA,Thailand,Upper middle income,Overall exposure,2.1434557143255306,1.0211600420287885,1.12229567229674,1.9984014443252818e-15
Common female-male cells,Industry (ISIC-2),THA,Thailand,Upper middle income,Substitution-only,1.7837587637256629,1.3883849024506523,0.3953738612750099,7.216449660063518e-16
Common female-male cells,Industry (ISIC-2),TUN,Tunisia,Lower middle income,Augmentation-only,-0.37980796866423194,-0.8309549968572649,0.45114702819303326,-2.7755575615628914e-16
Common female-male cells,Industry (ISIC-2),TUN,Tunisia,Lower middle income,Overall exposure,7.031226077602552,2.751523137708091,4.279702939894457,4.440892098500626e-15
Common female-male cells,Industry (ISIC-2),TUN,Tunisia,Lower middle income,Substitution-only,4.5758123595070614,3.532074309127186,1.043738050379876,-4.440892098500626e-16
Common female-male cells,Industry (ISIC-2),TUR,Turkiye,Upper middle income,Augmentation-only,-0.4281624348660798,-0.42925298225646336,0.0010905473903832013,3.5475095083725705e-16
Common female-male cells,Industry (ISIC-2),TUR,Turkiye,Upper middle income,Overall exposure,-2.7902738603783503,-2.3210199708925257,-0.4692538894858245,-1.6653345369377348e-16
Common female-male cells,Industry (ISIC-2),TUR,Turkiye,Upper middle income,Substitution-only,-1.8806075121821144,-1.748095832258574,-0.13251167992354512,4.718447854656915e-15
Common female-male cells,Industry (ISIC-2),TZA,Tanzania,Lower middle income,Augmentation-only,-0.13873736167622785,-0.5034161272758975,0.36467876559966944,1.6653345369377348e-16
Common female-male cells,Industry (ISIC-2),TZA,Tanzania,Lower middle income,Overall exposure,-0.1859516490662748,0.8351180267540816,-1.0210696758203555,-8.881784197001252e-16
Common female-male cells,Industry (ISIC-2),TZA,Tanzania,Lower middle income,Substitution-only,0.5744436849648937,1.0905455149938366,-0.5161018300289425,-3.3306690738754696e-16
Common female-male cells,Industry (ISIC-2),UKR,Ukraine,Upper middle income,Augmentation-only,-1.3296301514335693,-1.1058045767545874,-0.22382557467898254,6.38378239159465e-16
Common female-male cells,Industry (ISIC-2),UKR,Ukraine,Upper middle income,Overall exposure,0.06710248694013406,-0.31625412238753126,0.38335660932766347,1.8318679906315083e-15
Common female-male cells,Industry (ISIC-2),UKR,Ukraine,Upper middle income,Substitution-only,0.48631701116887927,0.18829477336666267,0.2980222378022169,-3.3306690738754696e-16
Common female-male cells,Industry (ISIC-2),USA,United States,High income,Augmentation-only,-0.8478086470880823,-0.7601210782196027,-0.08768756886847916,-4.579669976578771e-16
Common female-male cells,Industry (ISIC-2),USA,United States,High income,Overall exposure,-6.504467343697653,-4.42962395596535,-2.074843387732287,-1.554312234475219e-14
Common female-male cells,Industry (ISIC-2),USA,United States,High income,Substitution-only,-2.9823490375350388,-2.7302888236534706,-0.25206021388157013,1.942890293094024e-15
Common female-male cells,Industry (ISIC-2),VNM,Viet Nam,Lower middle income,Augmentation-only,-0.826904573045907,-0.9796243748860206,0.15271980184011355,2.7755575615628914e-17
Common female-male cells,Industry (ISIC-2),VNM,Viet Nam,Lower middle income,Overall exposure,4.863007449710385,3.1958019139830744,1.6672055357273137,-3.1086244689504383e-15
Common female-male cells,Industry (ISIC-2),VNM,Viet Nam,Lower middle income,Substitution-only,4.831379202078277,4.135519890668528,0.695859311409747,2.1094237467877974e-15
Common female-male cells,Industry (ISIC-2),ZMB,Zambia,Lower middle income,Augmentation-only,-0.3322133117474719,-0.6460074648409224,0.31379415309345066,-1.1102230246251565e-16
Common female-male cells,Industry (ISIC-2),ZMB,Zambia,Lower middle income,Overall exposure,0.6153648452662188,0.8241564732399704,-0.20879162797375117,-4.440892098500626e-16
Common female-male cells,Industry (ISIC-2),ZMB,Zambia,Lower middle income,Substitution-only,0.53805123025983,1.263830166485698,-0.725778936225868,1.1102230246251565e-16
Common female-male cells,Industry (ISIC-2),ZWE,Zimbabwe,Lower middle income,Augmentation-only,-2.302731870974281,-1.7221670108094205,-0.580564860164861,6.661338147750939e-16
Common female-male cells,Industry (ISIC-2),ZWE,Zimbabwe,Lower middle income,Overall exposure,-0.15892264619498742,-0.033634416844158695,-0.1252882293508299,1.1657341758564144e-15
Common female-male cells,Industry (ISIC-2),ZWE,Zimbabwe,Lower middle income,Substitution-only,0.6936997751135515,1.1240792266578616,-0.43037945154431,-1.1102230246251565e-16
Figure 5 sex-specific support,Occupation (ISCO-2),AFG,Afghanistan,Low income,Augmentation-only,-0.010462842015061192,0.11708096413777104,-0.127543806152832,-2.220446049250313e-16
Figure 5 sex-specific support,Occupation (ISCO-2),AFG,Afghanistan,Low income,Overall exposure,-1.5678786767089994,-0.7695868063149547,-0.7982918703940474,2.6645352591003757e-15
Figure 5 sex-specific support,Occupation (ISCO-2),AFG,Afghanistan,Low income,Substitution-only,-1.0443668597249909,-0.9579653257735017,-0.08640153395149157,2.373101715136272e-15
Figure 5 sex-specific support,Occupation (ISCO-2),AGO,Angola,Lower middle income,Augmentation-only,-0.37632882914090915,-0.6828680996385136,0.3065392704976045,-5.551115123125783e-17
Figure 5 sex-specific support,Occupation (ISCO-2),AGO,Angola,Lower middle income,Overall exposure,4.378992095036156,5.244253175218609,-0.8652610801824513,-1.6653345369377348e-15
Figure 5 sex-specific support,Occupation (ISCO-2),AGO,Angola,Lower middle income,Substitution-only,4.401596231887219,5.753387610329586,-1.3517913784423692,2.4424906541753444e-15
Figure 5 sex-specific support,Occupation (ISCO-2),ARE,United Arab Emirates,High income,Augmentation-only,0.09324185256489717,-0.031513019561749206,0.12475487212664624,1.3877787807814457e-16
Figure 5 sex-specific support,Occupation (ISCO-2),ARE,United Arab Emirates,High income,Overall exposure,0.789499167391553,1.1641263295843347,-0.3746271621927838,2.1094237467877974e-15
Figure 5 sex-specific support,Occupation (ISCO-2),ARE,United Arab Emirates,High income,Substitution-only,3.9993377371433434,2.2074409525779517,1.7918967845653924,-6.661338147750939e-16
Figure 5 sex-specific support,Occupation (ISCO-2),ARG,Argentina,Upper middle income,Augmentation-only,0.12269733000997723,0.11052360168161886,0.01217372832835828,9.71445146547012e-17
Figure 5 sex-specific support,Occupation (ISCO-2),ARG,Argentina,Upper middle income,Overall exposure,1.2210829001699235,1.2052054608742315,0.015877439295691652,3.122502256758253e-16
Figure 5 sex-specific support,Occupation (ISCO-2),ARG,Argentina,Upper middle income,Substitution-only,1.9869128064421053,1.570958514120646,0.41595429232145936,5.551115123125783e-17
Figure 5 sex-specific support,Occupation (ISCO-2),AUS,Australia,High income,Augmentation-only,0.05377923755615914,-0.04669463035828476,0.10047386791444379,1.1102230246251565e-16
Figure 5 sex-specific support,Occupation (ISCO-2),AUS,Australia,High income,Overall exposure,0.2858023666442927,1.8687303354875051,-1.5829279688432087,-3.774758283725532e-15
Figure 5 sex-specific support,Occupation (ISCO-2),AUS,Australia,High income,Substitution-only,1.6561553049397553,1.8199727620609938,-0.16381745712124246,3.941291737419306e-15
Figure 5 sex-specific support,Occupation (ISCO-2),AUT,Austria,High income,Augmentation-only,-0.5072222415681398,-0.42133282759306434,-0.08588941397507549,5.551115123125783e-17
Figure 5 sex-specific support,Occupation (ISCO-2),AUT,Austria,High income,Overall exposure,-0.35431713495409733,1.6957677514297778,-2.050084886383879,3.9968028886505635e-15
Figure 5 sex-specific support,Occupation (ISCO-2),AUT,Austria,High income,Substitution-only,3.3088996698493474,3.2153301431558132,0.0935695266935364,-2.2620794126737565e-15
Figure 5 sex-specific support,Occupation (ISCO-2),BDI,Burundi,Low income,Augmentation-only,0.09997005905545363,0.40343700701589474,-0.30346694796044116,5.551115123125783e-17
Figure 5 sex-specific support,Occupation (ISCO-2),BDI,Burundi,Low income,Overall exposure,1.108277411126394,2.1280404103606774,-1.0197629992342843,8.881784197001252e-16
Figure 5 sex-specific support,Occupation (ISCO-2),BDI,Burundi,Low income,Substitution-only,0.5998350032620434,0.15016308313918492,0.4496719201228567,1.7763568394002505e-15
Figure 5 sex-specific support,Occupation (ISCO-2),BEL,Belgium,High income,Augmentation-only,-0.2809900943670351,-0.31086771662963125,0.029877622262596156,3.469446951953614e-18
Figure 5 sex-specific support,Occupation (ISCO-2),BEL,Belgium,High income,Overall exposure,-1.4710773619658775,-0.022563727696654934,-1.4485136342692235,8.881784197001252e-16
Figure 5 sex-specific support,Occupation (ISCO-2),BEL,Belgium,High income,Substitution-only,2.1073492036768937,1.7850417448832387,0.3223074587936532,1.7763568394002505e-15
Figure 5 sex-specific support,Occupation (ISCO-2),BEN,Benin,Lower middle income,Augmentation-only,-0.6930405266509782,-0.6310423173766753,-0.06199820927430272,-1.6653345369377348e-16
Figure 5 sex-specific support,Occupation (ISCO-2),BEN,Benin,Lower middle income,Overall exposure,6.049861299454843,5.731144026156008,0.31871727329883814,-2.6645352591003757e-15
Figure 5 sex-specific support,Occupation (ISCO-2),BEN,Benin,Lower middle income,Substitution-only,4.527550550323269,5.57024423902757,-1.0426936887043001,-4.440892098500626e-16
Figure 5 sex-specific support,Occupation (ISCO-2),BFA,Burkina Faso,Low income,Augmentation-only,-0.1779736253976245,-0.55166317328283,0.37368954788520536,1.1102230246251565e-16
Figure 5 sex-specific support,Occupation (ISCO-2),BFA,Burkina Faso,Low income,Overall exposure,2.3345291797323147,3.385676017574874,-1.051146837842559,-4.440892098500626e-16
Figure 5 sex-specific support,Occupation (ISCO-2),BFA,Burkina Faso,Low income,Substitution-only,1.9246979390058243,3.7217124506433135,-1.7970145116374852,-3.9968028886505635e-15
Figure 5 sex-specific support,Occupation (ISCO-2),BGD,Bangladesh,Lower middle income,Augmentation-only,-0.20844721786038112,1.1956210572634278,-1.404068275123809,0
Figure 5 sex-specific support,Occupation (ISCO-2),BGD,Bangladesh,Lower middle income,Overall exposure,-5.492897104380189,-2.4457605603878583,-3.0471365439923273,-3.552713678800501e-15
Figure 5 sex-specific support,Occupation (ISCO-2),BGD,Bangladesh,Lower middle income,Substitution-only,-5.141618842459593,-5.446066443966761,0.3044476015071695,-1.27675647831893e-15
Figure 5 sex-specific support,Occupation (ISCO-2),BGR,Bulgaria,High income,Augmentation-only,0.7795353345721192,0.14226556792467634,0.6372697666474435,-6.661338147750939e-16
Figure 5 sex-specific support,Occupation (ISCO-2),BGR,Bulgaria,High income,Overall exposure,3.5891929393762583,3.431509344023599,0.15768359535266324,-4.052314039881821e-15
Figure 5 sex-specific support,Occupation (ISCO-2),BGR,Bulgaria,High income,Substitution-only,2.236333010616161,2.246184384551878,-0.009851373935716386,-5.030698080332741e-16
Figure 5 sex-specific support,Occupation (ISCO-2),BLR,Belarus,Upper middle income,Augmentation-only,1.2635663645262063,0.6501676836221124,0.6133986809040941,-2.220446049250313e-16
Figure 5 sex-specific support,Occupation (ISCO-2),BLR,Belarus,Upper middle income,Overall exposure,2.997225120751115,3.2579165800704293,-0.26069145931931414,0
Figure 5 sex-specific support,Occupation (ISCO-2),BLR,Belarus,Upper middle income,Substitution-only,-0.8229847104506631,-0.07268678042972895,-0.7502979300209317,-2.4424906541753444e-15
Figure 5 sex-specific support,Occupation (ISCO-2),BOL,Bolivia,Lower middle income,Augmentation-only,-0.09857880371601353,-0.0760236441713152,-0.022555159544698333,0
Figure 5 sex-specific support,Occupation (ISCO-2),BOL,Bolivia,Lower middle income,Overall exposure,3.1605280581921167,2.57701838479406,0.5835096733980567,0
Figure 5 sex-specific support,Occupation (ISCO-2),BOL,Bolivia,Lower middle income,Substitution-only,1.9792728872886238,2.1950798786672294,-0.2158069913786052,-3.885780586188048e-16
Figure 5 sex-specific support,Occupation (ISCO-2),BRA,Brazil,Upper middle income,Augmentation-only,-0.0019192803801980985,-0.049813947493874015,0.04789466711367603,-1.1102230246251565e-16
Figure 5 sex-specific support,Occupation (ISCO-2),BRA,Brazil,Upper middle income,Overall exposure,0.44375473815466343,1.9652149775974768,-1.5214602394428114,-1.9984014443252818e-15
Figure 5 sex-specific support,Occupation (ISCO-2),BRA,Brazil,Upper middle income,Substitution-only,2.1867183165913926,2.455971456701107,-0.2692531401097128,-1.6653345369377348e-15
Figure 5 sex-specific support,Occupation (ISCO-2),CHE,Switzerland,High income,Augmentation-only,-0.7464109724266603,-0.6478614573068238,-0.09854951511983652,-4.163336342344337e-17
Figure 5 sex-specific support,Occupation (ISCO-2),CHE,Switzerland,High income,Overall exposure,-1.4572332695961387,0.015705162468796073,-1.4729384320649361,1.3322676295501878e-15
Figure 5 sex-specific support,Occupation (ISCO-2),CHE,Switzerland,High income,Substitution-only,3.54732181286742,2.9886161566267075,0.5587056562407101,2.55351295663786e-15
Figure 5 sex-specific support,Occupation (ISCO-2),CHL,Chile,High income,Augmentation-only,-0.15014126687234364,-0.16804090769485422,0.017899640822510627,-4.5102810375396984e-17
Figure 5 sex-specific support,Occupation (ISCO-2),CHL,Chile,High income,Overall exposure,0.47725772419408374,1.436676480173588,-0.9594187559795009,-3.4416913763379853e-15
Figure 5 sex-specific support,Occupation (ISCO-2),CHL,Chile,High income,Substitution-only,2.2073541722224768,1.867996345064272,0.3393578271582039,8.326672684688674e-16
Figure 5 sex-specific support,Occupation (ISCO-2),CIV,Cote d'Ivoire,Lower middle income,Augmentation-only,-0.3187814891874117,-0.6431821806310853,0.3244006914436738,-1.6653345369377348e-16
Figure 5 sex-specific support,Occupation (ISCO-2),CIV,Cote d'Ivoire,Lower middle income,Overall exposure,5.677337611657128,4.227304719644973,1.450032892012149,5.995204332975845e-15
Figure 5 sex-specific support,Occupation (ISCO-2),CIV,Cote d'Ivoire,Lower middle income,Substitution-only,4.294783854026597,4.638002601704857,-0.34321874767825833,-1.6653345369377348e-15
Figure 5 sex-specific support,Occupation (ISCO-2),COD,"Congo, Dem. Rep.",Low income,Augmentation-only,-0.07841992736040108,-0.17367207249032343,0.09525214512992232,2.7755575615628914e-17
Figure 5 sex-specific support,Occupation (ISCO-2),COD,"Congo, Dem. Rep.",Low income,Overall exposure,-0.06660228180090155,0.593063623679993,-0.6596659054808944,-1.1102230246251565e-16
Figure 5 sex-specific support,Occupation (ISCO-2),COD,"Congo, Dem. Rep.",Low income,Substitution-only,0.015972151960872392,0.5460108316355605,-0.5300386796746892,1.1102230246251565e-15
Figure 5 sex-specific support,Occupation (ISCO-2),COL,Colombia,Upper middle income,Augmentation-only,-0.30971072275693085,-0.2209714991709282,-0.08873922358600253,-1.1102230246251565e-16
Figure 5 sex-specific support,Occupation (ISCO-2),COL,Colombia,Upper middle income,Overall exposure,2.8083289501244293,2.7992039507700084,0.00912499935441331,7.594619377826461e-15
Figure 5 sex-specific support,Occupation (ISCO-2),COL,Colombia,Upper middle income,Substitution-only,3.098436016806803,3.042417545503084,0.05601847130371712,1.942890293094024e-15
Figure 5 sex-specific support,Occupation (ISCO-2),CRI,Costa Rica,High income,Augmentation-only,-0.29325882739785625,-0.10607932459210985,-0.18717950280574616,-2.498001805406602e-16
Figure 5 sex-specific support,Occupation (ISCO-2),CRI,Costa Rica,High income,Overall exposure,1.9261880103062532,1.2136302280408304,0.7125577822654223,4.440892098500626e-16
Figure 5 sex-specific support,Occupation (ISCO-2),CRI,Costa Rica,High income,Substitution-only,3.4034455724942134,2.0764879857842997,1.3269575867099113,2.4424906541753444e-15
Figure 5 sex-specific support,Occupation (ISCO-2),CZE,Czechia,High income,Augmentation-only,-0.5118396941512376,-0.19317660912623272,-0.31866308502500496,0
Figure 5 sex-specific support,Occupation (ISCO-2),CZE,Czechia,High income,Overall exposure,1.4100515667590041,3.4153951996547853,-2.005343632895784,3.1086244689504383e-15
Figure 5 sex-specific support,Occupation (ISCO-2),CZE,Czechia,High income,Substitution-only,2.5224471628718623,3.371428918296937,-0.8489817554250763,1.5543122344752192e-15
Figure 5 sex-specific support,Occupation (ISCO-2),DEU,Germany,High income,Augmentation-only,-0.6527174179852778,-0.4207493170688793,-0.2319681009163986,8.326672684688674e-17
Figure 5 sex-specific support,Occupation (ISCO-2),DEU,Germany,High income,Overall exposure,-0.8605944472479141,1.6948773799602093,-2.55547182720812,-3.1086244689504383e-15
Figure 5 sex-specific support,Occupation (ISCO-2),DEU,Germany,High income,Substitution-only,3.4177485115390436,3.313029829358278,0.10471868218076448,1.2628786905111156e-15
Figure 5 sex-specific support,Occupation (ISCO-2),DNK,Denmark,High income,Augmentation-only,0.18682636906165598,-0.17200659383123776,0.35883296289289357,1.6653345369377348e-16
Figure 5 sex-specific support,Occupation (ISCO-2),DNK,Denmark,High income,Overall exposure,-3.0727091682819494,-0.7623106161733137,-2.310398552108637,1.7763568394002505e-15
Figure 5 sex-specific support,Occupation (ISCO-2),DNK,Denmark,High income,Substitution-only,-0.14626934444817863,0.7206725919929501,-0.8669419364411278,-8.881784197001252e-16
Figure 5 sex-specific support,Occupation (ISCO-2),DOM,Dominican Republic,Upper middle income,Augmentation-only,-0.07767167888416071,-0.12859877329597796,0.05092709441181704,2.1510571102112408e-16
Figure 5 sex-specific support,Occupation (ISCO-2),DOM,Dominican Republic,Upper middle income,Overall exposure,6.718948555738263,4.919341340417327,1.7996072153209317,3.552713678800501e-15
Figure 5 sex-specific support,Occupation (ISCO-2),DOM,Dominican Republic,Upper middle income,Substitution-only,5.884718921754574,4.703174695190984,1.1815442265635916,-8.881784197001252e-16
Figure 5 sex-specific support,Occupation (ISCO-2),ECU,Ecuador,Upper middle income,Augmentation-only,-0.42391207041495965,-0.321326349687754,-0.10258572072720556,-1.1102230246251565e-16
Figure 5 sex-specific support,Occupation (ISCO-2),ECU,Ecuador,Upper middle income,Overall exposure,1.2720706779206292,1.3972773565120056,-0.12520667859137763,1.27675647831893e-15
Figure 5 sex-specific support,Occupation (ISCO-2),ECU,Ecuador,Upper middle income,Substitution-only,1.7826123310176498,2.2686836764219587,-0.48607134540430835,-4.996003610813204e-16
Figure 5 sex-specific support,Occupation (ISCO-2),EGY,"Egypt, Arab Rep.",Lower middle income,Augmentation-only,0.634202918364125,1.010514487560184,-0.37631156919605907,1.6653345369377348e-16
Figure 5 sex-specific support,Occupation (ISCO-2),EGY,"Egypt, Arab Rep.",Lower middle income,Overall exposure,2.399020640237808,2.4259432470625937,-0.026922606824786754,8.881784197001252e-16
Figure 5 sex-specific support,Occupation (ISCO-2),EGY,"Egypt, Arab Rep.",Lower middle income,Substitution-only,-0.80590179385191,-0.5202334719174835,-0.2856683219344237,-2.7755575615628914e-15
Figure 5 sex-specific support,Occupation (ISCO-2),ESP,Spain,High income,Augmentation-only,-0.13007227003016658,-0.15295728516205015,0.022885015131883596,-2.7755575615628914e-17
Figure 5 sex-specific support,Occupation (ISCO-2),ESP,Spain,High income,Overall exposure,1.4134538620010113,1.9862400198122558,-0.5727861578112456,1.1102230246251565e-15
Figure 5 sex-specific support,Occupation (ISCO-2),ESP,Spain,High income,Substitution-only,3.199691617934566,2.7316417881796027,0.4680498297549628,3.3306690738754696e-16
Figure 5 sex-specific support,Occupation (ISCO-2),FIN,Finland,High income,Augmentation-only,-0.39493503467418345,-0.42361757494975316,0.028682540275569962,-2.498001805406602e-16
Figure 5 sex-specific support,Occupation (ISCO-2),FIN,Finland,High income,Overall exposure,-3.9774957402132713,-1.2731466067433188,-2.7043491334699516,-8.881784197001252e-16
Figure 5 sex-specific support,Occupation (ISCO-2),FIN,Finland,High income,Substitution-only,-0.5203711391519508,0.5227823854683311,-1.043153524620282,2.220446049250313e-16
Figure 5 sex-specific support,Occupation (ISCO-2),FRA,France,High income,Augmentation-only,-0.39460314612784075,-0.4595644971108977,0.06496135098305703,-8.326672684688674e-17
Figure 5 sex-specific support,Occupation (ISCO-2),FRA,France,High income,Overall exposure,-0.14566485226792736,1.2769353476004321,-1.4226001998683624,2.886579864025407e-15
Figure 5 sex-specific support,Occupation (ISCO-2),FRA,France,High income,Substitution-only,2.8137081730347884,2.8060826143880657,0.007625558646720543,2.1094237467877974e-15
Figure 5 sex-specific support,Occupation (ISCO-2),GBR,United Kingdom,High income,Augmentation-only,-0.33457171557893345,-0.37474473254323903,0.040173016964305724,-1.3877787807814457e-16
Figure 5 sex-specific support,Occupation (ISCO-2),GBR,United Kingdom,High income,Overall exposure,-1.3667370540374486,-0.5698644951655046,-0.7968725588719469,2.886579864025407e-15
Figure 5 sex-specific support,Occupation (ISCO-2),GBR,United Kingdom,High income,Substitution-only,1.2190116656596537,1.227363306409188,-0.008351640749534744,4.2674197509029455e-16
Figure 5 sex-specific support,Occupation (ISCO-2),GIN,Guinea,Lower middle income,Augmentation-only,-0.2432026028012268,-0.6304893311048574,0.38728672830363065,-5.551115123125783e-17
Figure 5 sex-specific support,Occupation (ISCO-2),GIN,Guinea,Lower middle income,Overall exposure,3.743421861849802,4.672290423428734,-0.9288685615789285,-3.774758283725532e-15
Figure 5 sex-specific support,Occupation (ISCO-2),GIN,Guinea,Lower middle income,Substitution-only,3.24194208570558,4.714646312415582,-1.4727042267099975,-5.10702591327572e-15
Figure 5 sex-specific support,Occupation (ISCO-2),GRC,Greece,High income,Augmentation-only,-0.23334728260037987,-0.006807232828029957,-0.22654004977235,8.326672684688674e-17
Figure 5 sex-specific support,Occupation (ISCO-2),GRC,Greece,High income,Overall exposure,2.234021665288926,2.9236231052681814,-0.6896014399792513,-4.107825191113079e-15
Figure 5 sex-specific support,Occupation (ISCO-2),GRC,Greece,High income,Substitution-only,3.6150963037544606,2.816911747262918,0.7981845564915412,1.4432899320127035e-15
Figure 5 sex-specific support,Occupation (ISCO-2),GTM,Guatemala,Upper middle income,Augmentation-only,-0.3644715195232721,-0.37954636099699846,0.015074841473726447,-1.0581813203458523e-16
Figure 5 sex-specific support,Occupation (ISCO-2),GTM,Guatemala,Upper middle income,Overall exposure,5.807507889762342,4.31464467512734,1.4928632146350032,-1.1102230246251565e-15
Figure 5 sex-specific support,Occupation (ISCO-2),GTM,Guatemala,Upper middle income,Substitution-only,4.730391828139759,4.681336009445222,0.0490558186945342,2.033095913844818e-15
Figure 5 sex-specific support,Occupation (ISCO-2),HND,Honduras,Lower middle income,Augmentation-only,-0.38492925231535763,-0.4002704208985553,0.015341168583197794,-1.214306433183765e-16
Figure 5 sex-specific support,Occupation (ISCO-2),HND,Honduras,Lower middle income,Overall exposure,6.666228409768815,4.109821452699883,2.556406957068935,-3.552713678800501e-15
Figure 5 sex-specific support,Occupation (ISCO-2),HND,Honduras,Lower middle income,Substitution-only,4.361076159156855,4.485815892941624,-0.12473973378477438,5.495603971894525e-15
Figure 5 sex-specific support,Occupation (ISCO-2),HRV,Croatia,High income,Augmentation-only,0.08598348626082811,-0.07266612474485658,0.1586496110056844,3.0531133177191805e-16
Figure 5 sex-specific support,Occupation (ISCO-2),HRV,Croatia,High income,Overall exposure,2.481979423344441,2.8169467749046597,-0.33496735156021706,-1.4432899320127035e-15
Figure 5 sex-specific support,Occupation (ISCO-2),HRV,Croatia,High income,Substitution-only,3.1667179758508555,2.7786029521320095,0.3881150237188464,-3.885780586188048e-16
Figure 5 sex-specific support,Occupation (ISCO-2),HUN,Hungary,High income,Augmentation-only,-0.21082447834743903,-0.10386898532268014,-0.10695549302475886,-2.7755575615628914e-17
Figure 5 sex-specific support,Occupation (ISCO-2),HUN,Hungary,High income,Overall exposure,2.9941640469440407,4.145682588367614,-1.1515185414235691,-4.218847493575595e-15
Figure 5 sex-specific support,Occupation (ISCO-2),HUN,Hungary,High income,Substitution-only,3.495020789992414,3.4898601869143113,0.005160603078102691,-6.938893903907228e-17
Figure 5 sex-specific support,Occupation (ISCO-2),IDN,Indonesia,Upper middle income,Augmentation-only,-0.05447647625606786,0.0077016700520196255,-0.06217814630808745,-3.469446951953614e-17
Figure 5 sex-specific support,Occupation (ISCO-2),IDN,Indonesia,Upper middle income,Overall exposure,1.9595319199054986,1.8870792960165064,0.07245262388899304,-8.326672684688674e-16
Figure 5 sex-specific support,Occupation (ISCO-2),IDN,Indonesia,Upper middle income,Substitution-only,0.6485627602490122,1.3574229894680463,-0.7088602292190337,-4.440892098500626e-16
Figure 5 sex-specific support,Occupation (ISCO-2),IND,India,Lower middle income,Augmentation-only,0.564348178621578,0.4038809882882957,0.1604671903332825,-1.6653345369377348e-16
Figure 5 sex-specific support,Occupation (ISCO-2),IND,India,Lower middle income,Overall exposure,-2.3819373542642333,-1.4958434770129945,-0.8860938772512397,8.881784197001252e-16
Figure 5 sex-specific support,Occupation (ISCO-2),IND,India,Lower middle income,Substitution-only,-3.5379426216993615,-2.347094208819902,-1.1908484128794588,-6.661338147750939e-16
Figure 5 sex-specific support,Occupation (ISCO-2),IRL,Ireland,High income,Augmentation-only,-0.23673349226293225,-0.27396604900188487,0.03723255673895278,-1.5959455978986625e-16
Figure 5 sex-specific support,Occupation (ISCO-2),IRL,Ireland,High income,Overall exposure,-0.36826944444695386,0.9672088874517564,-1.3354783318987073,-2.886579864025407e-15
Figure 5 sex-specific support,Occupation (ISCO-2),IRL,Ireland,High income,Substitution-only,2.1065893549298425,2.1532229402776264,-0.046633585347786166,2.220446049250313e-15
Figure 5 sex-specific support,Occupation (ISCO-2),IRN,"Iran, Islamic Rep.",Upper middle income,Augmentation-only,0.39451828915740705,1.1632259941548457,-0.7687077049974389,2.220446049250313e-16
Figure 5 sex-specific support,Occupation (ISCO-2),IRN,"Iran, Islamic Rep.",Upper middle income,Overall exposure,-0.5060654052255408,0.7701442480655863,-1.2762096532911265,-6.661338147750939e-16
Figure 5 sex-specific support,Occupation (ISCO-2),IRN,"Iran, Islamic Rep.",Upper middle income,Substitution-only,-3.129699459012979,-2.429793875836311,-0.6999055831766673,-7.771561172376096e-16
Figure 5 sex-specific support,Occupation (ISCO-2),IRQ,Iraq,Upper middle income,Augmentation-only,0.1553861608050218,1.95888294329932,-1.8034967824942985,2.220446049250313e-16
Figure 5 sex-specific support,Occupation (ISCO-2),IRQ,Iraq,Upper middle income,Overall exposure,1.8088181581660001,0.9665005117238845,0.8423176464421119,3.6637359812630166e-15
Figure 5 sex-specific support,Occupation (ISCO-2),IRQ,Iraq,Upper middle income,Substitution-only,-2.829834653140536,-4.019077281025172,1.1892426278846364,0
Figure 5 sex-specific support,Occupation (ISCO-2),ISR,Israel,High income,Augmentation-only,-0.14281951946449473,-0.1188898294157151,-0.023929690048779605,-1.734723475976807e-17
Figure 5 sex-specific support,Occupation (ISCO-2),ISR,Israel,High income,Overall exposure,-1.8768242796260144,-0.3516369522452969,-1.5251873273807193,1.7763568394002505e-15
Figure 5 sex-specific support,Occupation (ISCO-2),ISR,Israel,High income,Substitution-only,-0.07160888178030533,0.43276060087424595,-0.5043694826545495,-1.7763568394002505e-15
Figure 5 sex-specific support,Occupation (ISCO-2),ITA,Italy,High income,Augmentation-only,-0.14477199169427746,-0.13847391699676218,-0.006298074697515331,4.85722573273506e-17
Figure 5 sex-specific support,Occupation (ISCO-2),ITA,Italy,High income,Overall exposure,0.8496702182140494,2.748055902670685,-1.8983856844566376,2.220446049250313e-15
Figure 5 sex-specific support,Occupation (ISCO-2),ITA,Italy,High income,Substitution-only,3.603896868583263,3.338404123137492,0.2654927454457714,-4.440892098500626e-16
Figure 5 sex-specific support,Occupation (ISCO-2),JOR,Jordan,Lower middle income,Augmentation-only,1.8470215122462181,0.7833796673938253,1.0636418448523923,6.661338147750939e-16
Figure 5 sex-specific support,Occupation (ISCO-2),JOR,Jordan,Lower middle income,Overall exposure,1.864851984738645,0.883444165994034,0.9814078187446154,-4.218847493575595e-15
Figure 5 sex-specific support,Occupation (ISCO-2),JOR,Jordan,Lower middle income,Substitution-only,0.4712158711650398,0.5731123422961211,-0.10189647113108138,1.3877787807814457e-16
Figure 5 sex-specific support,Occupation (ISCO-2),JPN,Japan,High income,Augmentation-only,-0.144968612139196,-0.34038961174490084,0.1954209996057048,2.7755575615628914e-17
Figure 5 sex-specific support,Occupation (ISCO-2),JPN,Japan,High income,Overall exposure,-2.85847518149635,0.8387503624842462,-3.697225543980594,-2.220446049250313e-15
Figure 5 sex-specific support,Occupation (ISCO-2),JPN,Japan,High income,Substitution-only,1.1102090689755026,2.1042680685039437,-0.9940589995284421,1.1102230246251565e-15
Figure 5 sex-specific support,Occupation (ISCO-2),KEN,Kenya,Lower middle income,Augmentation-only,0.24190067474194044,0.19089947253886502,0.0510012022030755,-9.020562075079397e-17
Figure 5 sex-specific support,Occupation (ISCO-2),KEN,Kenya,Lower middle income,Overall exposure,-0.36666594606306346,-0.44161235937474413,0.0749464133116813,-6.245004513516506e-16
Figure 5 sex-specific support,Occupation (ISCO-2),KEN,Kenya,Lower middle income,Substitution-only,-1.496626359260378,-1.2148100787393397,-0.2818162805210376,-6.661338147750939e-16
Figure 5 sex-specific support,Occupation (ISCO-2),KGZ,Kyrgyz Republic,Lower middle income,Augmentation-only,0.6688659387808921,0.7147906747009908,-0.04592473592009779,-9.228728892196614e-16
Figure 5 sex-specific support,Occupation (ISCO-2),KGZ,Kyrgyz Republic,Lower middle income,Overall exposure,3.6147490303582055,1.687944952243638,1.9268040781145728,-5.3290705182007514e-15
Figure 5 sex-specific support,Occupation (ISCO-2),KGZ,Kyrgyz Republic,Lower middle income,Substitution-only,0.43137765225991154,-0.594751403711623,1.026129055971533,1.5543122344752192e-15
Figure 5 sex-specific support,Occupation (ISCO-2),KHM,Cambodia,Lower middle income,Augmentation-only,0.012634772032413333,-0.053744646343824934,0.06637941837623824,2.7755575615628914e-17
Figure 5 sex-specific support,Occupation (ISCO-2),KHM,Cambodia,Lower middle income,Overall exposure,5.0758015685325475,5.072430739351268,0.0033708291812800297,-5.186823193170653e-16
Figure 5 sex-specific support,Occupation (ISCO-2),KHM,Cambodia,Lower middle income,Substitution-only,2.7668614568809815,3.5995557677772285,-0.8326943108962476,5.551115123125783e-16
Figure 5 sex-specific support,Occupation (ISCO-2),LAO,Lao PDR,Lower middle income,Augmentation-only,-0.08698615175698987,-0.14668404339579325,0.05969789163880335,2.0816681711721685e-17
Figure 5 sex-specific support,Occupation (ISCO-2),LAO,Lao PDR,Lower middle income,Overall exposure,2.4211586682298867,1.9816330930093287,0.43952557522055863,-6.106226635438361e-16
Figure 5 sex-specific support,Occupation (ISCO-2),LAO,Lao PDR,Lower middle income,Substitution-only,1.5397990332734532,1.6365905680923207,-0.09679153481886923,1.7486012637846216e-15
Figure 5 sex-specific support,Occupation (ISCO-2),LKA,Sri Lanka,Lower middle income,Augmentation-only,0.38319198233971313,0.1473690282652666,0.23582295407444673,-1.942890293094024e-16
Figure 5 sex-specific support,Occupation (ISCO-2),LKA,Sri Lanka,Lower middle income,Overall exposure,3.807104981098156,2.394933806317311,1.4121711747808463,-1.5543122344752192e-15
Figure 5 sex-specific support,Occupation (ISCO-2),LKA,Sri Lanka,Lower middle income,Substitution-only,1.9582192593300745,1.9268265730158158,0.03139268631425989,-1.2698175844150228e-15
Figure 5 sex-specific support,Occupation (ISCO-2),MDG,Madagascar,Low income,Augmentation-only,-0.01575779010161338,-0.07375212427529086,0.05799433417367747,1.3877787807814457e-17
Figure 5 sex-specific support,Occupation (ISCO-2),MDG,Madagascar,Low income,Overall exposure,1.1949707153389673,0.8553509601606314,0.33961975517833515,7.216449660063518e-16
Figure 5 sex-specific support,Occupation (ISCO-2),MDG,Madagascar,Low income,Substitution-only,1.1255228755467441,0.8356820724168011,0.2898408031299425,4.996003610813204e-16
Figure 5 sex-specific support,Occupation (ISCO-2),MEX,Mexico,Upper middle income,Augmentation-only,-0.15307072904556007,-0.19049910870489917,0.037428379659339046,4.85722573273506e-17
Figure 5 sex-specific support,Occupation (ISCO-2),MEX,Mexico,Upper middle income,Overall exposure,4.132899661837122,3.7972758532151167,0.3356238086220053,5.551115123125783e-17
Figure 5 sex-specific support,Occupation (ISCO-2),MEX,Mexico,Upper middle income,Substitution-only,3.9752857327087097,3.528134682079554,0.44715105062915494,8.881784197001252e-16
Figure 5 sex-specific support,Occupation (ISCO-2),MLI,Mali,Low income,Augmentation-only,-0.028128894716507043,-0.18802557165041478,0.15989667693390777,-2.7755575615628914e-17
Figure 5 sex-specific support,Occupation (ISCO-2),MLI,Mali,Low income,Overall exposure,1.8301505466448276,2.8215655622144356,-0.9914150155696074,-5.551115123125783e-16
Figure 5 sex-specific support,Occupation (ISCO-2),MLI,Mali,Low income,Substitution-only,1.4662885478261556,2.5380571165324497,-1.0717685687062932,-8.881784197001252e-16
Figure 5 sex-specific support,Occupation (ISCO-2),MMR,Myanmar,Lower middle income,Augmentation-only,0.1162407027263301,-0.2140373807836188,0.3302780835099489,0
Figure 5 sex-specific support,Occupation (ISCO-2),MMR,Myanmar,Lower middle income,Overall exposure,5.562952810193038,4.80528364262069,0.7576691675723475,4.440892098500626e-16
Figure 5 sex-specific support,Occupation (ISCO-2),MMR,Myanmar,Lower middle income,Substitution-only,4.104729790423862,4.065291484383745,0.039438306040116465,8.673617379884035e-16
Figure 5 sex-specific support,Occupation (ISCO-2),MOZ,Mozambique,Low income,Augmentation-only,-0.043658747153235984,-0.3313018772986994,0.2876431301454632,2.220446049250313e-16
Figure 5 sex-specific support,Occupation (ISCO-2),MOZ,Mozambique,Low income,Overall exposure,3.150275129659512,5.012264847505046,-1.861989717845528,-5.551115123125783e-15
Figure 5 sex-specific support,Occupation (ISCO-2),MOZ,Mozambique,Low income,Substitution-only,3.0307481941865166,4.651331628566579,-1.620583434380063,4.440892098500626e-16
Figure 5 sex-specific support,Occupation (ISCO-2),MWI,Malawi,Low income,Augmentation-only,0.010641046357899973,-0.19675813556177602,0.20739918191967605,-5.551115123125783e-17
Figure 5 sex-specific support,Occupation (ISCO-2),MWI,Malawi,Low income,Overall exposure,1.475057833660241,2.0602545482860477,-0.5851967146258065,-3.3306690738754696e-16
Figure 5 sex-specific support,Occupation (ISCO-2),MWI,Malawi,Low income,Substitution-only,1.1132999224959188,1.8972517124352561,-0.7839517899393377,3.3306690738754696e-16
Figure 5 sex-specific support,Occupation (ISCO-2),NGA,Nigeria,Lower middle income,Augmentation-only,-0.49392000164540095,-0.7311589860925377,0.23723898444713656,1.942890293094024e-16
Figure 5 sex-specific support,Occupation (ISCO-2),NGA,Nigeria,Lower middle income,Overall exposure,5.641627114897717,5.314628403408956,0.3269987114887599,9.992007221626409e-16
Figure 5 sex-specific support,Occupation (ISCO-2),NGA,Nigeria,Lower middle income,Substitution-only,4.762734297674136,6.001918116011391,-1.239183818337258,3.552713678800501e-15
Figure 5 sex-specific support,Occupation (ISCO-2),NLD,Netherlands,High income,Augmentation-only,-0.8060060679077519,-0.638987450376777,-0.16701861753097466,-2.498001805406602e-16
Figure 5 sex-specific support,Occupation (ISCO-2),NLD,Netherlands,High income,Overall exposure,-4.439754114255263,-2.4813354748053125,-1.9584186394499508,4.440892098500626e-16
Figure 5 sex-specific support,Occupation (ISCO-2),NLD,Netherlands,High income,Substitution-only,0.45410144768789273,0.81698059114195,-0.36287914345405764,3.885780586188048e-16
Figure 5 sex-specific support,Occupation (ISCO-2),NOR,Norway,High income,Augmentation-only,-0.05879579095116321,-0.11595926261071729,0.05716347165955395,1.3183898417423734e-16
Figure 5 sex-specific support,Occupation (ISCO-2),NOR,Norway,High income,Overall exposure,-5.489809162360719,-2.878344955805725,-2.6114642065549916,-2.220446049250313e-15
Figure 5 sex-specific support,Occupation (ISCO-2),NOR,Norway,High income,Substitution-only,-1.620695528903247,-0.8849656168140642,-0.7357299120891831,3.3306690738754696e-16
Figure 5 sex-specific support,Occupation (ISCO-2),PAK,Pakistan,Lower middle income,Augmentation-only,0.6084514311193763,1.081614147722515,-0.47316271660313886,1.6653345369377348e-16
Figure 5 sex-specific support,Occupation (ISCO-2),PAK,Pakistan,Lower middle income,Overall exposure,-3.876493811297197,-3.8307645310227945,-0.04572928027440223,-2.5673907444456745e-16
Figure 5 sex-specific support,Occupation (ISCO-2),PAK,Pakistan,Lower middle income,Substitution-only,-5.135761623542805,-5.898967707850075,0.7632060843072678,2.1094237467877974e-15
Figure 5 sex-specific support,Occupation (ISCO-2),PER,Peru,Upper middle income,Augmentation-only,-0.5077651370508537,-0.29495372641432127,-0.2128114106365325,8.326672684688674e-17
Figure 5 sex-specific support,Occupation (ISCO-2),PER,Peru,Upper middle income,Overall exposure,0.40008206754112674,1.3147014206942989,-0.9146193531531699,-2.220446049250313e-15
Figure 5 sex-specific support,Occupation (ISCO-2),PER,Peru,Upper middle income,Substitution-only,1.5737725794802564,2.0702224977840085,-0.49644991830375296,8.881784197001252e-16
Figure 5 sex-specific support,Occupation (ISCO-2),PHL,Philippines,Lower middle income,Augmentation-only,-0.2831960263065833,-0.12297160740262589,-0.16022441890395744,2.7755575615628914e-17
Figure 5 sex-specific support,Occupation (ISCO-2),PHL,Philippines,Lower middle income,Overall exposure,6.405117820747663,5.152429177445833,1.252688643301839,-8.43769498715119e-15
Figure 5 sex-specific support,Occupation (ISCO-2),PHL,Philippines,Lower middle income,Substitution-only,4.363097507631382,4.074329650731545,0.28876785689983814,-8.326672684688674e-16
Figure 5 sex-specific support,Occupation (ISCO-2),PNG,Papua New Guinea,Lower middle income,Augmentation-only,-0.024379667400633402,-0.35164616658995085,0.3272664991893174,5.551115123125783e-17
Figure 5 sex-specific support,Occupation (ISCO-2),PNG,Papua New Guinea,Lower middle income,Overall exposure,2.4930249174316996,3.163792253157446,-0.6707673357257469,4.440892098500626e-16
Figure 5 sex-specific support,Occupation (ISCO-2),PNG,Papua New Guinea,Lower middle income,Substitution-only,2.401779636752538,3.1394316273628733,-0.7376519906103353,1.1102230246251565e-16
Figure 5 sex-specific support,Occupation (ISCO-2),POL,Poland,High income,Augmentation-only,0.11034993540689476,0.12771860844865285,-0.017368673041758136,5.204170427930421e-17
Figure 5 sex-specific support,Occupation (ISCO-2),POL,Poland,High income,Overall exposure,1.4911733665507694,2.9773073834673367,-1.4861340169165662,-1.1102230246251565e-15
Figure 5 sex-specific support,Occupation (ISCO-2),POL,Poland,High income,Substitution-only,1.940602509493204,2.1717866160084167,-0.2311841065152118,-9.159339953157541e-16
Figure 5 sex-specific support,Occupation (ISCO-2),PRT,Portugal,High income,Augmentation-only,-0.3970799728355033,-0.31423614589599547,-0.08284382693950774,-6.938893903907228e-17
Figure 5 sex-specific support,Occupation (ISCO-2),PRT,Portugal,High income,Overall exposure,0.48381115157572885,1.08801244971353,-0.6042012981378019,7.771561172376096e-16
Figure 5 sex-specific support,Occupation (ISCO-2),PRT,Portugal,High income,Substitution-only,3.402743224540086,2.831752449924081,0.5709907746160032,1.9984014443252818e-15
Figure 5 sex-specific support,Occupation (ISCO-2),ROU,Romania,High income,Augmentation-only,0.2222634995556733,0.2347442588872718,-0.012480759331598316,-1.9081958235744878e-16
Figure 5 sex-specific support,Occupation (ISCO-2),ROU,Romania,High income,Overall exposure,4.459898381770257,4.952612170063879,-0.49271378829362245,7.771561172376096e-16
Figure 5 sex-specific support,Occupation (ISCO-2),ROU,Romania,High income,Substitution-only,2.240609247884423,2.792013991465662,-0.551404743581239,0
Figure 5 sex-specific support,Occupation (ISCO-2),RUS,Russian Federation,High income,Augmentation-only,0.08474069806670323,0.26304506687149576,-0.17830436880479253,0
Figure 5 sex-specific support,Occupation (ISCO-2),RUS,Russian Federation,High income,Overall exposure,0.720781388974151,2.3013171205452583,-1.580535731571105,-2.220446049250313e-15
Figure 5 sex-specific support,Occupation (ISCO-2),RUS,Russian Federation,High income,Substitution-only,-0.4170454168592854,0.6280727091866859,-1.0451181260459719,4.440892098500626e-16
Figure 5 sex-specific support,Occupation (ISCO-2),RWA,Rwanda,Low income,Augmentation-only,-0.08753914136543306,-0.03906712813537323,-0.0484720132300599,7.632783294297951e-17
Figure 5 sex-specific support,Occupation (ISCO-2),RWA,Rwanda,Low income,Overall exposure,0.8590661458596593,0.5388286720627309,0.3202374737969289,-4.440892098500626e-16
Figure 5 sex-specific support,Occupation (ISCO-2),RWA,Rwanda,Low income,Substitution-only,-0.0648312728477679,0.5104333560713117,-0.5752646289190797,1.1102230246251565e-16
Figure 5 sex-specific support,Occupation (ISCO-2),SDN,Sudan,Low income,Augmentation-only,0.03862605462827244,0.7678576384848976,-0.7292315838566251,-1.1102230246251565e-16
Figure 5 sex-specific support,Occupation (ISCO-2),SDN,Sudan,Low income,Overall exposure,-1.2201512501449363,-1.858777231245554,0.6386259811006165,1.1102230246251565e-15
Figure 5 sex-specific support,Occupation (ISCO-2),SDN,Sudan,Low income,Substitution-only,-1.4454666125403133,-2.6822319627840017,1.2367653502436888,-4.440892098500626e-16
Figure 5 sex-specific support,Occupation (ISCO-2),SEN,Senegal,Lower middle income,Augmentation-only,-0.515143439215216,-0.2668202961199955,-0.2483231430952207,2.220446049250313e-16
Figure 5 sex-specific support,Occupation (ISCO-2),SEN,Senegal,Lower middle income,Overall exposure,-0.01672780808486493,1.7444570862913973,-1.7611848943762636,1.3322676295501878e-15
Figure 5 sex-specific support,Occupation (ISCO-2),SEN,Senegal,Lower middle income,Substitution-only,1.1868413653964138,3.7467925411586154,-2.5599511757621984,-3.1086244689504383e-15
Figure 5 sex-specific support,Occupation (ISCO-2),SGP,Singapore,High income,Augmentation-only,-0.7639277451102444,-0.6636999145101954,-0.10022783060004908,5.551115123125783e-17
Figure 5 sex-specific support,Occupation (ISCO-2),SGP,Singapore,High income,Overall exposure,3.0607158528839804,4.258006484320621,-1.1972906314366392,-1.3322676295501878e-15
Figure 5 sex-specific support,Occupation (ISCO-2),SGP,Singapore,High income,Substitution-only,5.705553311017536,5.086517012866933,0.6190362981506061,-2.886579864025407e-15
Figure 5 sex-specific support,Occupation (ISCO-2),SLE,Sierra Leone,Low income,Augmentation-only,-0.17939624210646818,-0.4007737999652737,0.2213775578588055,0
Figure 5 sex-specific support,Occupation (ISCO-2),SLE,Sierra Leone,Low income,Overall exposure,3.3514707013369986,4.358694271017356,-1.007223569680359,1.7763568394002505e-15
Figure 5 sex-specific support,Occupation (ISCO-2),SLE,Sierra Leone,Low income,Substitution-only,2.636455461350577,3.5381653690509642,-0.9017099077003845,-2.6645352591003757e-15
Figure 5 sex-specific support,Occupation (ISCO-2),SLV,El Salvador,Upper middle income,Augmentation-only,-0.39007548864666736,-0.4485652396941376,0.058489751047470374,-1.457167719820518e-16
Figure 5 sex-specific support,Occupation (ISCO-2),SLV,El Salvador,Upper middle income,Overall exposure,6.098889489890468,3.890184624687828,2.20870486520264,0
Figure 5 sex-specific support,Occupation (ISCO-2),SLV,El Salvador,Upper middle income,Substitution-only,4.942486856514143,4.594555769732552,0.34793108678159296,-2.1649348980190553e-15
Figure 5 sex-specific support,Occupation (ISCO-2),SOM,"Somalia, Fed. Rep.",Low income,Augmentation-only,-0.04928515507953689,-0.2610957382557697,0.21181058317623283,-2.7755575615628914e-17
Figure 5 sex-specific support,Occupation (ISCO-2),SOM,"Somalia, Fed. Rep.",Low income,Overall exposure,0.3996884800152495,1.5675056533847047,-1.167817173369452,-3.1086244689504383e-15
Figure 5 sex-specific support,Occupation (ISCO-2),SOM,"Somalia, Fed. Rep.",Low income,Substitution-only,0.34269110088267407,1.6087509674904241,-1.2660598666077507,6.661338147750939e-16
Figure 5 sex-specific support,Occupation (ISCO-2),SRB,Serbia,Upper middle income,Augmentation-only,-0.02805537342344921,0.038300215320572394,-0.06635558874402132,-2.7755575615628914e-16
Figure 5 sex-specific support,Occupation (ISCO-2),SRB,Serbia,Upper middle income,Overall exposure,2.262781586000588,2.3430595021740923,-0.08027791617350219,-2.1371793224034263e-15
Figure 5 sex-specific support,Occupation (ISCO-2),SRB,Serbia,Upper middle income,Substitution-only,2.349558770384594,2.044482483956749,0.3050762864278467,-1.5543122344752192e-15
Figure 5 sex-specific support,Occupation (ISCO-2),SVK,Slovak Republic,High income,Augmentation-only,0.11527305732494009,-0.1664186836906099,0.2816917410155494,5.551115123125783e-16
Figure 5 sex-specific support,Occupation (ISCO-2),SVK,Slovak Republic,High income,Overall exposure,3.4050933854112078,4.5100841377116465,-1.1049907523004316,-7.105427357601002e-15
Figure 5 sex-specific support,Occupation (ISCO-2),SVK,Slovak Republic,High income,Substitution-only,4.258097730028067,4.191116744648048,0.06698098538002001,-1.4988010832439613e-15
Figure 5 sex-specific support,Occupation (ISCO-2),SWE,Sweden,High income,Augmentation-only,0.47087597604225107,-0.04537264198159141,0.5162486180238425,0
Figure 5 sex-specific support,Occupation (ISCO-2),SWE,Sweden,High income,Overall exposure,-4.215990563031256,-1.8344152932731195,-2.3815752697581383,1.7763568394002505e-15
Figure 5 sex-specific support,Occupation (ISCO-2),SWE,Sweden,High income,Substitution-only,-1.8344158304600315,-0.6439892003636143,-1.1904266300964166,-6.661338147750939e-16
Figure 5 sex-specific support,Occupation (ISCO-2),TGO,Togo,Low income,Augmentation-only,-0.6340319002223229,-0.7316746107609847,0.09764271053866186,-5.551115123125783e-17
Figure 5 sex-specific support,Occupation (ISCO-2),TGO,Togo,Low income,Overall exposure,4.332967814266441,5.661006025662079,-1.3280382113956382,0
Figure 5 sex-specific support,Occupation (ISCO-2),TGO,Togo,Low income,Substitution-only,3.5506889734053217,5.614139516463961,-2.0634505430586376,-1.7763568394002505e-15
Figure 5 sex-specific support,Occupation (ISCO-2),THA,Thailand,Upper middle income,Augmentation-only,-1.9288171833039148e-4,-0.15211082337202197,0.1519179416536916,-2.7755575615628914e-17
Figure 5 sex-specific support,Occupation (ISCO-2),THA,Thailand,Upper middle income,Overall exposure,4.298299358748591,4.32669449305444,-0.028395134305850236,1.4016565685892601e-15
Figure 5 sex-specific support,Occupation (ISCO-2),THA,Thailand,Upper middle income,Substitution-only,3.6903959013754126,3.6313626261815832,0.05903327519382821,1.186550857568136e-15
Figure 5 sex-specific support,Occupation (ISCO-2),TUN,Tunisia,Lower middle income,Augmentation-only,0.2963011686689752,0.007566078194765789,0.28873509047420925,1.6653345369377348e-16
Figure 5 sex-specific support,Occupation (ISCO-2),TUN,Tunisia,Lower middle income,Overall exposure,6.102692593149348,4.0562962413298544,2.046396351819495,-1.7763568394002505e-15
Figure 5 sex-specific support,Occupation (ISCO-2),TUN,Tunisia,Lower middle income,Substitution-only,4.574932876092149,3.7268226310102346,0.8481102450819137,3.3306690738754696e-16
Figure 5 sex-specific support,Occupation (ISCO-2),TUR,Turkiye,Upper middle income,Augmentation-only,0.25992542752969894,0.20363857058662016,0.05628685694307863,1.457167719820518e-16
Figure 5 sex-specific support,Occupation (ISCO-2),TUR,Turkiye,Upper middle income,Overall exposure,-1.203034355594254,-0.5037193553038758,-0.6993150002903786,4.440892098500626e-16
Figure 5 sex-specific support,Occupation (ISCO-2),TUR,Turkiye,Upper middle income,Substitution-only,-0.4065228341175291,-0.24676374826578734,-0.1597590858517416,-1.6653345369377348e-16
Figure 5 sex-specific support,Occupation (ISCO-2),TZA,Tanzania,Lower middle income,Augmentation-only,0.016334112213765125,0.0441839650473606,-0.027849852833595472,-3.469446951953614e-18
Figure 5 sex-specific support,Occupation (ISCO-2),TZA,Tanzania,Lower middle income,Overall exposure,-0.6137297617093787,-0.17579838665014014,-0.4379313750592384,-1.1102230246251565e-16
Figure 5 sex-specific support,Occupation (ISCO-2),TZA,Tanzania,Lower middle income,Substitution-only,-0.4355703314867798,-0.06828344078668735,-0.36728689070009246,0
Figure 5 sex-specific support,Occupation (ISCO-2),UGA,Uganda,Low income,Augmentation-only,-0.06305644000535043,-0.21096292558484608,0.14790648557949562,2.7755575615628914e-17
Figure 5 sex-specific support,Occupation (ISCO-2),UGA,Uganda,Low income,Overall exposure,2.195554927852789,3.017491743654527,-0.8219368158017395,1.3322676295501878e-15
Figure 5 sex-specific support,Occupation (ISCO-2),UGA,Uganda,Low income,Substitution-only,1.6856176819318833,2.6203363069595826,-0.9347186250276966,-2.6645352591003757e-15
Figure 5 sex-specific support,Occupation (ISCO-2),USA,United States,High income,Augmentation-only,0.40772568438644224,0.15024281979507456,0.2574828645913675,2.220446049250313e-16
Figure 5 sex-specific support,Occupation (ISCO-2),USA,United States,High income,Overall exposure,-0.4602798817509486,0.7953295925850917,-1.2556094743360404,0
Figure 5 sex-specific support,Occupation (ISCO-2),USA,United States,High income,Substitution-only,0.4328271260698039,0.7185161925691403,-0.2856890664993353,-1.1657341758564144e-15
Figure 5 sex-specific support,Occupation (ISCO-2),VNM,Viet Nam,Lower middle income,Augmentation-only,-0.024581087096593672,-0.07895110920142281,0.05437002210482908,6.245004513516506e-17
Figure 5 sex-specific support,Occupation (ISCO-2),VNM,Viet Nam,Lower middle income,Overall exposure,4.733788339862888,4.1498636047519355,0.5839247351109517,5.551115123125783e-16
Figure 5 sex-specific support,Occupation (ISCO-2),VNM,Viet Nam,Lower middle income,Substitution-only,3.4179080939318345,3.1173058102716826,0.30060228366015235,-4.996003610813204e-16
Figure 5 sex-specific support,Occupation (ISCO-2),ZMB,Zambia,Lower middle income,Augmentation-only,-0.12152458307655546,-0.30255707664495574,0.18103249356840037,-8.326672684688674e-17
Figure 5 sex-specific support,Occupation (ISCO-2),ZMB,Zambia,Lower middle income,Overall exposure,4.841548195137489,4.8157574950597395,0.025790700077753588,-4.28129753871076e-15
Figure 5 sex-specific support,Occupation (ISCO-2),ZMB,Zambia,Lower middle income,Substitution-only,4.001517027769243,4.485573530187573,-0.4840565024183274,-3.3861802251067274e-15
Figure 5 sex-specific support,Occupation (ISCO-2),ZWE,Zimbabwe,Lower middle income,Augmentation-only,0.3756781881761345,0.22448401830466133,0.15119416987147327,-8.326672684688674e-17
Figure 5 sex-specific support,Occupation (ISCO-2),ZWE,Zimbabwe,Lower middle income,Overall exposure,4.085799924005143,1.5861497927475618,2.4996501312575825,-8.881784197001252e-16
Figure 5 sex-specific support,Occupation (ISCO-2),ZWE,Zimbabwe,Lower middle income,Substitution-only,2.0062800733410278,0.37459709804022523,1.6316829753008035,-1.1102230246251565e-15
Figure 5 sex-specific support,Industry (ISIC-2),AGO,Angola,Lower middle income,Augmentation-only,-0.33692814185607606,-1.0280273411862102,0.6910991993301336,4.440892098500626e-16
Figure 5 sex-specific support,Industry (ISIC-2),AGO,Angola,Lower middle income,Overall exposure,0.7337661051609665,1.9053586918475174,-1.1715925866865493,-1.5543122344752192e-15
Figure 5 sex-specific support,Industry (ISIC-2),AGO,Angola,Lower middle income,Substitution-only,1.1675352417373701,2.7807823771746714,-1.6132471354373017,4.440892098500626e-16
Figure 5 sex-specific support,Industry (ISIC-2),ARE,United Arab Emirates,High income,Augmentation-only,-1.013541308192326,-0.4413537711697673,-0.5721875370225589,2.220446049250313e-16
Figure 5 sex-specific support,Industry (ISIC-2),ARE,United Arab Emirates,High income,Overall exposure,-1.8087844663939352,-0.5112572855785124,-1.2975271808154099,-1.2878587085651816e-14
Figure 5 sex-specific support,Industry (ISIC-2),ARE,United Arab Emirates,High income,Substitution-only,-4.361587898879349,-3.16474846224541,-1.1968394366339365,-2.4424906541753444e-15
Figure 5 sex-specific support,Industry (ISIC-2),ARG,Argentina,Upper middle income,Augmentation-only,-1.13143679003648,-0.746575890192543,-0.3848608998439367,-2.220446049250313e-16
Figure 5 sex-specific support,Industry (ISIC-2),ARG,Argentina,Upper middle income,Overall exposure,-1.183681234065561,-1.3620484540105409,0.17836721994497728,2.6645352591003757e-15
Figure 5 sex-specific support,Industry (ISIC-2),ARG,Argentina,Upper middle income,Substitution-only,-1.3048959376440334,-1.4912747691851023,0.1863788315410661,2.7200464103316335e-15
Figure 5 sex-specific support,Industry (ISIC-2),AUS,Australia,High income,Augmentation-only,-1.569789144164458,-0.9733484815410274,-0.5964406626234302,-4.440892098500626e-16
Figure 5 sex-specific support,Industry (ISIC-2),AUS,Australia,High income,Overall exposure,-5.456455844714929,-2.7143824590106838,-2.742073385704231,-1.4210854715202004e-14
Figure 5 sex-specific support,Industry (ISIC-2),AUS,Australia,High income,Substitution-only,-3.139938806228991,-1.6232922896862942,-1.5166465165426948,-1.9984014443252818e-15
Figure 5 sex-specific support,Industry (ISIC-2),AUT,Austria,High income,Augmentation-only,-1.396813621935133,-0.6189812721241759,-0.7778323498109565,-6.661338147750939e-16
Figure 5 sex-specific support,Industry (ISIC-2),AUT,Austria,High income,Overall exposure,-4.921066497606264,-2.0820392876908342,-2.8390272099154257,-4.440892098500626e-15
Figure 5 sex-specific support,Industry (ISIC-2),AUT,Austria,High income,Substitution-only,-2.0054431921425215,-1.7304812980671858,-0.2749618940753375,1.7208456881689926e-15
Figure 5 sex-specific support,Industry (ISIC-2),BEL,Belgium,High income,Augmentation-only,-0.4371789330268363,-0.6290236398927044,0.1918447068658671,9.71445146547012e-16
Figure 5 sex-specific support,Industry (ISIC-2),BEL,Belgium,High income,Overall exposure,-7.661704848024598,-5.090082313350819,-2.571622534673779,-4.440892098500626e-16
Figure 5 sex-specific support,Industry (ISIC-2),BEL,Belgium,High income,Substitution-only,-5.207272843800109,-4.0324993666070155,-1.1747734771930896,-3.552713678800501e-15
Figure 5 sex-specific support,Industry (ISIC-2),BFA,Burkina Faso,Low income,Augmentation-only,-1.123787788706506,-1.6286019413191317,0.5048141526126251,6.661338147750939e-16
Figure 5 sex-specific support,Industry (ISIC-2),BFA,Burkina Faso,Low income,Overall exposure,3.1797572260285194,5.249681163873904,-2.0699239378453806,-3.552713678800501e-15
Figure 5 sex-specific support,Industry (ISIC-2),BFA,Burkina Faso,Low income,Substitution-only,3.6434682116475714,6.929293971212398,-3.28582575956482,-6.661338147750939e-15
Figure 5 sex-specific support,Industry (ISIC-2),BGD,Bangladesh,Lower middle income,Augmentation-only,0.31374824680577323,0.19458340833207477,0.1191648384736992,-7.355227538141662e-16
Figure 5 sex-specific support,Industry (ISIC-2),BGD,Bangladesh,Lower middle income,Overall exposure,-6.771978576475467,-2.680770333165911,-4.091208243309544,-1.1546319456101628e-14
Figure 5 sex-specific support,Industry (ISIC-2),BGD,Bangladesh,Lower middle income,Substitution-only,-2.529834215767208,-3.818782895174619,1.2889486794074143,-3.1086244689504383e-15
Figure 5 sex-specific support,Industry (ISIC-2),BGR,Bulgaria,High income,Augmentation-only,-1.26424013586061,-1.1447967053702215,-0.11944343049038746,-9.575673587391975e-16
Figure 5 sex-specific support,Industry (ISIC-2),BGR,Bulgaria,High income,Overall exposure,0.1974693360312105,1.0485238732910835,-0.8510545372598717,-1.3322676295501878e-15
Figure 5 sex-specific support,Industry (ISIC-2),BGR,Bulgaria,High income,Substitution-only,1.3142631762865844,1.7806801401936125,-0.4664169639070281,-5.551115123125783e-17
Figure 5 sex-specific support,Industry (ISIC-2),BLR,Belarus,Upper middle income,Augmentation-only,-1.4910590411150402,-0.9911484968846569,-0.499910544230383,-2.7755575615628914e-16
Figure 5 sex-specific support,Industry (ISIC-2),BLR,Belarus,Upper middle income,Overall exposure,-2.5075602950057676,-0.40525376982405303,-2.102306525181716,1.3322676295501878e-15
Figure 5 sex-specific support,Industry (ISIC-2),BLR,Belarus,Upper middle income,Substitution-only,-1.9164300784600354,-0.13039614472604175,-1.7860339337339945,8.881784197001252e-16
Figure 5 sex-specific support,Industry (ISIC-2),BOL,Bolivia,Lower middle income,Augmentation-only,-1.0020461231175328,-1.1456855278222944,0.14363940470476239,-8.326672684688674e-16
Figure 5 sex-specific support,Industry (ISIC-2),BOL,Bolivia,Lower middle income,Overall exposure,0.06234453178646011,1.3249846608037141,-1.2626401290172533,-6.661338147750939e-16
Figure 5 sex-specific support,Industry (ISIC-2),BOL,Bolivia,Lower middle income,Substitution-only,1.6814127324528798,2.3702492697397246,-0.6888365372868432,-1.5543122344752192e-15
Figure 5 sex-specific support,Industry (ISIC-2),BRA,Brazil,Upper middle income,Augmentation-only,-1.0424421918353781,-0.7386877061452112,-0.3037544856901678,8.326672684688674e-16
Figure 5 sex-specific support,Industry (ISIC-2),BRA,Brazil,Upper middle income,Overall exposure,-2.0779789249341487,-1.9353597372143925,-0.1426191877197537,-2.525757381022231e-15
Figure 5 sex-specific support,Industry (ISIC-2),BRA,Brazil,Upper middle income,Substitution-only,-1.8521186092025748,-1.3319311021522289,-0.5201875070503438,-2.1094237467877974e-15
Figure 5 sex-specific support,Industry (ISIC-2),CHE,Switzerland,High income,Augmentation-only,-0.46643326585353695,-0.7011829927766106,0.23474972692307278,8.326672684688674e-16
Figure 5 sex-specific support,Industry (ISIC-2),CHE,Switzerland,High income,Overall exposure,-6.803879885357489,-4.3227928137958695,-2.4810870715616278,8.43769498715119e-15
Figure 5 sex-specific support,Industry (ISIC-2),CHE,Switzerland,High income,Substitution-only,-3.443640791424007,-2.183372564162004,-1.2602682272620045,1.5543122344752192e-15
Figure 5 sex-specific support,Industry (ISIC-2),CHL,Chile,High income,Augmentation-only,-2.8446090090600107,-1.241039319095285,-1.6035696899647243,-1.3322676295501878e-15
Figure 5 sex-specific support,Industry (ISIC-2),CHL,Chile,High income,Overall exposure,-2.9880586919877357,-0.3511592303604836,-2.6368994616272516,-4.440892098500626e-16
Figure 5 sex-specific support,Industry (ISIC-2),CHL,Chile,High income,Substitution-only,0.3270605538340343,0.09881587020432121,0.22824468362971145,1.6653345369377348e-15
Figure 5 sex-specific support,Industry (ISIC-2),COL,Colombia,Upper middle income,Augmentation-only,-0.8316854379178428,-0.9258753759794005,0.0941899380615581,-3.7470027081099033e-16
Figure 5 sex-specific support,Industry (ISIC-2),COL,Colombia,Upper middle income,Overall exposure,-1.0008123558842745,-0.9701023934486653,-0.030709962435599477,-9.717920912422073e-15
Figure 5 sex-specific support,Industry (ISIC-2),COL,Colombia,Upper middle income,Substitution-only,1.2137282159456217,0.5105793337161153,0.7031488822295069,-4.440892098500626e-16
Figure 5 sex-specific support,Industry (ISIC-2),CRI,Costa Rica,High income,Augmentation-only,-0.7412781414588849,-0.7412442675529896,-3.3873905894033635e-5,-1.3426759704060487e-15
Figure 5 sex-specific support,Industry (ISIC-2),CRI,Costa Rica,High income,Overall exposure,-2.15149489259295,-2.439124838021948,0.28762994542900217,-4.052314039881821e-15
Figure 5 sex-specific support,Industry (ISIC-2),CRI,Costa Rica,High income,Substitution-only,-0.39304108000802096,-1.2807096049704796,0.8876685249624596,-9.992007221626409e-16
Figure 5 sex-specific support,Industry (ISIC-2),CZE,Czechia,High income,Augmentation-only,-0.9295013128426863,-0.806927498529601,-0.12257381431308555,2.0816681711721685e-16
Figure 5 sex-specific support,Industry (ISIC-2),CZE,Czechia,High income,Overall exposure,-2.6715999852350807,-1.3078014202768782,-1.3637985649581998,-2.6645352591003757e-15
Figure 5 sex-specific support,Industry (ISIC-2),CZE,Czechia,High income,Substitution-only,-2.4540624837365987,-0.7537216995872581,-1.7003407841493439,3.1086244689504383e-15
Figure 5 sex-specific support,Industry (ISIC-2),DEU,Germany,High income,Augmentation-only,-0.6533025558840676,-0.5188837553847598,-0.1344188004993078,2.7755575615628914e-17
Figure 5 sex-specific support,Industry (ISIC-2),DEU,Germany,High income,Overall exposure,-8.157469168907571,-3.8306254602672962,-4.326843708640274,-1.7763568394002505e-15
Figure 5 sex-specific support,Industry (ISIC-2),DEU,Germany,High income,Substitution-only,-5.054397914044794,-3.0126502339806973,-2.0417476800640975,4.440892098500626e-16
Figure 5 sex-specific support,Industry (ISIC-2),DNK,Denmark,High income,Augmentation-only,-0.1623302824315445,-0.6751822889193358,0.5128520064877915,-1.1102230246251565e-16
Figure 5 sex-specific support,Industry (ISIC-2),DNK,Denmark,High income,Overall exposure,-9.574196176904026,-6.683603027818998,-2.89059314908504,1.199040866595169e-14
Figure 5 sex-specific support,Industry (ISIC-2),DNK,Denmark,High income,Substitution-only,-5.046915652622267,-4.026870249585703,-1.0200454030365642,4.440892098500626e-16
Figure 5 sex-specific support,Industry (ISIC-2),DOM,Dominican Republic,Upper middle income,Augmentation-only,-1.8869106753596074,-0.81740971028832,-1.0695009650712883,8.881784197001252e-16
Figure 5 sex-specific support,Industry (ISIC-2),DOM,Dominican Republic,Upper middle income,Overall exposure,0.9764668496678973,0.5934249861149442,0.38304186355294795,5.162537064506978e-15
Figure 5 sex-specific support,Industry (ISIC-2),DOM,Dominican Republic,Upper middle income,Substitution-only,4.17035606717508,1.7930164011200338,2.3773396660550454,4.440892098500626e-16
Figure 5 sex-specific support,Industry (ISIC-2),ECU,Ecuador,Upper middle income,Augmentation-only,-1.8496379130297678,-0.794074583549339,-1.0555633294804292,4.440892098500626e-16
Figure 5 sex-specific support,Industry (ISIC-2),ECU,Ecuador,Upper middle income,Overall exposure,-0.3767149135643419,0.33870461870351504,-0.715419532267855,-1.887379141862766e-15
Figure 5 sex-specific support,Industry (ISIC-2),ECU,Ecuador,Upper middle income,Substitution-only,1.9748914865943865,1.0278026637757154,0.9470888228186704,7.771561172376096e-16
Figure 5 sex-specific support,Industry (ISIC-2),EGY,"Egypt, Arab Rep.",Lower middle income,Augmentation-only,-1.2010133880819185,-0.30441981569108495,-0.8965935723908339,3.3306690738754696e-16
Figure 5 sex-specific support,Industry (ISIC-2),EGY,"Egypt, Arab Rep.",Lower middle income,Overall exposure,0.6864879864304514,0.07803158076842344,0.6084564056620303,-2.3314683517128287e-15
Figure 5 sex-specific support,Industry (ISIC-2),EGY,"Egypt, Arab Rep.",Lower middle income,Substitution-only,-1.293385237248366,-2.3986977514225925,1.1053125141742266,-2.220446049250313e-16
Figure 5 sex-specific support,Industry (ISIC-2),ESP,Spain,High income,Augmentation-only,-0.26581580253756987,-0.6286174422276265,0.36280163969005547,1.1657341758564144e-15
Figure 5 sex-specific support,Industry (ISIC-2),ESP,Spain,High income,Overall exposure,-3.7477074688042973,-2.628301606847817,-1.1194058619564797,-6.661338147750939e-16
Figure 5 sex-specific support,Industry (ISIC-2),ESP,Spain,High income,Substitution-only,-2.4860225952873867,-1.8216868818509149,-0.6643357134364676,-4.218847493575595e-15
Figure 5 sex-specific support,Industry (ISIC-2),FIN,Finland,High income,Augmentation-only,-1.6546404744519037,-0.8711524904745247,-0.7834879839773782,-7.771561172376096e-16
Figure 5 sex-specific support,Industry (ISIC-2),FIN,Finland,High income,Overall exposure,-11.122771437544024,-6.960036063125028,-4.1627353744189985,2.6645352591003757e-15
Figure 5 sex-specific support,Industry (ISIC-2),FIN,Finland,High income,Substitution-only,-5.3714478021076015,-3.9710104025952355,-1.4004373995123665,4.440892098500626e-16
Figure 5 sex-specific support,Industry (ISIC-2),FRA,France,High income,Augmentation-only,-0.499571834213521,-0.5178256129120825,0.018253778698561658,-1.734723475976807e-16
Figure 5 sex-specific support,Industry (ISIC-2),FRA,France,High income,Overall exposure,-5.113377087470007,-3.2761677741049002,-1.8372093133651088,1.9984014443252818e-15
Figure 5 sex-specific support,Industry (ISIC-2),FRA,France,High income,Substitution-only,-3.9546121439456883,-2.497976331718604,-1.4566358122270806,-3.552713678800501e-15
Figure 5 sex-specific support,Industry (ISIC-2),GBR,United Kingdom,High income,Augmentation-only,-0.24487278151111322,-0.7629647250705489,0.5180919435594361,-4.440892098500626e-16
Figure 5 sex-specific support,Industry (ISIC-2),GBR,United Kingdom,High income,Overall exposure,-6.147893572639109,-4.834095738013371,-1.3137978346257428,4.440892098500626e-15
Figure 5 sex-specific support,Industry (ISIC-2),GBR,United Kingdom,High income,Substitution-only,-3.921244341253181,-2.7310786389657244,-1.1901657022874574,8.881784197001252e-16
Figure 5 sex-specific support,Industry (ISIC-2),GRC,Greece,High income,Augmentation-only,-1.0190853337673944,-0.557283531744799,-0.46180180202259435,-9.992007221626409e-16
Figure 5 sex-specific support,Industry (ISIC-2),GRC,Greece,High income,Overall exposure,-1.7393994137497841,-1.0746076850946735,-0.6647917286551062,-4.440892098500626e-15
Figure 5 sex-specific support,Industry (ISIC-2),GRC,Greece,High income,Substitution-only,-0.35889743331210855,-0.967062105565094,0.6081646722529861,-6.661338147750939e-16
Figure 5 sex-specific support,Industry (ISIC-2),GTM,Guatemala,Upper middle income,Augmentation-only,-0.9182772849826261,-1.0527430400430484,0.13446575506042097,1.3877787807814457e-15
Figure 5 sex-specific support,Industry (ISIC-2),GTM,Guatemala,Upper middle income,Overall exposure,4.672513601796133,3.130144501639022,1.5423691001571151,-3.774758283725532e-15
Figure 5 sex-specific support,Industry (ISIC-2),GTM,Guatemala,Upper middle income,Substitution-only,2.6719649380267714,4.4252526212161465,-1.7532876831893751,0
Figure 5 sex-specific support,Industry (ISIC-2),HND,Honduras,Lower middle income,Augmentation-only,-0.05396106022772176,-1.1748594085111677,1.1208983482834467,-8.881784197001252e-16
Figure 5 sex-specific support,Industry (ISIC-2),HND,Honduras,Lower middle income,Overall exposure,6.8207030246113245,2.77139276444646,4.049310260164861,2.6645352591003757e-15
Figure 5 sex-specific support,Industry (ISIC-2),HND,Honduras,Lower middle income,Substitution-only,5.584621597683878,4.523933613970712,1.0606879837131644,1.3322676295501878e-15
Figure 5 sex-specific support,Industry (ISIC-2),HRV,Croatia,High income,Augmentation-only,-1.6584317000964601,-0.9331566119034862,-0.725275088192975,1.1102230246251565e-15
Figure 5 sex-specific support,Industry (ISIC-2),HRV,Croatia,High income,Overall exposure,0.1103432079424651,0.5337345534584877,-0.42339134551602403,1.3877787807814457e-15
Figure 5 sex-specific support,Industry (ISIC-2),HRV,Croatia,High income,Substitution-only,0.6315532172833562,0.2072000919284225,0.4243531253549345,-7.771561172376096e-16
Figure 5 sex-specific support,Industry (ISIC-2),HUN,Hungary,High income,Augmentation-only,-0.7541608666103216,-0.644786216305808,-0.1093746503045131,-4.440892098500626e-16
Figure 5 sex-specific support,Industry (ISIC-2),HUN,Hungary,High income,Overall exposure,-1.9545968962498474,-0.043481040801286036,-1.9111158554485606,-8.881784197001252e-16
Figure 5 sex-specific support,Industry (ISIC-2),HUN,Hungary,High income,Substitution-only,-1.9622269084896606,-0.6146149690261639,-1.3476119394634967,-2.220446049250313e-16
Figure 5 sex-specific support,Industry (ISIC-2),IDN,Indonesia,Upper middle income,Augmentation-only,-1.0298033323640605,-0.9685781316154781,-0.061225200748581954,-4.440892098500626e-16
Figure 5 sex-specific support,Industry (ISIC-2),IDN,Indonesia,Upper middle income,Overall exposure,2.018035962214107,1.5527996634914436,0.46523629872266387,-6.106226635438361e-16
Figure 5 sex-specific support,Industry (ISIC-2),IDN,Indonesia,Upper middle income,Substitution-only,2.2830045980132696,2.299535821340676,-0.016531223327405347,-1.0720591081536668e-15
Figure 5 sex-specific support,Industry (ISIC-2),IND,India,Lower middle income,Augmentation-only,0.5463429240031648,-0.3185129465775463,0.8648558705807106,4.440892098500626e-16
Figure 5 sex-specific support,Industry (ISIC-2),IND,India,Lower middle income,Overall exposure,-0.8586437559914042,1.0048905033507496,-1.8635342593421536,-2.220446049250313e-16
Figure 5 sex-specific support,Industry (ISIC-2),IND,India,Lower middle income,Substitution-only,0.8830930258205071,0.810276057659943,0.07281696816056388,1.6653345369377348e-16
Figure 5 sex-specific support,Industry (ISIC-2),IRL,Ireland,High income,Augmentation-only,-0.8989304190684573,-0.8038831613243187,-0.09504725774413912,5.412337245047638e-16
Figure 5 sex-specific support,Industry (ISIC-2),IRL,Ireland,High income,Overall exposure,-5.699144482732384,-4.008257798511741,-1.6908866842206405,-3.1086244689504383e-15
Figure 5 sex-specific support,Industry (ISIC-2),IRL,Ireland,High income,Substitution-only,-3.4319851546402598,-2.3310806518093625,-1.100904502830899,1.7763568394002505e-15
Figure 5 sex-specific support,Industry (ISIC-2),IRN,"Iran, Islamic Rep.",Upper middle income,Augmentation-only,0.1385140222683321,-0.578461860882829,0.7169758831511609,2.220446049250313e-16
Figure 5 sex-specific support,Industry (ISIC-2),IRN,"Iran, Islamic Rep.",Upper middle income,Overall exposure,0.385474233690266,0.35974893712540396,0.025725296564861756,2.983724378680108e-16
Figure 5 sex-specific support,Industry (ISIC-2),IRN,"Iran, Islamic Rep.",Upper middle income,Substitution-only,0.4816691541051927,0.20087341486774402,0.280795739237448,6.661338147750939e-16
Figure 5 sex-specific support,Industry (ISIC-2),ISR,Israel,High income,Augmentation-only,0.029745795913833025,-0.7250440049235856,0.7547898008374183,2.220446049250313e-16
Figure 5 sex-specific support,Industry (ISIC-2),ISR,Israel,High income,Overall exposure,-5.220881965259533,-5.172026611701533,-0.048855353558011495,1.119243586700236e-14
Figure 5 sex-specific support,Industry (ISIC-2),ISR,Israel,High income,Substitution-only,-4.106813315257218,-3.504517589113553,-0.6022957261436653,-1.1102230246251565e-16
Figure 5 sex-specific support,Industry (ISIC-2),ITA,Italy,High income,Augmentation-only,-0.7686648011465544,-0.6405196054728904,-0.1281451956736633,-6.938893903907228e-16
Figure 5 sex-specific support,Industry (ISIC-2),ITA,Italy,High income,Overall exposure,-3.924980793732767,-2.4097657491152127,-1.5152150446175496,-4.884981308350689e-15
Figure 5 sex-specific support,Industry (ISIC-2),ITA,Italy,High income,Substitution-only,-3.024624316166136,-2.2170318428207385,-0.8075924733453982,5.551115123125783e-16
Figure 5 sex-specific support,Industry (ISIC-2),JOR,Jordan,Lower middle income,Augmentation-only,-0.5394393597867545,-0.39869589934539745,-0.14074346044135636,-6.938893903907228e-16
Figure 5 sex-specific support,Industry (ISIC-2),JOR,Jordan,Lower middle income,Overall exposure,-2.934067778362178,-3.670929125277668,0.7368613469154893,5.551115123125783e-16
Figure 5 sex-specific support,Industry (ISIC-2),JOR,Jordan,Lower middle income,Substitution-only,-3.386635266146128,-3.8051917171851404,0.41855645103901157,9.43689570931383e-16
Figure 5 sex-specific support,Industry (ISIC-2),JPN,Japan,High income,Augmentation-only,-1.0291335977115499,-0.603152207778016,-0.4259813899335343,4.440892098500626e-16
Figure 5 sex-specific support,Industry (ISIC-2),JPN,Japan,High income,Overall exposure,-6.577737605586869,-4.993498805215878,-1.5842388003709849,-5.995204332975845e-15
Figure 5 sex-specific support,Industry (ISIC-2),JPN,Japan,High income,Substitution-only,-3.1006436894296114,-2.5024340395766904,-0.5982096498529204,-6.661338147750939e-16
Figure 5 sex-specific support,Industry (ISIC-2),KEN,Kenya,Lower middle income,Augmentation-only,0.6941389705385793,-0.6886649905963342,1.3828039611349145,-1.1102230246251565e-15
Figure 5 sex-specific support,Industry (ISIC-2),KEN,Kenya,Lower middle income,Overall exposure,3.847687948452189,1.3512785815325288,2.4964093669196608,-8.881784197001252e-16
Figure 5 sex-specific support,Industry (ISIC-2),KEN,Kenya,Lower middle income,Substitution-only,1.1730160580842341,1.4798130902278115,-0.30679703214357734,0
Figure 5 sex-specific support,Industry (ISIC-2),KGZ,Kyrgyz Republic,Lower middle income,Augmentation-only,-0.8776918408789225,-1.0169969728452402,0.1393051319663168,8.604228440844963e-16
Figure 5 sex-specific support,Industry (ISIC-2),KGZ,Kyrgyz Republic,Lower middle income,Overall exposure,2.870462875656964,0.914246886455839,1.9562159892011302,-4.884981308350689e-15
Figure 5 sex-specific support,Industry (ISIC-2),KGZ,Kyrgyz Republic,Lower middle income,Substitution-only,1.6907890017895628,0.976022896324207,0.7147661054653568,-9.992007221626409e-16
Figure 5 sex-specific support,Industry (ISIC-2),KHM,Cambodia,Lower middle income,Augmentation-only,-0.38709307981911417,-0.7993866773943215,0.4122935975752073,0
Figure 5 sex-specific support,Industry (ISIC-2),KHM,Cambodia,Lower middle income,Overall exposure,3.975251434823884,5.3389072334829875,-1.3636557986591042,8.881784197001252e-16
Figure 5 sex-specific support,Industry (ISIC-2),KHM,Cambodia,Lower middle income,Substitution-only,3.9509367224839167,5.87992269973574,-1.9289859772518247,1.3322676295501878e-15
Figure 5 sex-specific support,Industry (ISIC-2),KOR,"Korea, Rep.",High income,Augmentation-only,-1.0365568576846933,-0.7375993762259125,-0.2989574814587816,8.326672684688674e-16
Figure 5 sex-specific support,Industry (ISIC-2),KOR,"Korea, Rep.",High income,Overall exposure,-4.247020005509547,-4.259775780945664,0.012755775436123995,-6.6058269965196814e-15
Figure 5 sex-specific support,Industry (ISIC-2),KOR,"Korea, Rep.",High income,Substitution-only,-2.778443534707392,-2.753581127310933,-0.024862407396456482,-2.4702462297909733e-15
Figure 5 sex-specific support,Industry (ISIC-2),LKA,Sri Lanka,Lower middle income,Augmentation-only,-0.7747474460413524,-0.6359042292930309,-0.13884321674832142,-2.7755575615628914e-17
Figure 5 sex-specific support,Industry (ISIC-2),LKA,Sri Lanka,Lower middle income,Overall exposure,4.280670132182845,1.5791363417337656,2.701533790449073,6.217248937900877e-15
Figure 5 sex-specific support,Industry (ISIC-2),LKA,Sri Lanka,Lower middle income,Substitution-only,3.874968552405806,2.533539556122048,1.3414289962837582,-4.440892098500626e-16
Figure 5 sex-specific support,Industry (ISIC-2),MDG,Madagascar,Low income,Augmentation-only,-0.033306635010077495,-0.5556983057018285,0.522391670691751,1.1102230246251565e-16
Figure 5 sex-specific support,Industry (ISIC-2),MDG,Madagascar,Low income,Overall exposure,1.1548427969972486,0.9653152597280299,0.1895275372692178,8.604228440844963e-16
Figure 5 sex-specific support,Industry (ISIC-2),MDG,Madagascar,Low income,Substitution-only,1.2984104829621141,1.5742435418828766,-0.2758330589207634,8.881784197001252e-16
Figure 5 sex-specific support,Industry (ISIC-2),MEX,Mexico,Upper middle income,Augmentation-only,-1.037554415960229,-0.7945135704691174,-0.24304084549111113,-4.718447854656915e-16
Figure 5 sex-specific support,Industry (ISIC-2),MEX,Mexico,Upper middle income,Overall exposure,0.6622372396595101,0.2511283590785659,0.41110888058094297,1.2212453270876722e-15
Figure 5 sex-specific support,Industry (ISIC-2),MEX,Mexico,Upper middle income,Substitution-only,0.7821937017351682,1.0186195949894286,-0.23642589325425914,-1.1934897514720433e-15
Figure 5 sex-specific support,Industry (ISIC-2),MMR,Myanmar,Lower middle income,Augmentation-only,-0.1145331190811468,-0.8740705218382131,0.7595374027570663,0
Figure 5 sex-specific support,Industry (ISIC-2),MMR,Myanmar,Lower middle income,Overall exposure,4.584567595128382,4.146017545653642,0.43855004947473947,6.106226635438361e-16
Figure 5 sex-specific support,Industry (ISIC-2),MMR,Myanmar,Lower middle income,Substitution-only,3.7495362943208095,4.585906969361777,-0.8363706750409662,-1.4432899320127035e-15
Figure 5 sex-specific support,Industry (ISIC-2),MWI,Malawi,Low income,Augmentation-only,0.04744263968174094,-0.2619172222757372,0.309359861957478,1.6653345369377348e-16
Figure 5 sex-specific support,Industry (ISIC-2),MWI,Malawi,Low income,Overall exposure,-0.6019185589518071,0.609358396731284,-1.2112769556830907,-4.440892098500626e-16
Figure 5 sex-specific support,Industry (ISIC-2),MWI,Malawi,Low income,Substitution-only,-0.10157594174589737,0.7138104747503666,-0.8153864164962645,5.551115123125783e-16
Figure 5 sex-specific support,Industry (ISIC-2),NGA,Nigeria,Lower middle income,Augmentation-only,-0.5552717138097527,-0.8666400237928895,0.31136830998313714,-3.3306690738754696e-16
Figure 5 sex-specific support,Industry (ISIC-2),NGA,Nigeria,Lower middle income,Overall exposure,2.9911709054012463,2.863674385967442,0.12749651943379986,4.385380947269368e-15
Figure 5 sex-specific support,Industry (ISIC-2),NGA,Nigeria,Lower middle income,Substitution-only,2.7950271172558665,4.365316720147827,-1.5702896028919546,-5.551115123125783e-15
Figure 5 sex-specific support,Industry (ISIC-2),NLD,Netherlands,High income,Augmentation-only,-0.9350134023719036,-0.7361151803639657,-0.19889822200793836,5.273559366969494e-16
Figure 5 sex-specific support,Industry (ISIC-2),NLD,Netherlands,High income,Overall exposure,-10.557647111558696,-7.919841386472124,-2.6378057250865825,1.1102230246251565e-14
Figure 5 sex-specific support,Industry (ISIC-2),NLD,Netherlands,High income,Substitution-only,-5.243049960140912,-4.312650595775943,-0.9303993643649726,3.774758283725532e-15
Figure 5 sex-specific support,Industry (ISIC-2),PAK,Pakistan,Lower middle income,Augmentation-only,1.2423461302858783,-0.1942019515148071,1.4365480818006853,0
Figure 5 sex-specific support,Industry (ISIC-2),PAK,Pakistan,Lower middle income,Overall exposure,0.2105556366509371,-1.3989844702809964,1.6095401069319362,-2.6645352591003757e-15
Figure 5 sex-specific support,Industry (ISIC-2),PAK,Pakistan,Lower middle income,Substitution-only,-1.8278960389757075,-1.7828495102118447,-0.04504652876386281,-2.7755575615628914e-17
Figure 5 sex-specific support,Industry (ISIC-2),PER,Peru,Upper middle income,Augmentation-only,-1.2496798617839529,-1.0159242720778885,-0.23375558970606533,9.71445146547012e-16
Figure 5 sex-specific support,Industry (ISIC-2),PER,Peru,Upper middle income,Overall exposure,1.4912218639192618,0.9367453762618014,0.5544764876574595,8.881784197001252e-16
Figure 5 sex-specific support,Industry (ISIC-2),PER,Peru,Upper middle income,Substitution-only,1.4288972412647427,1.7526550848522564,-0.3237578435875135,-1.6653345369377348e-16
Figure 5 sex-specific support,Industry (ISIC-2),PHL,Philippines,Lower middle income,Augmentation-only,-0.9227913146592065,-1.108669589538602,0.18587827487939518,3.885780586188048e-16
Figure 5 sex-specific support,Industry (ISIC-2),PHL,Philippines,Lower middle income,Overall exposure,6.471788721034586,4.466380023631533,2.005408697403049,3.552713678800501e-15
Figure 5 sex-specific support,Industry (ISIC-2),PHL,Philippines,Lower middle income,Substitution-only,3.2127206969734754,3.7480499593576897,-0.5353292623842151,7.771561172376096e-16
Figure 5 sex-specific support,Industry (ISIC-2),POL,Poland,High income,Augmentation-only,-1.0279273647164269,-0.9217623181775284,-0.10616504653889805,-4.163336342344337e-16
Figure 5 sex-specific support,Industry (ISIC-2),POL,Poland,High income,Overall exposure,-1.8259151290119378,-0.20729236015034772,-1.6186227688615944,4.440892098500626e-15
Figure 5 sex-specific support,Industry (ISIC-2),POL,Poland,High income,Substitution-only,-1.6693454271762427,-0.369869519432463,-1.2994759077437814,1.7763568394002505e-15
Figure 5 sex-specific support,Industry (ISIC-2),PRT,Portugal,High income,Augmentation-only,-0.4100940271059576,-0.8252342549103431,0.4151402278043856,-1.1102230246251565e-16
Figure 5 sex-specific support,Industry (ISIC-2),PRT,Portugal,High income,Overall exposure,-4.960204866151617,-2.9512291520351437,-2.0089757141164704,-3.1086244689504383e-15
Figure 5 sex-specific support,Industry (ISIC-2),PRT,Portugal,High income,Substitution-only,-3.1064240063478397,-1.4117363725837972,-1.6946876337640393,-3.1086244689504383e-15
Figure 5 sex-specific support,Industry (ISIC-2),ROU,Romania,High income,Augmentation-only,-1.1563510362317366,-1.144279731678522,-0.01207130455321511,5.204170427930421e-16
Figure 5 sex-specific support,Industry (ISIC-2),ROU,Romania,High income,Overall exposure,4.9964315250653515,3.4277167877166956,1.5687147373486596,-3.774758283725532e-15
Figure 5 sex-specific support,Industry (ISIC-2),ROU,Romania,High income,Substitution-only,3.109031075581177,3.6141255396213996,-0.5050944640402244,1.9984014443252818e-15
Figure 5 sex-specific support,Industry (ISIC-2),RWA,Rwanda,Low income,Augmentation-only,-0.26578999943014653,-0.8291148757474793,0.563324876317333,-1.1102230246251565e-16
Figure 5 sex-specific support,Industry (ISIC-2),RWA,Rwanda,Low income,Overall exposure,-0.3768530657769754,1.596490675698951,-1.9733437414759274,1.1102230246251565e-15
Figure 5 sex-specific support,Industry (ISIC-2),RWA,Rwanda,Low income,Substitution-only,-0.642663868820939,1.8521663571717795,-2.4948302259927186,4.440892098500626e-16
Figure 5 sex-specific support,Industry (ISIC-2),SEN,Senegal,Lower middle income,Augmentation-only,-1.1710560748912855,-0.7217991821795493,-0.4492568927117363,1.1102230246251565e-16
Figure 5 sex-specific support,Industry (ISIC-2),SEN,Senegal,Lower middle income,Overall exposure,1.8512941949681234,2.9778688309291366,-1.1265746359610143,1.1102230246251565e-15
Figure 5 sex-specific support,Industry (ISIC-2),SEN,Senegal,Lower middle income,Substitution-only,1.6529398606383543,3.076992637495079,-1.4240527768567284,3.552713678800501e-15
Figure 5 sex-specific support,Industry (ISIC-2),SGP,Singapore,High income,Augmentation-only,-0.4948296101340417,-0.5091999533010463,0.01437034316700472,-1.3530843112619095e-16
Figure 5 sex-specific support,Industry (ISIC-2),SGP,Singapore,High income,Overall exposure,-3.5147623585663617,-2.67998890529039,-0.8347734532759717,1.1102230246251565e-16
Figure 5 sex-specific support,Industry (ISIC-2),SGP,Singapore,High income,Substitution-only,-1.879320070791256,-1.2301000484896936,-0.6492200223015632,6.661338147750939e-16
Figure 5 sex-specific support,Industry (ISIC-2),SLV,El Salvador,Upper middle income,Augmentation-only,-1.3947215703563973,-1.0015458960345143,-0.393175674321882,-1.0547118733938987e-15
Figure 5 sex-specific support,Industry (ISIC-2),SLV,El Salvador,Upper middle income,Overall exposure,5.895480809877067,2.516623337198463,3.378857472678602,1.7763568394002505e-15
Figure 5 sex-specific support,Industry (ISIC-2),SLV,El Salvador,Upper middle income,Substitution-only,5.110524573297126,3.693238922256945,1.4172856510401828,-1.7763568394002505e-15
Figure 5 sex-specific support,Industry (ISIC-2),SRB,Serbia,Upper middle income,Augmentation-only,-1.2602484754295475,-0.8093158893477006,-0.4509325860818481,1.1657341758564144e-15
Figure 5 sex-specific support,Industry (ISIC-2),SRB,Serbia,Upper middle income,Overall exposure,-0.5933676964846252,-0.04631131025658189,-0.5470563862280456,2.3314683517128287e-15
Figure 5 sex-specific support,Industry (ISIC-2),SRB,Serbia,Upper middle income,Substitution-only,0.4252507364037682,0.10555121340311385,0.3196995230006532,1.1657341758564144e-15
Figure 5 sex-specific support,Industry (ISIC-2),SVK,Slovak Republic,High income,Augmentation-only,-0.8776431675478632,-0.9133844295765436,0.035741262028680436,6.938893903907228e-18
Figure 5 sex-specific support,Industry (ISIC-2),SVK,Slovak Republic,High income,Overall exposure,-0.5679171803015469,0.5196911807759479,-1.0876083610774923,-2.6645352591003757e-15
Figure 5 sex-specific support,Industry (ISIC-2),SVK,Slovak Republic,High income,Substitution-only,-0.41647367016233217,0.03372135035799224,-0.4501950205203233,-1.1102230246251565e-15
Figure 5 sex-specific support,Industry (ISIC-2),SWE,Sweden,High income,Augmentation-only,-0.6569417562406143,-0.7250363494296482,0.06809459318903373,1.5265566588595902e-16
Figure 5 sex-specific support,Industry (ISIC-2),SWE,Sweden,High income,Overall exposure,-7.621879850887242,-5.322833004238221,-2.2990468466490226,8.881784197001252e-16
Figure 5 sex-specific support,Industry (ISIC-2),SWE,Sweden,High income,Substitution-only,-4.780480267519881,-3.199399373297205,-1.5810808942226786,2.6645352591003757e-15
Figure 5 sex-specific support,Industry (ISIC-2),THA,Thailand,Upper middle income,Augmentation-only,-0.4733906583042939,-0.4717372448243752,-0.0016534134799186125,-9.584347204771859e-17
Figure 5 sex-specific support,Industry (ISIC-2),THA,Thailand,Upper middle income,Overall exposure,2.1414318097808516,1.196448478772826,0.944983331008026,-4.440892098500626e-16
Figure 5 sex-specific support,Industry (ISIC-2),THA,Thailand,Upper middle income,Substitution-only,1.7869964709959698,1.4824121664084295,0.30458430458754016,1.1102230246251565e-16
Figure 5 sex-specific support,Industry (ISIC-2),TUN,Tunisia,Lower middle income,Augmentation-only,-0.6034050684719938,-0.8929283570978491,0.2895232886258563,-9.992007221626409e-16
Figure 5 sex-specific support,Industry (ISIC-2),TUN,Tunisia,Lower middle income,Overall exposure,7.223634359822328,2.9713125477652453,4.252321812057084,-8.881784197001252e-16
Figure 5 sex-specific support,Industry (ISIC-2),TUN,Tunisia,Lower middle income,Substitution-only,4.794566466316552,3.7061078912031693,1.0884585751133784,4.440892098500626e-15
Figure 5 sex-specific support,Industry (ISIC-2),TUR,Turkiye,Upper middle income,Augmentation-only,-0.43267239934662033,-0.40187124007511804,-0.030801159271502003,-2.8449465006019636e-16
Figure 5 sex-specific support,Industry (ISIC-2),TUR,Turkiye,Upper middle income,Overall exposure,-2.7759894870510333,-1.8271615587334464,-0.948827928317587,1.1102230246251565e-16
Figure 5 sex-specific support,Industry (ISIC-2),TUR,Turkiye,Upper middle income,Substitution-only,-1.8714862022593648,-1.4746334628467233,-0.3968527394126426,1.0547118733938987e-15
Figure 5 sex-specific support,Industry (ISIC-2),TZA,Tanzania,Lower middle income,Augmentation-only,-0.14849086632767794,-0.549968319350809,0.4014774530231307,3.885780586188048e-16
Figure 5 sex-specific support,Industry (ISIC-2),TZA,Tanzania,Lower middle income,Overall exposure,-0.29897353237046037,0.707970301584771,-1.0069438339552323,8.881784197001252e-16
Figure 5 sex-specific support,Industry (ISIC-2),TZA,Tanzania,Lower middle income,Substitution-only,0.47482174973374114,0.9288132351295936,-0.45399148539585266,2.220446049250313e-16
Figure 5 sex-specific support,Industry (ISIC-2),UKR,Ukraine,Upper middle income,Augmentation-only,-1.3328925823627993,-1.0590080103279707,-0.27388457203482736,-1.27675647831893e-15
Figure 5 sex-specific support,Industry (ISIC-2),UKR,Ukraine,Upper middle income,Overall exposure,0.08949488754170819,0.09546950118653877,-0.005974613644827764,-2.8171909249863347e-15
Figure 5 sex-specific support,Industry (ISIC-2),UKR,Ukraine,Upper middle income,Substitution-only,0.49086309275436635,0.38381302541174867,0.10705006734261686,8.187894806610529e-16
Figure 5 sex-specific support,Industry (ISIC-2),USA,United States,High income,Augmentation-only,-0.8478086470880823,-0.7119575848691385,-0.1358510622189435,-3.3306690738754696e-16
Figure 5 sex-specific support,Industry (ISIC-2),USA,United States,High income,Overall exposure,-6.504467343697653,-3.8587171327996854,-2.6457502108979503,-1.687538997430238e-14
Figure 5 sex-specific support,Industry (ISIC-2),USA,United States,High income,Substitution-only,-2.9823490375350388,-2.490770734936296,-0.4915783025987447,2.1094237467877974e-15
Figure 5 sex-specific support,Industry (ISIC-2),VNM,Viet Nam,Lower middle income,Augmentation-only,-0.8272234726042059,-0.9744539404308551,0.14723046782664975,-5.828670879282072e-16
Figure 5 sex-specific support,Industry (ISIC-2),VNM,Viet Nam,Lower middle income,Overall exposure,4.865636214684208,3.420889283715899,1.444746930968308,4.440892098500626e-16
Figure 5 sex-specific support,Industry (ISIC-2),VNM,Viet Nam,Lower middle income,Substitution-only,4.833333392475699,4.246581738240323,0.5867516542353788,-3.1086244689504383e-15
Figure 5 sex-specific support,Industry (ISIC-2),ZMB,Zambia,Lower middle income,Augmentation-only,-0.22263225848730922,-0.6532606118207754,0.43062835333346666,-4.440892098500626e-16
Figure 5 sex-specific support,Industry (ISIC-2),ZMB,Zambia,Lower middle income,Overall exposure,0.5393609715310062,0.9458041614979651,-0.4064431899669565,-2.4424906541753444e-15
Figure 5 sex-specific support,Industry (ISIC-2),ZMB,Zambia,Lower middle income,Substitution-only,0.34947824948471584,0.9749745967456036,-0.6254963472608873,-4.440892098500626e-16
Figure 5 sex-specific support,Industry (ISIC-2),ZWE,Zimbabwe,Lower middle income,Augmentation-only,-2.216880301434061,-1.6120321819064374,-0.6048481195276237,1.1102230246251565e-16
Figure 5 sex-specific support,Industry (ISIC-2),ZWE,Zimbabwe,Lower middle income,Overall exposure,-0.1436246236141127,0.06024194825210573,-0.20386657186621798,-4.440892098500626e-16
Figure 5 sex-specific support,Industry (ISIC-2),ZWE,Zimbabwe,Lower middle income,Substitution-only,0.4935459362416424,0.9917785513944738,-0.49823261515283224,8.326672684688674e-16
Figure 5 support; employment-weighted reference,Occupation (ISCO-2),AFG,Afghanistan,Low income,Augmentation-only,-0.010462842015061192,0.04980913210566026,-0.06027197412072136,-9.020562075079397e-17
Figure 5 support; employment-weighted reference,Occupation (ISCO-2),AFG,Afghanistan,Low income,Overall exposure,-1.5678786767089994,-1.735811656976499,0.16793298026749867,9.159339953157541e-16
Figure 5 support; employment-weighted reference,Occupation (ISCO-2),AFG,Afghanistan,Low income,Substitution-only,-1.0443668597249909,-1.7132516702306522,0.6688848105056591,2.220446049250313e-15
Figure 5 support; employment-weighted reference,Occupation (ISCO-2),AGO,Angola,Lower middle income,Augmentation-only,-0.37632882914090915,-0.7211062694734032,0.344777440332494,0
Figure 5 support; employment-weighted reference,Occupation (ISCO-2),AGO,Angola,Lower middle income,Overall exposure,4.378992095036156,3.8042913242323353,0.5747007708038215,-7.771561172376096e-16
Figure 5 support; employment-weighted reference,Occupation (ISCO-2),AGO,Angola,Lower middle income,Substitution-only,4.401596231887219,5.047432780419511,-0.6458365485322967,4.9960036108132044e-15
Figure 5 support; employment-weighted reference,Occupation (ISCO-2),ARE,United Arab Emirates,High income,Augmentation-only,0.09324185256489717,0.01941334453154911,0.07382850803334817,-1.1102230246251565e-16
Figure 5 support; employment-weighted reference,Occupation (ISCO-2),ARE,United Arab Emirates,High income,Overall exposure,0.789499167391553,1.1725167084855943,-0.38301754109404196,6.661338147750939e-16
Figure 5 support; employment-weighted reference,Occupation (ISCO-2),ARE,United Arab Emirates,High income,Substitution-only,3.9993377371433434,2.6133237040931507,1.3860140330501924,2.220446049250313e-16
Figure 5 support; employment-weighted reference,Occupation (ISCO-2),ARG,Argentina,Upper middle income,Augmentation-only,0.12269733000997723,0.15501578833121815,-0.032318458321240986,6.938893903907228e-17
Figure 5 support; employment-weighted reference,Occupation (ISCO-2),ARG,Argentina,Upper middle income,Overall exposure,1.2210829001699235,1.0419490692857627,0.17913383088416016,6.38378239159465e-16
Figure 5 support; employment-weighted reference,Occupation (ISCO-2),ARG,Argentina,Upper middle income,Substitution-only,1.9869128064421053,1.7197887099497116,0.2671240964923929,8.881784197001252e-16
Figure 5 support; employment-weighted reference,Occupation (ISCO-2),AUS,Australia,High income,Augmentation-only,0.05377923755615914,0.04876094768732185,0.005018289868837088,2.0122792321330962e-16
Figure 5 support; employment-weighted reference,Occupation (ISCO-2),AUS,Australia,High income,Overall exposure,0.2858023666442927,2.2734031917941153,-1.987600825149822,-6.661338147750939e-16
Figure 5 support; employment-weighted reference,Occupation (ISCO-2),AUS,Australia,High income,Substitution-only,1.6561553049397553,2.241310264985674,-0.5851549600459224,3.4416913763379853e-15
Figure 5 support; employment-weighted reference,Occupation (ISCO-2),AUT,Austria,High income,Augmentation-only,-0.5072222415681398,-0.3670738444146133,-0.14014839715352662,1.6653345369377348e-16
Figure 5 support; employment-weighted reference,Occupation (ISCO-2),AUT,Austria,High income,Overall exposure,-0.35431713495409733,1.3326280718647052,-1.6869452068188058,3.1086244689504383e-15
Figure 5 support; employment-weighted reference,Occupation (ISCO-2),AUT,Austria,High income,Substitution-only,3.3088996698493474,3.535612773247489,-0.226713103398138,-3.774758283725532e-15
Figure 5 support; employment-weighted reference,Occupation (ISCO-2),BDI,Burundi,Low income,Augmentation-only,0.09997005905545363,0.3083170971249556,-0.20834703806950225,3.0531133177191805e-16
Figure 5 support; employment-weighted reference,Occupation (ISCO-2),BDI,Burundi,Low income,Overall exposure,1.108277411126394,0.4439657600533078,0.6643116510730862,0
Figure 5 support; employment-weighted reference,Occupation (ISCO-2),BDI,Burundi,Low income,Substitution-only,0.5998350032620434,-0.858683599467305,1.4585186027293475,8.881784197001252e-16
Figure 5 support; employment-weighted reference,Occupation (ISCO-2),BEL,Belgium,High income,Augmentation-only,-0.2809900943670351,-0.24697957179111574,-0.03401052257591934,-1.3877787807814457e-17
Figure 5 support; employment-weighted reference,Occupation (ISCO-2),BEL,Belgium,High income,Overall exposure,-1.4710773619658775,-0.13822236558679601,-1.3328549963790821,6.661338147750939e-16
Figure 5 support; employment-weighted reference,Occupation (ISCO-2),BEL,Belgium,High income,Substitution-only,2.1073492036768937,2.0763840630467576,0.030965140630134953,1.1587952819525071e-15
Figure 5 support; employment-weighted reference,Occupation (ISCO-2),BEN,Benin,Lower middle income,Augmentation-only,-0.6930405266509782,-0.6293043179864771,-0.0637362086645009,-1.249000902703301e-16
Figure 5 support; employment-weighted reference,Occupation (ISCO-2),BEN,Benin,Lower middle income,Overall exposure,6.049861299454843,5.639838798902224,0.410022500552621,-1.5543122344752192e-15
Figure 5 support; employment-weighted reference,Occupation (ISCO-2),BEN,Benin,Lower middle income,Substitution-only,4.527550550323269,5.5578575743980325,-1.0303070240747594,-3.774758283725532e-15
Figure 5 support; employment-weighted reference,Occupation (ISCO-2),BFA,Burkina Faso,Low income,Augmentation-only,-0.1779736253976245,-0.5837164861513968,0.40574286075377236,-5.551115123125783e-17
Figure 5 support; employment-weighted reference,Occupation (ISCO-2),BFA,Burkina Faso,Low income,Overall exposure,2.3345291797323147,2.4371681840267385,-0.10263900429442141,-2.4424906541753444e-15
Figure 5 support; employment-weighted reference,Occupation (ISCO-2),BFA,Burkina Faso,Low income,Substitution-only,1.9246979390058243,3.3346450182505283,-1.4099470792447004,-3.552713678800501e-15
Figure 5 support; employment-weighted reference,Occupation (ISCO-2),BGD,Bangladesh,Lower middle income,Augmentation-only,-0.20844721786038112,0.9123067580346469,-1.1207539758950276,-4.440892098500626e-16
Figure 5 support; employment-weighted reference,Occupation (ISCO-2),BGD,Bangladesh,Lower middle income,Overall exposure,-5.492897104380189,-6.6639797297953605,1.1710826254151714,0
Figure 5 support; employment-weighted reference,Occupation (ISCO-2),BGD,Bangladesh,Lower middle income,Substitution-only,-5.141618842459593,-7.803668634251587,2.6620497917919947,-4.440892098500626e-16
Figure 5 support; employment-weighted reference,Occupation (ISCO-2),BGR,Bulgaria,High income,Augmentation-only,0.7795353345721192,0.22472456003676325,0.5548107745353563,-3.3306690738754696e-16
Figure 5 support; employment-weighted reference,Occupation (ISCO-2),BGR,Bulgaria,High income,Overall exposure,3.5891929393762583,3.815631589491021,-0.22643865011475844,-4.385380947269368e-15
Figure 5 support; employment-weighted reference,Occupation (ISCO-2),BGR,Bulgaria,High income,Substitution-only,2.236333010616161,2.450908108387628,-0.2145750977714663,-5.828670879282072e-16
Figure 5 support; employment-weighted reference,Occupation (ISCO-2),BLR,Belarus,Upper middle income,Augmentation-only,1.2635663645262063,0.7314679842623106,0.5320983802638957,0
Figure 5 support; employment-weighted reference,Occupation (ISCO-2),BLR,Belarus,Upper middle income,Overall exposure,2.997225120751115,3.4807046993996513,-0.48347957864853963,3.4416913763379853e-15
Figure 5 support; employment-weighted reference,Occupation (ISCO-2),BLR,Belarus,Upper middle income,Substitution-only,-0.8229847104506631,-0.33844114767073863,-0.48454356277992283,-1.6653345369377348e-15
Figure 5 support; employment-weighted reference,Occupation (ISCO-2),BOL,Bolivia,Lower middle income,Augmentation-only,-0.09857880371601353,-0.09633564253034273,-0.002243161185670768,-3.7730235602495554e-17
Figure 5 support; employment-weighted reference,Occupation (ISCO-2),BOL,Bolivia,Lower middle income,Overall exposure,3.1605280581921167,1.9299927800225745,1.2305352781695418,4.440892098500626e-16
Figure 5 support; employment-weighted reference,Occupation (ISCO-2),BOL,Bolivia,Lower middle income,Substitution-only,1.9792728872886238,1.805511995827667,0.17376089146095572,1.0269562977782698e-15
Figure 5 support; employment-weighted reference,Occupation (ISCO-2),BRA,Brazil,Upper middle income,Augmentation-only,-0.0019192803801980985,0.054646042596518965,-0.05656532297671703,-3.469446951953614e-17
Figure 5 support; employment-weighted reference,Occupation (ISCO-2),BRA,Brazil,Upper middle income,Overall exposure,0.44375473815466343,2.462083880732759,-2.0183291425780934,-2.220446049250313e-15
Figure 5 support; employment-weighted reference,Occupation (ISCO-2),BRA,Brazil,Upper middle income,Substitution-only,2.1867183165913926,2.9459681276602976,-0.7592498110689068,1.7763568394002505e-15
Figure 5 support; employment-weighted reference,Occupation (ISCO-2),CHE,Switzerland,High income,Augmentation-only,-0.7464109724266603,-0.5774704915281155,-0.1689404808985449,5.551115123125783e-17
Figure 5 support; employment-weighted reference,Occupation (ISCO-2),CHE,Switzerland,High income,Overall exposure,-1.4572332695961387,-0.2672092346524572,-1.19002403494368,-1.5543122344752192e-15
Figure 5 support; employment-weighted reference,Occupation (ISCO-2),CHE,Switzerland,High income,Substitution-only,3.54732181286742,3.431962380976602,0.11535943189081616,2.275957200481571e-15
Figure 5 support; employment-weighted reference,Occupation (ISCO-2),CHL,Chile,High income,Augmentation-only,-0.15014126687234364,-0.10784058062324121,-0.042300686249102465,4.163336342344337e-17
Figure 5 support; employment-weighted reference,Occupation (ISCO-2),CHL,Chile,High income,Overall exposure,0.47725772419408374,1.4839557133102126,-1.0066979891161263,-2.6645352591003757e-15
Figure 5 support; employment-weighted reference,Occupation (ISCO-2),CHL,Chile,High income,Substitution-only,2.2073541722224768,1.9960685229008248,0.21128564932165086,1.0824674490095276e-15
Figure 5 support; employment-weighted reference,Occupation (ISCO-2),CIV,Cote d'Ivoire,Lower middle income,Augmentation-only,-0.3187814891874117,-0.6049604928437136,0.28617900365630206,-2.220446049250313e-16
Figure 5 support; employment-weighted reference,Occupation (ISCO-2),CIV,Cote d'Ivoire,Lower middle income,Overall exposure,5.677337611657128,4.315552857227941,1.3617847544291817,5.10702591327572e-15
Figure 5 support; employment-weighted reference,Occupation (ISCO-2),CIV,Cote d'Ivoire,Lower middle income,Substitution-only,4.294783854026597,4.705976208904727,-0.41119235487812567,-4.551914400963142e-15
Figure 5 support; employment-weighted reference,Occupation (ISCO-2),COD,"Congo, Dem. Rep.",Low income,Augmentation-only,-0.07841992736040108,-0.25009670511098997,0.17167677775058887,0
Figure 5 support; employment-weighted reference,Occupation (ISCO-2),COD,"Congo, Dem. Rep.",Low income,Overall exposure,-0.06660228180090155,-0.7487994652727081,0.6821971834718077,-1.1102230246251565e-15
Figure 5 support; employment-weighted reference,Occupation (ISCO-2),COD,"Congo, Dem. Rep.",Low income,Substitution-only,0.015972151960872392,-0.11294211111984953,0.1289142630807219,2.7755575615628914e-17
Figure 5 support; employment-weighted reference,Occupation (ISCO-2),COL,Colombia,Upper middle income,Augmentation-only,-0.30971072275693085,-0.09827205997685941,-0.2114386627800713,-1.3877787807814457e-16
Figure 5 support; employment-weighted reference,Occupation (ISCO-2),COL,Colombia,Upper middle income,Overall exposure,2.8083289501244293,3.8932644181360607,-1.0849354680116372,5.773159728050814e-15
Figure 5 support; employment-weighted reference,Occupation (ISCO-2),COL,Colombia,Upper middle income,Substitution-only,3.098436016806803,3.9090331459935768,-0.8105971291867743,5.551115123125783e-16
Figure 5 support; employment-weighted reference,Occupation (ISCO-2),CRI,Costa Rica,High income,Augmentation-only,-0.29325882739785625,-0.005995888116864464,-0.28726293928099206,2.7755575615628914e-16
Figure 5 support; employment-weighted reference,Occupation (ISCO-2),CRI,Costa Rica,High income,Overall exposure,1.9261880103062532,1.8551596683485119,0.07102834195773766,3.6637359812630166e-15
Figure 5 support; employment-weighted reference,Occupation (ISCO-2),CRI,Costa Rica,High income,Substitution-only,3.4034455724942134,2.6588521575446755,0.744593414949537,8.881784197001252e-16
Figure 5 support; employment-weighted reference,Occupation (ISCO-2),CZE,Czechia,High income,Augmentation-only,-0.5118396941512376,-0.13218195274623923,-0.3796577414049983,-1.1102230246251565e-16
Figure 5 support; employment-weighted reference,Occupation (ISCO-2),CZE,Czechia,High income,Overall exposure,1.4100515667590041,3.4161278578837573,-2.00607629112476,7.105427357601002e-15
Figure 5 support; employment-weighted reference,Occupation (ISCO-2),CZE,Czechia,High income,Substitution-only,2.5224471628718623,3.6977411408881373,-1.1752939780162754,4.440892098500626e-16
Figure 5 support; employment-weighted reference,Occupation (ISCO-2),DEU,Germany,High income,Augmentation-only,-0.6527174179852778,-0.36232383642602134,-0.2903935815592566,1.1102230246251565e-16
Figure 5 support; employment-weighted reference,Occupation (ISCO-2),DEU,Germany,High income,Overall exposure,-0.8605944472479141,1.386431772919006,-2.2470262201669184,-1.7763568394002505e-15
Figure 5 support; employment-weighted reference,Occupation (ISCO-2),DEU,Germany,High income,Substitution-only,3.4177485115390436,3.795600384148489,-0.37785187260944325,-2.0539125955565396e-15
Figure 5 support; employment-weighted reference,Occupation (ISCO-2),DNK,Denmark,High income,Augmentation-only,0.18682636906165598,-0.07238100987421656,0.25920737893587237,1.6653345369377348e-16
Figure 5 support; employment-weighted reference,Occupation (ISCO-2),DNK,Denmark,High income,Overall exposure,-3.0727091682819494,-0.7461636476490995,-2.3265455206328522,2.220446049250313e-15
Figure 5 support; employment-weighted reference,Occupation (ISCO-2),DNK,Denmark,High income,Substitution-only,-0.14626934444817863,0.952991217643618,-1.0992605620917957,-1.1102230246251565e-15
Figure 5 support; employment-weighted reference,Occupation (ISCO-2),DOM,Dominican Republic,Upper middle income,Augmentation-only,-0.07767167888416071,-5.534637118279444e-4,-0.077118215172333,2.3592239273284576e-16
Figure 5 support; employment-weighted reference,Occupation (ISCO-2),DOM,Dominican Republic,Upper middle income,Overall exposure,6.718948555738263,6.144879397039126,0.574069158699142,-4.884981308350689e-15
Figure 5 support; employment-weighted reference,Occupation (ISCO-2),DOM,Dominican Republic,Upper middle income,Substitution-only,5.884718921754574,5.717437506979283,0.16728141477529318,-1.7208456881689926e-15
Figure 5 support; employment-weighted reference,Occupation (ISCO-2),ECU,Ecuador,Upper middle income,Augmentation-only,-0.42391207041495965,-0.24910052676342656,-0.1748115436515329,-1.942890293094024e-16
Figure 5 support; employment-weighted reference,Occupation (ISCO-2),ECU,Ecuador,Upper middle income,Overall exposure,1.2720706779206292,1.7705075858133001,-0.4984369078926719,9.992007221626409e-16
Figure 5 support; employment-weighted reference,Occupation (ISCO-2),ECU,Ecuador,Upper middle income,Substitution-only,1.7826123310176498,2.440225252032521,-0.6576129210148703,-7.771561172376096e-16
Figure 5 support; employment-weighted reference,Occupation (ISCO-2),EGY,"Egypt, Arab Rep.",Lower middle income,Augmentation-only,0.634202918364125,1.0620889925391448,-0.42788607417502,2.220446049250313e-16
Figure 5 support; employment-weighted reference,Occupation (ISCO-2),EGY,"Egypt, Arab Rep.",Lower middle income,Overall exposure,2.399020640237808,2.7260109689889713,-0.326990328751164,4.996003610813204e-16
Figure 5 support; employment-weighted reference,Occupation (ISCO-2),EGY,"Egypt, Arab Rep.",Lower middle income,Substitution-only,-0.80590179385191,-0.6254822179180808,-0.18041957593382646,-2.7200464103316335e-15
Figure 5 support; employment-weighted reference,Occupation (ISCO-2),ESP,Spain,High income,Augmentation-only,-0.13007227003016658,-0.08219796836613255,-0.04787430166403402,-6.938893903907228e-18
Figure 5 support; employment-weighted reference,Occupation (ISCO-2),ESP,Spain,High income,Overall exposure,1.4134538620010113,2.151998809682569,-0.7385449476815615,3.9968028886505635e-15
Figure 5 support; employment-weighted reference,Occupation (ISCO-2),ESP,Spain,High income,Substitution-only,3.199691617934566,3.121576397620344,0.07811522031422291,-9.992007221626409e-16
Figure 5 support; employment-weighted reference,Occupation (ISCO-2),FIN,Finland,High income,Augmentation-only,-0.39493503467418345,-0.34063361922569113,-0.05430141544849201,-3.0531133177191805e-16
Figure 5 support; employment-weighted reference,Occupation (ISCO-2),FIN,Finland,High income,Overall exposure,-3.9774957402132713,-1.2852316050619748,-2.692264135151294,-2.6645352591003757e-15
Figure 5 support; employment-weighted reference,Occupation (ISCO-2),FIN,Finland,High income,Substitution-only,-0.5203711391519508,0.6753674048602684,-1.195738544012219,-2.220446049250313e-16
Figure 5 support; employment-weighted reference,Occupation (ISCO-2),FRA,France,High income,Augmentation-only,-0.39460314612784075,-0.37008736734604636,-0.024515778781794294,-1.0061396160665481e-16
Figure 5 support; employment-weighted reference,Occupation (ISCO-2),FRA,France,High income,Overall exposure,-0.14566485226792736,1.6039731505005559,-1.7496380027684837,4.440892098500626e-16
Figure 5 support; employment-weighted reference,Occupation (ISCO-2),FRA,France,High income,Substitution-only,2.8137081730347884,3.4495710301660414,-0.6358628571312552,2.220446049250313e-15
Figure 5 support; employment-weighted reference,Occupation (ISCO-2),GBR,United Kingdom,High income,Augmentation-only,-0.33457171557893345,-0.3167876533985259,-0.017784062180407845,2.7755575615628914e-16
Figure 5 support; employment-weighted reference,Occupation (ISCO-2),GBR,United Kingdom,High income,Overall exposure,-1.3667370540374486,-0.4888513060158378,-0.8778857480216117,8.881784197001252e-16
Figure 5 support; employment-weighted reference,Occupation (ISCO-2),GBR,United Kingdom,High income,Substitution-only,1.2190116656596537,1.520599849574701,-0.30158818391504777,3.885780586188048e-16
Figure 5 support; employment-weighted reference,Occupation (ISCO-2),GIN,Guinea,Lower middle income,Augmentation-only,-0.2432026028012268,-0.6567802798037086,0.41357767700248166,1.1102230246251565e-16
Figure 5 support; employment-weighted reference,Occupation (ISCO-2),GIN,Guinea,Lower middle income,Overall exposure,3.743421861849802,3.6743840578639446,0.06903780398585804,-8.049116928532385e-16
Figure 5 support; employment-weighted reference,Occupation (ISCO-2),GIN,Guinea,Lower middle income,Substitution-only,3.24194208570558,4.2055123188827,-0.9635702331771164,-4.107825191113079e-15
Figure 5 support; employment-weighted reference,Occupation (ISCO-2),GRC,Greece,High income,Augmentation-only,-0.23334728260037987,0.030962583865141266,-0.2643098664655212,5.551115123125783e-17
Figure 5 support; employment-weighted reference,Occupation (ISCO-2),GRC,Greece,High income,Overall exposure,2.234021665288926,2.9619954229697396,-0.7279737576808083,-5.3290705182007514e-15
Figure 5 support; employment-weighted reference,Occupation (ISCO-2),GRC,Greece,High income,Substitution-only,3.6150963037544606,3.194106198193148,0.42099010556131095,1.8318679906315083e-15
Figure 5 support; employment-weighted reference,Occupation (ISCO-2),GTM,Guatemala,Upper middle income,Augmentation-only,-0.3644715195232721,-0.3015432510423111,-0.06292826848096089,-1.1102230246251565e-16
Figure 5 support; employment-weighted reference,Occupation (ISCO-2),GTM,Guatemala,Upper middle income,Overall exposure,5.807507889762342,5.068597617753831,0.7389102720085121,-6.661338147750939e-16
Figure 5 support; employment-weighted reference,Occupation (ISCO-2),GTM,Guatemala,Upper middle income,Substitution-only,4.730391828139759,5.230927137588883,-0.5005353094491246,3.3306690738754696e-16
Figure 5 support; employment-weighted reference,Occupation (ISCO-2),HND,Honduras,Lower middle income,Augmentation-only,-0.38492925231535763,-0.23359775569679586,-0.15133149661856166,-1.1102230246251565e-16
Figure 5 support; employment-weighted reference,Occupation (ISCO-2),HND,Honduras,Lower middle income,Overall exposure,6.666228409768815,5.7709113330502655,0.8953170767185499,-6.661338147750939e-16
Figure 5 support; employment-weighted reference,Occupation (ISCO-2),HND,Honduras,Lower middle income,Substitution-only,4.361076159156855,5.4355647977976425,-1.074488638640784,-3.1086244689504383e-15
Figure 5 support; employment-weighted reference,Occupation (ISCO-2),HRV,Croatia,High income,Augmentation-only,0.08598348626082811,-0.022702455579864264,0.10868594184069166,7.077671781985373e-16
Figure 5 support; employment-weighted reference,Occupation (ISCO-2),HRV,Croatia,High income,Overall exposure,2.481979423344441,2.7743123837422634,-0.2923329603978227,4.996003610813204e-16
Figure 5 support; employment-weighted reference,Occupation (ISCO-2),HRV,Croatia,High income,Substitution-only,3.1667179758508555,3.0222964518379376,0.14442152401291808,-2.220446049250313e-16
Figure 5 support; employment-weighted reference,Occupation (ISCO-2),HUN,Hungary,High income,Augmentation-only,-0.21082447834743903,-0.03315698701868812,-0.17766749132875087,-5.551115123125783e-17
Figure 5 support; employment-weighted reference,Occupation (ISCO-2),HUN,Hungary,High income,Overall exposure,2.9941640469440407,4.43687291499076,-1.4427088680467177,-1.3322676295501878e-15
Figure 5 support; employment-weighted reference,Occupation (ISCO-2),HUN,Hungary,High income,Substitution-only,3.495020789992414,3.9946326584204064,-0.49961186842799,-2.4424906541753444e-15
Figure 5 support; employment-weighted reference,Occupation (ISCO-2),IDN,Indonesia,Upper middle income,Augmentation-only,-0.05447647625606786,0.0286591508807733,-0.08313562713684118,2.7755575615628914e-17
Figure 5 support; employment-weighted reference,Occupation (ISCO-2),IDN,Indonesia,Upper middle income,Overall exposure,1.9595319199054986,1.6357930927508324,0.32373882715466773,-1.5543122344752192e-15
Figure 5 support; employment-weighted reference,Occupation (ISCO-2),IDN,Indonesia,Upper middle income,Substitution-only,0.6485627602490122,1.0817210264088746,-0.4331582661598631,6.661338147750939e-16
Figure 5 support; employment-weighted reference,Occupation (ISCO-2),IND,India,Lower middle income,Augmentation-only,0.564348178621578,0.26564348019163775,0.2987046984299404,-1.1102230246251565e-16
Figure 5 support; employment-weighted reference,Occupation (ISCO-2),IND,India,Lower middle income,Overall exposure,-2.3819373542642333,-3.921261511275833,1.5393241570115987,1.1102230246251565e-15
Figure 5 support; employment-weighted reference,Occupation (ISCO-2),IND,India,Lower middle income,Substitution-only,-3.5379426216993615,-3.7977530170213867,0.2598103953220251,1.1102230246251565e-16
Figure 5 support; employment-weighted reference,Occupation (ISCO-2),IRL,Ireland,High income,Augmentation-only,-0.23673349226293225,-0.15764754210193663,-0.07908595016099558,-4.163336342344337e-17
Figure 5 support; employment-weighted reference,Occupation (ISCO-2),IRL,Ireland,High income,Overall exposure,-0.36826944444695386,1.5747522718996871,-1.94302171634664,-1.1102230246251565e-15
Figure 5 support; employment-weighted reference,Occupation (ISCO-2),IRL,Ireland,High income,Substitution-only,2.1065893549298425,2.766775635373315,-0.6601862804434742,1.7763568394002505e-15
Figure 5 support; employment-weighted reference,Occupation (ISCO-2),IRN,"Iran, Islamic Rep.",Upper middle income,Augmentation-only,0.39451828915740705,1.2781915331027318,-0.883673243945325,2.220446049250313e-16
Figure 5 support; employment-weighted reference,Occupation (ISCO-2),IRN,"Iran, Islamic Rep.",Upper middle income,Overall exposure,-0.5060654052255408,1.1974431964154915,-1.7035086016410341,1.7763568394002505e-15
Figure 5 support; employment-weighted reference,Occupation (ISCO-2),IRN,"Iran, Islamic Rep.",Upper middle income,Substitution-only,-3.129699459012979,-2.7944819858500343,-0.3352174731629449,0
Figure 5 support; employment-weighted reference,Occupation (ISCO-2),IRQ,Iraq,Upper middle income,Augmentation-only,0.1553861608050218,2.0151354874490957,-1.8597493266440739,0
Figure 5 support; employment-weighted reference,Occupation (ISCO-2),IRQ,Iraq,Upper middle income,Overall exposure,1.8088181581660001,1.1786291678675624,0.6301889902984256,1.2101430968414206e-14
Figure 5 support; employment-weighted reference,Occupation (ISCO-2),IRQ,Iraq,Upper middle income,Substitution-only,-2.829834653140536,-4.590347274809023,1.7605126216684865,6.661338147750939e-16
Figure 5 support; employment-weighted reference,Occupation (ISCO-2),ISR,Israel,High income,Augmentation-only,-0.14281951946449473,-0.03770010468146587,-0.10511941478302873,-1.249000902703301e-16
Figure 5 support; employment-weighted reference,Occupation (ISCO-2),ISR,Israel,High income,Overall exposure,-1.8768242796260144,-0.18877015825873064,-1.688054121367283,-6.661338147750939e-16
Figure 5 support; employment-weighted reference,Occupation (ISCO-2),ISR,Israel,High income,Substitution-only,-0.07160888178030533,0.648311796546487,-0.7199206783267932,8.881784197001252e-16
Figure 5 support; employment-weighted reference,Occupation (ISCO-2),ITA,Italy,High income,Augmentation-only,-0.14477199169427746,-0.07788625193468783,-0.06688573975958972,9.71445146547012e-17
Figure 5 support; employment-weighted reference,Occupation (ISCO-2),ITA,Italy,High income,Overall exposure,0.8496702182140494,2.8555104698822937,-2.0058402516682436,-8.881784197001252e-16
Figure 5 support; employment-weighted reference,Occupation (ISCO-2),ITA,Italy,High income,Substitution-only,3.603896868583263,3.9179827682996744,-0.3140858997164099,-1.6653345369377348e-15
Figure 5 support; employment-weighted reference,Occupation (ISCO-2),JOR,Jordan,Lower middle income,Augmentation-only,1.8470215122462181,0.855280282629795,0.9917412296164229,2.220446049250313e-16
Figure 5 support; employment-weighted reference,Occupation (ISCO-2),JOR,Jordan,Lower middle income,Overall exposure,1.864851984738645,0.9877113976472085,0.8771405870914395,-2.886579864025407e-15
Figure 5 support; employment-weighted reference,Occupation (ISCO-2),JOR,Jordan,Lower middle income,Substitution-only,0.4712158711650398,0.6821534001498613,-0.21093752898482127,-1.6653345369377348e-16
Figure 5 support; employment-weighted reference,Occupation (ISCO-2),JPN,Japan,High income,Augmentation-only,-0.144968612139196,-0.3112859711496996,0.16631735901050354,2.7755575615628914e-17
Figure 5 support; employment-weighted reference,Occupation (ISCO-2),JPN,Japan,High income,Overall exposure,-2.85847518149635,0.7870277160900949,-3.6455028975864447,0
Figure 5 support; employment-weighted reference,Occupation (ISCO-2),JPN,Japan,High income,Substitution-only,1.1102090689755026,2.7586082642919445,-1.6483991953164447,2.886579864025407e-15
Figure 5 support; employment-weighted reference,Occupation (ISCO-2),KEN,Kenya,Lower middle income,Augmentation-only,0.24190067474194044,0.1538770064396787,0.08802366830226172,2.7755575615628914e-17
Figure 5 support; employment-weighted reference,Occupation (ISCO-2),KEN,Kenya,Lower middle income,Overall exposure,-0.36666594606306346,-1.578001425537579,1.2113354794745168,-1.3322676295501878e-15
Figure 5 support; employment-weighted reference,Occupation (ISCO-2),KEN,Kenya,Lower middle income,Substitution-only,-1.496626359260378,-1.856621344521226,0.35999498526084817,0
Figure 5 support; employment-weighted reference,Occupation (ISCO-2),KGZ,Kyrgyz Republic,Lower middle income,Augmentation-only,0.6688659387808921,0.6971618214895515,-0.02829588270865893,-5.273559366969494e-16
Figure 5 support; employment-weighted reference,Occupation (ISCO-2),KGZ,Kyrgyz Republic,Lower middle income,Overall exposure,3.6147490303582055,0.9763001479723826,2.63844888238582,3.1086244689504383e-15
Figure 5 support; employment-weighted reference,Occupation (ISCO-2),KGZ,Kyrgyz Republic,Lower middle income,Substitution-only,0.43137765225991154,-1.2999958190805354,1.7313734713404458,1.1102230246251565e-15
Figure 5 support; employment-weighted reference,Occupation (ISCO-2),KHM,Cambodia,Lower middle income,Augmentation-only,0.012634772032413333,-0.09558848714139682,0.10822325917381018,-1.3877787807814457e-17
Figure 5 support; employment-weighted reference,Occupation (ISCO-2),KHM,Cambodia,Lower middle income,Overall exposure,5.0758015685325475,4.313362128934644,0.7624394395979054,-1.887379141862766e-15
Figure 5 support; employment-weighted reference,Occupation (ISCO-2),KHM,Cambodia,Lower middle income,Substitution-only,2.7668614568809815,2.9795453289681784,-0.21268387208719783,9.71445146547012e-16
Figure 5 support; employment-weighted reference,Occupation (ISCO-2),LAO,Lao PDR,Lower middle income,Augmentation-only,-0.08698615175698987,-0.13455993003700534,0.04757377828001552,-5.551115123125783e-17
Figure 5 support; employment-weighted reference,Occupation (ISCO-2),LAO,Lao PDR,Lower middle income,Overall exposure,2.4211586682298867,1.4755852046141589,0.9455734636157285,-6.661338147750939e-16
Figure 5 support; employment-weighted reference,Occupation (ISCO-2),LAO,Lao PDR,Lower middle income,Substitution-only,1.5397990332734532,1.2955013649556477,0.2442976683178057,-1.6653345369377348e-16
Figure 5 support; employment-weighted reference,Occupation (ISCO-2),LKA,Sri Lanka,Lower middle income,Augmentation-only,0.38319198233971313,0.19104919069995804,0.1921427916397551,0
Figure 5 support; employment-weighted reference,Occupation (ISCO-2),LKA,Sri Lanka,Lower middle income,Overall exposure,3.807104981098156,2.8946665426582188,0.9124384384399404,-3.3306690738754696e-15
Figure 5 support; employment-weighted reference,Occupation (ISCO-2),LKA,Sri Lanka,Lower middle income,Substitution-only,1.9582192593300745,2.124519735729541,-0.16630047639946408,-2.581268532253489e-15
Figure 5 support; employment-weighted reference,Occupation (ISCO-2),MDG,Madagascar,Low income,Augmentation-only,-0.01575779010161338,-0.06069081823803231,0.044933028136418925,6.938893903907228e-18
Figure 5 support; employment-weighted reference,Occupation (ISCO-2),MDG,Madagascar,Low income,Overall exposure,1.1949707153389673,1.1271300997069167,0.0678406156320519,-1.3322676295501878e-15
Figure 5 support; employment-weighted reference,Occupation (ISCO-2),MDG,Madagascar,Low income,Substitution-only,1.1255228755467441,0.9084388382915712,0.2170840372551726,2.7755575615628914e-16
Figure 5 support; employment-weighted reference,Occupation (ISCO-2),MEX,Mexico,Upper middle income,Augmentation-only,-0.15307072904556007,-0.12407411965976764,-0.0289966093857925,6.938893903907228e-17
Figure 5 support; employment-weighted reference,Occupation (ISCO-2),MEX,Mexico,Upper middle income,Overall exposure,4.132899661837122,4.41824677050726,-0.28534710867013674,-8.326672684688674e-16
Figure 5 support; employment-weighted reference,Occupation (ISCO-2),MEX,Mexico,Upper middle income,Substitution-only,3.9752857327087097,4.033314434369983,-0.05802870166127262,-1.096345236817342e-15
Figure 5 support; employment-weighted reference,Occupation (ISCO-2),MLI,Mali,Low income,Augmentation-only,-0.028128894716507043,-0.21171926715712178,0.18359037244061474,0
Figure 5 support; employment-weighted reference,Occupation (ISCO-2),MLI,Mali,Low income,Overall exposure,1.8301505466448276,2.246300106529913,-0.4161495598850862,6.661338147750939e-16
Figure 5 support; employment-weighted reference,Occupation (ISCO-2),MLI,Mali,Low income,Substitution-only,1.4662885478261556,2.295846706377989,-0.8295581585518326,-8.881784197001252e-16
Figure 5 support; employment-weighted reference,Occupation (ISCO-2),MMR,Myanmar,Lower middle income,Augmentation-only,0.1162407027263301,-0.1584703150740205,0.27471101780035073,-1.1102230246251565e-16
Figure 5 support; employment-weighted reference,Occupation (ISCO-2),MMR,Myanmar,Lower middle income,Overall exposure,5.562952810193038,5.420491331125085,0.14246147906795403,-7.771561172376096e-16
Figure 5 support; employment-weighted reference,Occupation (ISCO-2),MMR,Myanmar,Lower middle income,Substitution-only,4.104729790423862,4.2298647616473275,-0.125134971223464,-1.27675647831893e-15
Figure 5 support; employment-weighted reference,Occupation (ISCO-2),MOZ,Mozambique,Low income,Augmentation-only,-0.043658747153235984,-0.21955639702506408,0.17589764987182824,-1.3877787807814457e-16
Figure 5 support; employment-weighted reference,Occupation (ISCO-2),MOZ,Mozambique,Low income,Overall exposure,3.150275129659512,5.1157985987741545,-1.965523469114643,6.661338147750939e-16
Figure 5 support; employment-weighted reference,Occupation (ISCO-2),MOZ,Mozambique,Low income,Substitution-only,3.0307481941865166,4.597901481305079,-1.5671532871185603,-1.7763568394002505e-15
Figure 5 support; employment-weighted reference,Occupation (ISCO-2),MWI,Malawi,Low income,Augmentation-only,0.010641046357899973,-0.2135737226076395,0.2242147689655395,-2.7755575615628914e-17
Figure 5 support; employment-weighted reference,Occupation (ISCO-2),MWI,Malawi,Low income,Overall exposure,1.475057833660241,1.5405763605013973,-0.06551852684115751,1.0685896612017132e-15
Figure 5 support; employment-weighted reference,Occupation (ISCO-2),MWI,Malawi,Low income,Substitution-only,1.1132999224959188,1.629233572275561,-0.5159336497796423,0
Figure 5 support; employment-weighted reference,Occupation (ISCO-2),NGA,Nigeria,Lower middle income,Augmentation-only,-0.49392000164540095,-0.6844869871940803,0.19056698554867932,2.7755575615628914e-17
Figure 5 support; employment-weighted reference,Occupation (ISCO-2),NGA,Nigeria,Lower middle income,Overall exposure,5.641627114897717,6.022030696505838,-0.38040358160811977,-1.27675647831893e-15
Figure 5 support; employment-weighted reference,Occupation (ISCO-2),NGA,Nigeria,Lower middle income,Substitution-only,4.762734297674136,6.4913353984907785,-1.7286011008166449,2.4424906541753444e-15
Figure 5 support; employment-weighted reference,Occupation (ISCO-2),NLD,Netherlands,High income,Augmentation-only,-0.8060060679077519,-0.5725641013224714,-0.23344196658528094,4.440892098500626e-16
Figure 5 support; employment-weighted reference,Occupation (ISCO-2),NLD,Netherlands,High income,Overall exposure,-4.439754114255263,-2.74203149775545,-1.6977226164998145,1.7763568394002505e-15
Figure 5 support; employment-weighted reference,Occupation (ISCO-2),NLD,Netherlands,High income,Substitution-only,0.45410144768789273,0.9573491056167812,-0.503247657928889,5.551115123125783e-16
Figure 5 support; employment-weighted reference,Occupation (ISCO-2),NOR,Norway,High income,Augmentation-only,-0.05879579095116321,-0.009610244395414644,-0.04918554655574871,1.3877787807814457e-16
Figure 5 support; employment-weighted reference,Occupation (ISCO-2),NOR,Norway,High income,Overall exposure,-5.489809162360719,-3.0426898446805684,-2.447119317680149,-1.3322676295501878e-15
Figure 5 support; employment-weighted reference,Occupation (ISCO-2),NOR,Norway,High income,Substitution-only,-1.620695528903247,-0.9864729361600018,-0.6342225927432452,0
Figure 5 support; employment-weighted reference,Occupation (ISCO-2),PAK,Pakistan,Lower middle income,Augmentation-only,0.6084514311193763,0.8482534252608115,-0.23980199414143513,-8.326672684688674e-17
Figure 5 support; employment-weighted reference,Occupation (ISCO-2),PAK,Pakistan,Lower middle income,Overall exposure,-3.876493811297197,-7.737386488256544,3.860892676959351,-3.552713678800501e-15
Figure 5 support; employment-weighted reference,Occupation (ISCO-2),PAK,Pakistan,Lower middle income,Substitution-only,-5.135761623542805,-8.276207255875123,3.1404456323323164,1.3322676295501878e-15
Figure 5 support; employment-weighted reference,Occupation (ISCO-2),PER,Peru,Upper middle income,Augmentation-only,-0.5077651370508537,-0.27218861261278227,-0.2355765244380715,8.326672684688674e-17
Figure 5 support; employment-weighted reference,Occupation (ISCO-2),PER,Peru,Upper middle income,Overall exposure,0.40008206754112674,1.0111738921337492,-0.6110918245926178,-4.6629367034256575e-15
Figure 5 support; employment-weighted reference,Occupation (ISCO-2),PER,Peru,Upper middle income,Substitution-only,1.5737725794802564,2.02492758078219,-0.45115500130193226,-1.1657341758564144e-15
Figure 5 support; employment-weighted reference,Occupation (ISCO-2),PHL,Philippines,Lower middle income,Augmentation-only,-0.2831960263065833,-0.01606314078215835,-0.267132885524425,5.551115123125783e-17
Figure 5 support; employment-weighted reference,Occupation (ISCO-2),PHL,Philippines,Lower middle income,Overall exposure,6.405117820747663,5.903570475516353,0.5015473452313126,-1.9984014443252818e-15
Figure 5 support; employment-weighted reference,Occupation (ISCO-2),PHL,Philippines,Lower middle income,Substitution-only,4.363097507631382,4.490357378329864,-0.1272598706984815,-2.7755575615628914e-16
Figure 5 support; employment-weighted reference,Occupation (ISCO-2),PNG,Papua New Guinea,Lower middle income,Augmentation-only,-0.024379667400633402,-0.40851367596748556,0.38413400856685215,0
Figure 5 support; employment-weighted reference,Occupation (ISCO-2),PNG,Papua New Guinea,Lower middle income,Overall exposure,2.4930249174316996,1.9975245984687582,0.49550031896294033,1.1102230246251565e-15
Figure 5 support; employment-weighted reference,Occupation (ISCO-2),PNG,Papua New Guinea,Lower middle income,Substitution-only,2.401779636752538,2.581542980598197,-0.17976334384565806,-8.881784197001252e-16
Figure 5 support; employment-weighted reference,Occupation (ISCO-2),POL,Poland,High income,Augmentation-only,0.11034993540689476,0.21006024228294484,-0.09971030687605054,4.579669976578771e-16
Figure 5 support; employment-weighted reference,Occupation (ISCO-2),POL,Poland,High income,Overall exposure,1.4911733665507694,3.1658035393035697,-1.6746301727527981,-2.220446049250313e-15
Figure 5 support; employment-weighted reference,Occupation (ISCO-2),POL,Poland,High income,Substitution-only,1.940602509493204,2.3790895216550614,-0.43848701216185515,-2.220446049250313e-15
Figure 5 support; employment-weighted reference,Occupation (ISCO-2),PRT,Portugal,High income,Augmentation-only,-0.3970799728355033,-0.23742208752000046,-0.15965788531550276,-5.551115123125783e-17
Figure 5 support; employment-weighted reference,Occupation (ISCO-2),PRT,Portugal,High income,Overall exposure,0.48381115157572885,1.154467396895301,-0.6706562453195724,2.220446049250313e-16
Figure 5 support; employment-weighted reference,Occupation (ISCO-2),PRT,Portugal,High income,Substitution-only,3.402743224540086,3.3035746918244087,0.09916853271567684,6.522560269672795e-16
Figure 5 support; employment-weighted reference,Occupation (ISCO-2),ROU,Romania,High income,Augmentation-only,0.2222634995556733,0.2937335447199655,-0.07147004516429223,2.7755575615628914e-17
Figure 5 support; employment-weighted reference,Occupation (ISCO-2),ROU,Romania,High income,Overall exposure,4.459898381770257,5.074655340646193,-0.6147569588759332,-2.6645352591003757e-15
Figure 5 support; employment-weighted reference,Occupation (ISCO-2),ROU,Romania,High income,Substitution-only,2.240609247884423,2.7010291044877253,-0.46041985660330187,-5.551115123125783e-16
Figure 5 support; employment-weighted reference,Occupation (ISCO-2),RUS,Russian Federation,High income,Augmentation-only,0.08474069806670323,0.30965417034362946,-0.22491347227692612,-1.1102230246251565e-16
Figure 5 support; employment-weighted reference,Occupation (ISCO-2),RUS,Russian Federation,High income,Overall exposure,0.720781388974151,2.1708678373988786,-1.4500864484247238,-3.774758283725532e-15
Figure 5 support; employment-weighted reference,Occupation (ISCO-2),RUS,Russian Federation,High income,Substitution-only,-0.4170454168592854,0.4490794460281967,-0.866124862887484,1.887379141862766e-15
Figure 5 support; employment-weighted reference,Occupation (ISCO-2),RWA,Rwanda,Low income,Augmentation-only,-0.08753914136543306,-0.08863840387801858,0.0010992625125854777,4.163336342344337e-17
Figure 5 support; employment-weighted reference,Occupation (ISCO-2),RWA,Rwanda,Low income,Overall exposure,0.8590661458596593,-1.0010108681483962,1.8600770140080554,2.220446049250313e-16
Figure 5 support; employment-weighted reference,Occupation (ISCO-2),RWA,Rwanda,Low income,Substitution-only,-0.0648312728477679,-0.4270154619879324,0.36218418914016376,7.216449660063518e-16
Figure 5 support; employment-weighted reference,Occupation (ISCO-2),SDN,Sudan,Low income,Augmentation-only,0.03862605462827244,0.8860285527894439,-0.8474024981611719,3.3306690738754696e-16
Figure 5 support; employment-weighted reference,Occupation (ISCO-2),SDN,Sudan,Low income,Overall exposure,-1.2201512501449363,-1.1190358227624897,-0.10111542738244905,2.4424906541753444e-15
Figure 5 support; employment-weighted reference,Occupation (ISCO-2),SDN,Sudan,Low income,Substitution-only,-1.4454666125403133,-2.6929321347347828,1.2474655221944702,-6.661338147750939e-16
Figure 5 support; employment-weighted reference,Occupation (ISCO-2),SEN,Senegal,Lower middle income,Augmentation-only,-0.515143439215216,-0.21561420566628658,-0.2995292335489295,1.1102230246251565e-16
Figure 5 support; employment-weighted reference,Occupation (ISCO-2),SEN,Senegal,Lower middle income,Overall exposure,-0.01672780808486493,1.3583723177764786,-1.3751001258613464,2.886579864025407e-15
Figure 5 support; employment-weighted reference,Occupation (ISCO-2),SEN,Senegal,Lower middle income,Substitution-only,1.1868413653964138,4.0125041382163404,-2.8256627728199257,-8.881784197001252e-16
Figure 5 support; employment-weighted reference,Occupation (ISCO-2),SGP,Singapore,High income,Augmentation-only,-0.7639277451102444,-0.6880497784040362,-0.07587796670620824,6.938893903907228e-17
Figure 5 support; employment-weighted reference,Occupation (ISCO-2),SGP,Singapore,High income,Overall exposure,3.0607158528839804,4.254773960760227,-1.1940581078762442,-2.4424906541753444e-15
Figure 5 support; employment-weighted reference,Occupation (ISCO-2),SGP,Singapore,High income,Substitution-only,5.705553311017536,5.85439747780814,-0.14884416679059917,-4.801714581503802e-15
Figure 5 support; employment-weighted reference,Occupation (ISCO-2),SLE,Sierra Leone,Low income,Augmentation-only,-0.17939624210646818,-0.4449437637416182,0.2655475216351501,-5.551115123125783e-17
Figure 5 support; employment-weighted reference,Occupation (ISCO-2),SLE,Sierra Leone,Low income,Overall exposure,3.3514707013369986,3.093983183297397,0.2574875180396021,-4.440892098500626e-16
Figure 5 support; employment-weighted reference,Occupation (ISCO-2),SLE,Sierra Leone,Low income,Substitution-only,2.636455461350577,2.8482555201035504,-0.21180005875297364,2.7755575615628914e-16
Figure 5 support; employment-weighted reference,Occupation (ISCO-2),SLV,El Salvador,Upper middle income,Augmentation-only,-0.39007548864666736,-0.3528507755730237,-0.03722471307364363,-3.469446951953614e-17
Figure 5 support; employment-weighted reference,Occupation (ISCO-2),SLV,El Salvador,Upper middle income,Overall exposure,6.098889489890468,4.577469405599007,1.5214200842914645,-2.6645352591003757e-15
Figure 5 support; employment-weighted reference,Occupation (ISCO-2),SLV,El Salvador,Upper middle income,Substitution-only,4.942486856514143,5.115227268185005,-0.17274041167086482,2.858824288409778e-15
Figure 5 support; employment-weighted reference,Occupation (ISCO-2),SOM,"Somalia, Fed. Rep.",Low income,Augmentation-only,-0.04928515507953689,-0.21704517028506087,0.16776001520552422,-2.498001805406602e-16
Figure 5 support; employment-weighted reference,Occupation (ISCO-2),SOM,"Somalia, Fed. Rep.",Low income,Overall exposure,0.3996884800152495,1.7466844829049433,-1.346996002889692,-1.7763568394002505e-15
Figure 5 support; employment-weighted reference,Occupation (ISCO-2),SOM,"Somalia, Fed. Rep.",Low income,Substitution-only,0.34269110088267407,1.7294509528102164,-1.3867598519275408,-1.5543122344752192e-15
Figure 5 support; employment-weighted reference,Occupation (ISCO-2),SRB,Serbia,Upper middle income,Augmentation-only,-0.02805537342344921,0.11516411937568913,-0.14321949279913815,-1.942890293094024e-16
Figure 5 support; employment-weighted reference,Occupation (ISCO-2),SRB,Serbia,Upper middle income,Overall exposure,2.262781586000588,2.5446010791272755,-0.28181949312668575,-1.7763568394002505e-15
Figure 5 support; employment-weighted reference,Occupation (ISCO-2),SRB,Serbia,Upper middle income,Substitution-only,2.349558770384594,2.243610885204673,0.1059478851799211,-1.6653345369377348e-16
Figure 5 support; employment-weighted reference,Occupation (ISCO-2),SVK,Slovak Republic,High income,Augmentation-only,0.11527305732494009,-0.10819820040057328,0.22347125772551324,1.1102230246251565e-16
Figure 5 support; employment-weighted reference,Occupation (ISCO-2),SVK,Slovak Republic,High income,Overall exposure,3.4050933854112078,4.387061021415593,-0.9819676360043788,-6.439293542825908e-15
Figure 5 support; employment-weighted reference,Occupation (ISCO-2),SVK,Slovak Republic,High income,Substitution-only,4.258097730028067,4.587766073682812,-0.32966834365474706,1.6653345369377348e-15
Figure 5 support; employment-weighted reference,Occupation (ISCO-2),SWE,Sweden,High income,Augmentation-only,0.47087597604225107,0.061179648141551746,0.40969632790069965,-3.3306690738754696e-16
Figure 5 support; employment-weighted reference,Occupation (ISCO-2),SWE,Sweden,High income,Overall exposure,-4.215990563031256,-1.7943690579881133,-2.4216215050431433,8.881784197001252e-16
Figure 5 support; employment-weighted reference,Occupation (ISCO-2),SWE,Sweden,High income,Substitution-only,-1.8344158304600315,-0.6683743202625623,-1.1660415101974693,0
Figure 5 support; employment-weighted reference,Occupation (ISCO-2),TGO,Togo,Low income,Augmentation-only,-0.6340319002223229,-0.7798421564500408,0.14581025622771798,-5.551115123125783e-17
Figure 5 support; employment-weighted reference,Occupation (ISCO-2),TGO,Togo,Low income,Overall exposure,4.332967814266441,4.743580703828869,-0.4106128895624308,3.1086244689504383e-15
Figure 5 support; employment-weighted reference,Occupation (ISCO-2),TGO,Togo,Low income,Substitution-only,3.5506889734053217,5.1410714924249845,-1.5903825190196597,-3.1086244689504383e-15
Figure 5 support; employment-weighted reference,Occupation (ISCO-2),THA,Thailand,Upper middle income,Augmentation-only,-1.9288171833039148e-4,-0.09258094425209289,0.09238806253376253,-2.7755575615628914e-17
Figure 5 support; employment-weighted reference,Occupation (ISCO-2),THA,Thailand,Upper middle income,Overall exposure,4.298299358748591,4.907358102395883,-0.6090587436472923,0
Figure 5 support; employment-weighted reference,Occupation (ISCO-2),THA,Thailand,Upper middle income,Substitution-only,3.6903959013754126,4.099102596234667,-0.40870669485925715,2.55351295663786e-15
Figure 5 support; employment-weighted reference,Occupation (ISCO-2),TUN,Tunisia,Lower middle income,Augmentation-only,0.2963011686689752,0.013581883787421154,0.28271928488155407,0
Figure 5 support; employment-weighted reference,Occupation (ISCO-2),TUN,Tunisia,Lower middle income,Overall exposure,6.102692593149348,4.588089407602081,1.514603185547267,-4.440892098500626e-16
Figure 5 support; employment-weighted reference,Occupation (ISCO-2),TUN,Tunisia,Lower middle income,Substitution-only,4.574932876092149,4.246156007059303,0.3287768690328458,-6.106226635438361e-16
Figure 5 support; employment-weighted reference,Occupation (ISCO-2),TUR,Turkiye,Upper middle income,Augmentation-only,0.25992542752969894,0.22043614050105098,0.03948928702864805,-9.020562075079397e-17
Figure 5 support; employment-weighted reference,Occupation (ISCO-2),TUR,Turkiye,Upper middle income,Overall exposure,-1.203034355594254,-1.0398421198342176,-0.16319223576003658,1.942890293094024e-16
Figure 5 support; employment-weighted reference,Occupation (ISCO-2),TUR,Turkiye,Upper middle income,Substitution-only,-0.4065228341175291,-0.5261806439643262,0.11965780984679705,2.7755575615628914e-17
Figure 5 support; employment-weighted reference,Occupation (ISCO-2),TZA,Tanzania,Lower middle income,Augmentation-only,0.016334112213765125,0.01613071189537075,2.0340031839437972e-4,-3.469446951953614e-18
Figure 5 support; employment-weighted reference,Occupation (ISCO-2),TZA,Tanzania,Lower middle income,Overall exposure,-0.6137297617093787,-0.7450268305711394,0.13129706886176085,-1.1102230246251565e-16
Figure 5 support; employment-weighted reference,Occupation (ISCO-2),TZA,Tanzania,Lower middle income,Substitution-only,-0.4355703314867798,-0.33918339365898,-0.09638693782780033,4.996003610813204e-16
Figure 5 support; employment-weighted reference,Occupation (ISCO-2),UGA,Uganda,Low income,Augmentation-only,-0.06305644000535043,-0.2074729671670008,0.1444165271616504,-2.7755575615628914e-17
Figure 5 support; employment-weighted reference,Occupation (ISCO-2),UGA,Uganda,Low income,Overall exposure,2.195554927852789,2.643719059715602,-0.44816413186281023,-3.1086244689504383e-15
Figure 5 support; employment-weighted reference,Occupation (ISCO-2),UGA,Uganda,Low income,Substitution-only,1.6856176819318833,2.3177951094440314,-0.6321774275121506,2.4424906541753444e-15
Figure 5 support; employment-weighted reference,Occupation (ISCO-2),USA,United States,High income,Augmentation-only,0.40772568438644224,0.2666579682991745,0.1410677160872676,1.6653345369377348e-16
Figure 5 support; employment-weighted reference,Occupation (ISCO-2),USA,United States,High income,Overall exposure,-0.4602798817509486,1.1758485894730237,-1.6361284712239745,2.220446049250313e-15
Figure 5 support; employment-weighted reference,Occupation (ISCO-2),USA,United States,High income,Substitution-only,0.4328271260698039,1.0589634569782178,-0.6261363309084151,1.2212453270876722e-15
Figure 5 support; employment-weighted reference,Occupation (ISCO-2),VNM,Viet Nam,Lower middle income,Augmentation-only,-0.024581087096593672,-0.06626708332700498,0.041685996230411325,-1.3877787807814457e-17
Figure 5 support; employment-weighted reference,Occupation (ISCO-2),VNM,Viet Nam,Lower middle income,Overall exposure,4.733788339862888,4.4107179204184845,0.32307041944440457,-1.3877787807814457e-15
Figure 5 support; employment-weighted reference,Occupation (ISCO-2),VNM,Viet Nam,Lower middle income,Substitution-only,3.4179080939318345,3.183551064229786,0.23435702970204775,7.771561172376096e-16
Figure 5 support; employment-weighted reference,Occupation (ISCO-2),ZMB,Zambia,Lower middle income,Augmentation-only,-0.12152458307655546,-0.23475839402858414,0.11323381095202867,1.3877787807814457e-17
Figure 5 support; employment-weighted reference,Occupation (ISCO-2),ZMB,Zambia,Lower middle income,Overall exposure,4.841548195137489,5.106928274681739,-0.26538007954424375,-6.050715484207103e-15
Figure 5 support; employment-weighted reference,Occupation (ISCO-2),ZMB,Zambia,Lower middle income,Substitution-only,4.001517027769243,4.579290622951226,-0.5777735951819808,-2.55351295663786e-15
Figure 5 support; employment-weighted reference,Occupation (ISCO-2),ZWE,Zimbabwe,Lower middle income,Augmentation-only,0.3756781881761345,0.22233735660638107,0.15334083156975364,-1.942890293094024e-16
Figure 5 support; employment-weighted reference,Occupation (ISCO-2),ZWE,Zimbabwe,Lower middle income,Overall exposure,4.085799924005143,0.5068381953089576,3.5789617286961843,1.3322676295501878e-15
Figure 5 support; employment-weighted reference,Occupation (ISCO-2),ZWE,Zimbabwe,Lower middle income,Substitution-only,2.0062800733410278,-0.30118524742347375,2.307465320764501,8.881784197001252e-16
Figure 5 support; employment-weighted reference,Industry (ISIC-2),AGO,Angola,Lower middle income,Augmentation-only,-0.33692814185607606,-0.9125422537747592,0.5756141119186832,-1.1102230246251565e-16
Figure 5 support; employment-weighted reference,Industry (ISIC-2),AGO,Angola,Lower middle income,Overall exposure,0.7337661051609665,0.7638404837788239,-0.030074378617854256,-3.0773994463828558e-15
Figure 5 support; employment-weighted reference,Industry (ISIC-2),AGO,Angola,Lower middle income,Substitution-only,1.1675352417373701,1.9529103454974002,-0.7853751037600305,4.440892098500626e-16
Figure 5 support; employment-weighted reference,Industry (ISIC-2),ARE,United Arab Emirates,High income,Augmentation-only,-1.013541308192326,-0.22910977843577576,-0.7844315297565508,6.661338147750939e-16
Figure 5 support; employment-weighted reference,Industry (ISIC-2),ARE,United Arab Emirates,High income,Overall exposure,-1.8087844663939352,-0.3023622588169579,-1.5064222075769618,-1.554312234475219e-14
Figure 5 support; employment-weighted reference,Industry (ISIC-2),ARE,United Arab Emirates,High income,Substitution-only,-4.361587898879349,-2.973849474645828,-1.3877384242335262,5.3290705182007514e-15
Figure 5 support; employment-weighted reference,Industry (ISIC-2),ARG,Argentina,Upper middle income,Augmentation-only,-1.13143679003648,-0.43019113744456744,-0.7012456525919124,0
Figure 5 support; employment-weighted reference,Industry (ISIC-2),ARG,Argentina,Upper middle income,Overall exposure,-1.183681234065561,-1.1452728976047026,-0.03840833646085925,9.645062526431047e-16
Figure 5 support; employment-weighted reference,Industry (ISIC-2),ARG,Argentina,Upper middle income,Substitution-only,-1.3048959376440334,-1.4478845364544677,0.1429885988104368,-2.55351295663786e-15
Figure 5 support; employment-weighted reference,Industry (ISIC-2),AUS,Australia,High income,Augmentation-only,-1.569789144164458,-0.9482098774548433,-0.6215792667096152,4.440892098500626e-16
Figure 5 support; employment-weighted reference,Industry (ISIC-2),AUS,Australia,High income,Overall exposure,-5.456455844714929,-2.982521269016684,-2.4739345756982396,-5.773159728050814e-15
Figure 5 support; employment-weighted reference,Industry (ISIC-2),AUS,Australia,High income,Substitution-only,-3.139938806228991,-1.693472256687632,-1.4464665495413562,-2.886579864025407e-15
Figure 5 support; employment-weighted reference,Industry (ISIC-2),AUT,Austria,High income,Augmentation-only,-1.396813621935133,-0.5601023618377112,-0.8367112600974214,-4.440892098500626e-16
Figure 5 support; employment-weighted reference,Industry (ISIC-2),AUT,Austria,High income,Overall exposure,-4.921066497606264,-2.6761252478013464,-2.2449412498049144,-3.552713678800501e-15
Figure 5 support; employment-weighted reference,Industry (ISIC-2),AUT,Austria,High income,Substitution-only,-2.0054431921425215,-2.037010205423973,0.031567013281454316,-2.921274333544943e-15
Figure 5 support; employment-weighted reference,Industry (ISIC-2),BEL,Belgium,High income,Augmentation-only,-0.4371789330268363,-0.5418938956937094,0.10471496266687307,1.3877787807814457e-17
Figure 5 support; employment-weighted reference,Industry (ISIC-2),BEL,Belgium,High income,Overall exposure,-7.661704848024598,-5.374259712466487,-2.287445135558117,5.773159728050814e-15
Figure 5 support; employment-weighted reference,Industry (ISIC-2),BEL,Belgium,High income,Substitution-only,-5.207272843800109,-4.177760907160514,-1.0295119366395913,-3.3306690738754696e-15
Figure 5 support; employment-weighted reference,Industry (ISIC-2),BFA,Burkina Faso,Low income,Augmentation-only,-1.123787788706506,-1.7510201317399658,0.6272323430334603,-4.440892098500626e-16
Figure 5 support; employment-weighted reference,Industry (ISIC-2),BFA,Burkina Faso,Low income,Overall exposure,3.1797572260285194,6.040197075753725,-2.8604398497252066,8.881784197001252e-16
Figure 5 support; employment-weighted reference,Industry (ISIC-2),BFA,Burkina Faso,Low income,Substitution-only,3.6434682116475714,7.0442113858399455,-3.4007431741923715,-2.6645352591003757e-15
Figure 5 support; employment-weighted reference,Industry (ISIC-2),BGD,Bangladesh,Lower middle income,Augmentation-only,0.31374824680577323,0.5184466043912188,-0.20469835758544536,-2.220446049250313e-16
Figure 5 support; employment-weighted reference,Industry (ISIC-2),BGD,Bangladesh,Lower middle income,Overall exposure,-6.771978576475467,-8.26206404275866,1.4900854662831995,-7.327471962526033e-15
Figure 5 support; employment-weighted reference,Industry (ISIC-2),BGD,Bangladesh,Lower middle income,Substitution-only,-2.529834215767208,-6.015269418435317,3.4854352026681084,4.440892098500626e-16
Figure 5 support; employment-weighted reference,Industry (ISIC-2),BGR,Bulgaria,High income,Augmentation-only,-1.26424013586061,-0.9519396324186571,-0.3123005034419525,-3.3306690738754696e-16
Figure 5 support; employment-weighted reference,Industry (ISIC-2),BGR,Bulgaria,High income,Overall exposure,0.1974693360312105,1.4250152523432622,-1.2275459163120541,2.4424906541753444e-15
Figure 5 support; employment-weighted reference,Industry (ISIC-2),BGR,Bulgaria,High income,Substitution-only,1.3142631762865844,1.8413153940246234,-0.5270522177380391,1.1102230246251565e-16
Figure 5 support; employment-weighted reference,Industry (ISIC-2),BLR,Belarus,Upper middle income,Augmentation-only,-1.4910590411150402,-0.8793198382659257,-0.6117392028491138,-6.661338147750939e-16
Figure 5 support; employment-weighted reference,Industry (ISIC-2),BLR,Belarus,Upper middle income,Overall exposure,-2.5075602950057676,-0.0705859409306162,-2.436974354075158,6.217248937900877e-15
Figure 5 support; employment-weighted reference,Industry (ISIC-2),BLR,Belarus,Upper middle income,Substitution-only,-1.9164300784600354,-0.11899095841237144,-1.7974391200476645,4.440892098500626e-16
Figure 5 support; employment-weighted reference,Industry (ISIC-2),BOL,Bolivia,Lower middle income,Augmentation-only,-1.0020461231175328,-1.0685921233057063,0.0665460001881734,6.938893903907228e-17
Figure 5 support; employment-weighted reference,Industry (ISIC-2),BOL,Bolivia,Lower middle income,Overall exposure,0.06234453178646011,1.2279868560167668,-1.1656423242303062,-4.440892098500626e-16
Figure 5 support; employment-weighted reference,Industry (ISIC-2),BOL,Bolivia,Lower middle income,Substitution-only,1.6814127324528798,2.19375546680725,-0.512342734354369,-1.3322676295501878e-15
Figure 5 support; employment-weighted reference,Industry (ISIC-2),BRA,Brazil,Upper middle income,Augmentation-only,-1.0424421918353781,-0.566077989757159,-0.4763642020782203,1.1102230246251565e-15
Figure 5 support; employment-weighted reference,Industry (ISIC-2),BRA,Brazil,Upper middle income,Overall exposure,-2.0779789249341487,-1.1681471863713115,-0.9098317385628316,-5.551115123125783e-15
Figure 5 support; employment-weighted reference,Industry (ISIC-2),BRA,Brazil,Upper middle income,Substitution-only,-1.8521186092025748,-1.062464488339277,-0.7896541208632937,-3.9968028886505635e-15
Figure 5 support; employment-weighted reference,Industry (ISIC-2),CHE,Switzerland,High income,Augmentation-only,-0.46643326585353695,-0.6609410570139278,0.1945077911603902,6.661338147750939e-16
Figure 5 support; employment-weighted reference,Industry (ISIC-2),CHE,Switzerland,High income,Overall exposure,-6.803879885357489,-4.771823766316783,-2.0320561190407114,5.3290705182007514e-15
Figure 5 support; employment-weighted reference,Industry (ISIC-2),CHE,Switzerland,High income,Substitution-only,-3.443640791424007,-2.355580458293678,-1.0880603331303262,-2.886579864025407e-15
Figure 5 support; employment-weighted reference,Industry (ISIC-2),CHL,Chile,High income,Augmentation-only,-2.8446090090600107,-1.1001124255020907,-1.7444965835579183,-1.7763568394002505e-15
Figure 5 support; employment-weighted reference,Industry (ISIC-2),CHL,Chile,High income,Overall exposure,-2.9880586919877357,0.22551893424134342,-3.2135776262290743,-4.884981308350689e-15
Figure 5 support; employment-weighted reference,Industry (ISIC-2),CHL,Chile,High income,Substitution-only,0.3270605538340343,0.3561581503479645,-0.029097596513929992,-1.8735013540549517e-16
Figure 5 support; employment-weighted reference,Industry (ISIC-2),COL,Colombia,Upper middle income,Augmentation-only,-0.8316854379178428,-0.828502060034847,-0.0031833778829960667,3.473783760643556e-16
Figure 5 support; employment-weighted reference,Industry (ISIC-2),COL,Colombia,Upper middle income,Overall exposure,-1.0008123558842745,1.0004112176097488,-2.001223573494024,4.440892098500626e-16
Figure 5 support; employment-weighted reference,Industry (ISIC-2),COL,Colombia,Upper middle income,Substitution-only,1.2137282159456217,1.3993976820888128,-0.1856694661431916,5.828670879282072e-16
Figure 5 support; employment-weighted reference,Industry (ISIC-2),CRI,Costa Rica,High income,Augmentation-only,-0.7412781414588849,-0.5890378808575916,-0.15224026060129203,-1.3322676295501878e-15
Figure 5 support; employment-weighted reference,Industry (ISIC-2),CRI,Costa Rica,High income,Overall exposure,-2.15149489259295,-1.5793034336507634,-0.5721914589421838,-2.55351295663786e-15
Figure 5 support; employment-weighted reference,Industry (ISIC-2),CRI,Costa Rica,High income,Substitution-only,-0.39304108000802096,-0.9230090062665012,0.5299679262584832,-2.9976021664879227e-15
Figure 5 support; employment-weighted reference,Industry (ISIC-2),CZE,Czechia,High income,Augmentation-only,-0.9295013128426863,-0.7256240168490746,-0.20387729599361173,2.7755575615628914e-17
Figure 5 support; employment-weighted reference,Industry (ISIC-2),CZE,Czechia,High income,Overall exposure,-2.6715999852350807,-1.8338728313390853,-0.8377271538959952,-2.220446049250313e-16
Figure 5 support; employment-weighted reference,Industry (ISIC-2),CZE,Czechia,High income,Substitution-only,-2.4540624837365987,-1.0548599460843366,-1.3992025376522645,2.4424906541753444e-15
Figure 5 support; employment-weighted reference,Industry (ISIC-2),DEU,Germany,High income,Augmentation-only,-0.6533025558840676,-0.516790196793469,-0.13651235909059806,-4.996003610813204e-16
Figure 5 support; employment-weighted reference,Industry (ISIC-2),DEU,Germany,High income,Overall exposure,-8.157469168907571,-4.757869597295911,-3.399599571611652,-8.43769498715119e-15
Figure 5 support; employment-weighted reference,Industry (ISIC-2),DEU,Germany,High income,Substitution-only,-5.054397914044794,-3.5398273365107893,-1.514570577534007,1.9984014443252818e-15
Figure 5 support; employment-weighted reference,Industry (ISIC-2),DNK,Denmark,High income,Augmentation-only,-0.1623302824315445,-0.6293342129270229,0.4670039304954785,-1.1102230246251565e-16
Figure 5 support; employment-weighted reference,Industry (ISIC-2),DNK,Denmark,High income,Overall exposure,-9.574196176904026,-7.102732063540455,-2.47146411336358,8.881784197001252e-15
Figure 5 support; employment-weighted reference,Industry (ISIC-2),DNK,Denmark,High income,Substitution-only,-5.046915652622267,-4.207369807860218,-0.839545844762049,0
Figure 5 support; employment-weighted reference,Industry (ISIC-2),DOM,Dominican Republic,Upper middle income,Augmentation-only,-1.8869106753596074,-0.5998612312709007,-1.2870494440887075,6.661338147750939e-16
Figure 5 support; employment-weighted reference,Industry (ISIC-2),DOM,Dominican Republic,Upper middle income,Overall exposure,0.9764668496678973,2.019703778959765,-1.0432369292918708,3.1086244689504383e-15
Figure 5 support; employment-weighted reference,Industry (ISIC-2),DOM,Dominican Republic,Upper middle income,Substitution-only,4.17035606717508,2.4996182650424736,1.6707378021326096,-3.552713678800501e-15
Figure 5 support; employment-weighted reference,Industry (ISIC-2),ECU,Ecuador,Upper middle income,Augmentation-only,-1.8496379130297678,-0.6468733671226917,-1.2027645459070755,-6.661338147750939e-16
Figure 5 support; employment-weighted reference,Industry (ISIC-2),ECU,Ecuador,Upper middle income,Overall exposure,-0.3767149135643419,0.6464478673988792,-1.023162780963225,3.9968028886505635e-15
Figure 5 support; employment-weighted reference,Industry (ISIC-2),ECU,Ecuador,Upper middle income,Substitution-only,1.9748914865943865,1.1124342282425934,0.8624572583517928,3.3306690738754696e-16
Figure 5 support; employment-weighted reference,Industry (ISIC-2),EGY,"Egypt, Arab Rep.",Lower middle income,Augmentation-only,-1.2010133880819185,-0.2292879404786447,-0.9717254476032741,3.3306690738754696e-16
Figure 5 support; employment-weighted reference,Industry (ISIC-2),EGY,"Egypt, Arab Rep.",Lower middle income,Overall exposure,0.6864879864304514,-0.33257522689229796,1.0190632133227484,8.881784197001252e-16
Figure 5 support; employment-weighted reference,Industry (ISIC-2),EGY,"Egypt, Arab Rep.",Lower middle income,Substitution-only,-1.293385237248366,-2.70020536202589,1.4068201247775247,-6.661338147750939e-16
Figure 5 support; employment-weighted reference,Industry (ISIC-2),ESP,Spain,High income,Augmentation-only,-0.26581580253756987,-0.4960234188984257,0.23020761636085488,9.71445146547012e-16
Figure 5 support; employment-weighted reference,Industry (ISIC-2),ESP,Spain,High income,Overall exposure,-3.7477074688042973,-2.5134221850453278,-1.2342852837589706,1.1102230246251565e-15
Figure 5 support; employment-weighted reference,Industry (ISIC-2),ESP,Spain,High income,Substitution-only,-2.4860225952873867,-1.7912336269452391,-0.6947889683421493,1.7763568394002505e-15
Figure 5 support; employment-weighted reference,Industry (ISIC-2),FIN,Finland,High income,Augmentation-only,-1.6546404744519037,-0.8080444141527371,-0.8465960602991652,-1.3322676295501878e-15
Figure 5 support; employment-weighted reference,Industry (ISIC-2),FIN,Finland,High income,Overall exposure,-11.122771437544024,-7.278061364798066,-3.8447100727459613,2.6645352591003757e-15
Figure 5 support; employment-weighted reference,Industry (ISIC-2),FIN,Finland,High income,Substitution-only,-5.3714478021076015,-4.072507639662618,-1.2989401624449817,-1.9984014443252818e-15
Figure 5 support; employment-weighted reference,Industry (ISIC-2),FRA,France,High income,Augmentation-only,-0.499571834213521,-0.4858272776545436,-0.013744556558978027,5.880712583561376e-16
Figure 5 support; employment-weighted reference,Industry (ISIC-2),FRA,France,High income,Overall exposure,-5.113377087470007,-3.5872729100150424,-1.526104177454969,4.440892098500626e-15
Figure 5 support; employment-weighted reference,Industry (ISIC-2),FRA,France,High income,Substitution-only,-3.9546121439456883,-2.6751797811700087,-1.279432362775679,-6.661338147750939e-16
Figure 5 support; employment-weighted reference,Industry (ISIC-2),GBR,United Kingdom,High income,Augmentation-only,-0.24487278151111322,-0.6592645112827729,0.4143917297716599,-2.7755575615628914e-16
Figure 5 support; employment-weighted reference,Industry (ISIC-2),GBR,United Kingdom,High income,Overall exposure,-6.147893572639109,-5.273580579573755,-0.8743129930653595,5.3290705182007514e-15
Figure 5 support; employment-weighted reference,Industry (ISIC-2),GBR,United Kingdom,High income,Substitution-only,-3.921244341253181,-2.9289661116084695,-0.992278229644711,-4.440892098500626e-16
Figure 5 support; employment-weighted reference,Industry (ISIC-2),GRC,Greece,High income,Augmentation-only,-1.0190853337673944,-0.49813032278785024,-0.5209550109795434,-7.771561172376096e-16
Figure 5 support; employment-weighted reference,Industry (ISIC-2),GRC,Greece,High income,Overall exposure,-1.7393994137497841,-1.0326232279988194,-0.7067761857509609,-3.774758283725532e-15
Figure 5 support; employment-weighted reference,Industry (ISIC-2),GRC,Greece,High income,Substitution-only,-0.35889743331210855,-0.9983438535824478,0.6394464202703399,-6.661338147750939e-16
Figure 5 support; employment-weighted reference,Industry (ISIC-2),GTM,Guatemala,Upper middle income,Augmentation-only,-0.9182772849826261,-0.9315467400843481,0.013269455101721525,5.360295540768334e-16
Figure 5 support; employment-weighted reference,Industry (ISIC-2),GTM,Guatemala,Upper middle income,Overall exposure,4.672513601796133,5.215235273033093,-0.5427216712369586,-9.992007221626409e-16
Figure 5 support; employment-weighted reference,Industry (ISIC-2),GTM,Guatemala,Upper middle income,Substitution-only,2.6719649380267714,4.979477062069185,-2.3075121240424155,2.220446049250313e-15
Figure 5 support; employment-weighted reference,Industry (ISIC-2),HND,Honduras,Lower middle income,Augmentation-only,-0.05396106022772176,-1.1981250088739925,1.1441639486462707,0
Figure 5 support; employment-weighted reference,Industry (ISIC-2),HND,Honduras,Lower middle income,Overall exposure,6.8207030246113245,6.858803412495908,-0.03810038788458471,1.5681900222830336e-15
Figure 5 support; employment-weighted reference,Industry (ISIC-2),HND,Honduras,Lower middle income,Substitution-only,5.584621597683878,6.136627356162931,-0.5520057584790553,2.1094237467877974e-15
Figure 5 support; employment-weighted reference,Industry (ISIC-2),HRV,Croatia,High income,Augmentation-only,-1.6584317000964601,-0.7899638383787946,-0.8684678617176672,1.6653345369377348e-15
Figure 5 support; employment-weighted reference,Industry (ISIC-2),HRV,Croatia,High income,Overall exposure,0.1103432079424651,0.43425800538157056,-0.3239147974391073,1.8318679906315083e-15
Figure 5 support; employment-weighted reference,Industry (ISIC-2),HRV,Croatia,High income,Substitution-only,0.6315532172833562,0.11045008827755942,0.5211031290057981,-1.3322676295501878e-15
Figure 5 support; employment-weighted reference,Industry (ISIC-2),HUN,Hungary,High income,Augmentation-only,-0.7541608666103216,-0.5572454560219082,-0.1969154105884131,-2.220446049250313e-16
Figure 5 support; employment-weighted reference,Industry (ISIC-2),HUN,Hungary,High income,Overall exposure,-1.9545968962498474,0.02312846218134928,-1.9777253584311967,0
Figure 5 support; employment-weighted reference,Industry (ISIC-2),HUN,Hungary,High income,Substitution-only,-1.9622269084896606,-0.6194435066979415,-1.3427834017917184,-8.881784197001252e-16
Figure 5 support; employment-weighted reference,Industry (ISIC-2),IDN,Indonesia,Upper middle income,Augmentation-only,-1.0298033323640605,-0.8561719594009155,-0.17363137296314374,-1.27675647831893e-15
Figure 5 support; employment-weighted reference,Industry (ISIC-2),IDN,Indonesia,Upper middle income,Overall exposure,2.018035962214107,1.8017862080351579,0.2162497541789495,-5.273559366969494e-16
Figure 5 support; employment-weighted reference,Industry (ISIC-2),IDN,Indonesia,Upper middle income,Substitution-only,2.2830045980132696,2.2479436821490077,0.035060915864261556,2.983724378680108e-16
Figure 5 support; employment-weighted reference,Industry (ISIC-2),IND,India,Lower middle income,Augmentation-only,0.5463429240031648,-0.0049660376390070204,0.5513089616421719,-1.1102230246251565e-16
Figure 5 support; employment-weighted reference,Industry (ISIC-2),IND,India,Lower middle income,Overall exposure,-0.8586437559914042,-1.93651493189147,1.0778711759000639,1.9984014443252818e-15
Figure 5 support; employment-weighted reference,Industry (ISIC-2),IND,India,Lower middle income,Substitution-only,0.8830930258205071,-0.36422678574110434,1.2473198115616122,-8.881784197001252e-16
Figure 5 support; employment-weighted reference,Industry (ISIC-2),IRL,Ireland,High income,Augmentation-only,-0.8989304190684573,-0.7093774573638552,-0.1895529617046021,-2.7755575615628914e-17
Figure 5 support; employment-weighted reference,Industry (ISIC-2),IRL,Ireland,High income,Overall exposure,-5.699144482732384,-3.7179229361577497,-1.9812215465746352,6.661338147750939e-16
Figure 5 support; employment-weighted reference,Industry (ISIC-2),IRL,Ireland,High income,Substitution-only,-3.4319851546402598,-2.1140017075986806,-1.3179834470415808,1.5543122344752192e-15
Figure 5 support; employment-weighted reference,Industry (ISIC-2),IRN,"Iran, Islamic Rep.",Upper middle income,Augmentation-only,0.1385140222683321,-0.4069562775977103,0.5454702998660426,-2.220446049250313e-16
Figure 5 support; employment-weighted reference,Industry (ISIC-2),IRN,"Iran, Islamic Rep.",Upper middle income,Overall exposure,0.385474233690266,0.23168911724582825,0.15378511644444187,-4.107825191113079e-15
Figure 5 support; employment-weighted reference,Industry (ISIC-2),IRN,"Iran, Islamic Rep.",Upper middle income,Substitution-only,0.4816691541051927,-0.1360888307372684,0.6177579848424606,4.440892098500626e-16
Figure 5 support; employment-weighted reference,Industry (ISIC-2),ISR,Israel,High income,Augmentation-only,0.029745795913833025,-0.6288545576289511,0.6586003535427838,3.3306690738754696e-16
Figure 5 support; employment-weighted reference,Industry (ISIC-2),ISR,Israel,High income,Overall exposure,-5.220881965259533,-5.500481174192132,0.279599208932598,4.996003610813204e-16
Figure 5 support; employment-weighted reference,Industry (ISIC-2),ISR,Israel,High income,Substitution-only,-4.106813315257218,-3.6400144531387704,-0.46679886211844984,1.8318679906315083e-15
Figure 5 support; employment-weighted reference,Industry (ISIC-2),ITA,Italy,High income,Augmentation-only,-0.7686648011465544,-0.5410479333804831,-0.2276168677660704,-9.71445146547012e-16
Figure 5 support; employment-weighted reference,Industry (ISIC-2),ITA,Italy,High income,Overall exposure,-3.924980793732767,-2.6735814814454715,-1.251399312287293,-2.6645352591003757e-15
Figure 5 support; employment-weighted reference,Industry (ISIC-2),ITA,Italy,High income,Substitution-only,-3.024624316166136,-2.415326159318906,-0.6092981568472315,1.3322676295501878e-15
Figure 5 support; employment-weighted reference,Industry (ISIC-2),JOR,Jordan,Lower middle income,Augmentation-only,-0.5394393597867545,-0.20744807365156798,-0.3319912861351863,-2.220446049250313e-16
Figure 5 support; employment-weighted reference,Industry (ISIC-2),JOR,Jordan,Lower middle income,Overall exposure,-2.934067778362178,-3.07521033447505,0.14114255611287616,-4.08006961549745e-15
Figure 5 support; employment-weighted reference,Industry (ISIC-2),JOR,Jordan,Lower middle income,Substitution-only,-3.386635266146128,-3.5556562746169873,0.16902100847086082,-1.3877787807814457e-15
Figure 5 support; employment-weighted reference,Industry (ISIC-2),JPN,Japan,High income,Augmentation-only,-1.0291335977115499,-0.3710550780624931,-0.658078519649057,1.1102230246251565e-16
Figure 5 support; employment-weighted reference,Industry (ISIC-2),JPN,Japan,High income,Overall exposure,-6.577737605586869,-5.040614685576581,-1.5371229200102843,-3.3306690738754696e-15
Figure 5 support; employment-weighted reference,Industry (ISIC-2),JPN,Japan,High income,Substitution-only,-3.1006436894296114,-2.702559496211716,-0.3980841932178941,-1.2212453270876722e-15
Figure 5 support; employment-weighted reference,Industry (ISIC-2),KEN,Kenya,Lower middle income,Augmentation-only,0.6941389705385793,-0.5002693558795969,1.1944083264181766,-4.440892098500626e-16
Figure 5 support; employment-weighted reference,Industry (ISIC-2),KEN,Kenya,Lower middle income,Overall exposure,3.847687948452189,-0.4642781046800996,4.311966053132286,2.6645352591003757e-15
Figure 5 support; employment-weighted reference,Industry (ISIC-2),KEN,Kenya,Lower middle income,Substitution-only,1.1730160580842341,0.6147413036341093,0.5582747544501254,-5.551115123125783e-16
Figure 5 support; employment-weighted reference,Industry (ISIC-2),KGZ,Kyrgyz Republic,Lower middle income,Augmentation-only,-0.8776918408789225,-0.7021168599193506,-0.1755749809595717,-2.220446049250313e-16
Figure 5 support; employment-weighted reference,Industry (ISIC-2),KGZ,Kyrgyz Republic,Lower middle income,Overall exposure,2.870462875656964,0.35937691973517955,2.511085955921786,-1.7763568394002505e-15
Figure 5 support; employment-weighted reference,Industry (ISIC-2),KGZ,Kyrgyz Republic,Lower middle income,Substitution-only,1.6907890017895628,0.5693237191538336,1.1214652826357308,-1.5543122344752192e-15
Figure 5 support; employment-weighted reference,Industry (ISIC-2),KHM,Cambodia,Lower middle income,Augmentation-only,-0.38709307981911417,-0.7878051227079865,0.4007120428888718,5.551115123125783e-16
Figure 5 support; employment-weighted reference,Industry (ISIC-2),KHM,Cambodia,Lower middle income,Overall exposure,3.975251434823884,4.088735506670379,-0.11348407184649018,-4.9404924595819466e-15
Figure 5 support; employment-weighted reference,Industry (ISIC-2),KHM,Cambodia,Lower middle income,Substitution-only,3.9509367224839167,4.830673967182618,-0.8797372446987005,-1.2212453270876722e-15
Figure 5 support; employment-weighted reference,Industry (ISIC-2),KOR,"Korea, Rep.",High income,Augmentation-only,-1.0365568576846933,-0.7161118858243125,-0.32044497186038057,-2.220446049250313e-16
Figure 5 support; employment-weighted reference,Industry (ISIC-2),KOR,"Korea, Rep.",High income,Overall exposure,-4.247020005509547,-5.061217139525829,0.8141971340162832,-6.661338147750939e-16
Figure 5 support; employment-weighted reference,Industry (ISIC-2),KOR,"Korea, Rep.",High income,Substitution-only,-2.778443534707392,-3.1641024948854652,0.3856589601780736,-2.7755575615628914e-16
Figure 5 support; employment-weighted reference,Industry (ISIC-2),LKA,Sri Lanka,Lower middle income,Augmentation-only,-0.7747474460413524,-0.46769503815686053,-0.30705240788449223,3.885780586188048e-16
Figure 5 support; employment-weighted reference,Industry (ISIC-2),LKA,Sri Lanka,Lower middle income,Overall exposure,4.280670132182845,1.6708416849877223,2.6098284471951154,7.105427357601002e-15
Figure 5 support; employment-weighted reference,Industry (ISIC-2),LKA,Sri Lanka,Lower middle income,Substitution-only,3.874968552405806,2.369991400547956,1.504977151857852,-1.9984014443252818e-15
Figure 5 support; employment-weighted reference,Industry (ISIC-2),MDG,Madagascar,Low income,Augmentation-only,-0.033306635010077495,-0.5061202151110575,0.47281358010098007,0
Figure 5 support; employment-weighted reference,Industry (ISIC-2),MDG,Madagascar,Low income,Overall exposure,1.1548427969972486,0.9809722742519605,0.17387052274528747,5.551115123125783e-16
Figure 5 support; employment-weighted reference,Industry (ISIC-2),MDG,Madagascar,Low income,Substitution-only,1.2984104829621141,1.404980180682247,-0.10656969772013389,9.71445146547012e-16
Figure 5 support; employment-weighted reference,Industry (ISIC-2),MEX,Mexico,Upper middle income,Augmentation-only,-1.037554415960229,-0.8076247371538826,-0.22992967880634618,-2.220446049250313e-16
Figure 5 support; employment-weighted reference,Industry (ISIC-2),MEX,Mexico,Upper middle income,Overall exposure,0.6622372396595101,1.0673078586113351,-0.4050706189518291,4.052314039881821e-15
Figure 5 support; employment-weighted reference,Industry (ISIC-2),MEX,Mexico,Upper middle income,Substitution-only,0.7821937017351682,1.2198346722125561,-0.4376409704773872,-7.216449660063518e-16
Figure 5 support; employment-weighted reference,Industry (ISIC-2),MMR,Myanmar,Lower middle income,Augmentation-only,-0.1145331190811468,-0.8043975021450979,0.6898643830639509,1.1102230246251565e-16
Figure 5 support; employment-weighted reference,Industry (ISIC-2),MMR,Myanmar,Lower middle income,Overall exposure,4.584567595128382,4.901633753790992,-0.3170661586626079,-1.887379141862766e-15
Figure 5 support; employment-weighted reference,Industry (ISIC-2),MMR,Myanmar,Lower middle income,Substitution-only,3.7495362943208095,4.447888963592095,-0.6983526692712813,-4.107825191113079e-15
Figure 5 support; employment-weighted reference,Industry (ISIC-2),MWI,Malawi,Low income,Augmentation-only,0.04744263968174094,-0.20636812040132688,0.25381076008306785,-5.551115123125783e-17
Figure 5 support; employment-weighted reference,Industry (ISIC-2),MWI,Malawi,Low income,Overall exposure,-0.6019185589518071,-0.1699918435640716,-0.4319267153877351,-4.440892098500626e-16
Figure 5 support; employment-weighted reference,Industry (ISIC-2),MWI,Malawi,Low income,Substitution-only,-0.10157594174589737,0.3959458888291502,-0.4975218305750479,2.7755575615628914e-16
Figure 5 support; employment-weighted reference,Industry (ISIC-2),NGA,Nigeria,Lower middle income,Augmentation-only,-0.5552717138097527,-0.9402035009604512,0.38493178715069887,-3.3306690738754696e-16
Figure 5 support; employment-weighted reference,Industry (ISIC-2),NGA,Nigeria,Lower middle income,Overall exposure,2.9911709054012463,4.800559961066597,-1.8093890556653482,-2.220446049250313e-15
Figure 5 support; employment-weighted reference,Industry (ISIC-2),NGA,Nigeria,Lower middle income,Substitution-only,2.7950271172558665,4.857470568039022,-2.062443450783153,-2.6645352591003757e-15
Figure 5 support; employment-weighted reference,Industry (ISIC-2),NLD,Netherlands,High income,Augmentation-only,-0.9350134023719036,-0.6525357075123563,-0.2824776948595479,6.661338147750939e-16
Figure 5 support; employment-weighted reference,Industry (ISIC-2),NLD,Netherlands,High income,Overall exposure,-10.557647111558696,-8.241581253141689,-2.316065858417006,-8.881784197001252e-16
Figure 5 support; employment-weighted reference,Industry (ISIC-2),NLD,Netherlands,High income,Substitution-only,-5.243049960140912,-4.477943364612741,-0.765106595528175,3.885780586188048e-15
Figure 5 support; employment-weighted reference,Industry (ISIC-2),PAK,Pakistan,Lower middle income,Augmentation-only,1.2423461302858783,0.19961529092612815,1.0427308393597499,2.220446049250313e-16
Figure 5 support; employment-weighted reference,Industry (ISIC-2),PAK,Pakistan,Lower middle income,Overall exposure,0.2105556366509371,-6.297061440728072,6.507617077379009,0
Figure 5 support; employment-weighted reference,Industry (ISIC-2),PAK,Pakistan,Lower middle income,Substitution-only,-1.8278960389757075,-3.9193700195902506,2.0914739806145444,-1.3322676295501878e-15
Figure 5 support; employment-weighted reference,Industry (ISIC-2),PER,Peru,Upper middle income,Augmentation-only,-1.2496798617839529,-0.9169955285977933,-0.33268433318616025,7.216449660063518e-16
Figure 5 support; employment-weighted reference,Industry (ISIC-2),PER,Peru,Upper middle income,Overall exposure,1.4912218639192618,1.3375945245740168,0.15362733934524397,9.992007221626409e-16
Figure 5 support; employment-weighted reference,Industry (ISIC-2),PER,Peru,Upper middle income,Substitution-only,1.4288972412647427,1.814839550391532,-0.3859423091267897,3.885780586188048e-16
Figure 5 support; employment-weighted reference,Industry (ISIC-2),PHL,Philippines,Lower middle income,Augmentation-only,-0.9227913146592065,-0.8814189612540312,-0.04137235340517464,-6.730727086790012e-16
Figure 5 support; employment-weighted reference,Industry (ISIC-2),PHL,Philippines,Lower middle income,Overall exposure,6.471788721034586,6.197822212572498,0.27396650846208953,-1.3877787807814457e-15
Figure 5 support; employment-weighted reference,Industry (ISIC-2),PHL,Philippines,Lower middle income,Substitution-only,3.2127206969734754,4.26293263803587,-1.0502119410623918,-2.4424906541753444e-15
Figure 5 support; employment-weighted reference,Industry (ISIC-2),POL,Poland,High income,Augmentation-only,-1.0279273647164269,-0.8274661058165078,-0.2004612588999198,7.494005416219807e-16
Figure 5 support; employment-weighted reference,Industry (ISIC-2),POL,Poland,High income,Overall exposure,-1.8259151290119378,-0.2951407657396895,-1.5307743632722564,7.993605777301127e-15
Figure 5 support; employment-weighted reference,Industry (ISIC-2),POL,Poland,High income,Substitution-only,-1.6693454271762427,-0.4916181007240916,-1.1777273264521524,1.3322676295501878e-15
Figure 5 support; employment-weighted reference,Industry (ISIC-2),PRT,Portugal,High income,Augmentation-only,-0.4100940271059576,-0.6080357599023145,0.19794173279635724,-3.3306690738754696e-16
Figure 5 support; employment-weighted reference,Industry (ISIC-2),PRT,Portugal,High income,Overall exposure,-4.960204866151617,-2.9206804231957446,-2.0395244429558685,-3.9968028886505635e-15
Figure 5 support; employment-weighted reference,Industry (ISIC-2),PRT,Portugal,High income,Substitution-only,-3.1064240063478397,-1.482758765264861,-1.6236652410829753,-3.3306690738754696e-15
Figure 5 support; employment-weighted reference,Industry (ISIC-2),ROU,Romania,High income,Augmentation-only,-1.1563510362317366,-0.9060347263295923,-0.25031630990214454,1.6653345369377348e-16
Figure 5 support; employment-weighted reference,Industry (ISIC-2),ROU,Romania,High income,Overall exposure,4.9964315250653515,4.01786795250858,0.9785635725567747,-3.552713678800501e-15
Figure 5 support; employment-weighted reference,Industry (ISIC-2),ROU,Romania,High income,Substitution-only,3.109031075581177,3.671325352691209,-0.5622942771100327,7.771561172376096e-16
Figure 5 support; employment-weighted reference,Industry (ISIC-2),RWA,Rwanda,Low income,Augmentation-only,-0.26578999943014653,-0.5952121259978446,0.32942212656769765,3.885780586188048e-16
Figure 5 support; employment-weighted reference,Industry (ISIC-2),RWA,Rwanda,Low income,Overall exposure,-0.3768530657769754,-0.17802010800751136,-0.19883295776946347,-5.828670879282072e-16
Figure 5 support; employment-weighted reference,Industry (ISIC-2),RWA,Rwanda,Low income,Substitution-only,-0.642663868820939,0.9554733620107473,-1.5981372308316875,1.3322676295501878e-15
Figure 5 support; employment-weighted reference,Industry (ISIC-2),SEN,Senegal,Lower middle income,Augmentation-only,-1.1710560748912855,-0.7349354313087719,-0.4361206435825133,-2.7755575615628914e-16
Figure 5 support; employment-weighted reference,Industry (ISIC-2),SEN,Senegal,Lower middle income,Overall exposure,1.8512941949681234,3.442467617854306,-1.5911734228861791,-3.552713678800501e-15
Figure 5 support; employment-weighted reference,Industry (ISIC-2),SEN,Senegal,Lower middle income,Substitution-only,1.6529398606383543,3.0364330341354355,-1.3834931734970806,-6.661338147750939e-16
Figure 5 support; employment-weighted reference,Industry (ISIC-2),SGP,Singapore,High income,Augmentation-only,-0.4948296101340417,-0.46953888221399304,-0.02529072792004839,-2.706168622523819e-16
Figure 5 support; employment-weighted reference,Industry (ISIC-2),SGP,Singapore,High income,Overall exposure,-3.5147623585663617,-2.9752986489684,-0.5394637095979615,-2.220446049250313e-16
Figure 5 support; employment-weighted reference,Industry (ISIC-2),SGP,Singapore,High income,Substitution-only,-1.879320070791256,-1.3908698068062386,-0.4884502639850172,-2.7755575615628914e-16
Figure 5 support; employment-weighted reference,Industry (ISIC-2),SLV,El Salvador,Upper middle income,Augmentation-only,-1.3947215703563973,-0.9013216025566937,-0.493399967799703,-6.106226635438361e-16
Figure 5 support; employment-weighted reference,Industry (ISIC-2),SLV,El Salvador,Upper middle income,Overall exposure,5.895480809877067,4.4952078797708035,1.4002729301062589,4.440892098500626e-15
Figure 5 support; employment-weighted reference,Industry (ISIC-2),SLV,El Salvador,Upper middle income,Substitution-only,5.110524573297126,4.384588493878012,0.7259360794191141,-2.220446049250313e-16
Figure 5 support; employment-weighted reference,Industry (ISIC-2),SRB,Serbia,Upper middle income,Augmentation-only,-1.2602484754295475,-0.7389705417619692,-0.5212779336675792,8.881784197001252e-16
Figure 5 support; employment-weighted reference,Industry (ISIC-2),SRB,Serbia,Upper middle income,Overall exposure,-0.5933676964846252,0.023529307460906156,-0.6168970039455253,-6.106226635438361e-15
Figure 5 support; employment-weighted reference,Industry (ISIC-2),SRB,Serbia,Upper middle income,Substitution-only,0.4252507364037682,-0.02285058191255009,0.4481013183163175,7.771561172376096e-16
Figure 5 support; employment-weighted reference,Industry (ISIC-2),SVK,Slovak Republic,High income,Augmentation-only,-0.8776431675478632,-0.7798263416863811,-0.09781682586148178,-3.191891195797325e-16
Figure 5 support; employment-weighted reference,Industry (ISIC-2),SVK,Slovak Republic,High income,Overall exposure,-0.5679171803015469,0.29747050480485276,-0.8653876851063907,-8.992806499463768e-15
Figure 5 support; employment-weighted reference,Industry (ISIC-2),SVK,Slovak Republic,High income,Substitution-only,-0.41647367016233217,-0.1551048678889132,-0.26136880227341797,-9.992007221626409e-16
Figure 5 support; employment-weighted reference,Industry (ISIC-2),SWE,Sweden,High income,Augmentation-only,-0.6569417562406143,-0.6556762658352558,-0.001265490405358658,1.5330618718945033e-16
Figure 5 support; employment-weighted reference,Industry (ISIC-2),SWE,Sweden,High income,Overall exposure,-7.621879850887242,-5.7788852484256825,-1.8429946024615642,4.440892098500626e-15
Figure 5 support; employment-weighted reference,Industry (ISIC-2),SWE,Sweden,High income,Substitution-only,-4.780480267519881,-3.352051613772858,-1.428428653747024,1.5543122344752192e-15
Figure 5 support; employment-weighted reference,Industry (ISIC-2),THA,Thailand,Upper middle income,Augmentation-only,-0.4733906583042939,-0.41867348040258356,-0.05471717790171052,1.942890293094024e-16
Figure 5 support; employment-weighted reference,Industry (ISIC-2),THA,Thailand,Upper middle income,Overall exposure,2.1414318097808516,1.9599431127627462,0.18148869701810597,-6.38378239159465e-16
Figure 5 support; employment-weighted reference,Industry (ISIC-2),THA,Thailand,Upper middle income,Substitution-only,1.7869964709959698,1.7345886516510447,0.052407819344925145,-3.469446951953614e-17
Figure 5 support; employment-weighted reference,Industry (ISIC-2),TUN,Tunisia,Lower middle income,Augmentation-only,-0.6034050684719938,-0.5965757220807487,-0.006829346391244788,-3.174543961037557e-16
Figure 5 support; employment-weighted reference,Industry (ISIC-2),TUN,Tunisia,Lower middle income,Overall exposure,7.223634359822328,3.517335255447831,3.7062991043745015,-4.440892098500626e-15
Figure 5 support; employment-weighted reference,Industry (ISIC-2),TUN,Tunisia,Lower middle income,Substitution-only,4.794566466316552,3.708500192651822,1.0860662736647293,8.881784197001252e-16
Figure 5 support; employment-weighted reference,Industry (ISIC-2),TUR,Turkiye,Upper middle income,Augmentation-only,-0.43267239934662033,-0.2702792810074521,-0.16239311833916814,-1.1102230246251565e-16
Figure 5 support; employment-weighted reference,Industry (ISIC-2),TUR,Turkiye,Upper middle income,Overall exposure,-2.7759894870510333,-2.8588892933666155,0.08289980631558104,1.096345236817342e-15
Figure 5 support; employment-weighted reference,Industry (ISIC-2),TUR,Turkiye,Upper middle income,Substitution-only,-1.8714862022593648,-2.006510577647767,0.13502437538840173,4.440892098500626e-16
Figure 5 support; employment-weighted reference,Industry (ISIC-2),TZA,Tanzania,Lower middle income,Augmentation-only,-0.14849086632767794,-0.47958201402800177,0.33109114770032383,0
Figure 5 support; employment-weighted reference,Industry (ISIC-2),TZA,Tanzania,Lower middle income,Overall exposure,-0.29897353237046037,0.08408519827752553,-0.3830587306479851,-7.771561172376096e-16
Figure 5 support; employment-weighted reference,Industry (ISIC-2),TZA,Tanzania,Lower middle income,Substitution-only,0.47482174973374114,0.5669878503167897,-0.09216610058304894,4.163336342344337e-16
Figure 5 support; employment-weighted reference,Industry (ISIC-2),UKR,Ukraine,Upper middle income,Augmentation-only,-1.3328925823627993,-0.9309845818581886,-0.40190800050461,-7.216449660063518e-16
Figure 5 support; employment-weighted reference,Industry (ISIC-2),UKR,Ukraine,Upper middle income,Overall exposure,0.08949488754170819,0.4551854374089553,-0.3656905498672525,5.440092820663267e-15
Figure 5 support; employment-weighted reference,Industry (ISIC-2),UKR,Ukraine,Upper middle income,Substitution-only,0.49086309275436635,0.446835952591668,0.0440271401626972,1.1726730697603216e-15
Figure 5 support; employment-weighted reference,Industry (ISIC-2),USA,United States,High income,Augmentation-only,-0.8478086470880823,-0.61063068086271,-0.23717796622537216,-1.942890293094024e-16
Figure 5 support; employment-weighted reference,Industry (ISIC-2),USA,United States,High income,Overall exposure,-6.504467343697653,-4.341122729488469,-2.1633446142091697,-1.3766765505351941e-14
Figure 5 support; employment-weighted reference,Industry (ISIC-2),USA,United States,High income,Substitution-only,-2.9823490375350388,-2.602484405852021,-0.37986463168301626,-1.609823385706477e-15
Figure 5 support; employment-weighted reference,Industry (ISIC-2),VNM,Viet Nam,Lower middle income,Augmentation-only,-0.8272234726042059,-0.7447690088948937,-0.08245446370931217,-2.7755575615628914e-17
Figure 5 support; employment-weighted reference,Industry (ISIC-2),VNM,Viet Nam,Lower middle income,Overall exposure,4.865636214684208,3.4770245052330555,1.3886117094511512,8.881784197001252e-16
Figure 5 support; employment-weighted reference,Industry (ISIC-2),VNM,Viet Nam,Lower middle income,Substitution-only,4.833333392475699,3.9278349476642567,0.9054984448114444,-2.3314683517128287e-15
Figure 5 support; employment-weighted reference,Industry (ISIC-2),ZMB,Zambia,Lower middle income,Augmentation-only,-0.22263225848730922,-0.5657370139919685,0.3431047555046593,0
Figure 5 support; employment-weighted reference,Industry (ISIC-2),ZMB,Zambia,Lower middle income,Overall exposure,0.5393609715310062,-0.38178520598924914,0.9211461775202578,-2.55351295663786e-15
Figure 5 support; employment-weighted reference,Industry (ISIC-2),ZMB,Zambia,Lower middle income,Substitution-only,0.34947824948471584,0.2957367049959938,0.0537415444887219,1.3877787807814457e-16
Figure 5 support; employment-weighted reference,Industry (ISIC-2),ZWE,Zimbabwe,Lower middle income,Augmentation-only,-2.216880301434061,-1.601779661759864,-0.6151006396741967,-2.220446049250313e-16
Figure 5 support; employment-weighted reference,Industry (ISIC-2),ZWE,Zimbabwe,Lower middle income,Overall exposure,-0.1436246236141127,-1.5244671592201255,1.3808425356060121,6.661338147750939e-16
Figure 5 support; employment-weighted reference,Industry (ISIC-2),ZWE,Zimbabwe,Lower middle income,Substitution-only,0.4935459362416424,0.1418695974146723,0.35167633882696997,1.1102230246251565e-16
