pair,level_exact,level_adj
P1 vs P2,0.8408408408408409,0.998998998998999
P1 vs P3,0.8278278278278278,1.0
P2 vs P3,0.8238238238238238,0.997997997997998
