month,country,work_related,share_of_messages
2024-07-01,AE,0,0.347
2024-07-01,AE,1,0.653
2024-07-01,AF,0,0.643
2024-07-01,AF,1,0.357
2024-07-01,AL,0,0.474
2024-07-01,AL,1,0.526
2024-07-01,AM,0,0.473
2024-07-01,AM,1,0.527
2024-07-01,AO,0,0.565
2024-07-01,AO,1,0.435
2024-07-01,AR,0,0.610
2024-07-01,AR,1,0.390
2024-07-01,AT,0,0.459
2024-07-01,AT,1,0.541
2024-07-01,AU,0,0.398
2024-07-01,AU,1,0.602
2024-07-01,AZ,0,0.658
2024-07-01,AZ,1,0.342
2024-07-01,BA,0,0.562
2024-07-01,BA,1,0.438
2024-07-01,BD,0,0.578
2024-07-01,BD,1,0.422
2024-07-01,BE,0,0.529
2024-07-01,BE,1,0.471
2024-07-01,BF,0,0.447
2024-07-01,BF,1,0.553
2024-07-01,BG,0,0.555
2024-07-01,BG,1,0.445
2024-07-01,BJ,0,0.518
2024-07-01,BJ,1,0.482
2024-07-01,BO,0,0.628
2024-07-01,BO,1,0.372
2024-07-01,BR,0,0.501
2024-07-01,BR,1,0.499
2024-07-01,CA,0,0.439
2024-07-01,CA,1,0.561
2024-07-01,CD,0,0.647
2024-07-01,CD,1,0.353
2024-07-01,CH,0,0.446
2024-07-01,CH,1,0.554
2024-07-01,CI,0,0.545
2024-07-01,CI,1,0.455
2024-07-01,CL,0,0.524
2024-07-01,CL,1,0.476
2024-07-01,CM,0,0.514
2024-07-01,CM,1,0.486
2024-07-01,CO,0,0.555
2024-07-01,CO,1,0.445
2024-07-01,CR,0,0.478
2024-07-01,CR,1,0.522
2024-07-01,CY,0,0.425
2024-07-01,CY,1,0.575
2024-07-01,CZ,0,0.567
2024-07-01,CZ,1,0.433
2024-07-01,DE,0,0.482
2024-07-01,DE,1,0.518
2024-07-01,DK,0,0.504
2024-07-01,DK,1,0.496
2024-07-01,DO,0,0.599
2024-07-01,DO,1,0.401
2024-07-01,DZ,0,0.619
2024-07-01,DZ,1,0.381
2024-07-01,EC,0,0.581
2024-07-01,EC,1,0.419
2024-07-01,EE,0,0.547
2024-07-01,EE,1,0.453
2024-07-01,EG,0,0.486
2024-07-01,EG,1,0.514
2024-07-01,ES,0,0.476
2024-07-01,ES,1,0.524
2024-07-01,ET,0,0.419
2024-07-01,ET,1,0.581
2024-07-01,FI,0,0.523
2024-07-01,FI,1,0.477
2024-07-01,FR,0,0.417
2024-07-01,FR,1,0.583
2024-07-01,GB,0,0.377
2024-07-01,GB,1,0.623
2024-07-01,GE,0,0.586
2024-07-01,GE,1,0.414
2024-07-01,GH,0,0.511
2024-07-01,GH,1,0.489
2024-07-01,GR,0,0.486
2024-07-01,GR,1,0.514
2024-07-01,GT,0,0.653
2024-07-01,GT,1,0.347
2024-07-01,HN,0,0.546
2024-07-01,HN,1,0.454
2024-07-01,HR,0,0.476
2024-07-01,HR,1,0.524
2024-07-01,HT,0,0.696
2024-07-01,HT,1,0.304
2024-07-01,HU,0,0.591
2024-07-01,HU,1,0.409
2024-07-01,ID,0,0.465
2024-07-01,ID,1,0.535
2024-07-01,IE,0,0.406
2024-07-01,IE,1,0.594
2024-07-01,IL,0,0.427
2024-07-01,IL,1,0.573
2024-07-01,IN,0,0.399
2024-07-01,IN,1,0.601
2024-07-01,IQ,0,0.689
2024-07-01,IQ,1,0.311
2024-07-01,IT,0,0.506
2024-07-01,IT,1,0.494
2024-07-01,JM,0,0.504
2024-07-01,JM,1,0.496
2024-07-01,JO,0,0.421
2024-07-01,JO,1,0.579
2024-07-01,JP,0,0.472
2024-07-01,JP,1,0.528
2024-07-01,KE,0,0.435
2024-07-01,KE,1,0.565
2024-07-01,KG,0,0.575
2024-07-01,KG,1,0.425
2024-07-01,KH,0,0.625
2024-07-01,KH,1,0.375
2024-07-01,KR,0,0.447
2024-07-01,KR,1,0.553
2024-07-01,KW,0,0.548
2024-07-01,KW,1,0.452
2024-07-01,KZ,0,0.605
2024-07-01,KZ,1,0.395
2024-07-01,LB,0,0.511
2024-07-01,LB,1,0.489
2024-07-01,LK,0,0.391
2024-07-01,LK,1,0.609
2024-07-01,LT,0,0.530
2024-07-01,LT,1,0.470
2024-07-01,LU,0,0.415
2024-07-01,LU,1,0.585
2024-07-01,LV,0,0.485
2024-07-01,LV,1,0.515
2024-07-01,LY,0,0.665
2024-07-01,LY,1,0.335
2024-07-01,MA,0,0.522
2024-07-01,MA,1,0.478
2024-07-01,MD,0,0.475
2024-07-01,MD,1,0.525
2024-07-01,ME,0,0.533
2024-07-01,ME,1,0.467
2024-07-01,MG,0,0.438
2024-07-01,MG,1,0.562
2024-07-01,MK,0,0.493
2024-07-01,MK,1,0.507
2024-07-01,MM,0,0.655
2024-07-01,MM,1,0.345
2024-07-01,MT,0,0.417
2024-07-01,MT,1,0.583
2024-07-01,MU,0,0.425
2024-07-01,MU,1,0.575
2024-07-01,MX,0,0.577
2024-07-01,MX,1,0.423
2024-07-01,MY,0,0.431
2024-07-01,MY,1,0.569
2024-07-01,MZ,0,0.537
2024-07-01,MZ,1,0.463
2024-07-01,NG,0,0.518
2024-07-01,NG,1,0.482
2024-07-01,NI,0,0.634
2024-07-01,NI,1,0.366
2024-07-01,NL,0,0.397
2024-07-01,NL,1,0.603
2024-07-01,NO,0,0.534
2024-07-01,NO,1,0.466
2024-07-01,NP,0,0.558
2024-07-01,NP,1,0.442
2024-07-01,NZ,0,0.458
2024-07-01,NZ,1,0.542
2024-07-01,OM,0,0.439
2024-07-01,OM,1,0.561
2024-07-01,PA,0,0.630
2024-07-01,PA,1,0.370
2024-07-01,PE,0,0.546
2024-07-01,PE,1,0.454
2024-07-01,PH,0,0.517
2024-07-01,PH,1,0.483
2024-07-01,PK,0,0.474
2024-07-01,PK,1,0.526
2024-07-01,PL,0,0.501
2024-07-01,PL,1,0.499
2024-07-01,PR,0,0.608
2024-07-01,PR,1,0.392
2024-07-01,PS,0,0.645
2024-07-01,PS,1,0.355
2024-07-01,PT,0,0.443
2024-07-01,PT,1,0.557
2024-07-01,PY,0,0.614
2024-07-01,PY,1,0.386
2024-07-01,QA,0,0.341
2024-07-01,QA,1,0.659
2024-07-01,RO,0,0.522
2024-07-01,RO,1,0.478
2024-07-01,RS,0,0.480
2024-07-01,RS,1,0.520
2024-07-01,RW,0,0.413
2024-07-01,RW,1,0.587
2024-07-01,SA,0,0.472
2024-07-01,SA,1,0.528
2024-07-01,SC,0,0.272
2024-07-01,SC,1,0.728
2024-07-01,SE,0,0.554
2024-07-01,SE,1,0.446
2024-07-01,SG,0,0.311
2024-07-01,SG,1,0.689
2024-07-01,SI,0,0.538
2024-07-01,SI,1,0.462
2024-07-01,SK,0,0.581
2024-07-01,SK,1,0.419
2024-07-01,SN,0,0.489
2024-07-01,SN,1,0.511
2024-07-01,SO,0,0.744
2024-07-01,SO,1,0.256
2024-07-01,SV,0,0.631
2024-07-01,SV,1,0.369
2024-07-01,TH,0,0.549
2024-07-01,TH,1,0.451
2024-07-01,TN,0,0.388
2024-07-01,TN,1,0.612
2024-07-01,TR,0,0.545
2024-07-01,TR,1,0.455
2024-07-01,TW,0,0.419
2024-07-01,TW,1,0.581
2024-07-01,TZ,0,0.448
2024-07-01,TZ,1,0.552
2024-07-01,UA,0,0.532
2024-07-01,UA,1,0.468
2024-07-01,UG,0,0.446
2024-07-01,UG,1,0.554
2024-07-01,US,0,0.491
2024-07-01,US,1,0.509
2024-07-01,UY,0,0.652
2024-07-01,UY,1,0.348
2024-07-01,UZ,0,0.605
2024-07-01,UZ,1,0.395
2024-07-01,VN,0,0.615
2024-07-01,VN,1,0.385
2024-07-01,ZA,0,0.401
2024-07-01,ZA,1,0.599
2024-07-01,ZM,0,0.534
2024-07-01,ZM,1,0.466
2024-08-01,AE,0,0.409
2024-08-01,AE,1,0.591
2024-08-01,AF,0,0.708
2024-08-01,AF,1,0.292
2024-08-01,AL,0,0.643
2024-08-01,AL,1,0.357
2024-08-01,AM,0,0.483
2024-08-01,AM,1,0.517
2024-08-01,AO,0,0.600
2024-08-01,AO,1,0.400
2024-08-01,AR,0,0.608
2024-08-01,AR,1,0.392
2024-08-01,AT,0,0.482
2024-08-01,AT,1,0.518
2024-08-01,AU,0,0.415
2024-08-01,AU,1,0.585
2024-08-01,AZ,0,0.635
2024-08-01,AZ,1,0.365
2024-08-01,BA,0,0.555
2024-08-01,BA,1,0.445
2024-08-01,BD,0,0.675
2024-08-01,BD,1,0.325
2024-08-01,BE,0,0.542
2024-08-01,BE,1,0.458
2024-08-01,BG,0,0.547
2024-08-01,BG,1,0.453
2024-08-01,BJ,0,0.485
2024-08-01,BJ,1,0.515
2024-08-01,BO,0,0.659
2024-08-01,BO,1,0.341
2024-08-01,BR,0,0.554
2024-08-01,BR,1,0.446
2024-08-01,BT,0,0.609
2024-08-01,BT,1,0.391
2024-08-01,CA,0,0.448
2024-08-01,CA,1,0.552
2024-08-01,CD,0,0.577
2024-08-01,CD,1,0.423
2024-08-01,CH,0,0.484
2024-08-01,CH,1,0.516
2024-08-01,CI,0,0.528
2024-08-01,CI,1,0.472
2024-08-01,CL,0,0.565
2024-08-01,CL,1,0.435
2024-08-01,CM,0,0.535
2024-08-01,CM,1,0.465
2024-08-01,CO,0,0.555
2024-08-01,CO,1,0.445
2024-08-01,CR,0,0.553
2024-08-01,CR,1,0.447
2024-08-01,CY,0,0.531
2024-08-01,CY,1,0.469
2024-08-01,CZ,0,0.610
2024-08-01,CZ,1,0.390
2024-08-01,DE,0,0.521
2024-08-01,DE,1,0.479
2024-08-01,DK,0,0.536
2024-08-01,DK,1,0.464
2024-08-01,DO,0,0.599
2024-08-01,DO,1,0.401
2024-08-01,DZ,0,0.649
2024-08-01,DZ,1,0.351
2024-08-01,EC,0,0.573
2024-08-01,EC,1,0.427
2024-08-01,EE,0,0.437
2024-08-01,EE,1,0.563
2024-08-01,EG,0,0.529
2024-08-01,EG,1,0.471
2024-08-01,ES,0,0.547
2024-08-01,ES,1,0.453
2024-08-01,ET,0,0.367
2024-08-01,ET,1,0.633
2024-08-01,FI,0,0.528
2024-08-01,FI,1,0.472
2024-08-01,FR,0,0.500
2024-08-01,FR,1,0.500
2024-08-01,GB,0,0.410
2024-08-01,GB,1,0.590
2024-08-01,GE,0,0.598
2024-08-01,GE,1,0.402
2024-08-01,GH,0,0.485
2024-08-01,GH,1,0.515
2024-08-01,GR,0,0.565
2024-08-01,GR,1,0.435
2024-08-01,GT,0,0.639
2024-08-01,GT,1,0.361
2024-08-01,HN,0,0.623
2024-08-01,HN,1,0.377
2024-08-01,HR,0,0.533
2024-08-01,HR,1,0.467
2024-08-01,HU,0,0.642
2024-08-01,HU,1,0.358
2024-08-01,ID,0,0.574
2024-08-01,ID,1,0.426
2024-08-01,IE,0,0.445
2024-08-01,IE,1,0.555
2024-08-01,IL,0,0.499
2024-08-01,IL,1,0.501
2024-08-01,IN,0,0.416
2024-08-01,IN,1,0.584
2024-08-01,IQ,0,0.671
2024-08-01,IQ,1,0.329
2024-08-01,IT,0,0.572
2024-08-01,IT,1,0.428
2024-08-01,JM,0,0.611
2024-08-01,JM,1,0.389
2024-08-01,JO,0,0.494
2024-08-01,JO,1,0.506
2024-08-01,JP,0,0.488
2024-08-01,JP,1,0.512
2024-08-01,KE,0,0.475
2024-08-01,KE,1,0.525
2024-08-01,KG,0,0.597
2024-08-01,KG,1,0.403
2024-08-01,KH,0,0.575
2024-08-01,KH,1,0.425
2024-08-01,KR,0,0.461
2024-08-01,KR,1,0.539
2024-08-01,KW,0,0.618
2024-08-01,KW,1,0.382
2024-08-01,KZ,0,0.635
2024-08-01,KZ,1,0.365
2024-08-01,LB,0,0.487
2024-08-01,LB,1,0.513
2024-08-01,LK,0,0.415
2024-08-01,LK,1,0.585
2024-08-01,LT,0,0.585
2024-08-01,LT,1,0.415
2024-08-01,LU,0,0.580
2024-08-01,LU,1,0.420
2024-08-01,LV,0,0.528
2024-08-01,LV,1,0.472
2024-08-01,LY,0,0.694
2024-08-01,LY,1,0.306
2024-08-01,MA,0,0.560
2024-08-01,MA,1,0.440
2024-08-01,MD,0,0.581
2024-08-01,MD,1,0.419
2024-08-01,MG,0,0.456
2024-08-01,MG,1,0.544
2024-08-01,MK,0,0.438
2024-08-01,MK,1,0.562
2024-08-01,MM,0,0.652
2024-08-01,MM,1,0.348
2024-08-01,MT,0,0.526
2024-08-01,MT,1,0.474
2024-08-01,MU,0,0.489
2024-08-01,MU,1,0.511
2024-08-01,MX,0,0.608
2024-08-01,MX,1,0.392
2024-08-01,MY,0,0.505
2024-08-01,MY,1,0.495
2024-08-01,MZ,0,0.582
2024-08-01,MZ,1,0.418
2024-08-01,NA,0,0.500
2024-08-01,NA,1,0.500
2024-08-01,NG,0,0.507
2024-08-01,NG,1,0.493
2024-08-01,NI,0,0.685
2024-08-01,NI,1,0.315
2024-08-01,NL,0,0.452
2024-08-01,NL,1,0.548
2024-08-01,NO,0,0.545
2024-08-01,NO,1,0.455
2024-08-01,NP,0,0.587
2024-08-01,NP,1,0.413
2024-08-01,NZ,0,0.424
2024-08-01,NZ,1,0.576
2024-08-01,OM,0,0.475
2024-08-01,OM,1,0.525
2024-08-01,PA,0,0.630
2024-08-01,PA,1,0.370
2024-08-01,PE,0,0.572
2024-08-01,PE,1,0.428
2024-08-01,PH,0,0.614
2024-08-01,PH,1,0.386
2024-08-01,PK,0,0.481
2024-08-01,PK,1,0.519
2024-08-01,PL,0,0.558
2024-08-01,PL,1,0.442
2024-08-01,PR,0,0.658
2024-08-01,PR,1,0.342
2024-08-01,PS,0,0.639
2024-08-01,PS,1,0.361
2024-08-01,PT,0,0.532
2024-08-01,PT,1,0.468
2024-08-01,PY,0,0.606
2024-08-01,PY,1,0.394
2024-08-01,QA,0,0.419
2024-08-01,QA,1,0.581
2024-08-01,RE,0,0.521
2024-08-01,RE,1,0.479
2024-08-01,RO,0,0.572
2024-08-01,RO,1,0.428
2024-08-01,RS,0,0.509
2024-08-01,RS,1,0.491
2024-08-01,RW,0,0.437
2024-08-01,RW,1,0.563
2024-08-01,SA,0,0.498
2024-08-01,SA,1,0.502
2024-08-01,SC,0,0.281
2024-08-01,SC,1,0.719
2024-08-01,SE,0,0.542
2024-08-01,SE,1,0.458
2024-08-01,SG,0,0.342
2024-08-01,SG,1,0.658
2024-08-01,SI,0,0.597
2024-08-01,SI,1,0.403
2024-08-01,SK,0,0.626
2024-08-01,SK,1,0.374
2024-08-01,SN,0,0.478
2024-08-01,SN,1,0.522
2024-08-01,SO,0,0.722
2024-08-01,SO,1,0.278
2024-08-01,SV,0,0.628
2024-08-01,SV,1,0.372
2024-08-01,TH,0,0.609
2024-08-01,TH,1,0.391
2024-08-01,TN,0,0.443
2024-08-01,TN,1,0.557
2024-08-01,TR,0,0.559
2024-08-01,TR,1,0.441
2024-08-01,TW,0,0.436
2024-08-01,TW,1,0.564
2024-08-01,TZ,0,0.543
2024-08-01,TZ,1,0.457
2024-08-01,UA,0,0.578
2024-08-01,UA,1,0.422
2024-08-01,UG,0,0.495
2024-08-01,UG,1,0.505
2024-08-01,US,0,0.484
2024-08-01,US,1,0.516
2024-08-01,UY,0,0.633
2024-08-01,UY,1,0.367
2024-08-01,UZ,0,0.671
2024-08-01,UZ,1,0.329
2024-08-01,VN,0,0.614
2024-08-01,VN,1,0.386
2024-08-01,YE,0,0.615
2024-08-01,YE,1,0.385
2024-08-01,ZA,0,0.420
2024-08-01,ZA,1,0.580
2024-08-01,ZM,0,0.529
2024-08-01,ZM,1,0.471
2024-09-01,AE,0,0.475
2024-09-01,AE,1,0.525
2024-09-01,AF,0,0.742
2024-09-01,AF,1,0.258
2024-09-01,AL,0,0.610
2024-09-01,AL,1,0.390
2024-09-01,AM,0,0.591
2024-09-01,AM,1,0.409
2024-09-01,AO,0,0.547
2024-09-01,AO,1,0.453
2024-09-01,AR,0,0.592
2024-09-01,AR,1,0.408
2024-09-01,AT,0,0.547
2024-09-01,AT,1,0.453
2024-09-01,AU,0,0.397
2024-09-01,AU,1,0.603
2024-09-01,AZ,0,0.667
2024-09-01,AZ,1,0.333
2024-09-01,BA,0,0.683
2024-09-01,BA,1,0.317
2024-09-01,BD,0,0.639
2024-09-01,BD,1,0.361
2024-09-01,BE,0,0.562
2024-09-01,BE,1,0.438
2024-09-01,BG,0,0.599
2024-09-01,BG,1,0.401
2024-09-01,BH,0,0.543
2024-09-01,BH,1,0.457
2024-09-01,BJ,0,0.449
2024-09-01,BJ,1,0.551
2024-09-01,BO,0,0.650
2024-09-01,BO,1,0.350
2024-09-01,BR,0,0.571
2024-09-01,BR,1,0.429
2024-09-01,CA,0,0.495
2024-09-01,CA,1,0.505
2024-09-01,CD,0,0.634
2024-09-01,CD,1,0.366
2024-09-01,CH,0,0.502
2024-09-01,CH,1,0.498
2024-09-01,CI,0,0.561
2024-09-01,CI,1,0.439
2024-09-01,CL,0,0.538
2024-09-01,CL,1,0.462
2024-09-01,CM,0,0.495
2024-09-01,CM,1,0.505
2024-09-01,CO,0,0.537
2024-09-01,CO,1,0.463
2024-09-01,CR,0,0.563
2024-09-01,CR,1,0.437
2024-09-01,CY,0,0.520
2024-09-01,CY,1,0.480
2024-09-01,CZ,0,0.587
2024-09-01,CZ,1,0.413
2024-09-01,DE,0,0.558
2024-09-01,DE,1,0.442
2024-09-01,DK,0,0.486
2024-09-01,DK,1,0.514
2024-09-01,DO,0,0.713
2024-09-01,DO,1,0.287
2024-09-01,DZ,0,0.685
2024-09-01,DZ,1,0.315
2024-09-01,EC,0,0.599
2024-09-01,EC,1,0.401
2024-09-01,EE,0,0.617
2024-09-01,EE,1,0.383
2024-09-01,EG,0,0.592
2024-09-01,EG,1,0.408
2024-09-01,ES,0,0.538
2024-09-01,ES,1,0.462
2024-09-01,ET,0,0.418
2024-09-01,ET,1,0.582
2024-09-01,FI,0,0.536
2024-09-01,FI,1,0.464
2024-09-01,FR,0,0.506
2024-09-01,FR,1,0.494
2024-09-01,GB,0,0.443
2024-09-01,GB,1,0.557
2024-09-01,GE,0,0.690
2024-09-01,GE,1,0.310
2024-09-01,GH,0,0.523
2024-09-01,GH,1,0.477
2024-09-01,GR,0,0.543
2024-09-01,GR,1,0.457
2024-09-01,GT,0,0.619
2024-09-01,GT,1,0.381
2024-09-01,HN,0,0.664
2024-09-01,HN,1,0.336
2024-09-01,HR,0,0.522
2024-09-01,HR,1,0.478
2024-09-01,HU,0,0.616
2024-09-01,HU,1,0.384
2024-09-01,ID,0,0.595
2024-09-01,ID,1,0.405
2024-09-01,IE,0,0.457
2024-09-01,IE,1,0.543
2024-09-01,IL,0,0.504
2024-09-01,IL,1,0.496
2024-09-01,IN,0,0.425
2024-09-01,IN,1,0.575
2024-09-01,IQ,0,0.713
2024-09-01,IQ,1,0.287
2024-09-01,IT,0,0.547
2024-09-01,IT,1,0.453
2024-09-01,JM,0,0.530
2024-09-01,JM,1,0.470
2024-09-01,JO,0,0.509
2024-09-01,JO,1,0.491
2024-09-01,JP,0,0.488
2024-09-01,JP,1,0.512
2024-09-01,KE,0,0.464
2024-09-01,KE,1,0.536
2024-09-01,KG,0,0.757
2024-09-01,KG,1,0.243
2024-09-01,KH,0,0.656
2024-09-01,KH,1,0.344
2024-09-01,KR,0,0.482
2024-09-01,KR,1,0.518
2024-09-01,KW,0,0.688
2024-09-01,KW,1,0.312
2024-09-01,KZ,0,0.722
2024-09-01,KZ,1,0.278
2024-09-01,LB,0,0.525
2024-09-01,LB,1,0.475
2024-09-01,LK,0,0.426
2024-09-01,LK,1,0.574
2024-09-01,LT,0,0.577
2024-09-01,LT,1,0.423
2024-09-01,LU,0,0.516
2024-09-01,LU,1,0.484
2024-09-01,LV,0,0.580
2024-09-01,LV,1,0.420
2024-09-01,LY,0,0.682
2024-09-01,LY,1,0.318
2024-09-01,MA,0,0.596
2024-09-01,MA,1,0.404
2024-09-01,MD,0,0.702
2024-09-01,MD,1,0.298
2024-09-01,MG,0,0.479
2024-09-01,MG,1,0.521
2024-09-01,MM,0,0.670
2024-09-01,MM,1,0.330
2024-09-01,MN,0,0.733
2024-09-01,MN,1,0.267
2024-09-01,MT,0,0.415
2024-09-01,MT,1,0.585
2024-09-01,MU,0,0.493
2024-09-01,MU,1,0.507
2024-09-01,MX,0,0.617
2024-09-01,MX,1,0.383
2024-09-01,MY,0,0.549
2024-09-01,MY,1,0.451
2024-09-01,MZ,0,0.529
2024-09-01,MZ,1,0.471
2024-09-01,NG,0,0.493
2024-09-01,NG,1,0.507
2024-09-01,NI,0,0.654
2024-09-01,NI,1,0.346
2024-09-01,NL,0,0.447
2024-09-01,NL,1,0.553
2024-09-01,NO,0,0.571
2024-09-01,NO,1,0.429
2024-09-01,NP,0,0.611
2024-09-01,NP,1,0.389
2024-09-01,NZ,0,0.451
2024-09-01,NZ,1,0.549
2024-09-01,OM,0,0.573
2024-09-01,OM,1,0.427
2024-09-01,PA,0,0.634
2024-09-01,PA,1,0.366
2024-09-01,PE,0,0.525
2024-09-01,PE,1,0.475
2024-09-01,PH,0,0.599
2024-09-01,PH,1,0.401
2024-09-01,PK,0,0.473
2024-09-01,PK,1,0.527
2024-09-01,PL,0,0.562
2024-09-01,PL,1,0.438
2024-09-01,PR,0,0.658
2024-09-01,PR,1,0.342
2024-09-01,PS,0,0.652
2024-09-01,PS,1,0.348
2024-09-01,PT,0,0.544
2024-09-01,PT,1,0.456
2024-09-01,PY,0,0.665
2024-09-01,PY,1,0.335
2024-09-01,QA,0,0.498
2024-09-01,QA,1,0.502
2024-09-01,RE,0,0.531
2024-09-01,RE,1,0.469
2024-09-01,RO,0,0.634
2024-09-01,RO,1,0.366
2024-09-01,RS,0,0.527
2024-09-01,RS,1,0.473
2024-09-01,RW,0,0.444
2024-09-01,RW,1,0.556
2024-09-01,SA,0,0.548
2024-09-01,SA,1,0.452
2024-09-01,SC,0,0.301
2024-09-01,SC,1,0.699
2024-09-01,SE,0,0.525
2024-09-01,SE,1,0.475
2024-09-01,SG,0,0.340
2024-09-01,SG,1,0.660
2024-09-01,SI,0,0.558
2024-09-01,SI,1,0.442
2024-09-01,SK,0,0.648
2024-09-01,SK,1,0.352
2024-09-01,SN,0,0.518
2024-09-01,SN,1,0.482
2024-09-01,SO,0,0.672
2024-09-01,SO,1,0.328
2024-09-01,SV,0,0.619
2024-09-01,SV,1,0.381
2024-09-01,TH,0,0.607
2024-09-01,TH,1,0.393
2024-09-01,TN,0,0.472
2024-09-01,TN,1,0.528
2024-09-01,TR,0,0.578
2024-09-01,TR,1,0.422
2024-09-01,TT,0,0.555
2024-09-01,TT,1,0.445
2024-09-01,TW,0,0.451
2024-09-01,TW,1,0.549
2024-09-01,TZ,0,0.488
2024-09-01,TZ,1,0.512
2024-09-01,UA,0,0.623
2024-09-01,UA,1,0.377
2024-09-01,UG,0,0.470
2024-09-01,UG,1,0.530
2024-09-01,US,0,0.531
2024-09-01,US,1,0.469
2024-09-01,UY,0,0.622
2024-09-01,UY,1,0.378
2024-09-01,UZ,0,0.736
2024-09-01,UZ,1,0.264
2024-09-01,VN,0,0.589
2024-09-01,VN,1,0.411
2024-09-01,YE,0,0.627
2024-09-01,YE,1,0.373
2024-09-01,ZA,0,0.436
2024-09-01,ZA,1,0.564
2024-09-01,ZM,0,0.561
2024-09-01,ZM,1,0.439
2024-10-01,AE,0,0.482
2024-10-01,AE,1,0.518
2024-10-01,AF,0,0.787
2024-10-01,AF,1,0.213
2024-10-01,AL,0,0.714
2024-10-01,AL,1,0.286
2024-10-01,AM,0,0.571
2024-10-01,AM,1,0.429
2024-10-01,AO,0,0.624
2024-10-01,AO,1,0.376
2024-10-01,AR,0,0.577
2024-10-01,AR,1,0.423
2024-10-01,AT,0,0.542
2024-10-01,AT,1,0.458
2024-10-01,AU,0,0.402
2024-10-01,AU,1,0.598
2024-10-01,AZ,0,0.732
2024-10-01,AZ,1,0.268
2024-10-01,BA,0,0.607
2024-10-01,BA,1,0.393
2024-10-01,BD,0,0.665
2024-10-01,BD,1,0.335
2024-10-01,BE,0,0.543
2024-10-01,BE,1,0.457
2024-10-01,BG,0,0.645
2024-10-01,BG,1,0.355
2024-10-01,BH,0,0.667
2024-10-01,BH,1,0.333
2024-10-01,BJ,0,0.422
2024-10-01,BJ,1,0.578
2024-10-01,BO,0,0.628
2024-10-01,BO,1,0.372
2024-10-01,BR,0,0.560
2024-10-01,BR,1,0.440
2024-10-01,BW,0,0.533
2024-10-01,BW,1,0.467
2024-10-01,CA,0,0.502
2024-10-01,CA,1,0.498
2024-10-01,CD,0,0.644
2024-10-01,CD,1,0.356
2024-10-01,CH,0,0.505
2024-10-01,CH,1,0.495
2024-10-01,CI,0,0.569
2024-10-01,CI,1,0.431
2024-10-01,CL,0,0.508
2024-10-01,CL,1,0.492
2024-10-01,CM,0,0.609
2024-10-01,CM,1,0.391
2024-10-01,CO,0,0.527
2024-10-01,CO,1,0.473
2024-10-01,CR,0,0.591
2024-10-01,CR,1,0.409
2024-10-01,CY,0,0.560
2024-10-01,CY,1,0.440
2024-10-01,CZ,0,0.624
2024-10-01,CZ,1,0.376
2024-10-01,DE,0,0.576
2024-10-01,DE,1,0.424
2024-10-01,DK,0,0.515
2024-10-01,DK,1,0.485
2024-10-01,DO,0,0.689
2024-10-01,DO,1,0.311
2024-10-01,DZ,0,0.692
2024-10-01,DZ,1,0.308
2024-10-01,EC,0,0.617
2024-10-01,EC,1,0.383
2024-10-01,EE,0,0.579
2024-10-01,EE,1,0.421
2024-10-01,EG,0,0.668
2024-10-01,EG,1,0.332
2024-10-01,ES,0,0.549
2024-10-01,ES,1,0.451
2024-10-01,ET,0,0.627
2024-10-01,ET,1,0.373
2024-10-01,FI,0,0.512
2024-10-01,FI,1,0.488
2024-10-01,FR,0,0.506
2024-10-01,FR,1,0.494
2024-10-01,GB,0,0.448
2024-10-01,GB,1,0.552
2024-10-01,GE,0,0.681
2024-10-01,GE,1,0.319
2024-10-01,GH,0,0.551
2024-10-01,GH,1,0.449
2024-10-01,GR,0,0.598
2024-10-01,GR,1,0.402
2024-10-01,GT,0,0.552
2024-10-01,GT,1,0.448
2024-10-01,HN,0,0.684
2024-10-01,HN,1,0.316
2024-10-01,HR,0,0.585
2024-10-01,HR,1,0.415
2024-10-01,HT,0,0.720
2024-10-01,HT,1,0.280
2024-10-01,HU,0,0.591
2024-10-01,HU,1,0.409
2024-10-01,ID,0,0.578
2024-10-01,ID,1,0.422
2024-10-01,IE,0,0.487
2024-10-01,IE,1,0.513
2024-10-01,IL,0,0.584
2024-10-01,IL,1,0.416
2024-10-01,IN,0,0.441
2024-10-01,IN,1,0.559
2024-10-01,IQ,0,0.743
2024-10-01,IQ,1,0.257
2024-10-01,IT,0,0.575
2024-10-01,IT,1,0.425
2024-10-01,JM,0,0.572
2024-10-01,JM,1,0.428
2024-10-01,JO,0,0.583
2024-10-01,JO,1,0.417
2024-10-01,JP,0,0.515
2024-10-01,JP,1,0.485
2024-10-01,KE,0,0.480
2024-10-01,KE,1,0.520
2024-10-01,KG,0,0.778
2024-10-01,KG,1,0.222
2024-10-01,KH,0,0.641
2024-10-01,KH,1,0.359
2024-10-01,KR,0,0.499
2024-10-01,KR,1,0.501
2024-10-01,KW,0,0.639
2024-10-01,KW,1,0.361
2024-10-01,KZ,0,0.720
2024-10-01,KZ,1,0.280
2024-10-01,LA,0,0.783
2024-10-01,LA,1,0.217
2024-10-01,LB,0,0.628
2024-10-01,LB,1,0.372
2024-10-01,LK,0,0.426
2024-10-01,LK,1,0.574
2024-10-01,LT,0,0.611
2024-10-01,LT,1,0.389
2024-10-01,LU,0,0.551
2024-10-01,LU,1,0.449
2024-10-01,LV,0,0.606
2024-10-01,LV,1,0.394
2024-10-01,LY,0,0.781
2024-10-01,LY,1,0.219
2024-10-01,MA,0,0.654
2024-10-01,MA,1,0.346
2024-10-01,MD,0,0.716
2024-10-01,MD,1,0.284
2024-10-01,MG,0,0.513
2024-10-01,MG,1,0.487
2024-10-01,MK,0,0.507
2024-10-01,MK,1,0.493
2024-10-01,MM,0,0.711
2024-10-01,MM,1,0.289
2024-10-01,MN,0,0.690
2024-10-01,MN,1,0.310
2024-10-01,MT,0,0.521
2024-10-01,MT,1,0.479
2024-10-01,MU,0,0.480
2024-10-01,MU,1,0.520
2024-10-01,MW,0,0.621
2024-10-01,MW,1,0.379
2024-10-01,MX,0,0.622
2024-10-01,MX,1,0.378
2024-10-01,MY,0,0.543
2024-10-01,MY,1,0.457
2024-10-01,MZ,0,0.604
2024-10-01,MZ,1,0.396
2024-10-01,NA,0,0.542
2024-10-01,NA,1,0.458
2024-10-01,NG,0,0.513
2024-10-01,NG,1,0.487
2024-10-01,NI,0,0.670
2024-10-01,NI,1,0.330
2024-10-01,NL,0,0.440
2024-10-01,NL,1,0.560
2024-10-01,NO,0,0.527
2024-10-01,NO,1,0.473
2024-10-01,NP,0,0.707
2024-10-01,NP,1,0.293
2024-10-01,NZ,0,0.467
2024-10-01,NZ,1,0.533
2024-10-01,OM,0,0.578
2024-10-01,OM,1,0.422
2024-10-01,PA,0,0.664
2024-10-01,PA,1,0.336
2024-10-01,PE,0,0.536
2024-10-01,PE,1,0.464
2024-10-01,PH,0,0.575
2024-10-01,PH,1,0.425
2024-10-01,PK,0,0.499
2024-10-01,PK,1,0.501
2024-10-01,PL,0,0.589
2024-10-01,PL,1,0.411
2024-10-01,PR,0,0.693
2024-10-01,PR,1,0.307
2024-10-01,PS,0,0.622
2024-10-01,PS,1,0.378
2024-10-01,PT,0,0.524
2024-10-01,PT,1,0.476
2024-10-01,PY,0,0.597
2024-10-01,PY,1,0.403
2024-10-01,QA,0,0.549
2024-10-01,QA,1,0.451
2024-10-01,RO,0,0.641
2024-10-01,RO,1,0.359
2024-10-01,RS,0,0.601
2024-10-01,RS,1,0.399
2024-10-01,RW,0,0.482
2024-10-01,RW,1,0.518
2024-10-01,SA,0,0.635
2024-10-01,SA,1,0.365
2024-10-01,SC,0,0.360
2024-10-01,SC,1,0.640
2024-10-01,SE,0,0.513
2024-10-01,SE,1,0.487
2024-10-01,SG,0,0.338
2024-10-01,SG,1,0.662
2024-10-01,SI,0,0.506
2024-10-01,SI,1,0.494
2024-10-01,SK,0,0.631
2024-10-01,SK,1,0.369
2024-10-01,SN,0,0.554
2024-10-01,SN,1,0.446
2024-10-01,SO,0,0.722
2024-10-01,SO,1,0.278
2024-10-01,SV,0,0.661
2024-10-01,SV,1,0.339
2024-10-01,TH,0,0.624
2024-10-01,TH,1,0.376
2024-10-01,TN,0,0.504
2024-10-01,TN,1,0.496
2024-10-01,TR,0,0.620
2024-10-01,TR,1,0.380
2024-10-01,TT,0,0.586
2024-10-01,TT,1,0.414
2024-10-01,TW,0,0.494
2024-10-01,TW,1,0.506
2024-10-01,TZ,0,0.575
2024-10-01,TZ,1,0.425
2024-10-01,UA,0,0.632
2024-10-01,UA,1,0.368
2024-10-01,UG,0,0.490
2024-10-01,UG,1,0.510
2024-10-01,US,0,0.546
2024-10-01,US,1,0.454
2024-10-01,UY,0,0.630
2024-10-01,UY,1,0.370
2024-10-01,UZ,0,0.769
2024-10-01,UZ,1,0.231
2024-10-01,VN,0,0.595
2024-10-01,VN,1,0.405
2024-10-01,YE,0,0.661
2024-10-01,YE,1,0.339
2024-10-01,ZA,0,0.422
2024-10-01,ZA,1,0.578
2024-10-01,ZM,0,0.523
2024-10-01,ZM,1,0.477
2024-11-01,AE,0,0.513
2024-11-01,AE,1,0.487
2024-11-01,AF,0,0.829
2024-11-01,AF,1,0.171
2024-11-01,AL,0,0.709
2024-11-01,AL,1,0.291
2024-11-01,AM,0,0.655
2024-11-01,AM,1,0.345
2024-11-01,AO,0,0.582
2024-11-01,AO,1,0.418
2024-11-01,AR,0,0.616
2024-11-01,AR,1,0.384
2024-11-01,AT,0,0.539
2024-11-01,AT,1,0.461
2024-11-01,AU,0,0.458
2024-11-01,AU,1,0.542
2024-11-01,AZ,0,0.759
2024-11-01,AZ,1,0.241
2024-11-01,BA,0,0.701
2024-11-01,BA,1,0.299
2024-11-01,BD,0,0.675
2024-11-01,BD,1,0.325
2024-11-01,BE,0,0.567
2024-11-01,BE,1,0.433
2024-11-01,BG,0,0.670
2024-11-01,BG,1,0.330
2024-11-01,BH,0,0.642
2024-11-01,BH,1,0.358
2024-11-01,BJ,0,0.626
2024-11-01,BJ,1,0.374
2024-11-01,BO,0,0.631
2024-11-01,BO,1,0.369
2024-11-01,BR,0,0.571
2024-11-01,BR,1,0.429
2024-11-01,CA,0,0.489
2024-11-01,CA,1,0.511
2024-11-01,CD,0,0.735
2024-11-01,CD,1,0.265
2024-11-01,CH,0,0.517
2024-11-01,CH,1,0.483
2024-11-01,CI,0,0.589
2024-11-01,CI,1,0.411
2024-11-01,CL,0,0.526
2024-11-01,CL,1,0.474
2024-11-01,CM,0,0.533
2024-11-01,CM,1,0.467
2024-11-01,CO,0,0.514
2024-11-01,CO,1,0.486
2024-11-01,CR,0,0.570
2024-11-01,CR,1,0.430
2024-11-01,CY,0,0.506
2024-11-01,CY,1,0.494
2024-11-01,CZ,0,0.637
2024-11-01,CZ,1,0.363
2024-11-01,DE,0,0.606
2024-11-01,DE,1,0.394
2024-11-01,DK,0,0.492
2024-11-01,DK,1,0.508
2024-11-01,DO,0,0.690
2024-11-01,DO,1,0.310
2024-11-01,DZ,0,0.704
2024-11-01,DZ,1,0.296
2024-11-01,EC,0,0.575
2024-11-01,EC,1,0.425
2024-11-01,EE,0,0.600
2024-11-01,EE,1,0.400
2024-11-01,EG,0,0.735
2024-11-01,EG,1,0.265
2024-11-01,ES,0,0.579
2024-11-01,ES,1,0.421
2024-11-01,ET,0,0.603
2024-11-01,ET,1,0.397
2024-11-01,FI,0,0.572
2024-11-01,FI,1,0.428
2024-11-01,FR,0,0.527
2024-11-01,FR,1,0.473
2024-11-01,GB,0,0.450
2024-11-01,GB,1,0.550
2024-11-01,GE,0,0.721
2024-11-01,GE,1,0.279
2024-11-01,GH,0,0.551
2024-11-01,GH,1,0.449
2024-11-01,GR,0,0.550
2024-11-01,GR,1,0.450
2024-11-01,GT,0,0.608
2024-11-01,GT,1,0.392
2024-11-01,HN,0,0.649
2024-11-01,HN,1,0.351
2024-11-01,HR,0,0.592
2024-11-01,HR,1,0.408
2024-11-01,HT,0,0.740
2024-11-01,HT,1,0.260
2024-11-01,HU,0,0.607
2024-11-01,HU,1,0.393
2024-11-01,ID,0,0.594
2024-11-01,ID,1,0.406
2024-11-01,IE,0,0.458
2024-11-01,IE,1,0.542
2024-11-01,IL,0,0.607
2024-11-01,IL,1,0.393
2024-11-01,IN,0,0.458
2024-11-01,IN,1,0.542
2024-11-01,IQ,0,0.784
2024-11-01,IQ,1,0.216
2024-11-01,IS,0,0.707
2024-11-01,IS,1,0.293
2024-11-01,IT,0,0.611
2024-11-01,IT,1,0.389
2024-11-01,JM,0,0.525
2024-11-01,JM,1,0.475
2024-11-01,JO,0,0.678
2024-11-01,JO,1,0.322
2024-11-01,JP,0,0.508
2024-11-01,JP,1,0.492
2024-11-01,KE,0,0.513
2024-11-01,KE,1,0.487
2024-11-01,KG,0,0.774
2024-11-01,KG,1,0.226
2024-11-01,KH,0,0.607
2024-11-01,KH,1,0.393
2024-11-01,KR,0,0.483
2024-11-01,KR,1,0.517
2024-11-01,KW,0,0.661
2024-11-01,KW,1,0.339
2024-11-01,KZ,0,0.743
2024-11-01,KZ,1,0.257
2024-11-01,LB,0,0.602
2024-11-01,LB,1,0.398
2024-11-01,LK,0,0.509
2024-11-01,LK,1,0.491
2024-11-01,LT,0,0.640
2024-11-01,LT,1,0.360
2024-11-01,LU,0,0.506
2024-11-01,LU,1,0.494
2024-11-01,LV,0,0.597
2024-11-01,LV,1,0.403
2024-11-01,LY,0,0.822
2024-11-01,LY,1,0.178
2024-11-01,MA,0,0.683
2024-11-01,MA,1,0.317
2024-11-01,MD,0,0.682
2024-11-01,MD,1,0.318
2024-11-01,MG,0,0.490
2024-11-01,MG,1,0.510
2024-11-01,MK,0,0.568
2024-11-01,MK,1,0.432
2024-11-01,MM,0,0.703
2024-11-01,MM,1,0.297
2024-11-01,MN,0,0.701
2024-11-01,MN,1,0.299
2024-11-01,MX,0,0.603
2024-11-01,MX,1,0.397
2024-11-01,MY,0,0.528
2024-11-01,MY,1,0.472
2024-11-01,MZ,0,0.549
2024-11-01,MZ,1,0.451
2024-11-01,NG,0,0.536
2024-11-01,NG,1,0.464
2024-11-01,NI,0,0.676
2024-11-01,NI,1,0.324
2024-11-01,NL,0,0.487
2024-11-01,NL,1,0.513
2024-11-01,NO,0,0.549
2024-11-01,NO,1,0.451
2024-11-01,NP,0,0.717
2024-11-01,NP,1,0.283
2024-11-01,NZ,0,0.500
2024-11-01,NZ,1,0.500
2024-11-01,OM,0,0.596
2024-11-01,OM,1,0.404
2024-11-01,PA,0,0.602
2024-11-01,PA,1,0.398
2024-11-01,PE,0,0.527
2024-11-01,PE,1,0.473
2024-11-01,PH,0,0.558
2024-11-01,PH,1,0.442
2024-11-01,PK,0,0.542
2024-11-01,PK,1,0.458
2024-11-01,PL,0,0.631
2024-11-01,PL,1,0.369
2024-11-01,PR,0,0.671
2024-11-01,PR,1,0.329
2024-11-01,PS,0,0.684
2024-11-01,PS,1,0.316
2024-11-01,PT,0,0.545
2024-11-01,PT,1,0.455
2024-11-01,PY,0,0.655
2024-11-01,PY,1,0.345
2024-11-01,QA,0,0.529
2024-11-01,QA,1,0.471
2024-11-01,RE,0,0.632
2024-11-01,RE,1,0.368
2024-11-01,RO,0,0.648
2024-11-01,RO,1,0.352
2024-11-01,RS,0,0.636
2024-11-01,RS,1,0.364
2024-11-01,RW,0,0.493
2024-11-01,RW,1,0.507
2024-11-01,SA,0,0.684
2024-11-01,SA,1,0.316
2024-11-01,SC,0,0.340
2024-11-01,SC,1,0.660
2024-11-01,SD,0,0.722
2024-11-01,SD,1,0.278
2024-11-01,SE,0,0.556
2024-11-01,SE,1,0.444
2024-11-01,SG,0,0.352
2024-11-01,SG,1,0.648
2024-11-01,SI,0,0.568
2024-11-01,SI,1,0.432
2024-11-01,SK,0,0.644
2024-11-01,SK,1,0.356
2024-11-01,SN,0,0.619
2024-11-01,SN,1,0.381
2024-11-01,SO,0,0.729
2024-11-01,SO,1,0.271
2024-11-01,SV,0,0.662
2024-11-01,SV,1,0.338
2024-11-01,TH,0,0.642
2024-11-01,TH,1,0.358
2024-11-01,TN,0,0.577
2024-11-01,TN,1,0.423
2024-11-01,TR,0,0.649
2024-11-01,TR,1,0.351
2024-11-01,TT,0,0.613
2024-11-01,TT,1,0.387
2024-11-01,TW,0,0.483
2024-11-01,TW,1,0.517
2024-11-01,TZ,0,0.532
2024-11-01,TZ,1,0.468
2024-11-01,UA,0,0.660
2024-11-01,UA,1,0.340
2024-11-01,UG,0,0.511
2024-11-01,UG,1,0.489
2024-11-01,US,0,0.552
2024-11-01,US,1,0.448
2024-11-01,UY,0,0.662
2024-11-01,UY,1,0.338
2024-11-01,UZ,0,0.780
2024-11-01,UZ,1,0.220
2024-11-01,VN,0,0.605
2024-11-01,VN,1,0.395
2024-11-01,YE,0,0.713
2024-11-01,YE,1,0.287
2024-11-01,ZA,0,0.466
2024-11-01,ZA,1,0.534
2024-11-01,ZM,0,0.578
2024-11-01,ZM,1,0.422
2024-12-01,AE,0,0.537
2024-12-01,AE,1,0.463
2024-12-01,AF,0,0.832
2024-12-01,AF,1,0.168
2024-12-01,AL,0,0.733
2024-12-01,AL,1,0.267
2024-12-01,AM,0,0.723
2024-12-01,AM,1,0.277
2024-12-01,AO,0,0.667
2024-12-01,AO,1,0.333
2024-12-01,AR,0,0.650
2024-12-01,AR,1,0.350
2024-12-01,AT,0,0.636
2024-12-01,AT,1,0.364
2024-12-01,AU,0,0.530
2024-12-01,AU,1,0.470
2024-12-01,AZ,0,0.768
2024-12-01,AZ,1,0.232
2024-12-01,BA,0,0.685
2024-12-01,BA,1,0.315
2024-12-01,BD,0,0.699
2024-12-01,BD,1,0.301
2024-12-01,BE,0,0.593
2024-12-01,BE,1,0.407
2024-12-01,BG,0,0.694
2024-12-01,BG,1,0.306
2024-12-01,BH,0,0.642
2024-12-01,BH,1,0.358
2024-12-01,BJ,0,0.553
2024-12-01,BJ,1,0.447
2024-12-01,BO,0,0.644
2024-12-01,BO,1,0.356
2024-12-01,BR,0,0.604
2024-12-01,BR,1,0.396
2024-12-01,CA,0,0.575
2024-12-01,CA,1,0.425
2024-12-01,CD,0,0.686
2024-12-01,CD,1,0.314
2024-12-01,CH,0,0.579
2024-12-01,CH,1,0.421
2024-12-01,CI,0,0.574
2024-12-01,CI,1,0.426
2024-12-01,CL,0,0.528
2024-12-01,CL,1,0.472
2024-12-01,CM,0,0.570
2024-12-01,CM,1,0.430
2024-12-01,CO,0,0.525
2024-12-01,CO,1,0.475
2024-12-01,CR,0,0.610
2024-12-01,CR,1,0.390
2024-12-01,CY,0,0.603
2024-12-01,CY,1,0.397
2024-12-01,CZ,0,0.699
2024-12-01,CZ,1,0.301
2024-12-01,DE,0,0.651
2024-12-01,DE,1,0.349
2024-12-01,DK,0,0.533
2024-12-01,DK,1,0.467
2024-12-01,DO,0,0.717
2024-12-01,DO,1,0.283
2024-12-01,DZ,0,0.748
2024-12-01,DZ,1,0.252
2024-12-01,EC,0,0.589
2024-12-01,EC,1,0.411
2024-12-01,EE,0,0.620
2024-12-01,EE,1,0.380
2024-12-01,EG,0,0.728
2024-12-01,EG,1,0.272
2024-12-01,ES,0,0.610
2024-12-01,ES,1,0.390
2024-12-01,ET,0,0.571
2024-12-01,ET,1,0.429
2024-12-01,FI,0,0.587
2024-12-01,FI,1,0.413
2024-12-01,FR,0,0.565
2024-12-01,FR,1,0.435
2024-12-01,GB,0,0.509
2024-12-01,GB,1,0.491
2024-12-01,GE,0,0.790
2024-12-01,GE,1,0.210
2024-12-01,GH,0,0.552
2024-12-01,GH,1,0.448
2024-12-01,GR,0,0.583
2024-12-01,GR,1,0.417
2024-12-01,GT,0,0.715
2024-12-01,GT,1,0.285
2024-12-01,HN,0,0.603
2024-12-01,HN,1,0.397
2024-12-01,HR,0,0.650
2024-12-01,HR,1,0.350
2024-12-01,HT,0,0.835
2024-12-01,HT,1,0.165
2024-12-01,HU,0,0.698
2024-12-01,HU,1,0.302
2024-12-01,ID,0,0.654
2024-12-01,ID,1,0.346
2024-12-01,IE,0,0.492
2024-12-01,IE,1,0.508
2024-12-01,IL,0,0.618
2024-12-01,IL,1,0.382
2024-12-01,IN,0,0.490
2024-12-01,IN,1,0.510
2024-12-01,IQ,0,0.812
2024-12-01,IQ,1,0.188
2024-12-01,IT,0,0.668
2024-12-01,IT,1,0.332
2024-12-01,JM,0,0.572
2024-12-01,JM,1,0.428
2024-12-01,JO,0,0.677
2024-12-01,JO,1,0.323
2024-12-01,JP,0,0.510
2024-12-01,JP,1,0.490
2024-12-01,KE,0,0.564
2024-12-01,KE,1,0.436
2024-12-01,KG,0,0.775
2024-12-01,KG,1,0.225
2024-12-01,KH,0,0.670
2024-12-01,KH,1,0.330
2024-12-01,KR,0,0.519
2024-12-01,KR,1,0.481
2024-12-01,KW,0,0.699
2024-12-01,KW,1,0.301
2024-12-01,KZ,0,0.759
2024-12-01,KZ,1,0.241
2024-12-01,LB,0,0.606
2024-12-01,LB,1,0.394
2024-12-01,LK,0,0.487
2024-12-01,LK,1,0.513
2024-12-01,LT,0,0.658
2024-12-01,LT,1,0.342
2024-12-01,LU,0,0.542
2024-12-01,LU,1,0.458
2024-12-01,LV,0,0.632
2024-12-01,LV,1,0.368
2024-12-01,LY,0,0.848
2024-12-01,LY,1,0.152
2024-12-01,MA,0,0.666
2024-12-01,MA,1,0.334
2024-12-01,MD,0,0.691
2024-12-01,MD,1,0.309
2024-12-01,MG,0,0.542
2024-12-01,MG,1,0.458
2024-12-01,MK,0,0.668
2024-12-01,MK,1,0.332
2024-12-01,MM,0,0.702
2024-12-01,MM,1,0.298
2024-12-01,MN,0,0.734
2024-12-01,MN,1,0.266
2024-12-01,MT,0,0.624
2024-12-01,MT,1,0.376
2024-12-01,MX,0,0.657
2024-12-01,MX,1,0.343
2024-12-01,MY,0,0.541
2024-12-01,MY,1,0.459
2024-12-01,MZ,0,0.622
2024-12-01,MZ,1,0.378
2024-12-01,NG,0,0.583
2024-12-01,NG,1,0.417
2024-12-01,NI,0,0.796
2024-12-01,NI,1,0.204
2024-12-01,NL,0,0.522
2024-12-01,NL,1,0.478
2024-12-01,NO,0,0.639
2024-12-01,NO,1,0.361
2024-12-01,NP,0,0.671
2024-12-01,NP,1,0.329
2024-12-01,NZ,0,0.590
2024-12-01,NZ,1,0.410
2024-12-01,OM,0,0.598
2024-12-01,OM,1,0.402
2024-12-01,PA,0,0.642
2024-12-01,PA,1,0.358
2024-12-01,PE,0,0.562
2024-12-01,PE,1,0.438
2024-12-01,PH,0,0.567
2024-12-01,PH,1,0.433
2024-12-01,PK,0,0.545
2024-12-01,PK,1,0.455
2024-12-01,PL,0,0.643
2024-12-01,PL,1,0.357
2024-12-01,PR,0,0.693
2024-12-01,PR,1,0.307
2024-12-01,PS,0,0.682
2024-12-01,PS,1,0.318
2024-12-01,PT,0,0.564
2024-12-01,PT,1,0.436
2024-12-01,PY,0,0.706
2024-12-01,PY,1,0.294
2024-12-01,QA,0,0.567
2024-12-01,QA,1,0.433
2024-12-01,RO,0,0.701
2024-12-01,RO,1,0.299
2024-12-01,RS,0,0.657
2024-12-01,RS,1,0.343
2024-12-01,RW,0,0.596
2024-12-01,RW,1,0.404
2024-12-01,SA,0,0.713
2024-12-01,SA,1,0.287
2024-12-01,SC,0,0.330
2024-12-01,SC,1,0.670
2024-12-01,SD,0,0.790
2024-12-01,SD,1,0.210
2024-12-01,SE,0,0.567
2024-12-01,SE,1,0.433
2024-12-01,SG,0,0.358
2024-12-01,SG,1,0.642
2024-12-01,SI,0,0.619
2024-12-01,SI,1,0.381
2024-12-01,SK,0,0.693
2024-12-01,SK,1,0.307
2024-12-01,SN,0,0.666
2024-12-01,SN,1,0.334
2024-12-01,SO,0,0.773
2024-12-01,SO,1,0.227
2024-12-01,SV,0,0.691
2024-12-01,SV,1,0.309
2024-12-01,TH,0,0.675
2024-12-01,TH,1,0.325
2024-12-01,TJ,0,0.803
2024-12-01,TJ,1,0.197
2024-12-01,TN,0,0.589
2024-12-01,TN,1,0.411
2024-12-01,TR,0,0.651
2024-12-01,TR,1,0.349
2024-12-01,TW,0,0.503
2024-12-01,TW,1,0.497
2024-12-01,TZ,0,0.578
2024-12-01,TZ,1,0.422
2024-12-01,UA,0,0.693
2024-12-01,UA,1,0.307
2024-12-01,UG,0,0.562
2024-12-01,UG,1,0.438
2024-12-01,US,0,0.586
2024-12-01,US,1,0.414
2024-12-01,UY,0,0.691
2024-12-01,UY,1,0.309
2024-12-01,UZ,0,0.812
2024-12-01,UZ,1,0.188
2024-12-01,VN,0,0.649
2024-12-01,VN,1,0.351
2024-12-01,YE,0,0.711
2024-12-01,YE,1,0.289
2024-12-01,ZA,0,0.539
2024-12-01,ZA,1,0.461
2025-01-01,AE,0,0.565
2025-01-01,AE,1,0.435
2025-01-01,AF,0,0.853
2025-01-01,AF,1,0.147
2025-01-01,AL,0,0.737
2025-01-01,AL,1,0.263
2025-01-01,AM,0,0.713
2025-01-01,AM,1,0.287
2025-01-01,AO,0,0.564
2025-01-01,AO,1,0.436
2025-01-01,AR,0,0.663
2025-01-01,AR,1,0.337
2025-01-01,AT,0,0.605
2025-01-01,AT,1,0.395
2025-01-01,AU,0,0.535
2025-01-01,AU,1,0.465
2025-01-01,AZ,0,0.803
2025-01-01,AZ,1,0.197
2025-01-01,BA,0,0.629
2025-01-01,BA,1,0.371
2025-01-01,BD,0,0.688
2025-01-01,BD,1,0.312
2025-01-01,BE,0,0.618
2025-01-01,BE,1,0.382
2025-01-01,BF,0,0.588
2025-01-01,BF,1,0.412
2025-01-01,BG,0,0.670
2025-01-01,BG,1,0.330
2025-01-01,BH,0,0.646
2025-01-01,BH,1,0.354
2025-01-01,BJ,0,0.534
2025-01-01,BJ,1,0.466
2025-01-01,BO,0,0.685
2025-01-01,BO,1,0.315
2025-01-01,BR,0,0.567
2025-01-01,BR,1,0.433
2025-01-01,CA,0,0.553
2025-01-01,CA,1,0.447
2025-01-01,CD,0,0.676
2025-01-01,CD,1,0.324
2025-01-01,CH,0,0.549
2025-01-01,CH,1,0.451
2025-01-01,CI,0,0.598
2025-01-01,CI,1,0.402
2025-01-01,CL,0,0.570
2025-01-01,CL,1,0.430
2025-01-01,CM,0,0.581
2025-01-01,CM,1,0.419
2025-01-01,CO,0,0.538
2025-01-01,CO,1,0.462
2025-01-01,CR,0,0.612
2025-01-01,CR,1,0.388
2025-01-01,CY,0,0.586
2025-01-01,CY,1,0.414
2025-01-01,CZ,0,0.691
2025-01-01,CZ,1,0.309
2025-01-01,DE,0,0.626
2025-01-01,DE,1,0.374
2025-01-01,DK,0,0.553
2025-01-01,DK,1,0.447
2025-01-01,DO,0,0.687
2025-01-01,DO,1,0.313
2025-01-01,DZ,0,0.763
2025-01-01,DZ,1,0.237
2025-01-01,EC,0,0.593
2025-01-01,EC,1,0.407
2025-01-01,EE,0,0.646
2025-01-01,EE,1,0.354
2025-01-01,EG,0,0.751
2025-01-01,EG,1,0.249
2025-01-01,ES,0,0.610
2025-01-01,ES,1,0.390
2025-01-01,ET,0,0.596
2025-01-01,ET,1,0.404
2025-01-01,FI,0,0.605
2025-01-01,FI,1,0.395
2025-01-01,FR,0,0.558
2025-01-01,FR,1,0.442
2025-01-01,GB,0,0.491
2025-01-01,GB,1,0.509
2025-01-01,GE,0,0.730
2025-01-01,GE,1,0.270
2025-01-01,GH,0,0.612
2025-01-01,GH,1,0.388
2025-01-01,GR,0,0.600
2025-01-01,GR,1,0.400
2025-01-01,GT,0,0.647
2025-01-01,GT,1,0.353
2025-01-01,HN,0,0.710
2025-01-01,HN,1,0.290
2025-01-01,HR,0,0.625
2025-01-01,HR,1,0.375
2025-01-01,HT,0,0.799
2025-01-01,HT,1,0.201
2025-01-01,HU,0,0.678
2025-01-01,HU,1,0.322
2025-01-01,ID,0,0.612
2025-01-01,ID,1,0.388
2025-01-01,IE,0,0.542
2025-01-01,IE,1,0.458
2025-01-01,IL,0,0.618
2025-01-01,IL,1,0.382
2025-01-01,IN,0,0.489
2025-01-01,IN,1,0.511
2025-01-01,IQ,0,0.797
2025-01-01,IQ,1,0.203
2025-01-01,IT,0,0.648
2025-01-01,IT,1,0.352
2025-01-01,JM,0,0.574
2025-01-01,JM,1,0.426
2025-01-01,JO,0,0.655
2025-01-01,JO,1,0.345
2025-01-01,JP,0,0.554
2025-01-01,JP,1,0.446
2025-01-01,KE,0,0.539
2025-01-01,KE,1,0.461
2025-01-01,KG,0,0.818
2025-01-01,KG,1,0.182
2025-01-01,KH,0,0.681
2025-01-01,KH,1,0.319
2025-01-01,KR,0,0.550
2025-01-01,KR,1,0.450
2025-01-01,KW,0,0.775
2025-01-01,KW,1,0.225
2025-01-01,KZ,0,0.785
2025-01-01,KZ,1,0.215
2025-01-01,LA,0,0.841
2025-01-01,LA,1,0.159
2025-01-01,LB,0,0.670
2025-01-01,LB,1,0.330
2025-01-01,LK,0,0.476
2025-01-01,LK,1,0.524
2025-01-01,LT,0,0.668
2025-01-01,LT,1,0.332
2025-01-01,LU,0,0.522
2025-01-01,LU,1,0.478
2025-01-01,LV,0,0.666
2025-01-01,LV,1,0.334
2025-01-01,LY,0,0.805
2025-01-01,LY,1,0.195
2025-01-01,MA,0,0.674
2025-01-01,MA,1,0.326
2025-01-01,MD,0,0.731
2025-01-01,MD,1,0.269
2025-01-01,ME,0,0.730
2025-01-01,ME,1,0.270
2025-01-01,MG,0,0.566
2025-01-01,MG,1,0.434
2025-01-01,MK,0,0.676
2025-01-01,MK,1,0.324
2025-01-01,MM,0,0.721
2025-01-01,MM,1,0.279
2025-01-01,MN,0,0.762
2025-01-01,MN,1,0.238
2025-01-01,MT,0,0.536
2025-01-01,MT,1,0.464
2025-01-01,MU,0,0.534
2025-01-01,MU,1,0.466
2025-01-01,MX,0,0.658
2025-01-01,MX,1,0.342
2025-01-01,MY,0,0.547
2025-01-01,MY,1,0.453
2025-01-01,MZ,0,0.617
2025-01-01,MZ,1,0.383
2025-01-01,NG,0,0.583
2025-01-01,NG,1,0.417
2025-01-01,NI,0,0.791
2025-01-01,NI,1,0.209
2025-01-01,NL,0,0.521
2025-01-01,NL,1,0.479
2025-01-01,NO,0,0.611
2025-01-01,NO,1,0.389
2025-01-01,NP,0,0.651
2025-01-01,NP,1,0.349
2025-01-01,NZ,0,0.555
2025-01-01,NZ,1,0.445
2025-01-01,OM,0,0.616
2025-01-01,OM,1,0.384
2025-01-01,PA,0,0.686
2025-01-01,PA,1,0.314
2025-01-01,PE,0,0.591
2025-01-01,PE,1,0.409
2025-01-01,PH,0,0.574
2025-01-01,PH,1,0.426
2025-01-01,PK,0,0.568
2025-01-01,PK,1,0.432
2025-01-01,PL,0,0.641
2025-01-01,PL,1,0.359
2025-01-01,PR,0,0.710
2025-01-01,PR,1,0.290
2025-01-01,PS,0,0.692
2025-01-01,PS,1,0.308
2025-01-01,PT,0,0.564
2025-01-01,PT,1,0.436
2025-01-01,PY,0,0.769
2025-01-01,PY,1,0.231
2025-01-01,QA,0,0.559
2025-01-01,QA,1,0.441
2025-01-01,RO,0,0.680
2025-01-01,RO,1,0.320
2025-01-01,RS,0,0.659
2025-01-01,RS,1,0.341
2025-01-01,RW,0,0.489
2025-01-01,RW,1,0.511
2025-01-01,SA,0,0.697
2025-01-01,SA,1,0.303
2025-01-01,SC,0,0.427
2025-01-01,SC,1,0.573
2025-01-01,SD,0,0.804
2025-01-01,SD,1,0.196
2025-01-01,SE,0,0.560
2025-01-01,SE,1,0.440
2025-01-01,SG,0,0.412
2025-01-01,SG,1,0.588
2025-01-01,SI,0,0.670
2025-01-01,SI,1,0.330
2025-01-01,SK,0,0.710
2025-01-01,SK,1,0.290
2025-01-01,SN,0,0.675
2025-01-01,SN,1,0.325
2025-01-01,SO,0,0.811
2025-01-01,SO,1,0.189
2025-01-01,SV,0,0.701
2025-01-01,SV,1,0.299
2025-01-01,TH,0,0.677
2025-01-01,TH,1,0.323
2025-01-01,TJ,0,0.787
2025-01-01,TJ,1,0.213
2025-01-01,TN,0,0.591
2025-01-01,TN,1,0.409
2025-01-01,TR,0,0.674
2025-01-01,TR,1,0.326
2025-01-01,TW,0,0.594
2025-01-01,TW,1,0.406
2025-01-01,TZ,0,0.615
2025-01-01,TZ,1,0.385
2025-01-01,UA,0,0.697
2025-01-01,UA,1,0.303
2025-01-01,UG,0,0.507
2025-01-01,UG,1,0.493
2025-01-01,US,0,0.586
2025-01-01,US,1,0.414
2025-01-01,UY,0,0.767
2025-01-01,UY,1,0.233
2025-01-01,UZ,0,0.843
2025-01-01,UZ,1,0.157
2025-01-01,VN,0,0.676
2025-01-01,VN,1,0.324
2025-01-01,YE,0,0.751
2025-01-01,YE,1,0.249
2025-01-01,ZA,0,0.510
2025-01-01,ZA,1,0.490
2025-01-01,ZM,0,0.649
2025-01-01,ZM,1,0.351
2025-02-01,AE,0,0.580
2025-02-01,AE,1,0.420
2025-02-01,AF,0,0.884
2025-02-01,AF,1,0.116
2025-02-01,AL,0,0.744
2025-02-01,AL,1,0.256
2025-02-01,AM,0,0.759
2025-02-01,AM,1,0.241
2025-02-01,AO,0,0.667
2025-02-01,AO,1,0.333
2025-02-01,AR,0,0.686
2025-02-01,AR,1,0.314
2025-02-01,AT,0,0.608
2025-02-01,AT,1,0.392
2025-02-01,AU,0,0.534
2025-02-01,AU,1,0.466
2025-02-01,AZ,0,0.800
2025-02-01,AZ,1,0.200
2025-02-01,BA,0,0.734
2025-02-01,BA,1,0.266
2025-02-01,BD,0,0.734
2025-02-01,BD,1,0.266
2025-02-01,BE,0,0.623
2025-02-01,BE,1,0.377
2025-02-01,BF,0,0.633
2025-02-01,BF,1,0.367
2025-02-01,BG,0,0.704
2025-02-01,BG,1,0.296
2025-02-01,BH,0,0.654
2025-02-01,BH,1,0.346
2025-02-01,BJ,0,0.566
2025-02-01,BJ,1,0.434
2025-02-01,BO,0,0.698
2025-02-01,BO,1,0.302
2025-02-01,BR,0,0.574
2025-02-01,BR,1,0.426
2025-02-01,CA,0,0.548
2025-02-01,CA,1,0.452
2025-02-01,CD,0,0.721
2025-02-01,CD,1,0.279
2025-02-01,CH,0,0.581
2025-02-01,CH,1,0.419
2025-02-01,CI,0,0.614
2025-02-01,CI,1,0.386
2025-02-01,CL,0,0.623
2025-02-01,CL,1,0.377
2025-02-01,CM,0,0.540
2025-02-01,CM,1,0.460
2025-02-01,CO,0,0.579
2025-02-01,CO,1,0.421
2025-02-01,CR,0,0.615
2025-02-01,CR,1,0.385
2025-02-01,CY,0,0.560
2025-02-01,CY,1,0.440
2025-02-01,CZ,0,0.687
2025-02-01,CZ,1,0.313
2025-02-01,DE,0,0.651
2025-02-01,DE,1,0.349
2025-02-01,DK,0,0.557
2025-02-01,DK,1,0.443
2025-02-01,DO,0,0.702
2025-02-01,DO,1,0.298
2025-02-01,DZ,0,0.774
2025-02-01,DZ,1,0.226
2025-02-01,EC,0,0.639
2025-02-01,EC,1,0.361
2025-02-01,EE,0,0.640
2025-02-01,EE,1,0.360
2025-02-01,EG,0,0.724
2025-02-01,EG,1,0.276
2025-02-01,ES,0,0.609
2025-02-01,ES,1,0.391
2025-02-01,ET,0,0.614
2025-02-01,ET,1,0.386
2025-02-01,FI,0,0.620
2025-02-01,FI,1,0.380
2025-02-01,FR,0,0.582
2025-02-01,FR,1,0.418
2025-02-01,GB,0,0.527
2025-02-01,GB,1,0.473
2025-02-01,GE,0,0.769
2025-02-01,GE,1,0.231
2025-02-01,GH,0,0.572
2025-02-01,GH,1,0.428
2025-02-01,GR,0,0.666
2025-02-01,GR,1,0.334
2025-02-01,GT,0,0.662
2025-02-01,GT,1,0.338
2025-02-01,HN,0,0.729
2025-02-01,HN,1,0.271
2025-02-01,HR,0,0.659
2025-02-01,HR,1,0.341
2025-02-01,HT,0,0.791
2025-02-01,HT,1,0.209
2025-02-01,HU,0,0.708
2025-02-01,HU,1,0.292
2025-02-01,ID,0,0.639
2025-02-01,ID,1,0.361
2025-02-01,IE,0,0.529
2025-02-01,IE,1,0.471
2025-02-01,IL,0,0.664
2025-02-01,IL,1,0.336
2025-02-01,IN,0,0.516
2025-02-01,IN,1,0.484
2025-02-01,IQ,0,0.797
2025-02-01,IQ,1,0.203
2025-02-01,IT,0,0.667
2025-02-01,IT,1,0.333
2025-02-01,JM,0,0.543
2025-02-01,JM,1,0.457
2025-02-01,JO,0,0.704
2025-02-01,JO,1,0.296
2025-02-01,JP,0,0.572
2025-02-01,JP,1,0.428
2025-02-01,KE,0,0.556
2025-02-01,KE,1,0.444
2025-02-01,KG,0,0.769
2025-02-01,KG,1,0.231
2025-02-01,KH,0,0.647
2025-02-01,KH,1,0.353
2025-02-01,KR,0,0.568
2025-02-01,KR,1,0.432
2025-02-01,KW,0,0.711
2025-02-01,KW,1,0.289
2025-02-01,KZ,0,0.764
2025-02-01,KZ,1,0.236
2025-02-01,LB,0,0.704
2025-02-01,LB,1,0.296
2025-02-01,LK,0,0.481
2025-02-01,LK,1,0.519
2025-02-01,LT,0,0.671
2025-02-01,LT,1,0.329
2025-02-01,LU,0,0.474
2025-02-01,LU,1,0.526
2025-02-01,LV,0,0.660
2025-02-01,LV,1,0.340
2025-02-01,LY,0,0.817
2025-02-01,LY,1,0.183
2025-02-01,MA,0,0.669
2025-02-01,MA,1,0.331
2025-02-01,MD,0,0.714
2025-02-01,MD,1,0.286
2025-02-01,ME,0,0.603
2025-02-01,ME,1,0.397
2025-02-01,MG,0,0.588
2025-02-01,MG,1,0.412
2025-02-01,MK,0,0.663
2025-02-01,MK,1,0.337
2025-02-01,MM,0,0.683
2025-02-01,MM,1,0.317
2025-02-01,MN,0,0.808
2025-02-01,MN,1,0.192
2025-02-01,MT,0,0.537
2025-02-01,MT,1,0.463
2025-02-01,MU,0,0.602
2025-02-01,MU,1,0.398
2025-02-01,MX,0,0.648
2025-02-01,MX,1,0.352
2025-02-01,MY,0,0.605
2025-02-01,MY,1,0.395
2025-02-01,MZ,0,0.626
2025-02-01,MZ,1,0.374
2025-02-01,NG,0,0.576
2025-02-01,NG,1,0.424
2025-02-01,NI,0,0.733
2025-02-01,NI,1,0.267
2025-02-01,NL,0,0.539
2025-02-01,NL,1,0.461
2025-02-01,NO,0,0.632
2025-02-01,NO,1,0.368
2025-02-01,NP,0,0.695
2025-02-01,NP,1,0.305
2025-02-01,NZ,0,0.559
2025-02-01,NZ,1,0.441
2025-02-01,OM,0,0.650
2025-02-01,OM,1,0.350
2025-02-01,PA,0,0.651
2025-02-01,PA,1,0.349
2025-02-01,PE,0,0.620
2025-02-01,PE,1,0.380
2025-02-01,PH,0,0.571
2025-02-01,PH,1,0.429
2025-02-01,PK,0,0.594
2025-02-01,PK,1,0.406
2025-02-01,PL,0,0.679
2025-02-01,PL,1,0.321
2025-02-01,PR,0,0.677
2025-02-01,PR,1,0.323
2025-02-01,PS,0,0.729
2025-02-01,PS,1,0.271
2025-02-01,PT,0,0.584
2025-02-01,PT,1,0.416
2025-02-01,PY,0,0.664
2025-02-01,PY,1,0.336
2025-02-01,QA,0,0.525
2025-02-01,QA,1,0.475
2025-02-01,RE,0,0.713
2025-02-01,RE,1,0.287
2025-02-01,RO,0,0.696
2025-02-01,RO,1,0.304
2025-02-01,RS,0,0.716
2025-02-01,RS,1,0.284
2025-02-01,RW,0,0.542
2025-02-01,RW,1,0.458
2025-02-01,SA,0,0.717
2025-02-01,SA,1,0.283
2025-02-01,SC,0,0.554
2025-02-01,SC,1,0.446
2025-02-01,SD,0,0.706
2025-02-01,SD,1,0.294
2025-02-01,SE,0,0.552
2025-02-01,SE,1,0.448
2025-02-01,SG,0,0.414
2025-02-01,SG,1,0.586
2025-02-01,SI,0,0.699
2025-02-01,SI,1,0.301
2025-02-01,SK,0,0.716
2025-02-01,SK,1,0.284
2025-02-01,SN,0,0.645
2025-02-01,SN,1,0.355
2025-02-01,SO,0,0.855
2025-02-01,SO,1,0.145
2025-02-01,SV,0,0.677
2025-02-01,SV,1,0.323
2025-02-01,TH,0,0.662
2025-02-01,TH,1,0.338
2025-02-01,TJ,0,0.845
2025-02-01,TJ,1,0.155
2025-02-01,TN,0,0.614
2025-02-01,TN,1,0.386
2025-02-01,TR,0,0.721
2025-02-01,TR,1,0.279
2025-02-01,TW,0,0.616
2025-02-01,TW,1,0.384
2025-02-01,TZ,0,0.604
2025-02-01,TZ,1,0.396
2025-02-01,UA,0,0.721
2025-02-01,UA,1,0.279
2025-02-01,UG,0,0.532
2025-02-01,UG,1,0.468
2025-02-01,US,0,0.588
2025-02-01,US,1,0.412
2025-02-01,UY,0,0.695
2025-02-01,UY,1,0.305
2025-02-01,UZ,0,0.821
2025-02-01,UZ,1,0.179
2025-02-01,VN,0,0.653
2025-02-01,VN,1,0.347
2025-02-01,YE,0,0.727
2025-02-01,YE,1,0.273
2025-02-01,ZA,0,0.495
2025-02-01,ZA,1,0.505
2025-02-01,ZM,0,0.632
2025-02-01,ZM,1,0.368
2025-03-01,AE,0,0.592
2025-03-01,AE,1,0.408
2025-03-01,AF,0,0.847
2025-03-01,AF,1,0.153
2025-03-01,AL,0,0.775
2025-03-01,AL,1,0.225
2025-03-01,AM,0,0.713
2025-03-01,AM,1,0.287
2025-03-01,AO,0,0.652
2025-03-01,AO,1,0.348
2025-03-01,AR,0,0.684
2025-03-01,AR,1,0.316
2025-03-01,AT,0,0.617
2025-03-01,AT,1,0.383
2025-03-01,AU,0,0.509
2025-03-01,AU,1,0.491
2025-03-01,AZ,0,0.814
2025-03-01,AZ,1,0.186
2025-03-01,BA,0,0.752
2025-03-01,BA,1,0.248
2025-03-01,BD,0,0.769
2025-03-01,BD,1,0.231
2025-03-01,BE,0,0.593
2025-03-01,BE,1,0.407
2025-03-01,BG,0,0.722
2025-03-01,BG,1,0.278
2025-03-01,BH,0,0.677
2025-03-01,BH,1,0.323
2025-03-01,BJ,0,0.567
2025-03-01,BJ,1,0.433
2025-03-01,BO,0,0.714
2025-03-01,BO,1,0.286
2025-03-01,BR,0,0.613
2025-03-01,BR,1,0.387
2025-03-01,CA,0,0.565
2025-03-01,CA,1,0.435
2025-03-01,CD,0,0.705
2025-03-01,CD,1,0.295
2025-03-01,CH,0,0.610
2025-03-01,CH,1,0.390
2025-03-01,CI,0,0.633
2025-03-01,CI,1,0.367
2025-03-01,CL,0,0.642
2025-03-01,CL,1,0.358
2025-03-01,CM,0,0.588
2025-03-01,CM,1,0.412
2025-03-01,CO,0,0.575
2025-03-01,CO,1,0.425
2025-03-01,CR,0,0.621
2025-03-01,CR,1,0.379
2025-03-01,CY,0,0.662
2025-03-01,CY,1,0.338
2025-03-01,CZ,0,0.713
2025-03-01,CZ,1,0.287
2025-03-01,DE,0,0.672
2025-03-01,DE,1,0.328
2025-03-01,DK,0,0.560
2025-03-01,DK,1,0.440
2025-03-01,DO,0,0.724
2025-03-01,DO,1,0.276
2025-03-01,DZ,0,0.819
2025-03-01,DZ,1,0.181
2025-03-01,EC,0,0.633
2025-03-01,EC,1,0.367
2025-03-01,EE,0,0.619
2025-03-01,EE,1,0.381
2025-03-01,EG,0,0.742
2025-03-01,EG,1,0.258
2025-03-01,ES,0,0.611
2025-03-01,ES,1,0.389
2025-03-01,ET,0,0.585
2025-03-01,ET,1,0.415
2025-03-01,FI,0,0.661
2025-03-01,FI,1,0.339
2025-03-01,FR,0,0.585
2025-03-01,FR,1,0.415
2025-03-01,GB,0,0.520
2025-03-01,GB,1,0.480
2025-03-01,GE,0,0.796
2025-03-01,GE,1,0.204
2025-03-01,GH,0,0.591
2025-03-01,GH,1,0.409
2025-03-01,GR,0,0.677
2025-03-01,GR,1,0.323
2025-03-01,GT,0,0.617
2025-03-01,GT,1,0.383
2025-03-01,HN,0,0.679
2025-03-01,HN,1,0.321
2025-03-01,HR,0,0.724
2025-03-01,HR,1,0.276
2025-03-01,HT,0,0.714
2025-03-01,HT,1,0.286
2025-03-01,HU,0,0.715
2025-03-01,HU,1,0.285
2025-03-01,ID,0,0.658
2025-03-01,ID,1,0.342
2025-03-01,IE,0,0.545
2025-03-01,IE,1,0.455
2025-03-01,IL,0,0.688
2025-03-01,IL,1,0.312
2025-03-01,IN,0,0.556
2025-03-01,IN,1,0.444
2025-03-01,IQ,0,0.833
2025-03-01,IQ,1,0.167
2025-03-01,IT,0,0.667
2025-03-01,IT,1,0.333
2025-03-01,JM,0,0.533
2025-03-01,JM,1,0.467
2025-03-01,JO,0,0.718
2025-03-01,JO,1,0.282
2025-03-01,JP,0,0.560
2025-03-01,JP,1,0.440
2025-03-01,KE,0,0.569
2025-03-01,KE,1,0.431
2025-03-01,KG,0,0.830
2025-03-01,KG,1,0.170
2025-03-01,KH,0,0.654
2025-03-01,KH,1,0.346
2025-03-01,KR,0,0.573
2025-03-01,KR,1,0.427
2025-03-01,KW,0,0.743
2025-03-01,KW,1,0.257
2025-03-01,KZ,0,0.797
2025-03-01,KZ,1,0.203
2025-03-01,LB,0,0.746
2025-03-01,LB,1,0.254
2025-03-01,LK,0,0.515
2025-03-01,LK,1,0.485
2025-03-01,LT,0,0.735
2025-03-01,LT,1,0.265
2025-03-01,LU,0,0.598
2025-03-01,LU,1,0.402
2025-03-01,LV,0,0.624
2025-03-01,LV,1,0.376
2025-03-01,LY,0,0.851
2025-03-01,LY,1,0.149
2025-03-01,MA,0,0.715
2025-03-01,MA,1,0.285
2025-03-01,MD,0,0.768
2025-03-01,MD,1,0.232
2025-03-01,MG,0,0.633
2025-03-01,MG,1,0.367
2025-03-01,MK,0,0.730
2025-03-01,MK,1,0.270
2025-03-01,MM,0,0.773
2025-03-01,MM,1,0.227
2025-03-01,MN,0,0.811
2025-03-01,MN,1,0.189
2025-03-01,MT,0,0.534
2025-03-01,MT,1,0.466
2025-03-01,MU,0,0.469
2025-03-01,MU,1,0.531
2025-03-01,MX,0,0.657
2025-03-01,MX,1,0.343
2025-03-01,MY,0,0.647
2025-03-01,MY,1,0.353
2025-03-01,MZ,0,0.605
2025-03-01,MZ,1,0.395
2025-03-01,NG,0,0.623
2025-03-01,NG,1,0.377
2025-03-01,NI,0,0.717
2025-03-01,NI,1,0.283
2025-03-01,NL,0,0.567
2025-03-01,NL,1,0.433
2025-03-01,NO,0,0.615
2025-03-01,NO,1,0.385
2025-03-01,NP,0,0.705
2025-03-01,NP,1,0.295
2025-03-01,NZ,0,0.553
2025-03-01,NZ,1,0.447
2025-03-01,OM,0,0.680
2025-03-01,OM,1,0.320
2025-03-01,PA,0,0.694
2025-03-01,PA,1,0.306
2025-03-01,PE,0,0.609
2025-03-01,PE,1,0.391
2025-03-01,PH,0,0.559
2025-03-01,PH,1,0.441
2025-03-01,PK,0,0.626
2025-03-01,PK,1,0.374
2025-03-01,PL,0,0.696
2025-03-01,PL,1,0.304
2025-03-01,PR,0,0.705
2025-03-01,PR,1,0.295
2025-03-01,PS,0,0.743
2025-03-01,PS,1,0.257
2025-03-01,PT,0,0.594
2025-03-01,PT,1,0.406
2025-03-01,PY,0,0.704
2025-03-01,PY,1,0.296
2025-03-01,QA,0,0.595
2025-03-01,QA,1,0.405
2025-03-01,RE,0,0.661
2025-03-01,RE,1,0.339
2025-03-01,RO,0,0.720
2025-03-01,RO,1,0.280
2025-03-01,RS,0,0.739
2025-03-01,RS,1,0.261
2025-03-01,RW,0,0.504
2025-03-01,RW,1,0.496
2025-03-01,SA,0,0.763
2025-03-01,SA,1,0.237
2025-03-01,SC,0,0.509
2025-03-01,SC,1,0.491
2025-03-01,SE,0,0.591
2025-03-01,SE,1,0.409
2025-03-01,SG,0,0.434
2025-03-01,SG,1,0.566
2025-03-01,SI,0,0.630
2025-03-01,SI,1,0.370
2025-03-01,SK,0,0.692
2025-03-01,SK,1,0.308
2025-03-01,SN,0,0.626
2025-03-01,SN,1,0.374
2025-03-01,SO,0,0.799
2025-03-01,SO,1,0.201
2025-03-01,SV,0,0.680
2025-03-01,SV,1,0.320
2025-03-01,TH,0,0.652
2025-03-01,TH,1,0.348
2025-03-01,TN,0,0.677
2025-03-01,TN,1,0.323
2025-03-01,TR,0,0.736
2025-03-01,TR,1,0.264
2025-03-01,TT,0,0.571
2025-03-01,TT,1,0.429
2025-03-01,TW,0,0.623
2025-03-01,TW,1,0.377
2025-03-01,TZ,0,0.646
2025-03-01,TZ,1,0.354
2025-03-01,UA,0,0.706
2025-03-01,UA,1,0.294
2025-03-01,UG,0,0.522
2025-03-01,UG,1,0.478
2025-03-01,US,0,0.604
2025-03-01,US,1,0.396
2025-03-01,UY,0,0.735
2025-03-01,UY,1,0.265
2025-03-01,UZ,0,0.829
2025-03-01,UZ,1,0.171
2025-03-01,VN,0,0.650
2025-03-01,VN,1,0.350
2025-03-01,YE,0,0.781
2025-03-01,YE,1,0.219
2025-03-01,ZA,0,0.523
2025-03-01,ZA,1,0.477
2025-03-01,ZM,0,0.586
2025-03-01,ZM,1,0.414
2025-04-01,AE,0,0.589
2025-04-01,AE,1,0.411
2025-04-01,AF,0,0.780
2025-04-01,AF,1,0.220
2025-04-01,AL,0,0.798
2025-04-01,AL,1,0.202
2025-04-01,AM,0,0.730
2025-04-01,AM,1,0.270
2025-04-01,AO,0,0.680
2025-04-01,AO,1,0.320
2025-04-01,AR,0,0.711
2025-04-01,AR,1,0.289
2025-04-01,AT,0,0.621
2025-04-01,AT,1,0.379
2025-04-01,AU,0,0.528
2025-04-01,AU,1,0.472
2025-04-01,AZ,0,0.812
2025-04-01,AZ,1,0.188
2025-04-01,BA,0,0.832
2025-04-01,BA,1,0.168
2025-04-01,BD,0,0.781
2025-04-01,BD,1,0.219
2025-04-01,BE,0,0.614
2025-04-01,BE,1,0.386
2025-04-01,BG,0,0.746
2025-04-01,BG,1,0.254
2025-04-01,BH,0,0.689
2025-04-01,BH,1,0.311
2025-04-01,BJ,0,0.534
2025-04-01,BJ,1,0.466
2025-04-01,BO,0,0.683
2025-04-01,BO,1,0.317
2025-04-01,BR,0,0.628
2025-04-01,BR,1,0.372
2025-04-01,CA,0,0.604
2025-04-01,CA,1,0.396
2025-04-01,CD,0,0.725
2025-04-01,CD,1,0.275
2025-04-01,CH,0,0.600
2025-04-01,CH,1,0.400
2025-04-01,CI,0,0.699
2025-04-01,CI,1,0.301
2025-04-01,CL,0,0.634
2025-04-01,CL,1,0.366
2025-04-01,CM,0,0.660
2025-04-01,CM,1,0.340
2025-04-01,CO,0,0.599
2025-04-01,CO,1,0.401
2025-04-01,CR,0,0.637
2025-04-01,CR,1,0.363
2025-04-01,CY,0,0.686
2025-04-01,CY,1,0.314
2025-04-01,CZ,0,0.734
2025-04-01,CZ,1,0.266
2025-04-01,DE,0,0.705
2025-04-01,DE,1,0.295
2025-04-01,DK,0,0.581
2025-04-01,DK,1,0.419
2025-04-01,DO,0,0.705
2025-04-01,DO,1,0.295
2025-04-01,DZ,0,0.767
2025-04-01,DZ,1,0.233
2025-04-01,EC,0,0.655
2025-04-01,EC,1,0.345
2025-04-01,EE,0,0.690
2025-04-01,EE,1,0.310
2025-04-01,EG,0,0.738
2025-04-01,EG,1,0.262
2025-04-01,ES,0,0.652
2025-04-01,ES,1,0.348
2025-04-01,ET,0,0.624
2025-04-01,ET,1,0.376
2025-04-01,FI,0,0.657
2025-04-01,FI,1,0.343
2025-04-01,FR,0,0.638
2025-04-01,FR,1,0.362
2025-04-01,GB,0,0.559
2025-04-01,GB,1,0.441
2025-04-01,GE,0,0.777
2025-04-01,GE,1,0.223
2025-04-01,GH,0,0.616
2025-04-01,GH,1,0.384
2025-04-01,GR,0,0.721
2025-04-01,GR,1,0.279
2025-04-01,GT,0,0.671
2025-04-01,GT,1,0.329
2025-04-01,HN,0,0.713
2025-04-01,HN,1,0.287
2025-04-01,HR,0,0.684
2025-04-01,HR,1,0.316
2025-04-01,HT,0,0.699
2025-04-01,HT,1,0.301
2025-04-01,HU,0,0.730
2025-04-01,HU,1,0.270
2025-04-01,ID,0,0.660
2025-04-01,ID,1,0.340
2025-04-01,IE,0,0.601
2025-04-01,IE,1,0.399
2025-04-01,IL,0,0.716
2025-04-01,IL,1,0.284
2025-04-01,IN,0,0.562
2025-04-01,IN,1,0.438
2025-04-01,IQ,0,0.843
2025-04-01,IQ,1,0.157
2025-04-01,IT,0,0.679
2025-04-01,IT,1,0.321
2025-04-01,JM,0,0.656
2025-04-01,JM,1,0.344
2025-04-01,JO,0,0.727
2025-04-01,JO,1,0.273
2025-04-01,JP,0,0.630
2025-04-01,JP,1,0.370
2025-04-01,KE,0,0.634
2025-04-01,KE,1,0.366
2025-04-01,KG,0,0.817
2025-04-01,KG,1,0.183
2025-04-01,KH,0,0.719
2025-04-01,KH,1,0.281
2025-04-01,KR,0,0.645
2025-04-01,KR,1,0.355
2025-04-01,KW,0,0.757
2025-04-01,KW,1,0.243
2025-04-01,KZ,0,0.758
2025-04-01,KZ,1,0.242
2025-04-01,LB,0,0.719
2025-04-01,LB,1,0.281
2025-04-01,LK,0,0.613
2025-04-01,LK,1,0.387
2025-04-01,LT,0,0.716
2025-04-01,LT,1,0.284
2025-04-01,LU,0,0.624
2025-04-01,LU,1,0.376
2025-04-01,LV,0,0.659
2025-04-01,LV,1,0.341
2025-04-01,LY,0,0.822
2025-04-01,LY,1,0.178
2025-04-01,MA,0,0.684
2025-04-01,MA,1,0.316
2025-04-01,MD,0,0.710
2025-04-01,MD,1,0.290
2025-04-01,MG,0,0.674
2025-04-01,MG,1,0.326
2025-04-01,MK,0,0.801
2025-04-01,MK,1,0.199
2025-04-01,MM,0,0.829
2025-04-01,MM,1,0.171
2025-04-01,MN,0,0.778
2025-04-01,MN,1,0.222
2025-04-01,MT,0,0.550
2025-04-01,MT,1,0.450
2025-04-01,MU,0,0.608
2025-04-01,MU,1,0.392
2025-04-01,MX,0,0.688
2025-04-01,MX,1,0.312
2025-04-01,MY,0,0.662
2025-04-01,MY,1,0.338
2025-04-01,MZ,0,0.605
2025-04-01,MZ,1,0.395
2025-04-01,NG,0,0.643
2025-04-01,NG,1,0.357
2025-04-01,NI,0,0.846
2025-04-01,NI,1,0.154
2025-04-01,NL,0,0.586
2025-04-01,NL,1,0.414
2025-04-01,NO,0,0.648
2025-04-01,NO,1,0.352
2025-04-01,NP,0,0.733
2025-04-01,NP,1,0.267
2025-04-01,NZ,0,0.587
2025-04-01,NZ,1,0.413
2025-04-01,OM,0,0.680
2025-04-01,OM,1,0.320
2025-04-01,PA,0,0.679
2025-04-01,PA,1,0.321
2025-04-01,PE,0,0.610
2025-04-01,PE,1,0.390
2025-04-01,PH,0,0.584
2025-04-01,PH,1,0.416
2025-04-01,PK,0,0.631
2025-04-01,PK,1,0.369
2025-04-01,PL,0,0.707
2025-04-01,PL,1,0.293
2025-04-01,PR,0,0.662
2025-04-01,PR,1,0.338
2025-04-01,PS,0,0.752
2025-04-01,PS,1,0.248
2025-04-01,PT,0,0.622
2025-04-01,PT,1,0.378
2025-04-01,PY,0,0.723
2025-04-01,PY,1,0.277
2025-04-01,QA,0,0.663
2025-04-01,QA,1,0.337
2025-04-01,RE,0,0.658
2025-04-01,RE,1,0.342
2025-04-01,RO,0,0.742
2025-04-01,RO,1,0.258
2025-04-01,RS,0,0.749
2025-04-01,RS,1,0.251
2025-04-01,RW,0,0.531
2025-04-01,RW,1,0.469
2025-04-01,SA,0,0.762
2025-04-01,SA,1,0.238
2025-04-01,SC,0,0.514
2025-04-01,SC,1,0.486
2025-04-01,SD,0,0.847
2025-04-01,SD,1,0.153
2025-04-01,SE,0,0.633
2025-04-01,SE,1,0.367
2025-04-01,SG,0,0.477
2025-04-01,SG,1,0.523
2025-04-01,SI,0,0.648
2025-04-01,SI,1,0.352
2025-04-01,SK,0,0.680
2025-04-01,SK,1,0.320
2025-04-01,SN,0,0.618
2025-04-01,SN,1,0.382
2025-04-01,SO,0,0.847
2025-04-01,SO,1,0.153
2025-04-01,SV,0,0.693
2025-04-01,SV,1,0.307
2025-04-01,TH,0,0.709
2025-04-01,TH,1,0.291
2025-04-01,TJ,0,0.759
2025-04-01,TJ,1,0.241
2025-04-01,TN,0,0.629
2025-04-01,TN,1,0.371
2025-04-01,TR,0,0.769
2025-04-01,TR,1,0.231
2025-04-01,TW,0,0.664
2025-04-01,TW,1,0.336
2025-04-01,TZ,0,0.672
2025-04-01,TZ,1,0.328
2025-04-01,UA,0,0.711
2025-04-01,UA,1,0.289
2025-04-01,UG,0,0.515
2025-04-01,UG,1,0.485
2025-04-01,US,0,0.613
2025-04-01,US,1,0.387
2025-04-01,UY,0,0.752
2025-04-01,UY,1,0.248
2025-04-01,UZ,0,0.827
2025-04-01,UZ,1,0.173
2025-04-01,VN,0,0.674
2025-04-01,VN,1,0.326
2025-04-01,YE,0,0.773
2025-04-01,YE,1,0.227
2025-04-01,ZA,0,0.574
2025-04-01,ZA,1,0.426
2025-04-01,ZM,0,0.590
2025-04-01,ZM,1,0.410
2025-05-01,AE,0,0.609
2025-05-01,AE,1,0.391
2025-05-01,AF,0,0.818
2025-05-01,AF,1,0.182
2025-05-01,AL,0,0.745
2025-05-01,AL,1,0.255
2025-05-01,AM,0,0.702
2025-05-01,AM,1,0.298
2025-05-01,AO,0,0.605
2025-05-01,AO,1,0.395
2025-05-01,AR,0,0.683
2025-05-01,AR,1,0.317
2025-05-01,AT,0,0.683
2025-05-01,AT,1,0.317
2025-05-01,AU,0,0.508
2025-05-01,AU,1,0.492
2025-05-01,AZ,0,0.766
2025-05-01,AZ,1,0.234
2025-05-01,BA,0,0.788
2025-05-01,BA,1,0.212
2025-05-01,BD,0,0.755
2025-05-01,BD,1,0.245
2025-05-01,BE,0,0.629
2025-05-01,BE,1,0.371
2025-05-01,BF,0,0.536
2025-05-01,BF,1,0.464
2025-05-01,BG,0,0.754
2025-05-01,BG,1,0.246
2025-05-01,BH,0,0.732
2025-05-01,BH,1,0.268
2025-05-01,BJ,0,0.579
2025-05-01,BJ,1,0.421
2025-05-01,BO,0,0.657
2025-05-01,BO,1,0.343
2025-05-01,BR,0,0.616
2025-05-01,BR,1,0.384
2025-05-01,CA,0,0.627
2025-05-01,CA,1,0.373
2025-05-01,CD,0,0.730
2025-05-01,CD,1,0.270
2025-05-01,CH,0,0.611
2025-05-01,CH,1,0.389
2025-05-01,CI,0,0.700
2025-05-01,CI,1,0.300
2025-05-01,CL,0,0.613
2025-05-01,CL,1,0.387
2025-05-01,CM,0,0.591
2025-05-01,CM,1,0.409
2025-05-01,CO,0,0.582
2025-05-01,CO,1,0.418
2025-05-01,CR,0,0.677
2025-05-01,CR,1,0.323
2025-05-01,CY,0,0.683
2025-05-01,CY,1,0.317
2025-05-01,CZ,0,0.742
2025-05-01,CZ,1,0.258
2025-05-01,DE,0,0.696
2025-05-01,DE,1,0.304
2025-05-01,DK,0,0.571
2025-05-01,DK,1,0.429
2025-05-01,DO,0,0.729
2025-05-01,DO,1,0.271
2025-05-01,DZ,0,0.793
2025-05-01,DZ,1,0.207
2025-05-01,EC,0,0.588
2025-05-01,EC,1,0.412
2025-05-01,EE,0,0.632
2025-05-01,EE,1,0.368
2025-05-01,EG,0,0.731
2025-05-01,EG,1,0.269
2025-05-01,ES,0,0.649
2025-05-01,ES,1,0.351
2025-05-01,ET,0,0.635
2025-05-01,ET,1,0.365
2025-05-01,FI,0,0.686
2025-05-01,FI,1,0.314
2025-05-01,FR,0,0.645
2025-05-01,FR,1,0.355
2025-05-01,GB,0,0.585
2025-05-01,GB,1,0.415
2025-05-01,GE,0,0.775
2025-05-01,GE,1,0.225
2025-05-01,GH,0,0.650
2025-05-01,GH,1,0.350
2025-05-01,GR,0,0.680
2025-05-01,GR,1,0.320
2025-05-01,GT,0,0.628
2025-05-01,GT,1,0.372
2025-05-01,HN,0,0.734
2025-05-01,HN,1,0.266
2025-05-01,HR,0,0.734
2025-05-01,HR,1,0.266
2025-05-01,HT,0,0.865
2025-05-01,HT,1,0.135
2025-05-01,HU,0,0.737
2025-05-01,HU,1,0.263
2025-05-01,ID,0,0.592
2025-05-01,ID,1,0.408
2025-05-01,IE,0,0.647
2025-05-01,IE,1,0.353
2025-05-01,IL,0,0.707
2025-05-01,IL,1,0.293
2025-05-01,IN,0,0.564
2025-05-01,IN,1,0.436
2025-05-01,IQ,0,0.836
2025-05-01,IQ,1,0.164
2025-05-01,IT,0,0.673
2025-05-01,IT,1,0.327
2025-05-01,JM,0,0.607
2025-05-01,JM,1,0.393
2025-05-01,JO,0,0.743
2025-05-01,JO,1,0.257
2025-05-01,JP,0,0.651
2025-05-01,JP,1,0.349
2025-05-01,KE,0,0.602
2025-05-01,KE,1,0.398
2025-05-01,KG,0,0.815
2025-05-01,KG,1,0.185
2025-05-01,KH,0,0.639
2025-05-01,KH,1,0.361
2025-05-01,KR,0,0.603
2025-05-01,KR,1,0.397
2025-05-01,KW,0,0.783
2025-05-01,KW,1,0.217
2025-05-01,KZ,0,0.774
2025-05-01,KZ,1,0.226
2025-05-01,LB,0,0.727
2025-05-01,LB,1,0.273
2025-05-01,LK,0,0.544
2025-05-01,LK,1,0.456
2025-05-01,LT,0,0.646
2025-05-01,LT,1,0.354
2025-05-01,LU,0,0.617
2025-05-01,LU,1,0.383
2025-05-01,LV,0,0.687
2025-05-01,LV,1,0.313
2025-05-01,LY,0,0.833
2025-05-01,LY,1,0.167
2025-05-01,MA,0,0.691
2025-05-01,MA,1,0.309
2025-05-01,MD,0,0.748
2025-05-01,MD,1,0.252
2025-05-01,MG,0,0.598
2025-05-01,MG,1,0.402
2025-05-01,MK,0,0.719
2025-05-01,MK,1,0.281
2025-05-01,MM,0,0.759
2025-05-01,MM,1,0.241
2025-05-01,MN,0,0.755
2025-05-01,MN,1,0.245
2025-05-01,MT,0,0.634
2025-05-01,MT,1,0.366
2025-05-01,MU,0,0.562
2025-05-01,MU,1,0.438
2025-05-01,MX,0,0.657
2025-05-01,MX,1,0.343
2025-05-01,MY,0,0.625
2025-05-01,MY,1,0.375
2025-05-01,MZ,0,0.672
2025-05-01,MZ,1,0.328
2025-05-01,NG,0,0.638
2025-05-01,NG,1,0.362
2025-05-01,NI,0,0.726
2025-05-01,NI,1,0.274
2025-05-01,NL,0,0.607
2025-05-01,NL,1,0.393
2025-05-01,NO,0,0.642
2025-05-01,NO,1,0.358
2025-05-01,NP,0,0.703
2025-05-01,NP,1,0.297
2025-05-01,NZ,0,0.565
2025-05-01,NZ,1,0.435
2025-05-01,OM,0,0.689
2025-05-01,OM,1,0.311
2025-05-01,PA,0,0.651
2025-05-01,PA,1,0.349
2025-05-01,PE,0,0.552
2025-05-01,PE,1,0.448
2025-05-01,PH,0,0.568
2025-05-01,PH,1,0.432
2025-05-01,PK,0,0.600
2025-05-01,PK,1,0.400
2025-05-01,PL,0,0.717
2025-05-01,PL,1,0.283
2025-05-01,PR,0,0.676
2025-05-01,PR,1,0.324
2025-05-01,PS,0,0.739
2025-05-01,PS,1,0.261
2025-05-01,PT,0,0.607
2025-05-01,PT,1,0.393
2025-05-01,PY,0,0.710
2025-05-01,PY,1,0.290
2025-05-01,QA,0,0.671
2025-05-01,QA,1,0.329
2025-05-01,RE,0,0.750
2025-05-01,RE,1,0.250
2025-05-01,RO,0,0.727
2025-05-01,RO,1,0.273
2025-05-01,RS,0,0.765
2025-05-01,RS,1,0.235
2025-05-01,RW,0,0.574
2025-05-01,RW,1,0.426
2025-05-01,SA,0,0.759
2025-05-01,SA,1,0.241
2025-05-01,SC,0,0.405
2025-05-01,SC,1,0.595
2025-05-01,SE,0,0.610
2025-05-01,SE,1,0.390
2025-05-01,SG,0,0.449
2025-05-01,SG,1,0.551
2025-05-01,SI,0,0.653
2025-05-01,SI,1,0.347
2025-05-01,SK,0,0.707
2025-05-01,SK,1,0.293
2025-05-01,SN,0,0.640
2025-05-01,SN,1,0.360
2025-05-01,SO,0,0.785
2025-05-01,SO,1,0.215
2025-05-01,SV,0,0.694
2025-05-01,SV,1,0.306
2025-05-01,TH,0,0.713
2025-05-01,TH,1,0.287
2025-05-01,TN,0,0.628
2025-05-01,TN,1,0.372
2025-05-01,TR,0,0.755
2025-05-01,TR,1,0.245
2025-05-01,TW,0,0.645
2025-05-01,TW,1,0.355
2025-05-01,TZ,0,0.621
2025-05-01,TZ,1,0.379
2025-05-01,UA,0,0.718
2025-05-01,UA,1,0.282
2025-05-01,UG,0,0.613
2025-05-01,UG,1,0.387
2025-05-01,US,0,0.636
2025-05-01,US,1,0.364
2025-05-01,UY,0,0.697
2025-05-01,UY,1,0.303
2025-05-01,UZ,0,0.785
2025-05-01,UZ,1,0.215
2025-05-01,VN,0,0.671
2025-05-01,VN,1,0.329
2025-05-01,YE,0,0.783
2025-05-01,YE,1,0.217
2025-05-01,ZA,0,0.537
2025-05-01,ZA,1,0.463
2025-05-01,ZM,0,0.516
2025-05-01,ZM,1,0.484
2025-06-01,AE,0,0.628
2025-06-01,AE,1,0.372
2025-06-01,AF,0,0.781
2025-06-01,AF,1,0.219
2025-06-01,AL,0,0.764
2025-06-01,AL,1,0.236
2025-06-01,AM,0,0.723
2025-06-01,AM,1,0.277
2025-06-01,AO,0,0.641
2025-06-01,AO,1,0.359
2025-06-01,AR,0,0.687
2025-06-01,AR,1,0.313
2025-06-01,AT,0,0.659
2025-06-01,AT,1,0.341
2025-06-01,AU,0,0.575
2025-06-01,AU,1,0.425
2025-06-01,AZ,0,0.803
2025-06-01,AZ,1,0.197
2025-06-01,BA,0,0.843
2025-06-01,BA,1,0.157
2025-06-01,BD,0,0.798
2025-06-01,BD,1,0.202
2025-06-01,BE,0,0.688
2025-06-01,BE,1,0.312
2025-06-01,BG,0,0.766
2025-06-01,BG,1,0.234
2025-06-01,BH,0,0.773
2025-06-01,BH,1,0.227
2025-06-01,BJ,0,0.603
2025-06-01,BJ,1,0.397
2025-06-01,BO,0,0.641
2025-06-01,BO,1,0.359
2025-06-01,BR,0,0.628
2025-06-01,BR,1,0.372
2025-06-01,CA,0,0.639
2025-06-01,CA,1,0.361
2025-06-01,CD,0,0.660
2025-06-01,CD,1,0.340
2025-06-01,CH,0,0.644
2025-06-01,CH,1,0.356
2025-06-01,CI,0,0.674
2025-06-01,CI,1,0.326
2025-06-01,CL,0,0.612
2025-06-01,CL,1,0.388
2025-06-01,CM,0,0.534
2025-06-01,CM,1,0.466
2025-06-01,CO,0,0.618
2025-06-01,CO,1,0.382
2025-06-01,CR,0,0.653
2025-06-01,CR,1,0.347
2025-06-01,CY,0,0.703
2025-06-01,CY,1,0.297
2025-06-01,CZ,0,0.763
2025-06-01,CZ,1,0.237
2025-06-01,DE,0,0.702
2025-06-01,DE,1,0.298
2025-06-01,DK,0,0.621
2025-06-01,DK,1,0.379
2025-06-01,DO,0,0.733
2025-06-01,DO,1,0.267
2025-06-01,DZ,0,0.823
2025-06-01,DZ,1,0.177
2025-06-01,EC,0,0.615
2025-06-01,EC,1,0.385
2025-06-01,EE,0,0.703
2025-06-01,EE,1,0.297
2025-06-01,EG,0,0.776
2025-06-01,EG,1,0.224
2025-06-01,ES,0,0.677
2025-06-01,ES,1,0.323
2025-06-01,ET,0,0.658
2025-06-01,ET,1,0.342
2025-06-01,FI,0,0.709
2025-06-01,FI,1,0.291
2025-06-01,FR,0,0.673
2025-06-01,FR,1,0.327
2025-06-01,GB,0,0.616
2025-06-01,GB,1,0.384
2025-06-01,GE,0,0.797
2025-06-01,GE,1,0.203
2025-06-01,GH,0,0.663
2025-06-01,GH,1,0.337
2025-06-01,GR,0,0.738
2025-06-01,GR,1,0.262
2025-06-01,GT,0,0.709
2025-06-01,GT,1,0.291
2025-06-01,HN,0,0.728
2025-06-01,HN,1,0.272
2025-06-01,HR,0,0.734
2025-06-01,HR,1,0.266
2025-06-01,HT,0,0.763
2025-06-01,HT,1,0.237
2025-06-01,HU,0,0.780
2025-06-01,HU,1,0.220
2025-06-01,ID,0,0.621
2025-06-01,ID,1,0.379
2025-06-01,IE,0,0.655
2025-06-01,IE,1,0.345
2025-06-01,IL,0,0.705
2025-06-01,IL,1,0.295
2025-06-01,IN,0,0.598
2025-06-01,IN,1,0.402
2025-06-01,IQ,0,0.888
2025-06-01,IQ,1,0.112
2025-06-01,IT,0,0.698
2025-06-01,IT,1,0.302
2025-06-01,JM,0,0.590
2025-06-01,JM,1,0.410
2025-06-01,JO,0,0.781
2025-06-01,JO,1,0.219
2025-06-01,JP,0,0.656
2025-06-01,JP,1,0.344
2025-06-01,KE,0,0.636
2025-06-01,KE,1,0.364
2025-06-01,KG,0,0.804
2025-06-01,KG,1,0.196
2025-06-01,KH,0,0.710
2025-06-01,KH,1,0.290
2025-06-01,KR,0,0.633
2025-06-01,KR,1,0.367
2025-06-01,KW,0,0.793
2025-06-01,KW,1,0.207
2025-06-01,KZ,0,0.792
2025-06-01,KZ,1,0.208
2025-06-01,LB,0,0.739
2025-06-01,LB,1,0.261
2025-06-01,LK,0,0.550
2025-06-01,LK,1,0.450
2025-06-01,LT,0,0.760
2025-06-01,LT,1,0.240
2025-06-01,LU,0,0.623
2025-06-01,LU,1,0.377
2025-06-01,LV,0,0.708
2025-06-01,LV,1,0.292
2025-06-01,LY,0,0.832
2025-06-01,LY,1,0.168
2025-06-01,MA,0,0.690
2025-06-01,MA,1,0.310
2025-06-01,MD,0,0.783
2025-06-01,MD,1,0.217
2025-06-01,ME,0,0.778
2025-06-01,ME,1,0.222
2025-06-01,MG,0,0.664
2025-06-01,MG,1,0.336
2025-06-01,MK,0,0.692
2025-06-01,MK,1,0.308
2025-06-01,MM,0,0.817
2025-06-01,MM,1,0.183
2025-06-01,MN,0,0.831
2025-06-01,MN,1,0.169
2025-06-01,MT,0,0.613
2025-06-01,MT,1,0.387
2025-06-01,MX,0,0.681
2025-06-01,MX,1,0.319
2025-06-01,MY,0,0.633
2025-06-01,MY,1,0.367
2025-06-01,MZ,0,0.650
2025-06-01,MZ,1,0.350
2025-06-01,NG,0,0.634
2025-06-01,NG,1,0.366
2025-06-01,NI,0,0.763
2025-06-01,NI,1,0.237
2025-06-01,NL,0,0.619
2025-06-01,NL,1,0.381
2025-06-01,NO,0,0.697
2025-06-01,NO,1,0.303
2025-06-01,NP,0,0.725
2025-06-01,NP,1,0.275
2025-06-01,NZ,0,0.592
2025-06-01,NZ,1,0.408
2025-06-01,OM,0,0.747
2025-06-01,OM,1,0.253
2025-06-01,PA,0,0.661
2025-06-01,PA,1,0.339
2025-06-01,PE,0,0.566
2025-06-01,PE,1,0.434
2025-06-01,PH,0,0.635
2025-06-01,PH,1,0.365
2025-06-01,PK,0,0.653
2025-06-01,PK,1,0.347
2025-06-01,PL,0,0.710
2025-06-01,PL,1,0.290
2025-06-01,PR,0,0.729
2025-06-01,PR,1,0.271
2025-06-01,PS,0,0.752
2025-06-01,PS,1,0.248
2025-06-01,PT,0,0.636
2025-06-01,PT,1,0.364
2025-06-01,PY,0,0.701
2025-06-01,PY,1,0.299
2025-06-01,QA,0,0.706
2025-06-01,QA,1,0.294
2025-06-01,RO,0,0.738
2025-06-01,RO,1,0.262
2025-06-01,RS,0,0.774
2025-06-01,RS,1,0.226
2025-06-01,RW,0,0.568
2025-06-01,RW,1,0.432
2025-06-01,SA,0,0.821
2025-06-01,SA,1,0.179
2025-06-01,SD,0,0.793
2025-06-01,SD,1,0.207
2025-06-01,SE,0,0.677
2025-06-01,SE,1,0.323
2025-06-01,SG,0,0.518
2025-06-01,SG,1,0.482
2025-06-01,SI,0,0.720
2025-06-01,SI,1,0.280
2025-06-01,SK,0,0.780
2025-06-01,SK,1,0.220
2025-06-01,SN,0,0.701
2025-06-01,SN,1,0.299
2025-06-01,SO,0,0.786
2025-06-01,SO,1,0.214
2025-06-01,SV,0,0.700
2025-06-01,SV,1,0.300
2025-06-01,TH,0,0.709
2025-06-01,TH,1,0.291
2025-06-01,TJ,0,0.911
2025-06-01,TJ,1,0.089
2025-06-01,TN,0,0.688
2025-06-01,TN,1,0.312
2025-06-01,TR,0,0.790
2025-06-01,TR,1,0.210
2025-06-01,TW,0,0.634
2025-06-01,TW,1,0.366
2025-06-01,TZ,0,0.635
2025-06-01,TZ,1,0.365
2025-06-01,UA,0,0.732
2025-06-01,UA,1,0.268
2025-06-01,UG,0,0.581
2025-06-01,UG,1,0.419
2025-06-01,US,0,0.652
2025-06-01,US,1,0.348
2025-06-01,UY,0,0.705
2025-06-01,UY,1,0.295
2025-06-01,UZ,0,0.826
2025-06-01,UZ,1,0.174
2025-06-01,VN,0,0.677
2025-06-01,VN,1,0.323
2025-06-01,YE,0,0.830
2025-06-01,YE,1,0.170
2025-06-01,ZA,0,0.584
2025-06-01,ZA,1,0.416
2025-06-01,ZM,0,0.712
2025-06-01,ZM,1,0.288
2025-07-01,AE,0,0.614
2025-07-01,AE,1,0.386
2025-07-01,AF,0,0.862
2025-07-01,AF,1,0.138
2025-07-01,AL,0,0.797
2025-07-01,AL,1,0.203
2025-07-01,AM,0,0.712
2025-07-01,AM,1,0.288
2025-07-01,AO,0,0.687
2025-07-01,AO,1,0.313
2025-07-01,AR,0,0.719
2025-07-01,AR,1,0.281
2025-07-01,AT,0,0.706
2025-07-01,AT,1,0.294
2025-07-01,AU,0,0.581
2025-07-01,AU,1,0.419
2025-07-01,AZ,0,0.803
2025-07-01,AZ,1,0.197
2025-07-01,BA,0,0.803
2025-07-01,BA,1,0.197
2025-07-01,BD,0,0.782
2025-07-01,BD,1,0.218
2025-07-01,BE,0,0.748
2025-07-01,BE,1,0.252
2025-07-01,BG,0,0.793
2025-07-01,BG,1,0.207
2025-07-01,BH,0,0.777
2025-07-01,BH,1,0.223
2025-07-01,BJ,0,0.592
2025-07-01,BJ,1,0.408
2025-07-01,BO,0,0.664
2025-07-01,BO,1,0.336
2025-07-01,BR,0,0.650
2025-07-01,BR,1,0.350
2025-07-01,CA,0,0.663
2025-07-01,CA,1,0.337
2025-07-01,CD,0,0.671
2025-07-01,CD,1,0.329
2025-07-01,CH,0,0.677
2025-07-01,CH,1,0.323
2025-07-01,CI,0,0.696
2025-07-01,CI,1,0.304
2025-07-01,CL,0,0.636
2025-07-01,CL,1,0.364
2025-07-01,CM,0,0.611
2025-07-01,CM,1,0.389
2025-07-01,CO,0,0.622
2025-07-01,CO,1,0.378
2025-07-01,CR,0,0.684
2025-07-01,CR,1,0.316
2025-07-01,CY,0,0.617
2025-07-01,CY,1,0.383
2025-07-01,CZ,0,0.809
2025-07-01,CZ,1,0.191
2025-07-01,DE,0,0.716
2025-07-01,DE,1,0.284
2025-07-01,DK,0,0.731
2025-07-01,DK,1,0.269
2025-07-01,DO,0,0.726
2025-07-01,DO,1,0.274
2025-07-01,DZ,0,0.846
2025-07-01,DZ,1,0.154
2025-07-01,EC,0,0.613
2025-07-01,EC,1,0.387
2025-07-01,EE,0,0.690
2025-07-01,EE,1,0.310
2025-07-01,EG,0,0.765
2025-07-01,EG,1,0.235
2025-07-01,ES,0,0.719
2025-07-01,ES,1,0.281
2025-07-01,ET,0,0.655
2025-07-01,ET,1,0.345
2025-07-01,FI,0,0.773
2025-07-01,FI,1,0.227
2025-07-01,FR,0,0.712
2025-07-01,FR,1,0.288
2025-07-01,GB,0,0.640
2025-07-01,GB,1,0.360
2025-07-01,GE,0,0.790
2025-07-01,GE,1,0.210
2025-07-01,GH,0,0.633
2025-07-01,GH,1,0.367
2025-07-01,GR,0,0.761
2025-07-01,GR,1,0.239
2025-07-01,GT,0,0.700
2025-07-01,GT,1,0.300
2025-07-01,HN,0,0.743
2025-07-01,HN,1,0.257
2025-07-01,HR,0,0.826
2025-07-01,HR,1,0.174
2025-07-01,HU,0,0.788
2025-07-01,HU,1,0.212
2025-07-01,ID,0,0.640
2025-07-01,ID,1,0.360
2025-07-01,IE,0,0.659
2025-07-01,IE,1,0.341
2025-07-01,IL,0,0.742
2025-07-01,IL,1,0.258
2025-07-01,IN,0,0.609
2025-07-01,IN,1,0.391
2025-07-01,IQ,0,0.885
2025-07-01,IQ,1,0.115
2025-07-01,IT,0,0.703
2025-07-01,IT,1,0.297
2025-07-01,JO,0,0.804
2025-07-01,JO,1,0.196
2025-07-01,JP,0,0.683
2025-07-01,JP,1,0.317
2025-07-01,KE,0,0.636
2025-07-01,KE,1,0.364
2025-07-01,KG,0,0.829
2025-07-01,KG,1,0.171
2025-07-01,KH,0,0.688
2025-07-01,KH,1,0.312
2025-07-01,KR,0,0.640
2025-07-01,KR,1,0.360
2025-07-01,KW,0,0.816
2025-07-01,KW,1,0.184
2025-07-01,KZ,0,0.833
2025-07-01,KZ,1,0.167
2025-07-01,LB,0,0.764
2025-07-01,LB,1,0.236
2025-07-01,LK,0,0.546
2025-07-01,LK,1,0.454
2025-07-01,LT,0,0.739
2025-07-01,LT,1,0.261
2025-07-01,LU,0,0.593
2025-07-01,LU,1,0.407
2025-07-01,LV,0,0.674
2025-07-01,LV,1,0.326
2025-07-01,LY,0,0.797
2025-07-01,LY,1,0.203
2025-07-01,MA,0,0.733
2025-07-01,MA,1,0.267
2025-07-01,MD,0,0.758
2025-07-01,MD,1,0.242
2025-07-01,ME,0,0.719
2025-07-01,ME,1,0.281
2025-07-01,MG,0,0.624
2025-07-01,MG,1,0.376
2025-07-01,MK,0,0.733
2025-07-01,MK,1,0.267
2025-07-01,MM,0,0.776
2025-07-01,MM,1,0.224
2025-07-01,MN,0,0.848
2025-07-01,MN,1,0.152
2025-07-01,MU,0,0.633
2025-07-01,MU,1,0.367
2025-07-01,MX,0,0.718
2025-07-01,MX,1,0.282
2025-07-01,MY,0,0.670
2025-07-01,MY,1,0.330
2025-07-01,MZ,0,0.672
2025-07-01,MZ,1,0.328
2025-07-01,NG,0,0.650
2025-07-01,NG,1,0.350
2025-07-01,NI,0,0.773
2025-07-01,NI,1,0.227
2025-07-01,NL,0,0.702
2025-07-01,NL,1,0.298
2025-07-01,NO,0,0.797
2025-07-01,NO,1,0.203
2025-07-01,NP,0,0.744
2025-07-01,NP,1,0.256
2025-07-01,NZ,0,0.577
2025-07-01,NZ,1,0.423
2025-07-01,OM,0,0.774
2025-07-01,OM,1,0.226
2025-07-01,PA,0,0.684
2025-07-01,PA,1,0.316
2025-07-01,PE,0,0.590
2025-07-01,PE,1,0.410
2025-07-01,PH,0,0.646
2025-07-01,PH,1,0.354
2025-07-01,PK,0,0.654
2025-07-01,PK,1,0.346
2025-07-01,PL,0,0.770
2025-07-01,PL,1,0.230
2025-07-01,PR,0,0.783
2025-07-01,PR,1,0.217
2025-07-01,PS,0,0.783
2025-07-01,PS,1,0.217
2025-07-01,PT,0,0.675
2025-07-01,PT,1,0.325
2025-07-01,PY,0,0.712
2025-07-01,PY,1,0.288
2025-07-01,QA,0,0.643
2025-07-01,QA,1,0.357
2025-07-01,RO,0,0.792
2025-07-01,RO,1,0.208
2025-07-01,RS,0,0.788
2025-07-01,RS,1,0.212
2025-07-01,RW,0,0.568
2025-07-01,RW,1,0.432
2025-07-01,SA,0,0.793
2025-07-01,SA,1,0.207
2025-07-01,SD,0,0.760
2025-07-01,SD,1,0.240
2025-07-01,SE,0,0.754
2025-07-01,SE,1,0.246
2025-07-01,SG,0,0.483
2025-07-01,SG,1,0.517
2025-07-01,SI,0,0.739
2025-07-01,SI,1,0.261
2025-07-01,SK,0,0.789
2025-07-01,SK,1,0.211
2025-07-01,SN,0,0.607
2025-07-01,SN,1,0.393
2025-07-01,SO,0,0.812
2025-07-01,SO,1,0.188
2025-07-01,SV,0,0.726
2025-07-01,SV,1,0.274
2025-07-01,TH,0,0.720
2025-07-01,TH,1,0.280
2025-07-01,TN,0,0.748
2025-07-01,TN,1,0.252
2025-07-01,TR,0,0.804
2025-07-01,TR,1,0.196
2025-07-01,TW,0,0.662
2025-07-01,TW,1,0.338
2025-07-01,TZ,0,0.670
2025-07-01,TZ,1,0.330
2025-07-01,UA,0,0.768
2025-07-01,UA,1,0.232
2025-07-01,UG,0,0.555
2025-07-01,UG,1,0.445
2025-07-01,US,0,0.670
2025-07-01,US,1,0.330
2025-07-01,UY,0,0.734
2025-07-01,UY,1,0.266
2025-07-01,UZ,0,0.857
2025-07-01,UZ,1,0.143
2025-07-01,VN,0,0.692
2025-07-01,VN,1,0.308
2025-07-01,YE,0,0.741
2025-07-01,YE,1,0.259
2025-07-01,ZA,0,0.586
2025-07-01,ZA,1,0.414
2025-07-01,ZM,0,0.572
2025-07-01,ZM,1,0.428
2025-08-01,AE,0,0.610
2025-08-01,AE,1,0.390
2025-08-01,AF,0,0.822
2025-08-01,AF,1,0.178
2025-08-01,AL,0,0.816
2025-08-01,AL,1,0.184
2025-08-01,AM,0,0.751
2025-08-01,AM,1,0.249
2025-08-01,AO,0,0.678
2025-08-01,AO,1,0.322
2025-08-01,AR,0,0.718
2025-08-01,AR,1,0.282
2025-08-01,AT,0,0.723
2025-08-01,AT,1,0.277
2025-08-01,AU,0,0.562
2025-08-01,AU,1,0.438
2025-08-01,AZ,0,0.840
2025-08-01,AZ,1,0.160
2025-08-01,BA,0,0.864
2025-08-01,BA,1,0.136
2025-08-01,BD,0,0.776
2025-08-01,BD,1,0.224
2025-08-01,BE,0,0.745
2025-08-01,BE,1,0.255
2025-08-01,BG,0,0.770
2025-08-01,BG,1,0.230
2025-08-01,BH,0,0.741
2025-08-01,BH,1,0.259
2025-08-01,BJ,0,0.680
2025-08-01,BJ,1,0.320
2025-08-01,BO,0,0.714
2025-08-01,BO,1,0.286
2025-08-01,BR,0,0.646
2025-08-01,BR,1,0.354
2025-08-01,CA,0,0.679
2025-08-01,CA,1,0.321
2025-08-01,CD,0,0.643
2025-08-01,CD,1,0.357
2025-08-01,CH,0,0.672
2025-08-01,CH,1,0.328
2025-08-01,CI,0,0.668
2025-08-01,CI,1,0.332
2025-08-01,CL,0,0.662
2025-08-01,CL,1,0.338
2025-08-01,CM,0,0.542
2025-08-01,CM,1,0.458
2025-08-01,CO,0,0.606
2025-08-01,CO,1,0.394
2025-08-01,CR,0,0.648
2025-08-01,CR,1,0.352
2025-08-01,CY,0,0.796
2025-08-01,CY,1,0.204
2025-08-01,CZ,0,0.793
2025-08-01,CZ,1,0.207
2025-08-01,DE,0,0.740
2025-08-01,DE,1,0.260
2025-08-01,DK,0,0.700
2025-08-01,DK,1,0.300
2025-08-01,DO,0,0.747
2025-08-01,DO,1,0.253
2025-08-01,DZ,0,0.865
2025-08-01,DZ,1,0.135
2025-08-01,EC,0,0.636
2025-08-01,EC,1,0.364
2025-08-01,EE,0,0.681
2025-08-01,EE,1,0.319
2025-08-01,EG,0,0.771
2025-08-01,EG,1,0.229
2025-08-01,ES,0,0.753
2025-08-01,ES,1,0.247
2025-08-01,ET,0,0.634
2025-08-01,ET,1,0.366
2025-08-01,FI,0,0.748
2025-08-01,FI,1,0.252
2025-08-01,FR,0,0.749
2025-08-01,FR,1,0.251
2025-08-01,GB,0,0.659
2025-08-01,GB,1,0.341
2025-08-01,GE,0,0.837
2025-08-01,GE,1,0.163
2025-08-01,GH,0,0.617
2025-08-01,GH,1,0.383
2025-08-01,GR,0,0.795
2025-08-01,GR,1,0.205
2025-08-01,GT,0,0.663
2025-08-01,GT,1,0.337
2025-08-01,HN,0,0.677
2025-08-01,HN,1,0.323
2025-08-01,HR,0,0.821
2025-08-01,HR,1,0.179
2025-08-01,HU,0,0.815
2025-08-01,HU,1,0.185
2025-08-01,ID,0,0.656
2025-08-01,ID,1,0.344
2025-08-01,IE,0,0.703
2025-08-01,IE,1,0.297
2025-08-01,IL,0,0.745
2025-08-01,IL,1,0.255
2025-08-01,IN,0,0.630
2025-08-01,IN,1,0.370
2025-08-01,IQ,0,0.886
2025-08-01,IQ,1,0.114
2025-08-01,IT,0,0.743
2025-08-01,IT,1,0.257
2025-08-01,JM,0,0.766
2025-08-01,JM,1,0.234
2025-08-01,JO,0,0.774
2025-08-01,JO,1,0.226
2025-08-01,JP,0,0.724
2025-08-01,JP,1,0.276
2025-08-01,KE,0,0.634
2025-08-01,KE,1,0.366
2025-08-01,KG,0,0.837
2025-08-01,KG,1,0.163
2025-08-01,KH,0,0.726
2025-08-01,KH,1,0.274
2025-08-01,KR,0,0.671
2025-08-01,KR,1,0.329
2025-08-01,KW,0,0.829
2025-08-01,KW,1,0.171
2025-08-01,KZ,0,0.824
2025-08-01,KZ,1,0.176
2025-08-01,LB,0,0.818
2025-08-01,LB,1,0.182
2025-08-01,LK,0,0.607
2025-08-01,LK,1,0.393
2025-08-01,LT,0,0.720
2025-08-01,LT,1,0.280
2025-08-01,LV,0,0.678
2025-08-01,LV,1,0.322
2025-08-01,LY,0,0.853
2025-08-01,LY,1,0.147
2025-08-01,MA,0,0.776
2025-08-01,MA,1,0.224
2025-08-01,MD,0,0.778
2025-08-01,MD,1,0.222
2025-08-01,ME,0,0.883
2025-08-01,ME,1,0.117
2025-08-01,MG,0,0.634
2025-08-01,MG,1,0.366
2025-08-01,MK,0,0.799
2025-08-01,MK,1,0.201
2025-08-01,MM,0,0.743
2025-08-01,MM,1,0.257
2025-08-01,MN,0,0.801
2025-08-01,MN,1,0.199
2025-08-01,MU,0,0.571
2025-08-01,MU,1,0.429
2025-08-01,MX,0,0.687
2025-08-01,MX,1,0.313
2025-08-01,MY,0,0.691
2025-08-01,MY,1,0.309
2025-08-01,MZ,0,0.600
2025-08-01,MZ,1,0.400
2025-08-01,NG,0,0.641
2025-08-01,NG,1,0.359
2025-08-01,NI,0,0.687
2025-08-01,NI,1,0.313
2025-08-01,NL,0,0.694
2025-08-01,NL,1,0.306
2025-08-01,NO,0,0.748
2025-08-01,NO,1,0.252
2025-08-01,NP,0,0.749
2025-08-01,NP,1,0.251
2025-08-01,NZ,0,0.596
2025-08-01,NZ,1,0.404
2025-08-01,OM,0,0.751
2025-08-01,OM,1,0.249
2025-08-01,PA,0,0.716
2025-08-01,PA,1,0.284
2025-08-01,PE,0,0.650
2025-08-01,PE,1,0.350
2025-08-01,PH,0,0.623
2025-08-01,PH,1,0.377
2025-08-01,PK,0,0.661
2025-08-01,PK,1,0.339
2025-08-01,PL,0,0.768
2025-08-01,PL,1,0.232
2025-08-01,PR,0,0.761
2025-08-01,PR,1,0.239
2025-08-01,PS,0,0.798
2025-08-01,PS,1,0.202
2025-08-01,PT,0,0.715
2025-08-01,PT,1,0.285
2025-08-01,PY,0,0.701
2025-08-01,PY,1,0.299
2025-08-01,QA,0,0.758
2025-08-01,QA,1,0.242
2025-08-01,RO,0,0.793
2025-08-01,RO,1,0.207
2025-08-01,RS,0,0.770
2025-08-01,RS,1,0.230
2025-08-01,RW,0,0.571
2025-08-01,RW,1,0.429
2025-08-01,SA,0,0.787
2025-08-01,SA,1,0.213
2025-08-01,SD,0,0.773
2025-08-01,SD,1,0.227
2025-08-01,SE,0,0.719
2025-08-01,SE,1,0.281
2025-08-01,SG,0,0.519
2025-08-01,SG,1,0.481
2025-08-01,SI,0,0.718
2025-08-01,SI,1,0.282
2025-08-01,SK,0,0.795
2025-08-01,SK,1,0.205
2025-08-01,SN,0,0.653
2025-08-01,SN,1,0.347
2025-08-01,SO,0,0.827
2025-08-01,SO,1,0.173
2025-08-01,SV,0,0.759
2025-08-01,SV,1,0.241
2025-08-01,TH,0,0.701
2025-08-01,TH,1,0.299
2025-08-01,TN,0,0.749
2025-08-01,TN,1,0.251
2025-08-01,TR,0,0.809
2025-08-01,TR,1,0.191
2025-08-01,TW,0,0.673
2025-08-01,TW,1,0.327
2025-08-01,TZ,0,0.672
2025-08-01,TZ,1,0.328
2025-08-01,UA,0,0.763
2025-08-01,UA,1,0.237
2025-08-01,UG,0,0.583
2025-08-01,UG,1,0.417
2025-08-01,US,0,0.671
2025-08-01,US,1,0.329
2025-08-01,UY,0,0.715
2025-08-01,UY,1,0.285
2025-08-01,UZ,0,0.836
2025-08-01,UZ,1,0.164
2025-08-01,VN,0,0.693
2025-08-01,VN,1,0.307
2025-08-01,YE,0,0.769
2025-08-01,YE,1,0.231
2025-08-01,ZA,0,0.592
2025-08-01,ZA,1,0.408
2025-08-01,ZM,0,0.641
2025-08-01,ZM,1,0.359
2025-09-01,AE,0,0.609
2025-09-01,AE,1,0.391
2025-09-01,AF,0,0.812
2025-09-01,AF,1,0.188
2025-09-01,AL,0,0.799
2025-09-01,AL,1,0.201
2025-09-01,AM,0,0.786
2025-09-01,AM,1,0.214
2025-09-01,AO,0,0.709
2025-09-01,AO,1,0.291
2025-09-01,AR,0,0.685
2025-09-01,AR,1,0.315
2025-09-01,AT,0,0.705
2025-09-01,AT,1,0.295
2025-09-01,AU,0,0.557
2025-09-01,AU,1,0.443
2025-09-01,AZ,0,0.806
2025-09-01,AZ,1,0.194
2025-09-01,BA,0,0.845
2025-09-01,BA,1,0.155
2025-09-01,BD,0,0.783
2025-09-01,BD,1,0.217
2025-09-01,BE,0,0.704
2025-09-01,BE,1,0.296
2025-09-01,BG,0,0.741
2025-09-01,BG,1,0.259
2025-09-01,BH,0,0.665
2025-09-01,BH,1,0.335
2025-09-01,BJ,0,0.637
2025-09-01,BJ,1,0.363
2025-09-01,BO,0,0.678
2025-09-01,BO,1,0.322
2025-09-01,BR,0,0.628
2025-09-01,BR,1,0.372
2025-09-01,CA,0,0.641
2025-09-01,CA,1,0.359
2025-09-01,CD,0,0.751
2025-09-01,CD,1,0.249
2025-09-01,CH,0,0.648
2025-09-01,CH,1,0.352
2025-09-01,CI,0,0.686
2025-09-01,CI,1,0.314
2025-09-01,CL,0,0.643
2025-09-01,CL,1,0.357
2025-09-01,CM,0,0.632
2025-09-01,CM,1,0.368
2025-09-01,CO,0,0.584
2025-09-01,CO,1,0.416
2025-09-01,CR,0,0.699
2025-09-01,CR,1,0.301
2025-09-01,CY,0,0.648
2025-09-01,CY,1,0.352
2025-09-01,CZ,0,0.771
2025-09-01,CZ,1,0.229
2025-09-01,DE,0,0.712
2025-09-01,DE,1,0.288
2025-09-01,DK,0,0.674
2025-09-01,DK,1,0.326
2025-09-01,DO,0,0.747
2025-09-01,DO,1,0.253
2025-09-01,DZ,0,0.849
2025-09-01,DZ,1,0.151
2025-09-01,EC,0,0.616
2025-09-01,EC,1,0.384
2025-09-01,EE,0,0.724
2025-09-01,EE,1,0.276
2025-09-01,EG,0,0.781
2025-09-01,EG,1,0.219
2025-09-01,ES,0,0.684
2025-09-01,ES,1,0.316
2025-09-01,ET,0,0.657
2025-09-01,ET,1,0.343
2025-09-01,FI,0,0.685
2025-09-01,FI,1,0.315
2025-09-01,FR,0,0.684
2025-09-01,FR,1,0.316
2025-09-01,GB,0,0.638
2025-09-01,GB,1,0.362
2025-09-01,GE,0,0.813
2025-09-01,GE,1,0.187
2025-09-01,GH,0,0.656
2025-09-01,GH,1,0.344
2025-09-01,GR,0,0.719
2025-09-01,GR,1,0.281
2025-09-01,GT,0,0.656
2025-09-01,GT,1,0.344
2025-09-01,HN,0,0.732
2025-09-01,HN,1,0.268
2025-09-01,HR,0,0.765
2025-09-01,HR,1,0.235
2025-09-01,HU,0,0.766
2025-09-01,HU,1,0.234
2025-09-01,ID,0,0.622
2025-09-01,ID,1,0.378
2025-09-01,IE,0,0.663
2025-09-01,IE,1,0.337
2025-09-01,IL,0,0.767
2025-09-01,IL,1,0.233
2025-09-01,IN,0,0.619
2025-09-01,IN,1,0.381
2025-09-01,IQ,0,0.872
2025-09-01,IQ,1,0.128
2025-09-01,IT,0,0.694
2025-09-01,IT,1,0.306
2025-09-01,JM,0,0.648
2025-09-01,JM,1,0.352
2025-09-01,JO,0,0.815
2025-09-01,JO,1,0.185
2025-09-01,JP,0,0.700
2025-09-01,JP,1,0.300
2025-09-01,KE,0,0.607
2025-09-01,KE,1,0.393
2025-09-01,KG,0,0.822
2025-09-01,KG,1,0.178
2025-09-01,KH,0,0.686
2025-09-01,KH,1,0.314
2025-09-01,KR,0,0.643
2025-09-01,KR,1,0.357
2025-09-01,KW,0,0.788
2025-09-01,KW,1,0.212
2025-09-01,KZ,0,0.791
2025-09-01,KZ,1,0.209
2025-09-01,LB,0,0.726
2025-09-01,LB,1,0.274
2025-09-01,LK,0,0.570
2025-09-01,LK,1,0.430
2025-09-01,LT,0,0.704
2025-09-01,LT,1,0.296
2025-09-01,LU,0,0.647
2025-09-01,LU,1,0.353
2025-09-01,LV,0,0.710
2025-09-01,LV,1,0.290
2025-09-01,LY,0,0.829
2025-09-01,LY,1,0.171
2025-09-01,MA,0,0.746
2025-09-01,MA,1,0.254
2025-09-01,MD,0,0.755
2025-09-01,MD,1,0.245
2025-09-01,ME,0,0.759
2025-09-01,ME,1,0.241
2025-09-01,MG,0,0.627
2025-09-01,MG,1,0.373
2025-09-01,MK,0,0.730
2025-09-01,MK,1,0.270
2025-09-01,MM,0,0.798
2025-09-01,MM,1,0.202
2025-09-01,MN,0,0.746
2025-09-01,MN,1,0.254
2025-09-01,MU,0,0.647
2025-09-01,MU,1,0.353
2025-09-01,MX,0,0.688
2025-09-01,MX,1,0.312
2025-09-01,MY,0,0.683
2025-09-01,MY,1,0.317
2025-09-01,MZ,0,0.536
2025-09-01,MZ,1,0.464
2025-09-01,NG,0,0.648
2025-09-01,NG,1,0.352
2025-09-01,NI,0,0.743
2025-09-01,NI,1,0.257
2025-09-01,NL,0,0.651
2025-09-01,NL,1,0.349
2025-09-01,NO,0,0.706
2025-09-01,NO,1,0.294
2025-09-01,NP,0,0.772
2025-09-01,NP,1,0.228
2025-09-01,NZ,0,0.561
2025-09-01,NZ,1,0.439
2025-09-01,OM,0,0.693
2025-09-01,OM,1,0.307
2025-09-01,PA,0,0.698
2025-09-01,PA,1,0.302
2025-09-01,PE,0,0.592
2025-09-01,PE,1,0.408
2025-09-01,PH,0,0.594
2025-09-01,PH,1,0.406
2025-09-01,PK,0,0.654
2025-09-01,PK,1,0.346
2025-09-01,PL,0,0.740
2025-09-01,PL,1,0.260
2025-09-01,PR,0,0.715
2025-09-01,PR,1,0.285
2025-09-01,PS,0,0.856
2025-09-01,PS,1,0.144
2025-09-01,PT,0,0.650
2025-09-01,PT,1,0.350
2025-09-01,PY,0,0.648
2025-09-01,PY,1,0.352
2025-09-01,QA,0,0.649
2025-09-01,QA,1,0.351
2025-09-01,RO,0,0.766
2025-09-01,RO,1,0.234
2025-09-01,RS,0,0.740
2025-09-01,RS,1,0.260
2025-09-01,RW,0,0.656
2025-09-01,RW,1,0.344
2025-09-01,SA,0,0.765
2025-09-01,SA,1,0.235
2025-09-01,SE,0,0.671
2025-09-01,SE,1,0.329
2025-09-01,SG,0,0.499
2025-09-01,SG,1,0.501
2025-09-01,SI,0,0.705
2025-09-01,SI,1,0.295
2025-09-01,SK,0,0.774
2025-09-01,SK,1,0.226
2025-09-01,SN,0,0.743
2025-09-01,SN,1,0.257
2025-09-01,SO,0,0.841
2025-09-01,SO,1,0.159
2025-09-01,SV,0,0.723
2025-09-01,SV,1,0.277
2025-09-01,TH,0,0.683
2025-09-01,TH,1,0.317
2025-09-01,TJ,0,0.797
2025-09-01,TJ,1,0.203
2025-09-01,TN,0,0.704
2025-09-01,TN,1,0.296
2025-09-01,TR,0,0.793
2025-09-01,TR,1,0.207
2025-09-01,TW,0,0.665
2025-09-01,TW,1,0.335
2025-09-01,TZ,0,0.648
2025-09-01,TZ,1,0.352
2025-09-01,UA,0,0.747
2025-09-01,UA,1,0.253
2025-09-01,UG,0,0.590
2025-09-01,UG,1,0.410
2025-09-01,US,0,0.651
2025-09-01,US,1,0.349
2025-09-01,UY,0,0.726
2025-09-01,UY,1,0.274
2025-09-01,UZ,0,0.836
2025-09-01,UZ,1,0.164
2025-09-01,VN,0,0.674
2025-09-01,VN,1,0.326
2025-09-01,YE,0,0.769
2025-09-01,YE,1,0.231
2025-09-01,ZA,0,0.568
2025-09-01,ZA,1,0.432
2025-09-01,ZM,0,0.628
2025-09-01,ZM,1,0.372
2025-10-01,AE,0,0.583
2025-10-01,AE,1,0.417
2025-10-01,AF,0,0.815
2025-10-01,AF,1,0.185
2025-10-01,AL,0,0.704
2025-10-01,AL,1,0.296
2025-10-01,AM,0,0.749
2025-10-01,AM,1,0.251
2025-10-01,AO,0,0.611
2025-10-01,AO,1,0.389
2025-10-01,AR,0,0.666
2025-10-01,AR,1,0.334
2025-10-01,AT,0,0.691
2025-10-01,AT,1,0.309
2025-10-01,AU,0,0.554
2025-10-01,AU,1,0.446
2025-10-01,AZ,0,0.790
2025-10-01,AZ,1,0.210
2025-10-01,BA,0,0.811
2025-10-01,BA,1,0.189
2025-10-01,BD,0,0.780
2025-10-01,BD,1,0.220
2025-10-01,BE,0,0.680
2025-10-01,BE,1,0.320
2025-10-01,BG,0,0.757
2025-10-01,BG,1,0.243
2025-10-01,BH,0,0.677
2025-10-01,BH,1,0.323
2025-10-01,BJ,0,0.656
2025-10-01,BJ,1,0.344
2025-10-01,BO,0,0.645
2025-10-01,BO,1,0.355
2025-10-01,BR,0,0.625
2025-10-01,BR,1,0.375
2025-10-01,CA,0,0.636
2025-10-01,CA,1,0.364
2025-10-01,CD,0,0.737
2025-10-01,CD,1,0.263
2025-10-01,CH,0,0.651
2025-10-01,CH,1,0.349
2025-10-01,CI,0,0.712
2025-10-01,CI,1,0.288
2025-10-01,CL,0,0.620
2025-10-01,CL,1,0.380
2025-10-01,CM,0,0.602
2025-10-01,CM,1,0.398
2025-10-01,CO,0,0.583
2025-10-01,CO,1,0.417
2025-10-01,CR,0,0.625
2025-10-01,CR,1,0.375
2025-10-01,CY,0,0.706
2025-10-01,CY,1,0.294
2025-10-01,CZ,0,0.739
2025-10-01,CZ,1,0.261
2025-10-01,DE,0,0.715
2025-10-01,DE,1,0.285
2025-10-01,DK,0,0.657
2025-10-01,DK,1,0.343
2025-10-01,DO,0,0.678
2025-10-01,DO,1,0.322
2025-10-01,DZ,0,0.808
2025-10-01,DZ,1,0.192
2025-10-01,EC,0,0.664
2025-10-01,EC,1,0.336
2025-10-01,EE,0,0.683
2025-10-01,EE,1,0.317
2025-10-01,EG,0,0.747
2025-10-01,EG,1,0.253
2025-10-01,ES,0,0.656
2025-10-01,ES,1,0.344
2025-10-01,ET,0,0.653
2025-10-01,ET,1,0.347
2025-10-01,FI,0,0.689
2025-10-01,FI,1,0.311
2025-10-01,FR,0,0.651
2025-10-01,FR,1,0.349
2025-10-01,GB,0,0.620
2025-10-01,GB,1,0.380
2025-10-01,GE,0,0.785
2025-10-01,GE,1,0.215
2025-10-01,GH,0,0.653
2025-10-01,GH,1,0.347
2025-10-01,GR,0,0.730
2025-10-01,GR,1,0.270
2025-10-01,GT,0,0.607
2025-10-01,GT,1,0.393
2025-10-01,HN,0,0.659
2025-10-01,HN,1,0.341
2025-10-01,HR,0,0.745
2025-10-01,HR,1,0.255
2025-10-01,HU,0,0.780
2025-10-01,HU,1,0.220
2025-10-01,ID,0,0.569
2025-10-01,ID,1,0.431
2025-10-01,IE,0,0.627
2025-10-01,IE,1,0.373
2025-10-01,IL,0,0.775
2025-10-01,IL,1,0.225
2025-10-01,IN,0,0.624
2025-10-01,IN,1,0.376
2025-10-01,IQ,0,0.861
2025-10-01,IQ,1,0.139
2025-10-01,IT,0,0.675
2025-10-01,IT,1,0.325
2025-10-01,JM,0,0.631
2025-10-01,JM,1,0.369
2025-10-01,JO,0,0.792
2025-10-01,JO,1,0.208
2025-10-01,JP,0,0.687
2025-10-01,JP,1,0.313
2025-10-01,KE,0,0.630
2025-10-01,KE,1,0.370
2025-10-01,KG,0,0.796
2025-10-01,KG,1,0.204
2025-10-01,KH,0,0.707
2025-10-01,KH,1,0.293
2025-10-01,KR,0,0.665
2025-10-01,KR,1,0.335
2025-10-01,KW,0,0.742
2025-10-01,KW,1,0.258
2025-10-01,KZ,0,0.742
2025-10-01,KZ,1,0.258
2025-10-01,LB,0,0.746
2025-10-01,LB,1,0.254
2025-10-01,LK,0,0.593
2025-10-01,LK,1,0.407
2025-10-01,LT,0,0.704
2025-10-01,LT,1,0.296
2025-10-01,LU,0,0.604
2025-10-01,LU,1,0.396
2025-10-01,LV,0,0.676
2025-10-01,LV,1,0.324
2025-10-01,LY,0,0.792
2025-10-01,LY,1,0.208
2025-10-01,MA,0,0.728
2025-10-01,MA,1,0.272
2025-10-01,MD,0,0.764
2025-10-01,MD,1,0.236
2025-10-01,ME,0,0.637
2025-10-01,ME,1,0.363
2025-10-01,MG,0,0.614
2025-10-01,MG,1,0.386
2025-10-01,MK,0,0.791
2025-10-01,MK,1,0.209
2025-10-01,MM,0,0.772
2025-10-01,MM,1,0.228
2025-10-01,MN,0,0.814
2025-10-01,MN,1,0.186
2025-10-01,MT,0,0.653
2025-10-01,MT,1,0.347
2025-10-01,MU,0,0.653
2025-10-01,MU,1,0.347
2025-10-01,MX,0,0.661
2025-10-01,MX,1,0.339
2025-10-01,MY,0,0.676
2025-10-01,MY,1,0.324
2025-10-01,MZ,0,0.549
2025-10-01,MZ,1,0.451
2025-10-01,NG,0,0.666
2025-10-01,NG,1,0.334
2025-10-01,NI,0,0.690
2025-10-01,NI,1,0.310
2025-10-01,NL,0,0.631
2025-10-01,NL,1,0.369
2025-10-01,NO,0,0.686
2025-10-01,NO,1,0.314
2025-10-01,NP,0,0.790
2025-10-01,NP,1,0.210
2025-10-01,NZ,0,0.626
2025-10-01,NZ,1,0.374
2025-10-01,OM,0,0.734
2025-10-01,OM,1,0.266
2025-10-01,PA,0,0.683
2025-10-01,PA,1,0.317
2025-10-01,PE,0,0.556
2025-10-01,PE,1,0.444
2025-10-01,PH,0,0.587
2025-10-01,PH,1,0.413
2025-10-01,PK,0,0.677
2025-10-01,PK,1,0.323
2025-10-01,PL,0,0.731
2025-10-01,PL,1,0.269
2025-10-01,PR,0,0.732
2025-10-01,PR,1,0.268
2025-10-01,PS,0,0.804
2025-10-01,PS,1,0.196
2025-10-01,PT,0,0.618
2025-10-01,PT,1,0.382
2025-10-01,PY,0,0.626
2025-10-01,PY,1,0.374
2025-10-01,QA,0,0.645
2025-10-01,QA,1,0.355
2025-10-01,RO,0,0.753
2025-10-01,RO,1,0.247
2025-10-01,RS,0,0.777
2025-10-01,RS,1,0.223
2025-10-01,RW,0,0.545
2025-10-01,RW,1,0.455
2025-10-01,SA,0,0.766
2025-10-01,SA,1,0.234
2025-10-01,SE,0,0.644
2025-10-01,SE,1,0.356
2025-10-01,SG,0,0.513
2025-10-01,SG,1,0.487
2025-10-01,SI,0,0.713
2025-10-01,SI,1,0.287
2025-10-01,SK,0,0.762
2025-10-01,SK,1,0.238
2025-10-01,SN,0,0.600
2025-10-01,SN,1,0.400
2025-10-01,SO,0,0.792
2025-10-01,SO,1,0.208
2025-10-01,SV,0,0.661
2025-10-01,SV,1,0.339
2025-10-01,TH,0,0.678
2025-10-01,TH,1,0.322
2025-10-01,TJ,0,0.786
2025-10-01,TJ,1,0.214
2025-10-01,TN,0,0.703
2025-10-01,TN,1,0.297
2025-10-01,TR,0,0.788
2025-10-01,TR,1,0.212
2025-10-01,TW,0,0.659
2025-10-01,TW,1,0.341
2025-10-01,TZ,0,0.678
2025-10-01,TZ,1,0.322
2025-10-01,UA,0,0.729
2025-10-01,UA,1,0.271
2025-10-01,UG,0,0.574
2025-10-01,UG,1,0.426
2025-10-01,US,0,0.635
2025-10-01,US,1,0.365
2025-10-01,UY,0,0.667
2025-10-01,UY,1,0.333
2025-10-01,UZ,0,0.832
2025-10-01,UZ,1,0.168
2025-10-01,VN,0,0.647
2025-10-01,VN,1,0.353
2025-10-01,YE,0,0.769
2025-10-01,YE,1,0.231
2025-10-01,ZA,0,0.561
2025-10-01,ZA,1,0.439
2025-10-01,ZM,0,0.608
2025-10-01,ZM,1,0.392
2025-10-01,ZW,0,0.545
2025-10-01,ZW,1,0.455
2025-11-01,AE,0,0.613
2025-11-01,AE,1,0.387
2025-11-01,AF,0,0.814
2025-11-01,AF,1,0.186
2025-11-01,AL,0,0.762
2025-11-01,AL,1,0.238
2025-11-01,AM,0,0.738
2025-11-01,AM,1,0.262
2025-11-01,AO,0,0.591
2025-11-01,AO,1,0.409
2025-11-01,AR,0,0.699
2025-11-01,AR,1,0.301
2025-11-01,AT,0,0.711
2025-11-01,AT,1,0.289
2025-11-01,AU,0,0.611
2025-11-01,AU,1,0.389
2025-11-01,AZ,0,0.796
2025-11-01,AZ,1,0.204
2025-11-01,BA,0,0.822
2025-11-01,BA,1,0.178
2025-11-01,BD,0,0.771
2025-11-01,BD,1,0.229
2025-11-01,BE,0,0.676
2025-11-01,BE,1,0.324
2025-11-01,BG,0,0.756
2025-11-01,BG,1,0.244
2025-11-01,BH,0,0.694
2025-11-01,BH,1,0.306
2025-11-01,BJ,0,0.617
2025-11-01,BJ,1,0.383
2025-11-01,BO,0,0.631
2025-11-01,BO,1,0.369
2025-11-01,BR,0,0.637
2025-11-01,BR,1,0.363
2025-11-01,CA,0,0.627
2025-11-01,CA,1,0.373
2025-11-01,CD,0,0.677
2025-11-01,CD,1,0.323
2025-11-01,CH,0,0.627
2025-11-01,CH,1,0.373
2025-11-01,CI,0,0.693
2025-11-01,CI,1,0.307
2025-11-01,CL,0,0.615
2025-11-01,CL,1,0.385
2025-11-01,CM,0,0.628
2025-11-01,CM,1,0.372
2025-11-01,CO,0,0.571
2025-11-01,CO,1,0.429
2025-11-01,CR,0,0.645
2025-11-01,CR,1,0.355
2025-11-01,CY,0,0.690
2025-11-01,CY,1,0.310
2025-11-01,CZ,0,0.742
2025-11-01,CZ,1,0.258
2025-11-01,DE,0,0.719
2025-11-01,DE,1,0.281
2025-11-01,DK,0,0.674
2025-11-01,DK,1,0.326
2025-11-01,DO,0,0.690
2025-11-01,DO,1,0.310
2025-11-01,DZ,0,0.801
2025-11-01,DZ,1,0.199
2025-11-01,EC,0,0.626
2025-11-01,EC,1,0.374
2025-11-01,EE,0,0.683
2025-11-01,EE,1,0.317
2025-11-01,EG,0,0.754
2025-11-01,EG,1,0.246
2025-11-01,ES,0,0.657
2025-11-01,ES,1,0.343
2025-11-01,ET,0,0.679
2025-11-01,ET,1,0.321
2025-11-01,FI,0,0.689
2025-11-01,FI,1,0.311
2025-11-01,FR,0,0.675
2025-11-01,FR,1,0.325
2025-11-01,GB,0,0.626
2025-11-01,GB,1,0.374
2025-11-01,GE,0,0.838
2025-11-01,GE,1,0.162
2025-11-01,GH,0,0.669
2025-11-01,GH,1,0.331
2025-11-01,GR,0,0.740
2025-11-01,GR,1,0.260
2025-11-01,GT,0,0.671
2025-11-01,GT,1,0.329
2025-11-01,HN,0,0.699
2025-11-01,HN,1,0.301
2025-11-01,HR,0,0.763
2025-11-01,HR,1,0.237
2025-11-01,HU,0,0.772
2025-11-01,HU,1,0.228
2025-11-01,ID,0,0.574
2025-11-01,ID,1,0.426
2025-11-01,IE,0,0.601
2025-11-01,IE,1,0.399
2025-11-01,IL,0,0.728
2025-11-01,IL,1,0.272
2025-11-01,IN,0,0.621
2025-11-01,IN,1,0.379
2025-11-01,IQ,0,0.845
2025-11-01,IQ,1,0.155
2025-11-01,IT,0,0.671
2025-11-01,IT,1,0.329
2025-11-01,JO,0,0.768
2025-11-01,JO,1,0.232
2025-11-01,JP,0,0.694
2025-11-01,JP,1,0.306
2025-11-01,KE,0,0.635
2025-11-01,KE,1,0.365
2025-11-01,KG,0,0.803
2025-11-01,KG,1,0.197
2025-11-01,KH,0,0.681
2025-11-01,KH,1,0.319
2025-11-01,KR,0,0.635
2025-11-01,KR,1,0.365
2025-11-01,KW,0,0.794
2025-11-01,KW,1,0.206
2025-11-01,KZ,0,0.752
2025-11-01,KZ,1,0.248
2025-11-01,LB,0,0.732
2025-11-01,LB,1,0.268
2025-11-01,LK,0,0.572
2025-11-01,LK,1,0.428
2025-11-01,LT,0,0.720
2025-11-01,LT,1,0.280
2025-11-01,LU,0,0.640
2025-11-01,LU,1,0.360
2025-11-01,LV,0,0.658
2025-11-01,LV,1,0.342
2025-11-01,LY,0,0.826
2025-11-01,LY,1,0.174
2025-11-01,MA,0,0.727
2025-11-01,MA,1,0.273
2025-11-01,MD,0,0.752
2025-11-01,MD,1,0.248
2025-11-01,ME,0,0.786
2025-11-01,ME,1,0.214
2025-11-01,MG,0,0.714
2025-11-01,MG,1,0.286
2025-11-01,MK,0,0.766
2025-11-01,MK,1,0.234
2025-11-01,MM,0,0.807
2025-11-01,MM,1,0.193
2025-11-01,MN,0,0.801
2025-11-01,MN,1,0.199
2025-11-01,MT,0,0.620
2025-11-01,MT,1,0.380
2025-11-01,MU,0,0.700
2025-11-01,MU,1,0.300
2025-11-01,MX,0,0.675
2025-11-01,MX,1,0.325
2025-11-01,MY,0,0.644
2025-11-01,MY,1,0.356
2025-11-01,MZ,0,0.582
2025-11-01,MZ,1,0.418
2025-11-01,NG,0,0.656
2025-11-01,NG,1,0.344
2025-11-01,NI,0,0.682
2025-11-01,NI,1,0.318
2025-11-01,NL,0,0.647
2025-11-01,NL,1,0.353
2025-11-01,NO,0,0.666
2025-11-01,NO,1,0.334
2025-11-01,NP,0,0.746
2025-11-01,NP,1,0.254
2025-11-01,NZ,0,0.628
2025-11-01,NZ,1,0.372
2025-11-01,OM,0,0.702
2025-11-01,OM,1,0.298
2025-11-01,PA,0,0.685
2025-11-01,PA,1,0.315
2025-11-01,PE,0,0.553
2025-11-01,PE,1,0.447
2025-11-01,PH,0,0.581
2025-11-01,PH,1,0.419
2025-11-01,PK,0,0.668
2025-11-01,PK,1,0.332
2025-11-01,PL,0,0.725
2025-11-01,PL,1,0.275
2025-11-01,PR,0,0.721
2025-11-01,PR,1,0.279
2025-11-01,PS,0,0.767
2025-11-01,PS,1,0.233
2025-11-01,PT,0,0.632
2025-11-01,PT,1,0.368
2025-11-01,PY,0,0.701
2025-11-01,PY,1,0.299
2025-11-01,QA,0,0.665
2025-11-01,QA,1,0.335
2025-11-01,RE,0,0.754
2025-11-01,RE,1,0.246
2025-11-01,RO,0,0.765
2025-11-01,RO,1,0.235
2025-11-01,RS,0,0.772
2025-11-01,RS,1,0.228
2025-11-01,RW,0,0.611
2025-11-01,RW,1,0.389
2025-11-01,SA,0,0.761
2025-11-01,SA,1,0.239
2025-11-01,SD,0,0.742
2025-11-01,SD,1,0.258
2025-11-01,SE,0,0.654
2025-11-01,SE,1,0.346
2025-11-01,SG,0,0.504
2025-11-01,SG,1,0.496
2025-11-01,SI,0,0.681
2025-11-01,SI,1,0.319
2025-11-01,SK,0,0.762
2025-11-01,SK,1,0.238
2025-11-01,SN,0,0.696
2025-11-01,SN,1,0.304
2025-11-01,SO,0,0.796
2025-11-01,SO,1,0.204
2025-11-01,SV,0,0.647
2025-11-01,SV,1,0.353
2025-11-01,TH,0,0.684
2025-11-01,TH,1,0.316
2025-11-01,TJ,0,0.900
2025-11-01,TJ,1,0.100
2025-11-01,TN,0,0.688
2025-11-01,TN,1,0.312
2025-11-01,TR,0,0.800
2025-11-01,TR,1,0.200
2025-11-01,TW,0,0.657
2025-11-01,TW,1,0.343
2025-11-01,TZ,0,0.639
2025-11-01,TZ,1,0.361
2025-11-01,UA,0,0.743
2025-11-01,UA,1,0.257
2025-11-01,UG,0,0.575
2025-11-01,UG,1,0.425
2025-11-01,US,0,0.648
2025-11-01,US,1,0.352
2025-11-01,UY,0,0.757
2025-11-01,UY,1,0.243
2025-11-01,UZ,0,0.805
2025-11-01,UZ,1,0.195
2025-11-01,VN,0,0.655
2025-11-01,VN,1,0.345
2025-11-01,YE,0,0.749
2025-11-01,YE,1,0.251
2025-11-01,ZA,0,0.603
2025-11-01,ZA,1,0.397
2025-11-01,ZM,0,0.549
2025-11-01,ZM,1,0.451
2025-12-01,AE,0,0.601
2025-12-01,AE,1,0.399
2025-12-01,AF,0,0.802
2025-12-01,AF,1,0.198
2025-12-01,AL,0,0.799
2025-12-01,AL,1,0.201
2025-12-01,AM,0,0.703
2025-12-01,AM,1,0.297
2025-12-01,AO,0,0.725
2025-12-01,AO,1,0.275
2025-12-01,AR,0,0.755
2025-12-01,AR,1,0.245
2025-12-01,AT,0,0.731
2025-12-01,AT,1,0.269
2025-12-01,AU,0,0.675
2025-12-01,AU,1,0.325
2025-12-01,AZ,0,0.800
2025-12-01,AZ,1,0.200
2025-12-01,BA,0,0.821
2025-12-01,BA,1,0.179
2025-12-01,BD,0,0.782
2025-12-01,BD,1,0.218
2025-12-01,BE,0,0.731
2025-12-01,BE,1,0.269
2025-12-01,BG,0,0.785
2025-12-01,BG,1,0.215
2025-12-01,BH,0,0.784
2025-12-01,BH,1,0.216
2025-12-01,BJ,0,0.626
2025-12-01,BJ,1,0.374
2025-12-01,BO,0,0.680
2025-12-01,BO,1,0.320
2025-12-01,BR,0,0.682
2025-12-01,BR,1,0.318
2025-12-01,CA,0,0.694
2025-12-01,CA,1,0.306
2025-12-01,CD,0,0.747
2025-12-01,CD,1,0.253
2025-12-01,CH,0,0.670
2025-12-01,CH,1,0.330
2025-12-01,CI,0,0.680
2025-12-01,CI,1,0.320
2025-12-01,CL,0,0.655
2025-12-01,CL,1,0.345
2025-12-01,CM,0,0.721
2025-12-01,CM,1,0.279
2025-12-01,CO,0,0.651
2025-12-01,CO,1,0.349
2025-12-01,CR,0,0.742
2025-12-01,CR,1,0.258
2025-12-01,CY,0,0.754
2025-12-01,CY,1,0.246
2025-12-01,CZ,0,0.782
2025-12-01,CZ,1,0.218
2025-12-01,DE,0,0.736
2025-12-01,DE,1,0.264
2025-12-01,DK,0,0.658
2025-12-01,DK,1,0.342
2025-12-01,DO,0,0.731
2025-12-01,DO,1,0.269
2025-12-01,DZ,0,0.824
2025-12-01,DZ,1,0.176
2025-12-01,EC,0,0.648
2025-12-01,EC,1,0.352
2025-12-01,EE,0,0.691
2025-12-01,EE,1,0.309
2025-12-01,EG,0,0.761
2025-12-01,EG,1,0.239
2025-12-01,ES,0,0.692
2025-12-01,ES,1,0.308
2025-12-01,ET,0,0.651
2025-12-01,ET,1,0.349
2025-12-01,FI,0,0.732
2025-12-01,FI,1,0.268
2025-12-01,FR,0,0.698
2025-12-01,FR,1,0.302
2025-12-01,GB,0,0.666
2025-12-01,GB,1,0.334
2025-12-01,GE,0,0.776
2025-12-01,GE,1,0.224
2025-12-01,GH,0,0.704
2025-12-01,GH,1,0.296
2025-12-01,GR,0,0.749
2025-12-01,GR,1,0.251
2025-12-01,GT,0,0.757
2025-12-01,GT,1,0.243
2025-12-01,HN,0,0.766
2025-12-01,HN,1,0.234
2025-12-01,HR,0,0.770
2025-12-01,HR,1,0.230
2025-12-01,HU,0,0.806
2025-12-01,HU,1,0.194
2025-12-01,ID,0,0.610
2025-12-01,ID,1,0.390
2025-12-01,IE,0,0.688
2025-12-01,IE,1,0.312
2025-12-01,IL,0,0.707
2025-12-01,IL,1,0.293
2025-12-01,IN,0,0.641
2025-12-01,IN,1,0.359
2025-12-01,IQ,0,0.844
2025-12-01,IQ,1,0.156
2025-12-01,IT,0,0.709
2025-12-01,IT,1,0.291
2025-12-01,JO,0,0.753
2025-12-01,JO,1,0.247
2025-12-01,JP,0,0.697
2025-12-01,JP,1,0.303
2025-12-01,KE,0,0.685
2025-12-01,KE,1,0.315
2025-12-01,KG,0,0.806
2025-12-01,KG,1,0.194
2025-12-01,KH,0,0.721
2025-12-01,KH,1,0.279
2025-12-01,KR,0,0.646
2025-12-01,KR,1,0.354
2025-12-01,KW,0,0.769
2025-12-01,KW,1,0.231
2025-12-01,KZ,0,0.771
2025-12-01,KZ,1,0.229
2025-12-01,LB,0,0.805
2025-12-01,LB,1,0.195
2025-12-01,LK,0,0.599
2025-12-01,LK,1,0.401
2025-12-01,LT,0,0.733
2025-12-01,LT,1,0.267
2025-12-01,LU,0,0.724
2025-12-01,LU,1,0.276
2025-12-01,LV,0,0.699
2025-12-01,LV,1,0.301
2025-12-01,LY,0,0.791
2025-12-01,LY,1,0.209
2025-12-01,MA,0,0.728
2025-12-01,MA,1,0.272
2025-12-01,MD,0,0.741
2025-12-01,MD,1,0.259
2025-12-01,ME,0,0.760
2025-12-01,ME,1,0.240
2025-12-01,MG,0,0.656
2025-12-01,MG,1,0.344
2025-12-01,MK,0,0.793
2025-12-01,MK,1,0.207
2025-12-01,MM,0,0.791
2025-12-01,MM,1,0.209
2025-12-01,MN,0,0.790
2025-12-01,MN,1,0.210
2025-12-01,MT,0,0.647
2025-12-01,MT,1,0.353
2025-12-01,MX,0,0.736
2025-12-01,MX,1,0.264
2025-12-01,MY,0,0.650
2025-12-01,MY,1,0.350
2025-12-01,MZ,0,0.697
2025-12-01,MZ,1,0.303
2025-12-01,NG,0,0.685
2025-12-01,NG,1,0.315
2025-12-01,NI,0,0.809
2025-12-01,NI,1,0.191
2025-12-01,NL,0,0.663
2025-12-01,NL,1,0.337
2025-12-01,NO,0,0.710
2025-12-01,NO,1,0.290
2025-12-01,NP,0,0.780
2025-12-01,NP,1,0.220
2025-12-01,NZ,0,0.642
2025-12-01,NZ,1,0.358
2025-12-01,OM,0,0.725
2025-12-01,OM,1,0.275
2025-12-01,PA,0,0.752
2025-12-01,PA,1,0.248
2025-12-01,PE,0,0.619
2025-12-01,PE,1,0.381
2025-12-01,PH,0,0.627
2025-12-01,PH,1,0.373
2025-12-01,PK,0,0.664
2025-12-01,PK,1,0.336
2025-12-01,PL,0,0.741
2025-12-01,PL,1,0.259
2025-12-01,PR,0,0.753
2025-12-01,PR,1,0.247
2025-12-01,PS,0,0.778
2025-12-01,PS,1,0.222
2025-12-01,PT,0,0.680
2025-12-01,PT,1,0.320
2025-12-01,PY,0,0.691
2025-12-01,PY,1,0.309
2025-12-01,QA,0,0.696
2025-12-01,QA,1,0.304
2025-12-01,RO,0,0.781
2025-12-01,RO,1,0.219
2025-12-01,RS,0,0.786
2025-12-01,RS,1,0.214
2025-12-01,RW,0,0.663
2025-12-01,RW,1,0.337
2025-12-01,SA,0,0.774
2025-12-01,SA,1,0.226
2025-12-01,SD,0,0.793
2025-12-01,SD,1,0.207
2025-12-01,SE,0,0.677
2025-12-01,SE,1,0.323
2025-12-01,SG,0,0.538
2025-12-01,SG,1,0.462
2025-12-01,SI,0,0.710
2025-12-01,SI,1,0.290
2025-12-01,SK,0,0.789
2025-12-01,SK,1,0.211
2025-12-01,SN,0,0.632
2025-12-01,SN,1,0.368
2025-12-01,SO,0,0.804
2025-12-01,SO,1,0.196
2025-12-01,SV,0,0.787
2025-12-01,SV,1,0.213
2025-12-01,TH,0,0.719
2025-12-01,TH,1,0.281
2025-12-01,TJ,0,0.784
2025-12-01,TJ,1,0.216
2025-12-01,TN,0,0.694
2025-12-01,TN,1,0.306
2025-12-01,TR,0,0.799
2025-12-01,TR,1,0.201
2025-12-01,TW,0,0.638
2025-12-01,TW,1,0.362
2025-12-01,TZ,0,0.670
2025-12-01,TZ,1,0.330
2025-12-01,UA,0,0.753
2025-12-01,UA,1,0.247
2025-12-01,UG,0,0.585
2025-12-01,UG,1,0.415
2025-12-01,US,0,0.683
2025-12-01,US,1,0.317
2025-12-01,UY,0,0.759
2025-12-01,UY,1,0.241
2025-12-01,UZ,0,0.808
2025-12-01,UZ,1,0.192
2025-12-01,VN,0,0.665
2025-12-01,VN,1,0.335
2025-12-01,YE,0,0.784
2025-12-01,YE,1,0.216
2025-12-01,ZA,0,0.696
2025-12-01,ZA,1,0.304
2025-12-01,ZM,0,0.686
2025-12-01,ZM,1,0.314
2026-01-01,AE,0,0.629
2026-01-01,AE,1,0.371
2026-01-01,AF,0,0.825
2026-01-01,AF,1,0.175
2026-01-01,AL,0,0.777
2026-01-01,AL,1,0.223
2026-01-01,AM,0,0.719
2026-01-01,AM,1,0.281
2026-01-01,AO,0,0.575
2026-01-01,AO,1,0.425
2026-01-01,AR,0,0.770
2026-01-01,AR,1,0.230
2026-01-01,AT,0,0.718
2026-01-01,AT,1,0.282
2026-01-01,AU,0,0.668
2026-01-01,AU,1,0.332
2026-01-01,AZ,0,0.821
2026-01-01,AZ,1,0.179
2026-01-01,BA,0,0.805
2026-01-01,BA,1,0.195
2026-01-01,BD,0,0.778
2026-01-01,BD,1,0.222
2026-01-01,BE,0,0.715
2026-01-01,BE,1,0.285
2026-01-01,BG,0,0.744
2026-01-01,BG,1,0.256
2026-01-01,BH,0,0.704
2026-01-01,BH,1,0.296
2026-01-01,BJ,0,0.618
2026-01-01,BJ,1,0.382
2026-01-01,BO,0,0.770
2026-01-01,BO,1,0.230
2026-01-01,BR,0,0.674
2026-01-01,BR,1,0.326
2026-01-01,CA,0,0.657
2026-01-01,CA,1,0.343
2026-01-01,CD,0,0.758
2026-01-01,CD,1,0.242
2026-01-01,CH,0,0.672
2026-01-01,CH,1,0.328
2026-01-01,CI,0,0.753
2026-01-01,CI,1,0.247
2026-01-01,CL,0,0.732
2026-01-01,CL,1,0.268
2026-01-01,CM,0,0.669
2026-01-01,CM,1,0.331
2026-01-01,CO,0,0.644
2026-01-01,CO,1,0.356
2026-01-01,CR,0,0.689
2026-01-01,CR,1,0.311
2026-01-01,CY,0,0.709
2026-01-01,CY,1,0.291
2026-01-01,CZ,0,0.771
2026-01-01,CZ,1,0.229
2026-01-01,DE,0,0.722
2026-01-01,DE,1,0.278
2026-01-01,DK,0,0.642
2026-01-01,DK,1,0.358
2026-01-01,DO,0,0.778
2026-01-01,DO,1,0.222
2026-01-01,DZ,0,0.840
2026-01-01,DZ,1,0.160
2026-01-01,EC,0,0.629
2026-01-01,EC,1,0.371
2026-01-01,EE,0,0.705
2026-01-01,EE,1,0.295
2026-01-01,EG,0,0.788
2026-01-01,EG,1,0.212
2026-01-01,ES,0,0.709
2026-01-01,ES,1,0.291
2026-01-01,ET,0,0.663
2026-01-01,ET,1,0.337
2026-01-01,FI,0,0.676
2026-01-01,FI,1,0.324
2026-01-01,FR,0,0.692
2026-01-01,FR,1,0.308
2026-01-01,GB,0,0.637
2026-01-01,GB,1,0.363
2026-01-01,GE,0,0.820
2026-01-01,GE,1,0.180
2026-01-01,GH,0,0.646
2026-01-01,GH,1,0.354
2026-01-01,GR,0,0.749
2026-01-01,GR,1,0.251
2026-01-01,GT,0,0.746
2026-01-01,GT,1,0.254
2026-01-01,HN,0,0.738
2026-01-01,HN,1,0.262
2026-01-01,HR,0,0.762
2026-01-01,HR,1,0.238
2026-01-01,HT,0,0.737
2026-01-01,HT,1,0.263
2026-01-01,HU,0,0.796
2026-01-01,HU,1,0.204
2026-01-01,ID,0,0.631
2026-01-01,ID,1,0.369
2026-01-01,IE,0,0.670
2026-01-01,IE,1,0.330
2026-01-01,IL,0,0.734
2026-01-01,IL,1,0.266
2026-01-01,IN,0,0.640
2026-01-01,IN,1,0.360
2026-01-01,IQ,0,0.857
2026-01-01,IQ,1,0.143
2026-01-01,IT,0,0.701
2026-01-01,IT,1,0.299
2026-01-01,JM,0,0.628
2026-01-01,JM,1,0.372
2026-01-01,JO,0,0.798
2026-01-01,JO,1,0.202
2026-01-01,JP,0,0.701
2026-01-01,JP,1,0.299
2026-01-01,KE,0,0.648
2026-01-01,KE,1,0.352
2026-01-01,KG,0,0.795
2026-01-01,KG,1,0.205
2026-01-01,KH,0,0.664
2026-01-01,KH,1,0.336
2026-01-01,KR,0,0.676
2026-01-01,KR,1,0.324
2026-01-01,KW,0,0.865
2026-01-01,KW,1,0.135
2026-01-01,KZ,0,0.800
2026-01-01,KZ,1,0.200
2026-01-01,LB,0,0.775
2026-01-01,LB,1,0.225
2026-01-01,LK,0,0.584
2026-01-01,LK,1,0.416
2026-01-01,LT,0,0.702
2026-01-01,LT,1,0.298
2026-01-01,LU,0,0.625
2026-01-01,LU,1,0.375
2026-01-01,LV,0,0.693
2026-01-01,LV,1,0.307
2026-01-01,LY,0,0.828
2026-01-01,LY,1,0.172
2026-01-01,MA,0,0.738
2026-01-01,MA,1,0.262
2026-01-01,MD,0,0.753
2026-01-01,MD,1,0.247
2026-01-01,ME,0,0.781
2026-01-01,ME,1,0.219
2026-01-01,MG,0,0.718
2026-01-01,MG,1,0.282
2026-01-01,MK,0,0.799
2026-01-01,MK,1,0.201
2026-01-01,MM,0,0.751
2026-01-01,MM,1,0.249
2026-01-01,MN,0,0.825
2026-01-01,MN,1,0.175
2026-01-01,MT,0,0.546
2026-01-01,MT,1,0.454
2026-01-01,MX,0,0.724
2026-01-01,MX,1,0.276
2026-01-01,MY,0,0.655
2026-01-01,MY,1,0.345
2026-01-01,MZ,0,0.734
2026-01-01,MZ,1,0.266
2026-01-01,NG,0,0.682
2026-01-01,NG,1,0.318
2026-01-01,NI,0,0.827
2026-01-01,NI,1,0.173
2026-01-01,NL,0,0.654
2026-01-01,NL,1,0.346
2026-01-01,NO,0,0.715
2026-01-01,NO,1,0.285
2026-01-01,NP,0,0.752
2026-01-01,NP,1,0.248
2026-01-01,NZ,0,0.700
2026-01-01,NZ,1,0.300
2026-01-01,OM,0,0.775
2026-01-01,OM,1,0.225
2026-01-01,PA,0,0.740
2026-01-01,PA,1,0.260
2026-01-01,PE,0,0.671
2026-01-01,PE,1,0.329
2026-01-01,PH,0,0.606
2026-01-01,PH,1,0.394
2026-01-01,PK,0,0.675
2026-01-01,PK,1,0.325
2026-01-01,PL,0,0.739
2026-01-01,PL,1,0.261
2026-01-01,PR,0,0.720
2026-01-01,PR,1,0.280
2026-01-01,PS,0,0.769
2026-01-01,PS,1,0.231
2026-01-01,PT,0,0.644
2026-01-01,PT,1,0.356
2026-01-01,PY,0,0.733
2026-01-01,PY,1,0.267
2026-01-01,QA,0,0.623
2026-01-01,QA,1,0.377
2026-01-01,RO,0,0.781
2026-01-01,RO,1,0.219
2026-01-01,RS,0,0.816
2026-01-01,RS,1,0.184
2026-01-01,RW,0,0.610
2026-01-01,RW,1,0.390
2026-01-01,SA,0,0.799
2026-01-01,SA,1,0.201
2026-01-01,SD,0,0.724
2026-01-01,SD,1,0.276
2026-01-01,SE,0,0.688
2026-01-01,SE,1,0.312
2026-01-01,SG,0,0.500
2026-01-01,SG,1,0.500
2026-01-01,SI,0,0.768
2026-01-01,SI,1,0.232
2026-01-01,SK,0,0.790
2026-01-01,SK,1,0.210
2026-01-01,SN,0,0.682
2026-01-01,SN,1,0.318
2026-01-01,SO,0,0.844
2026-01-01,SO,1,0.156
2026-01-01,SV,0,0.687
2026-01-01,SV,1,0.313
2026-01-01,TH,0,0.696
2026-01-01,TH,1,0.304
2026-01-01,TJ,0,0.833
2026-01-01,TJ,1,0.167
2026-01-01,TN,0,0.728
2026-01-01,TN,1,0.272
2026-01-01,TR,0,0.815
2026-01-01,TR,1,0.185
2026-01-01,TW,0,0.643
2026-01-01,TW,1,0.357
2026-01-01,TZ,0,0.640
2026-01-01,TZ,1,0.360
2026-01-01,UA,0,0.765
2026-01-01,UA,1,0.235
2026-01-01,UG,0,0.649
2026-01-01,UG,1,0.351
2026-01-01,US,0,0.665
2026-01-01,US,1,0.335
2026-01-01,UY,0,0.728
2026-01-01,UY,1,0.272
2026-01-01,UZ,0,0.840
2026-01-01,UZ,1,0.160
2026-01-01,VN,0,0.667
2026-01-01,VN,1,0.333
2026-01-01,YE,0,0.773
2026-01-01,YE,1,0.227
2026-01-01,ZA,0,0.633
2026-01-01,ZA,1,0.367
2026-01-01,ZM,0,0.553
2026-01-01,ZM,1,0.447
2026-01-01,ZW,0,0.713
2026-01-01,ZW,1,0.287
2026-02-01,AE,0,0.625
2026-02-01,AE,1,0.375
2026-02-01,AF,0,0.887
2026-02-01,AF,1,0.113
2026-02-01,AL,0,0.759
2026-02-01,AL,1,0.241
2026-02-01,AM,0,0.713
2026-02-01,AM,1,0.287
2026-02-01,AO,0,0.637
2026-02-01,AO,1,0.363
2026-02-01,AR,0,0.748
2026-02-01,AR,1,0.252
2026-02-01,AT,0,0.705
2026-02-01,AT,1,0.295
2026-02-01,AU,0,0.625
2026-02-01,AU,1,0.375
2026-02-01,AZ,0,0.844
2026-02-01,AZ,1,0.156
2026-02-01,BA,0,0.824
2026-02-01,BA,1,0.176
2026-02-01,BD,0,0.791
2026-02-01,BD,1,0.209
2026-02-01,BE,0,0.687
2026-02-01,BE,1,0.313
2026-02-01,BG,0,0.770
2026-02-01,BG,1,0.230
2026-02-01,BH,0,0.759
2026-02-01,BH,1,0.241
2026-02-01,BJ,0,0.561
2026-02-01,BJ,1,0.439
2026-02-01,BO,0,0.693
2026-02-01,BO,1,0.307
2026-02-01,BR,0,0.665
2026-02-01,BR,1,0.335
2026-02-01,CA,0,0.643
2026-02-01,CA,1,0.357
2026-02-01,CD,0,0.773
2026-02-01,CD,1,0.227
2026-02-01,CH,0,0.658
2026-02-01,CH,1,0.342
2026-02-01,CI,0,0.675
2026-02-01,CI,1,0.325
2026-02-01,CL,0,0.729
2026-02-01,CL,1,0.271
2026-02-01,CM,0,0.676
2026-02-01,CM,1,0.324
2026-02-01,CO,0,0.610
2026-02-01,CO,1,0.390
2026-02-01,CR,0,0.654
2026-02-01,CR,1,0.346
2026-02-01,CY,0,0.718
2026-02-01,CY,1,0.282
2026-02-01,CZ,0,0.752
2026-02-01,CZ,1,0.248
2026-02-01,DE,0,0.716
2026-02-01,DE,1,0.284
2026-02-01,DK,0,0.664
2026-02-01,DK,1,0.336
2026-02-01,DO,0,0.729
2026-02-01,DO,1,0.271
2026-02-01,DZ,0,0.829
2026-02-01,DZ,1,0.171
2026-02-01,EC,0,0.650
2026-02-01,EC,1,0.350
2026-02-01,EE,0,0.671
2026-02-01,EE,1,0.329
2026-02-01,EG,0,0.784
2026-02-01,EG,1,0.216
2026-02-01,ES,0,0.685
2026-02-01,ES,1,0.315
2026-02-01,ET,0,0.687
2026-02-01,ET,1,0.313
2026-02-01,FI,0,0.692
2026-02-01,FI,1,0.308
2026-02-01,FR,0,0.698
2026-02-01,FR,1,0.302
2026-02-01,GB,0,0.654
2026-02-01,GB,1,0.346
2026-02-01,GE,0,0.842
2026-02-01,GE,1,0.158
2026-02-01,GH,0,0.654
2026-02-01,GH,1,0.346
2026-02-01,GR,0,0.769
2026-02-01,GR,1,0.231
2026-02-01,GT,0,0.661
2026-02-01,GT,1,0.339
2026-02-01,HN,0,0.715
2026-02-01,HN,1,0.285
2026-02-01,HR,0,0.767
2026-02-01,HR,1,0.233
2026-02-01,HT,0,0.815
2026-02-01,HT,1,0.185
2026-02-01,HU,0,0.763
2026-02-01,HU,1,0.237
2026-02-01,ID,0,0.630
2026-02-01,ID,1,0.370
2026-02-01,IE,0,0.645
2026-02-01,IE,1,0.355
2026-02-01,IL,0,0.742
2026-02-01,IL,1,0.258
2026-02-01,IN,0,0.647
2026-02-01,IN,1,0.353
2026-02-01,IQ,0,0.863
2026-02-01,IQ,1,0.137
2026-02-01,IT,0,0.683
2026-02-01,IT,1,0.317
2026-02-01,JM,0,0.637
2026-02-01,JM,1,0.363
2026-02-01,JO,0,0.806
2026-02-01,JO,1,0.194
2026-02-01,JP,0,0.724
2026-02-01,JP,1,0.276
2026-02-01,KE,0,0.641
2026-02-01,KE,1,0.359
2026-02-01,KG,0,0.807
2026-02-01,KG,1,0.193
2026-02-01,KH,0,0.633
2026-02-01,KH,1,0.367
2026-02-01,KR,0,0.708
2026-02-01,KR,1,0.292
2026-02-01,KW,0,0.788
2026-02-01,KW,1,0.212
2026-02-01,KZ,0,0.754
2026-02-01,KZ,1,0.246
2026-02-01,LB,0,0.784
2026-02-01,LB,1,0.216
2026-02-01,LK,0,0.640
2026-02-01,LK,1,0.360
2026-02-01,LT,0,0.721
2026-02-01,LT,1,0.279
2026-02-01,LU,0,0.625
2026-02-01,LU,1,0.375
2026-02-01,LV,0,0.653
2026-02-01,LV,1,0.347
2026-02-01,LY,0,0.888
2026-02-01,LY,1,0.112
2026-02-01,MA,0,0.726
2026-02-01,MA,1,0.274
2026-02-01,MD,0,0.723
2026-02-01,MD,1,0.277
2026-02-01,ME,0,0.796
2026-02-01,ME,1,0.204
2026-02-01,MG,0,0.612
2026-02-01,MG,1,0.388
2026-02-01,MK,0,0.821
2026-02-01,MK,1,0.179
2026-02-01,MM,0,0.798
2026-02-01,MM,1,0.202
2026-02-01,MN,0,0.805
2026-02-01,MN,1,0.195
2026-02-01,MT,0,0.636
2026-02-01,MT,1,0.364
2026-02-01,MU,0,0.643
2026-02-01,MU,1,0.357
2026-02-01,MX,0,0.700
2026-02-01,MX,1,0.300
2026-02-01,MY,0,0.699
2026-02-01,MY,1,0.301
2026-02-01,MZ,0,0.621
2026-02-01,MZ,1,0.379
2026-02-01,NG,0,0.689
2026-02-01,NG,1,0.311
2026-02-01,NI,0,0.777
2026-02-01,NI,1,0.223
2026-02-01,NL,0,0.662
2026-02-01,NL,1,0.338
2026-02-01,NO,0,0.695
2026-02-01,NO,1,0.305
2026-02-01,NP,0,0.727
2026-02-01,NP,1,0.273
2026-02-01,NZ,0,0.655
2026-02-01,NZ,1,0.345
2026-02-01,OM,0,0.754
2026-02-01,OM,1,0.246
2026-02-01,PA,0,0.717
2026-02-01,PA,1,0.283
2026-02-01,PE,0,0.653
2026-02-01,PE,1,0.347
2026-02-01,PH,0,0.600
2026-02-01,PH,1,0.400
2026-02-01,PK,0,0.686
2026-02-01,PK,1,0.314
2026-02-01,PL,0,0.741
2026-02-01,PL,1,0.259
2026-02-01,PR,0,0.699
2026-02-01,PR,1,0.301
2026-02-01,PS,0,0.817
2026-02-01,PS,1,0.183
2026-02-01,PT,0,0.650
2026-02-01,PT,1,0.350
2026-02-01,PY,0,0.687
2026-02-01,PY,1,0.313
2026-02-01,QA,0,0.650
2026-02-01,QA,1,0.350
2026-02-01,RE,0,0.725
2026-02-01,RE,1,0.275
2026-02-01,RO,0,0.777
2026-02-01,RO,1,0.223
2026-02-01,RS,0,0.780
2026-02-01,RS,1,0.220
2026-02-01,RW,0,0.589
2026-02-01,RW,1,0.411
2026-02-01,SA,0,0.777
2026-02-01,SA,1,0.223
2026-02-01,SD,0,0.796
2026-02-01,SD,1,0.204
2026-02-01,SE,0,0.668
2026-02-01,SE,1,0.332
2026-02-01,SG,0,0.556
2026-02-01,SG,1,0.444
2026-02-01,SI,0,0.700
2026-02-01,SI,1,0.300
2026-02-01,SK,0,0.767
2026-02-01,SK,1,0.233
2026-02-01,SN,0,0.685
2026-02-01,SN,1,0.315
2026-02-01,SO,0,0.773
2026-02-01,SO,1,0.227
2026-02-01,SV,0,0.730
2026-02-01,SV,1,0.270
2026-02-01,TH,0,0.697
2026-02-01,TH,1,0.303
2026-02-01,TJ,0,0.856
2026-02-01,TJ,1,0.144
2026-02-01,TN,0,0.743
2026-02-01,TN,1,0.257
2026-02-01,TR,0,0.817
2026-02-01,TR,1,0.183
2026-02-01,TW,0,0.714
2026-02-01,TW,1,0.286
2026-02-01,TZ,0,0.688
2026-02-01,TZ,1,0.312
2026-02-01,UA,0,0.753
2026-02-01,UA,1,0.247
2026-02-01,UG,0,0.622
2026-02-01,UG,1,0.378
2026-02-01,US,0,0.663
2026-02-01,US,1,0.337
2026-02-01,UY,0,0.786
2026-02-01,UY,1,0.214
2026-02-01,UZ,0,0.823
2026-02-01,UZ,1,0.177
2026-02-01,VN,0,0.752
2026-02-01,VN,1,0.248
2026-02-01,YE,0,0.779
2026-02-01,YE,1,0.221
2026-02-01,ZA,0,0.613
2026-02-01,ZA,1,0.387
2026-02-01,ZM,0,0.610
2026-02-01,ZM,1,0.390
2026-02-01,ZW,0,0.516
2026-02-01,ZW,1,0.484
2026-03-01,AE,0,0.663
2026-03-01,AE,1,0.337
2026-03-01,AF,0,0.826
2026-03-01,AF,1,0.174
2026-03-01,AL,0,0.839
2026-03-01,AL,1,0.161
2026-03-01,AM,0,0.732
2026-03-01,AM,1,0.268
2026-03-01,AO,0,0.696
2026-03-01,AO,1,0.304
2026-03-01,AR,0,0.742
2026-03-01,AR,1,0.258
2026-03-01,AT,0,0.721
2026-03-01,AT,1,0.279
2026-03-01,AU,0,0.611
2026-03-01,AU,1,0.389
2026-03-01,AZ,0,0.882
2026-03-01,AZ,1,0.118
2026-03-01,BA,0,0.812
2026-03-01,BA,1,0.188
2026-03-01,BD,0,0.801
2026-03-01,BD,1,0.199
2026-03-01,BE,0,0.712
2026-03-01,BE,1,0.288
2026-03-01,BG,0,0.756
2026-03-01,BG,1,0.244
2026-03-01,BH,0,0.756
2026-03-01,BH,1,0.244
2026-03-01,BJ,0,0.757
2026-03-01,BJ,1,0.243
2026-03-01,BO,0,0.692
2026-03-01,BO,1,0.308
2026-03-01,BR,0,0.646
2026-03-01,BR,1,0.354
2026-03-01,CA,0,0.641
2026-03-01,CA,1,0.359
2026-03-01,CD,0,0.766
2026-03-01,CD,1,0.234
2026-03-01,CH,0,0.658
2026-03-01,CH,1,0.342
2026-03-01,CI,0,0.712
2026-03-01,CI,1,0.288
2026-03-01,CL,0,0.673
2026-03-01,CL,1,0.327
2026-03-01,CM,0,0.643
2026-03-01,CM,1,0.357
2026-03-01,CO,0,0.618
2026-03-01,CO,1,0.382
2026-03-01,CR,0,0.695
2026-03-01,CR,1,0.305
2026-03-01,CY,0,0.679
2026-03-01,CY,1,0.321
2026-03-01,CZ,0,0.757
2026-03-01,CZ,1,0.243
2026-03-01,DE,0,0.726
2026-03-01,DE,1,0.274
2026-03-01,DK,0,0.647
2026-03-01,DK,1,0.353
2026-03-01,DO,0,0.702
2026-03-01,DO,1,0.298
2026-03-01,DZ,0,0.832
2026-03-01,DZ,1,0.168
2026-03-01,EC,0,0.658
2026-03-01,EC,1,0.342
2026-03-01,EE,0,0.689
2026-03-01,EE,1,0.311
2026-03-01,EG,0,0.772
2026-03-01,EG,1,0.228
2026-03-01,ES,0,0.690
2026-03-01,ES,1,0.310
2026-03-01,ET,0,0.719
2026-03-01,ET,1,0.281
2026-03-01,FI,0,0.679
2026-03-01,FI,1,0.321
2026-03-01,FR,0,0.701
2026-03-01,FR,1,0.299
2026-03-01,GB,0,0.650
2026-03-01,GB,1,0.350
2026-03-01,GE,0,0.828
2026-03-01,GE,1,0.172
2026-03-01,GH,0,0.692
2026-03-01,GH,1,0.308
2026-03-01,GR,0,0.729
2026-03-01,GR,1,0.271
2026-03-01,GT,0,0.708
2026-03-01,GT,1,0.292
2026-03-01,HN,0,0.747
2026-03-01,HN,1,0.253
2026-03-01,HR,0,0.788
2026-03-01,HR,1,0.212
2026-03-01,HT,0,0.754
2026-03-01,HT,1,0.246
2026-03-01,HU,0,0.756
2026-03-01,HU,1,0.244
2026-03-01,ID,0,0.666
2026-03-01,ID,1,0.334
2026-03-01,IE,0,0.695
2026-03-01,IE,1,0.305
2026-03-01,IL,0,0.773
2026-03-01,IL,1,0.227
2026-03-01,IN,0,0.654
2026-03-01,IN,1,0.346
2026-03-01,IQ,0,0.874
2026-03-01,IQ,1,0.126
2026-03-01,IT,0,0.681
2026-03-01,IT,1,0.319
2026-03-01,JM,0,0.654
2026-03-01,JM,1,0.346
2026-03-01,JO,0,0.787
2026-03-01,JO,1,0.213
2026-03-01,JP,0,0.715
2026-03-01,JP,1,0.285
2026-03-01,KE,0,0.659
2026-03-01,KE,1,0.341
2026-03-01,KG,0,0.792
2026-03-01,KG,1,0.208
2026-03-01,KH,0,0.642
2026-03-01,KH,1,0.358
2026-03-01,KR,0,0.687
2026-03-01,KR,1,0.313
2026-03-01,KW,0,0.803
2026-03-01,KW,1,0.197
2026-03-01,KZ,0,0.771
2026-03-01,KZ,1,0.229
2026-03-01,LB,0,0.789
2026-03-01,LB,1,0.211
2026-03-01,LK,0,0.633
2026-03-01,LK,1,0.367
2026-03-01,LT,0,0.734
2026-03-01,LT,1,0.266
2026-03-01,LU,0,0.634
2026-03-01,LU,1,0.366
2026-03-01,LV,0,0.679
2026-03-01,LV,1,0.321
2026-03-01,LY,0,0.908
2026-03-01,LY,1,0.092
2026-03-01,MA,0,0.757
2026-03-01,MA,1,0.243
2026-03-01,MD,0,0.753
2026-03-01,MD,1,0.247
2026-03-01,MG,0,0.706
2026-03-01,MG,1,0.294
2026-03-01,MK,0,0.762
2026-03-01,MK,1,0.238
2026-03-01,MM,0,0.824
2026-03-01,MM,1,0.176
2026-03-01,MN,0,0.818
2026-03-01,MN,1,0.182
2026-03-01,MX,0,0.693
2026-03-01,MX,1,0.307
2026-03-01,MY,0,0.695
2026-03-01,MY,1,0.305
2026-03-01,MZ,0,0.642
2026-03-01,MZ,1,0.358
2026-03-01,NG,0,0.714
2026-03-01,NG,1,0.286
2026-03-01,NI,0,0.739
2026-03-01,NI,1,0.261
2026-03-01,NL,0,0.661
2026-03-01,NL,1,0.339
2026-03-01,NO,0,0.748
2026-03-01,NO,1,0.252
2026-03-01,NP,0,0.758
2026-03-01,NP,1,0.242
2026-03-01,NZ,0,0.606
2026-03-01,NZ,1,0.394
2026-03-01,OM,0,0.764
2026-03-01,OM,1,0.236
2026-03-01,PA,0,0.751
2026-03-01,PA,1,0.249
2026-03-01,PE,0,0.645
2026-03-01,PE,1,0.355
2026-03-01,PH,0,0.584
2026-03-01,PH,1,0.416
2026-03-01,PK,0,0.716
2026-03-01,PK,1,0.284
2026-03-01,PL,0,0.748
2026-03-01,PL,1,0.252
2026-03-01,PR,0,0.684
2026-03-01,PR,1,0.316
2026-03-01,PS,0,0.805
2026-03-01,PS,1,0.195
2026-03-01,PT,0,0.636
2026-03-01,PT,1,0.364
2026-03-01,PY,0,0.711
2026-03-01,PY,1,0.289
2026-03-01,QA,0,0.713
2026-03-01,QA,1,0.287
2026-03-01,RE,0,0.726
2026-03-01,RE,1,0.274
2026-03-01,RO,0,0.791
2026-03-01,RO,1,0.209
2026-03-01,RS,0,0.793
2026-03-01,RS,1,0.207
2026-03-01,RW,0,0.586
2026-03-01,RW,1,0.414
2026-03-01,SA,0,0.827
2026-03-01,SA,1,0.173
2026-03-01,SD,0,0.814
2026-03-01,SD,1,0.186
2026-03-01,SE,0,0.699
2026-03-01,SE,1,0.301
2026-03-01,SG,0,0.513
2026-03-01,SG,1,0.487
2026-03-01,SI,0,0.729
2026-03-01,SI,1,0.271
2026-03-01,SK,0,0.792
2026-03-01,SK,1,0.208
2026-03-01,SN,0,0.674
2026-03-01,SN,1,0.326
2026-03-01,SO,0,0.837
2026-03-01,SO,1,0.163
2026-03-01,SV,0,0.711
2026-03-01,SV,1,0.289
2026-03-01,TH,0,0.697
2026-03-01,TH,1,0.303
2026-03-01,TJ,0,0.875
2026-03-01,TJ,1,0.125
2026-03-01,TN,0,0.728
2026-03-01,TN,1,0.272
2026-03-01,TR,0,0.824
2026-03-01,TR,1,0.176
2026-03-01,TW,0,0.681
2026-03-01,TW,1,0.319
2026-03-01,TZ,0,0.673
2026-03-01,TZ,1,0.327
2026-03-01,UA,0,0.761
2026-03-01,UA,1,0.239
2026-03-01,UG,0,0.582
2026-03-01,UG,1,0.418
2026-03-01,US,0,0.657
2026-03-01,US,1,0.343
2026-03-01,UY,0,0.741
2026-03-01,UY,1,0.259
2026-03-01,UZ,0,0.832
2026-03-01,UZ,1,0.168
2026-03-01,VN,0,0.683
2026-03-01,VN,1,0.317
2026-03-01,YE,0,0.811
2026-03-01,YE,1,0.189
2026-03-01,ZA,0,0.593
2026-03-01,ZA,1,0.407
2026-03-01,ZM,0,0.646
2026-03-01,ZM,1,0.354
2026-03-01,ZW,0,0.608
2026-03-01,ZW,1,0.392
2026-04-01,AE,0,0.602
2026-04-01,AE,1,0.398
2026-04-01,AF,0,0.830
2026-04-01,AF,1,0.170
2026-04-01,AL,0,0.829
2026-04-01,AL,1,0.171
2026-04-01,AM,0,0.797
2026-04-01,AM,1,0.203
2026-04-01,AO,0,0.631
2026-04-01,AO,1,0.369
2026-04-01,AR,0,0.708
2026-04-01,AR,1,0.292
2026-04-01,AT,0,0.723
2026-04-01,AT,1,0.277
2026-04-01,AU,0,0.619
2026-04-01,AU,1,0.381
2026-04-01,AZ,0,0.819
2026-04-01,AZ,1,0.181
2026-04-01,BA,0,0.783
2026-04-01,BA,1,0.217
2026-04-01,BD,0,0.776
2026-04-01,BD,1,0.224
2026-04-01,BE,0,0.691
2026-04-01,BE,1,0.309
2026-04-01,BG,0,0.743
2026-04-01,BG,1,0.257
2026-04-01,BH,0,0.754
2026-04-01,BH,1,0.246
2026-04-01,BJ,0,0.688
2026-04-01,BJ,1,0.312
2026-04-01,BO,0,0.685
2026-04-01,BO,1,0.315
2026-04-01,BR,0,0.653
2026-04-01,BR,1,0.347
2026-04-01,CA,0,0.672
2026-04-01,CA,1,0.328
2026-04-01,CD,0,0.705
2026-04-01,CD,1,0.295
2026-04-01,CH,0,0.676
2026-04-01,CH,1,0.324
2026-04-01,CI,0,0.693
2026-04-01,CI,1,0.307
2026-04-01,CL,0,0.635
2026-04-01,CL,1,0.365
2026-04-01,CM,0,0.673
2026-04-01,CM,1,0.327
2026-04-01,CO,0,0.612
2026-04-01,CO,1,0.388
2026-04-01,CR,0,0.677
2026-04-01,CR,1,0.323
2026-04-01,CY,0,0.722
2026-04-01,CY,1,0.278
2026-04-01,CZ,0,0.733
2026-04-01,CZ,1,0.267
2026-04-01,DE,0,0.735
2026-04-01,DE,1,0.265
2026-04-01,DK,0,0.683
2026-04-01,DK,1,0.317
2026-04-01,DO,0,0.720
2026-04-01,DO,1,0.280
2026-04-01,DZ,0,0.813
2026-04-01,DZ,1,0.187
2026-04-01,EC,0,0.643
2026-04-01,EC,1,0.357
2026-04-01,EE,0,0.712
2026-04-01,EE,1,0.288
2026-04-01,EG,0,0.765
2026-04-01,EG,1,0.235
2026-04-01,ES,0,0.707
2026-04-01,ES,1,0.293
2026-04-01,ET,0,0.712
2026-04-01,ET,1,0.288
2026-04-01,FI,0,0.663
2026-04-01,FI,1,0.337
2026-04-01,FR,0,0.712
2026-04-01,FR,1,0.288
2026-04-01,GB,0,0.657
2026-04-01,GB,1,0.343
2026-04-01,GE,0,0.816
2026-04-01,GE,1,0.184
2026-04-01,GH,0,0.670
2026-04-01,GH,1,0.330
2026-04-01,GR,0,0.749
2026-04-01,GR,1,0.251
2026-04-01,GT,0,0.673
2026-04-01,GT,1,0.327
2026-04-01,HN,0,0.775
2026-04-01,HN,1,0.225
2026-04-01,HR,0,0.752
2026-04-01,HR,1,0.248
2026-04-01,HT,0,0.844
2026-04-01,HT,1,0.156
2026-04-01,HU,0,0.797
2026-04-01,HU,1,0.203
2026-04-01,ID,0,0.576
2026-04-01,ID,1,0.424
2026-04-01,IE,0,0.663
2026-04-01,IE,1,0.337
2026-04-01,IL,0,0.758
2026-04-01,IL,1,0.242
2026-04-01,IN,0,0.649
2026-04-01,IN,1,0.351
2026-04-01,IQ,0,0.873
2026-04-01,IQ,1,0.127
2026-04-01,IT,0,0.705
2026-04-01,IT,1,0.295
2026-04-01,JM,0,0.615
2026-04-01,JM,1,0.385
2026-04-01,JO,0,0.749
2026-04-01,JO,1,0.251
2026-04-01,JP,0,0.693
2026-04-01,JP,1,0.307
2026-04-01,KE,0,0.648
2026-04-01,KE,1,0.352
2026-04-01,KG,0,0.782
2026-04-01,KG,1,0.218
2026-04-01,KH,0,0.646
2026-04-01,KH,1,0.354
2026-04-01,KR,0,0.664
2026-04-01,KR,1,0.336
2026-04-01,KW,0,0.806
2026-04-01,KW,1,0.194
2026-04-01,KZ,0,0.763
2026-04-01,KZ,1,0.237
2026-04-01,LB,0,0.775
2026-04-01,LB,1,0.225
2026-04-01,LK,0,0.634
2026-04-01,LK,1,0.366
2026-04-01,LT,0,0.705
2026-04-01,LT,1,0.295
2026-04-01,LU,0,0.697
2026-04-01,LU,1,0.303
2026-04-01,LV,0,0.727
2026-04-01,LV,1,0.273
2026-04-01,LY,0,0.835
2026-04-01,LY,1,0.165
2026-04-01,MA,0,0.731
2026-04-01,MA,1,0.269
2026-04-01,MD,0,0.743
2026-04-01,MD,1,0.257
2026-04-01,ME,0,0.808
2026-04-01,ME,1,0.192
2026-04-01,MG,0,0.669
2026-04-01,MG,1,0.331
2026-04-01,MK,0,0.816
2026-04-01,MK,1,0.184
2026-04-01,MM,0,0.839
2026-04-01,MM,1,0.161
2026-04-01,MN,0,0.764
2026-04-01,MN,1,0.236
2026-04-01,MU,0,0.701
2026-04-01,MU,1,0.299
2026-04-01,MX,0,0.707
2026-04-01,MX,1,0.293
2026-04-01,MY,0,0.627
2026-04-01,MY,1,0.373
2026-04-01,MZ,0,0.662
2026-04-01,MZ,1,0.338
2026-04-01,NG,0,0.718
2026-04-01,NG,1,0.282
2026-04-01,NI,0,0.738
2026-04-01,NI,1,0.262
2026-04-01,NL,0,0.661
2026-04-01,NL,1,0.339
2026-04-01,NO,0,0.725
2026-04-01,NO,1,0.275
2026-04-01,NP,0,0.752
2026-04-01,NP,1,0.248
2026-04-01,NZ,0,0.653
2026-04-01,NZ,1,0.347
2026-04-01,OM,0,0.708
2026-04-01,OM,1,0.292
2026-04-01,PA,0,0.680
2026-04-01,PA,1,0.320
2026-04-01,PE,0,0.611
2026-04-01,PE,1,0.389
2026-04-01,PH,0,0.603
2026-04-01,PH,1,0.397
2026-04-01,PK,0,0.697
2026-04-01,PK,1,0.303
2026-04-01,PL,0,0.747
2026-04-01,PL,1,0.253
2026-04-01,PR,0,0.737
2026-04-01,PR,1,0.263
2026-04-01,PS,0,0.780
2026-04-01,PS,1,0.220
2026-04-01,PT,0,0.671
2026-04-01,PT,1,0.329
2026-04-01,PY,0,0.657
2026-04-01,PY,1,0.343
2026-04-01,QA,0,0.598
2026-04-01,QA,1,0.402
2026-04-01,RE,0,0.715
2026-04-01,RE,1,0.285
2026-04-01,RO,0,0.805
2026-04-01,RO,1,0.195
2026-04-01,RS,0,0.812
2026-04-01,RS,1,0.188
2026-04-01,RW,0,0.673
2026-04-01,RW,1,0.327
2026-04-01,SA,0,0.740
2026-04-01,SA,1,0.260
2026-04-01,SD,0,0.805
2026-04-01,SD,1,0.195
2026-04-01,SE,0,0.675
2026-04-01,SE,1,0.325
2026-04-01,SG,0,0.535
2026-04-01,SG,1,0.465
2026-04-01,SI,0,0.723
2026-04-01,SI,1,0.277
2026-04-01,SK,0,0.768
2026-04-01,SK,1,0.232
2026-04-01,SN,0,0.704
2026-04-01,SN,1,0.296
2026-04-01,SO,0,0.852
2026-04-01,SO,1,0.148
2026-04-01,SV,0,0.768
2026-04-01,SV,1,0.232
2026-04-01,TH,0,0.716
2026-04-01,TH,1,0.284
2026-04-01,TJ,0,0.881
2026-04-01,TJ,1,0.119
2026-04-01,TN,0,0.702
2026-04-01,TN,1,0.298
2026-04-01,TR,0,0.801
2026-04-01,TR,1,0.199
2026-04-01,TW,0,0.635
2026-04-01,TW,1,0.365
2026-04-01,TZ,0,0.684
2026-04-01,TZ,1,0.316
2026-04-01,UA,0,0.739
2026-04-01,UA,1,0.261
2026-04-01,UG,0,0.541
2026-04-01,UG,1,0.459
2026-04-01,US,0,0.655
2026-04-01,US,1,0.345
2026-04-01,UY,0,0.745
2026-04-01,UY,1,0.255
2026-04-01,UZ,0,0.811
2026-04-01,UZ,1,0.189
2026-04-01,VN,0,0.681
2026-04-01,VN,1,0.319
2026-04-01,YE,0,0.756
2026-04-01,YE,1,0.244
2026-04-01,ZA,0,0.583
2026-04-01,ZA,1,0.417
2026-04-01,ZM,0,0.728
2026-04-01,ZM,1,0.272
2026-04-01,ZW,0,0.605
2026-04-01,ZW,1,0.395
2026-05-01,AE,0,0.638
2026-05-01,AE,1,0.362
2026-05-01,AF,0,0.852
2026-05-01,AF,1,0.148
2026-05-01,AL,0,0.792
2026-05-01,AL,1,0.208
2026-05-01,AM,0,0.784
2026-05-01,AM,1,0.216
2026-05-01,AO,0,0.620
2026-05-01,AO,1,0.380
2026-05-01,AR,0,0.709
2026-05-01,AR,1,0.291
2026-05-01,AT,0,0.747
2026-05-01,AT,1,0.253
2026-05-01,AU,0,0.603
2026-05-01,AU,1,0.397
2026-05-01,AZ,0,0.826
2026-05-01,AZ,1,0.174
2026-05-01,BA,0,0.797
2026-05-01,BA,1,0.203
2026-05-01,BD,0,0.799
2026-05-01,BD,1,0.201
2026-05-01,BE,0,0.705
2026-05-01,BE,1,0.295
2026-05-01,BG,0,0.778
2026-05-01,BG,1,0.222
2026-05-01,BH,0,0.759
2026-05-01,BH,1,0.241
2026-05-01,BJ,0,0.626
2026-05-01,BJ,1,0.374
2026-05-01,BO,0,0.676
2026-05-01,BO,1,0.324
2026-05-01,BR,0,0.646
2026-05-01,BR,1,0.354
2026-05-01,CA,0,0.671
2026-05-01,CA,1,0.329
2026-05-01,CD,0,0.775
2026-05-01,CD,1,0.225
2026-05-01,CH,0,0.687
2026-05-01,CH,1,0.313
2026-05-01,CI,0,0.712
2026-05-01,CI,1,0.288
2026-05-01,CL,0,0.635
2026-05-01,CL,1,0.365
2026-05-01,CM,0,0.703
2026-05-01,CM,1,0.297
2026-05-01,CO,0,0.610
2026-05-01,CO,1,0.390
2026-05-01,CR,0,0.727
2026-05-01,CR,1,0.273
2026-05-01,CY,0,0.677
2026-05-01,CY,1,0.323
2026-05-01,CZ,0,0.781
2026-05-01,CZ,1,0.219
2026-05-01,DE,0,0.739
2026-05-01,DE,1,0.261
2026-05-01,DK,0,0.664
2026-05-01,DK,1,0.336
2026-05-01,DO,0,0.702
2026-05-01,DO,1,0.298
2026-05-01,DZ,0,0.832
2026-05-01,DZ,1,0.168
2026-05-01,EC,0,0.612
2026-05-01,EC,1,0.388
2026-05-01,EE,0,0.680
2026-05-01,EE,1,0.320
2026-05-01,EG,0,0.790
2026-05-01,EG,1,0.210
2026-05-01,ES,0,0.702
2026-05-01,ES,1,0.298
2026-05-01,ET,0,0.701
2026-05-01,ET,1,0.299
2026-05-01,FI,0,0.666
2026-05-01,FI,1,0.334
2026-05-01,FR,0,0.745
2026-05-01,FR,1,0.255
2026-05-01,GB,0,0.674
2026-05-01,GB,1,0.326
2026-05-01,GE,0,0.821
2026-05-01,GE,1,0.179
2026-05-01,GH,0,0.714
2026-05-01,GH,1,0.286
2026-05-01,GR,0,0.736
2026-05-01,GR,1,0.264
2026-05-01,GT,0,0.643
2026-05-01,GT,1,0.357
2026-05-01,HN,0,0.766
2026-05-01,HN,1,0.234
2026-05-01,HR,0,0.755
2026-05-01,HR,1,0.245
2026-05-01,HT,0,0.793
2026-05-01,HT,1,0.207
2026-05-01,HU,0,0.775
2026-05-01,HU,1,0.225
2026-05-01,ID,0,0.592
2026-05-01,ID,1,0.408
2026-05-01,IE,0,0.698
2026-05-01,IE,1,0.302
2026-05-01,IL,0,0.762
2026-05-01,IL,1,0.238
2026-05-01,IN,0,0.668
2026-05-01,IN,1,0.332
2026-05-01,IQ,0,0.878
2026-05-01,IQ,1,0.122
2026-05-01,IT,0,0.695
2026-05-01,IT,1,0.305
2026-05-01,JM,0,0.665
2026-05-01,JM,1,0.335
2026-05-01,JO,0,0.765
2026-05-01,JO,1,0.235
2026-05-01,JP,0,0.722
2026-05-01,JP,1,0.278
2026-05-01,KE,0,0.661
2026-05-01,KE,1,0.339
2026-05-01,KG,0,0.826
2026-05-01,KG,1,0.174
2026-05-01,KH,0,0.676
2026-05-01,KH,1,0.324
2026-05-01,KR,0,0.683
2026-05-01,KR,1,0.317
2026-05-01,KW,0,0.816
2026-05-01,KW,1,0.184
2026-05-01,KZ,0,0.777
2026-05-01,KZ,1,0.223
2026-05-01,LB,0,0.751
2026-05-01,LB,1,0.249
2026-05-01,LK,0,0.640
2026-05-01,LK,1,0.360
2026-05-01,LT,0,0.715
2026-05-01,LT,1,0.285
2026-05-01,LV,0,0.665
2026-05-01,LV,1,0.335
2026-05-01,LY,0,0.838
2026-05-01,LY,1,0.162
2026-05-01,MA,0,0.755
2026-05-01,MA,1,0.245
2026-05-01,MD,0,0.766
2026-05-01,MD,1,0.234
2026-05-01,ME,0,0.793
2026-05-01,ME,1,0.207
2026-05-01,MG,0,0.672
2026-05-01,MG,1,0.328
2026-05-01,MK,0,0.809
2026-05-01,MK,1,0.191
2026-05-01,MM,0,0.850
2026-05-01,MM,1,0.150
2026-05-01,MN,0,0.788
2026-05-01,MN,1,0.212
2026-05-01,MT,0,0.677
2026-05-01,MT,1,0.323
2026-05-01,MU,0,0.640
2026-05-01,MU,1,0.360
2026-05-01,MX,0,0.709
2026-05-01,MX,1,0.291
2026-05-01,MY,0,0.668
2026-05-01,MY,1,0.332
2026-05-01,MZ,0,0.615
2026-05-01,MZ,1,0.385
2026-05-01,NG,0,0.732
2026-05-01,NG,1,0.268
2026-05-01,NI,0,0.702
2026-05-01,NI,1,0.298
2026-05-01,NL,0,0.692
2026-05-01,NL,1,0.308
2026-05-01,NO,0,0.694
2026-05-01,NO,1,0.306
2026-05-01,NP,0,0.761
2026-05-01,NP,1,0.239
2026-05-01,NZ,0,0.622
2026-05-01,NZ,1,0.378
2026-05-01,OM,0,0.709
2026-05-01,OM,1,0.291
2026-05-01,PA,0,0.683
2026-05-01,PA,1,0.317
2026-05-01,PE,0,0.569
2026-05-01,PE,1,0.431
2026-05-01,PH,0,0.603
2026-05-01,PH,1,0.397
2026-05-01,PK,0,0.702
2026-05-01,PK,1,0.298
2026-05-01,PL,0,0.746
2026-05-01,PL,1,0.254
2026-05-01,PR,0,0.718
2026-05-01,PR,1,0.282
2026-05-01,PS,0,0.768
2026-05-01,PS,1,0.232
2026-05-01,PT,0,0.686
2026-05-01,PT,1,0.314
2026-05-01,PY,0,0.692
2026-05-01,PY,1,0.308
2026-05-01,QA,0,0.712
2026-05-01,QA,1,0.288
2026-05-01,RE,0,0.743
2026-05-01,RE,1,0.257
2026-05-01,RO,0,0.777
2026-05-01,RO,1,0.223
2026-05-01,RS,0,0.741
2026-05-01,RS,1,0.259
2026-05-01,RW,0,0.583
2026-05-01,RW,1,0.417
2026-05-01,SA,0,0.781
2026-05-01,SA,1,0.219
2026-05-01,SD,0,0.848
2026-05-01,SD,1,0.152
2026-05-01,SE,0,0.705
2026-05-01,SE,1,0.295
2026-05-01,SG,0,0.555
2026-05-01,SG,1,0.445
2026-05-01,SI,0,0.774
2026-05-01,SI,1,0.226
2026-05-01,SK,0,0.808
2026-05-01,SK,1,0.192
2026-05-01,SN,0,0.696
2026-05-01,SN,1,0.304
2026-05-01,SO,0,0.899
2026-05-01,SO,1,0.101
2026-05-01,SV,0,0.742
2026-05-01,SV,1,0.258
2026-05-01,TH,0,0.722
2026-05-01,TH,1,0.278
2026-05-01,TJ,0,0.838
2026-05-01,TJ,1,0.162
2026-05-01,TN,0,0.754
2026-05-01,TN,1,0.246
2026-05-01,TR,0,0.814
2026-05-01,TR,1,0.186
2026-05-01,TW,0,0.665
2026-05-01,TW,1,0.335
2026-05-01,TZ,0,0.673
2026-05-01,TZ,1,0.327
2026-05-01,UA,0,0.764
2026-05-01,UA,1,0.236
2026-05-01,UG,0,0.629
2026-05-01,UG,1,0.371
2026-05-01,US,0,0.679
2026-05-01,US,1,0.321
2026-05-01,UY,0,0.712
2026-05-01,UY,1,0.288
2026-05-01,UZ,0,0.816
2026-05-01,UZ,1,0.184
2026-05-01,VN,0,0.682
2026-05-01,VN,1,0.318
2026-05-01,YE,0,0.769
2026-05-01,YE,1,0.231
2026-05-01,ZA,0,0.592
2026-05-01,ZA,1,0.408
2026-05-01,ZM,0,0.653
2026-05-01,ZM,1,0.347
2026-05-01,ZW,0,0.603
2026-05-01,ZW,1,0.397
2026-06-01,AE,0,0.619
2026-06-01,AE,1,0.381
2026-06-01,AF,0,0.831
2026-06-01,AF,1,0.169
2026-06-01,AL,0,0.790
2026-06-01,AL,1,0.210
2026-06-01,AM,0,0.760
2026-06-01,AM,1,0.240
2026-06-01,AO,0,0.628
2026-06-01,AO,1,0.372
2026-06-01,AR,0,0.702
2026-06-01,AR,1,0.298
2026-06-01,AT,0,0.752
2026-06-01,AT,1,0.248
2026-06-01,AU,0,0.637
2026-06-01,AU,1,0.363
2026-06-01,AZ,0,0.807
2026-06-01,AZ,1,0.193
2026-06-01,BA,0,0.865
2026-06-01,BA,1,0.135
2026-06-01,BD,0,0.778
2026-06-01,BD,1,0.222
2026-06-01,BE,0,0.732
2026-06-01,BE,1,0.268
2026-06-01,BF,0,0.606
2026-06-01,BF,1,0.394
2026-06-01,BG,0,0.766
2026-06-01,BG,1,0.234
2026-06-01,BH,0,0.791
2026-06-01,BH,1,0.209
2026-06-01,BJ,0,0.658
2026-06-01,BJ,1,0.342
2026-06-01,BO,0,0.638
2026-06-01,BO,1,0.362
2026-06-01,BR,0,0.648
2026-06-01,BR,1,0.352
2026-06-01,CA,0,0.679
2026-06-01,CA,1,0.321
2026-06-01,CD,0,0.732
2026-06-01,CD,1,0.268
2026-06-01,CH,0,0.671
2026-06-01,CH,1,0.329
2026-06-01,CI,0,0.713
2026-06-01,CI,1,0.287
2026-06-01,CL,0,0.639
2026-06-01,CL,1,0.361
2026-06-01,CM,0,0.633
2026-06-01,CM,1,0.367
2026-06-01,CO,0,0.653
2026-06-01,CO,1,0.347
2026-06-01,CR,0,0.676
2026-06-01,CR,1,0.324
2026-06-01,CY,0,0.713
2026-06-01,CY,1,0.287
2026-06-01,CZ,0,0.787
2026-06-01,CZ,1,0.213
2026-06-01,DE,0,0.745
2026-06-01,DE,1,0.255
2026-06-01,DK,0,0.709
2026-06-01,DK,1,0.291
2026-06-01,DO,0,0.717
2026-06-01,DO,1,0.283
2026-06-01,DZ,0,0.830
2026-06-01,DZ,1,0.170
2026-06-01,EC,0,0.615
2026-06-01,EC,1,0.385
2026-06-01,EE,0,0.694
2026-06-01,EE,1,0.306
2026-06-01,EG,0,0.762
2026-06-01,EG,1,0.238
2026-06-01,ES,0,0.714
2026-06-01,ES,1,0.286
2026-06-01,ET,0,0.705
2026-06-01,ET,1,0.295
2026-06-01,FI,0,0.699
2026-06-01,FI,1,0.301
2026-06-01,FR,0,0.732
2026-06-01,FR,1,0.268
2026-06-01,GB,0,0.677
2026-06-01,GB,1,0.323
2026-06-01,GE,0,0.817
2026-06-01,GE,1,0.183
2026-06-01,GH,0,0.692
2026-06-01,GH,1,0.308
2026-06-01,GR,0,0.758
2026-06-01,GR,1,0.242
2026-06-01,GT,0,0.693
2026-06-01,GT,1,0.307
2026-06-01,HN,0,0.725
2026-06-01,HN,1,0.275
2026-06-01,HR,0,0.759
2026-06-01,HR,1,0.241
2026-06-01,HT,0,0.799
2026-06-01,HT,1,0.201
2026-06-01,HU,0,0.798
2026-06-01,HU,1,0.202
2026-06-01,ID,0,0.580
2026-06-01,ID,1,0.420
2026-06-01,IE,0,0.699
2026-06-01,IE,1,0.301
2026-06-01,IL,0,0.745
2026-06-01,IL,1,0.255
2026-06-01,IN,0,0.656
2026-06-01,IN,1,0.344
2026-06-01,IQ,0,0.869
2026-06-01,IQ,1,0.131
2026-06-01,IT,0,0.703
2026-06-01,IT,1,0.297
2026-06-01,JM,0,0.627
2026-06-01,JM,1,0.373
2026-06-01,JO,0,0.815
2026-06-01,JO,1,0.185
2026-06-01,JP,0,0.711
2026-06-01,JP,1,0.289
2026-06-01,KE,0,0.646
2026-06-01,KE,1,0.354
2026-06-01,KG,0,0.777
2026-06-01,KG,1,0.223
2026-06-01,KH,0,0.704
2026-06-01,KH,1,0.296
2026-06-01,KR,0,0.679
2026-06-01,KR,1,0.321
2026-06-01,KW,0,0.816
2026-06-01,KW,1,0.184
2026-06-01,KZ,0,0.778
2026-06-01,KZ,1,0.222
2026-06-01,LB,0,0.823
2026-06-01,LB,1,0.177
2026-06-01,LK,0,0.627
2026-06-01,LK,1,0.373
2026-06-01,LT,0,0.736
2026-06-01,LT,1,0.264
2026-06-01,LU,0,0.629
2026-06-01,LU,1,0.371
2026-06-01,LV,0,0.691
2026-06-01,LV,1,0.309
2026-06-01,LY,0,0.826
2026-06-01,LY,1,0.174
2026-06-01,MA,0,0.738
2026-06-01,MA,1,0.262
2026-06-01,MD,0,0.777
2026-06-01,MD,1,0.223
2026-06-01,ME,0,0.821
2026-06-01,ME,1,0.179
2026-06-01,MG,0,0.732
2026-06-01,MG,1,0.268
2026-06-01,MK,0,0.819
2026-06-01,MK,1,0.181
2026-06-01,MM,0,0.841
2026-06-01,MM,1,0.159
2026-06-01,MN,0,0.785
2026-06-01,MN,1,0.215
2026-06-01,MT,0,0.619
2026-06-01,MT,1,0.381
2026-06-01,MU,0,0.609
2026-06-01,MU,1,0.391
2026-06-01,MX,0,0.706
2026-06-01,MX,1,0.294
2026-06-01,MY,0,0.650
2026-06-01,MY,1,0.350
2026-06-01,MZ,0,0.703
2026-06-01,MZ,1,0.297
2026-06-01,NG,0,0.727
2026-06-01,NG,1,0.273
2026-06-01,NI,0,0.724
2026-06-01,NI,1,0.276
2026-06-01,NL,0,0.701
2026-06-01,NL,1,0.299
2026-06-01,NO,0,0.763
2026-06-01,NO,1,0.237
2026-06-01,NP,0,0.757
2026-06-01,NP,1,0.243
2026-06-01,NZ,0,0.635
2026-06-01,NZ,1,0.365
2026-06-01,OM,0,0.693
2026-06-01,OM,1,0.307
2026-06-01,PA,0,0.698
2026-06-01,PA,1,0.302
2026-06-01,PE,0,0.579
2026-06-01,PE,1,0.421
2026-06-01,PH,0,0.612
2026-06-01,PH,1,0.388
2026-06-01,PK,0,0.700
2026-06-01,PK,1,0.300
2026-06-01,PL,0,0.730
2026-06-01,PL,1,0.270
2026-06-01,PR,0,0.716
2026-06-01,PR,1,0.284
2026-06-01,PS,0,0.848
2026-06-01,PS,1,0.152
2026-06-01,PT,0,0.669
2026-06-01,PT,1,0.331
2026-06-01,PY,0,0.696
2026-06-01,PY,1,0.304
2026-06-01,QA,0,0.612
2026-06-01,QA,1,0.388
2026-06-01,RE,0,0.702
2026-06-01,RE,1,0.298
2026-06-01,RO,0,0.796
2026-06-01,RO,1,0.204
2026-06-01,RS,0,0.809
2026-06-01,RS,1,0.191
2026-06-01,RW,0,0.659
2026-06-01,RW,1,0.341
2026-06-01,SA,0,0.775
2026-06-01,SA,1,0.225
2026-06-01,SD,0,0.803
2026-06-01,SD,1,0.197
2026-06-01,SE,0,0.762
2026-06-01,SE,1,0.238
2026-06-01,SG,0,0.539
2026-06-01,SG,1,0.461
2026-06-01,SI,0,0.747
2026-06-01,SI,1,0.253
2026-06-01,SK,0,0.744
2026-06-01,SK,1,0.256
2026-06-01,SN,0,0.642
2026-06-01,SN,1,0.358
2026-06-01,SO,0,0.838
2026-06-01,SO,1,0.162
2026-06-01,SV,0,0.736
2026-06-01,SV,1,0.264
2026-06-01,TH,0,0.686
2026-06-01,TH,1,0.314
2026-06-01,TJ,0,0.886
2026-06-01,TJ,1,0.114
2026-06-01,TN,0,0.772
2026-06-01,TN,1,0.228
2026-06-01,TR,0,0.809
2026-06-01,TR,1,0.191
2026-06-01,TW,0,0.669
2026-06-01,TW,1,0.331
2026-06-01,TZ,0,0.670
2026-06-01,TZ,1,0.330
2026-06-01,UA,0,0.749
2026-06-01,UA,1,0.251
2026-06-01,UG,0,0.519
2026-06-01,UG,1,0.481
2026-06-01,US,0,0.690
2026-06-01,US,1,0.310
2026-06-01,UY,0,0.684
2026-06-01,UY,1,0.316
2026-06-01,UZ,0,0.825
2026-06-01,UZ,1,0.175
2026-06-01,VN,0,0.650
2026-06-01,VN,1,0.350
2026-06-01,YE,0,0.746
2026-06-01,YE,1,0.254
2026-06-01,ZA,0,0.596
2026-06-01,ZA,1,0.404
2026-06-01,ZM,0,0.654
2026-06-01,ZM,1,0.346
2026-06-01,ZW,0,0.606
2026-06-01,ZW,1,0.394
