month,iwa_cleaned,share_of_messages
2024-07-01,4.A.1.a.1.I01,0.00194
2024-07-01,4.A.1.a.1.I02,0.00227
2024-07-01,4.A.1.a.1.I03,0.00006
2024-07-01,4.A.1.a.1.I04,0.03012
2024-07-01,4.A.1.a.1.I05,0.00072
2024-07-01,4.A.1.a.1.I06,0.00130
2024-07-01,4.A.1.a.1.I07,0.01308
2024-07-01,4.A.1.a.1.I08,0.00011
2024-07-01,4.A.1.a.1.I09,0.00482
2024-07-01,4.A.1.a.1.I11,0.00000
2024-07-01,4.A.1.a.1.I12,0.00073
2024-07-01,4.A.1.a.1.I13,0.00000
2024-07-01,4.A.1.a.1.I14,0.00125
2024-07-01,4.A.1.a.1.I15,0.00073
2024-07-01,4.A.1.a.1.I16,0.00240
2024-07-01,4.A.1.a.1.I17,0.00091
2024-07-01,4.A.1.a.1.I18,0.00764
2024-07-01,4.A.1.a.1.I19,0.00599
2024-07-01,4.A.1.a.1.I20,0.00449
2024-07-01,4.A.1.a.1.I21,0.00003
2024-07-01,4.A.1.a.1.I23,0.00094
2024-07-01,4.A.1.a.2.I08,0.00032
2024-07-01,4.A.1.a.2.I10,0.00061
2024-07-01,4.A.1.b.1.I02,0.00079
2024-07-01,4.A.1.b.2.I09,0.00030
2024-07-01,4.A.1.b.3.I01,0.00053
2024-07-01,4.A.1.b.3.I02,0.00079
2024-07-01,4.A.1.b.3.I03,0.01116
2024-07-01,4.A.2.a.1.I01,0.00042
2024-07-01,4.A.2.a.1.I02,0.00409
2024-07-01,4.A.2.a.1.I03,0.00198
2024-07-01,4.A.2.a.1.I04,0.00256
2024-07-01,4.A.2.a.1.I06,0.00193
2024-07-01,4.A.2.a.1.I07,0.00842
2024-07-01,4.A.2.a.1.I08,0.00284
2024-07-01,4.A.2.a.1.I09,0.00048
2024-07-01,4.A.2.a.1.I10,0.00046
2024-07-01,4.A.2.a.2.I01,0.00185
2024-07-01,4.A.2.a.2.I03,0.00258
2024-07-01,4.A.2.a.2.I05,0.00036
2024-07-01,4.A.2.a.3.I01,0.00146
2024-07-01,4.A.2.a.4.I01,0.00036
2024-07-01,4.A.2.a.4.I02,0.00552
2024-07-01,4.A.2.a.4.I03,0.00057
2024-07-01,4.A.2.a.4.I04,0.01213
2024-07-01,4.A.2.a.4.I05,0.00039
2024-07-01,4.A.2.a.4.I06,0.00144
2024-07-01,4.A.2.a.4.I07,0.00120
2024-07-01,4.A.2.a.4.I08,0.00352
2024-07-01,4.A.2.a.4.I09,0.00072
2024-07-01,4.A.2.a.4.I10,0.00097
2024-07-01,4.A.2.a.4.I11,0.00585
2024-07-01,4.A.2.a.4.I12,0.00137
2024-07-01,4.A.2.b.1.I01,0.00207
2024-07-01,4.A.2.b.1.I02,0.00122
2024-07-01,4.A.2.b.1.I06,0.00041
2024-07-01,4.A.2.b.1.I07,0.18476
2024-07-01,4.A.2.b.1.I08,0.00039
2024-07-01,4.A.2.b.1.I10,0.00057
2024-07-01,4.A.2.b.1.I11,0.00027
2024-07-01,4.A.2.b.2.I01,0.00146
2024-07-01,4.A.2.b.2.I02,0.00501
2024-07-01,4.A.2.b.2.I03,0.00356
2024-07-01,4.A.2.b.2.I04,0.00018
2024-07-01,4.A.2.b.2.I06,0.00162
2024-07-01,4.A.2.b.2.I07,0.00063
2024-07-01,4.A.2.b.2.I09,0.00132
2024-07-01,4.A.2.b.2.I11,0.00058
2024-07-01,4.A.2.b.2.I12,0.04461
2024-07-01,4.A.2.b.2.I15,0.00626
2024-07-01,4.A.2.b.2.I18,0.01376
2024-07-01,4.A.2.b.2.I19,0.00011
2024-07-01,4.A.2.b.2.I21,0.00339
2024-07-01,4.A.2.b.2.I22,0.00408
2024-07-01,4.A.2.b.2.I23,0.00486
2024-07-01,4.A.2.b.2.I25,0.00104
2024-07-01,4.A.2.b.2.I26,0.00031
2024-07-01,4.A.2.b.2.I27,0.00208
2024-07-01,4.A.2.b.3.I01,0.00620
2024-07-01,4.A.2.b.4.I01,0.00282
2024-07-01,4.A.2.b.4.I03,0.00203
2024-07-01,4.A.2.b.5.I01,0.00089
2024-07-01,4.A.2.b.5.I02,0.00143
2024-07-01,4.A.2.b.5.I03,0.00187
2024-07-01,4.A.2.b.6.I01,0.00187
2024-07-01,4.A.2.b.6.I02,0.00286
2024-07-01,4.A.3.a.1.I01,0.00056
2024-07-01,4.A.3.a.1.I03,0.00008
2024-07-01,4.A.3.a.1.I08,0.00001
2024-07-01,4.A.3.a.1.I16,0.00032
2024-07-01,4.A.3.a.2.I03,0.00031
2024-07-01,4.A.3.a.2.I21,0.00015
2024-07-01,4.A.3.a.2.I46,0.00019
2024-07-01,4.A.3.b.1.I01,0.08067
2024-07-01,4.A.3.b.1.I02,0.00146
2024-07-01,4.A.3.b.1.I03,0.00896
2024-07-01,4.A.3.b.1.I04,0.06076
2024-07-01,4.A.3.b.1.I05,0.00361
2024-07-01,4.A.3.b.1.I06,0.00972
2024-07-01,4.A.3.b.6.I01,0.00390
2024-07-01,4.A.3.b.6.I03,0.00645
2024-07-01,4.A.3.b.6.I05,0.00033
2024-07-01,4.A.3.b.6.I06,0.00440
2024-07-01,4.A.3.b.6.I07,0.00224
2024-07-01,4.A.3.b.6.I08,0.00079
2024-07-01,4.A.3.b.6.I09,0.00211
2024-07-01,4.A.3.b.6.I10,0.00078
2024-07-01,4.A.3.b.6.I12,0.06435
2024-07-01,4.A.3.b.6.I13,0.00833
2024-07-01,4.A.3.b.6.I14,0.00167
2024-07-01,4.A.3.b.6.I15,0.00585
2024-07-01,4.A.3.b.6.I16,0.05516
2024-07-01,4.A.4.a.1.I01,0.04608
2024-07-01,4.A.4.a.1.I02,0.01583
2024-07-01,4.A.4.a.1.I03,0.02701
2024-07-01,4.A.4.a.1.I04,0.00779
2024-07-01,4.A.4.a.1.I05,0.00291
2024-07-01,4.A.4.a.2.I01,0.00034
2024-07-01,4.A.4.a.2.I02,0.00066
2024-07-01,4.A.4.a.2.I03,0.00916
2024-07-01,4.A.4.a.2.I04,0.00065
2024-07-01,4.A.4.a.2.I06,0.00120
2024-07-01,4.A.4.a.2.I08,0.00063
2024-07-01,4.A.4.a.2.I09,0.00336
2024-07-01,4.A.4.a.2.I11,0.00294
2024-07-01,4.A.4.a.2.I12,0.00062
2024-07-01,4.A.4.a.2.I13,0.00130
2024-07-01,4.A.4.a.3.I02,0.00515
2024-07-01,4.A.4.a.3.I03,0.00775
2024-07-01,4.A.4.a.4.I01,0.00174
2024-07-01,4.A.4.a.5.I01,0.00070
2024-07-01,4.A.4.a.5.I03,0.00034
2024-07-01,4.A.4.a.5.I04,0.00027
2024-07-01,4.A.4.a.5.I08,0.00142
2024-07-01,4.A.4.a.5.I10,0.00048
2024-07-01,4.A.4.a.6.I01,0.00045
2024-07-01,4.A.4.a.6.I02,0.00250
2024-07-01,4.A.4.a.6.I03,0.00413
2024-07-01,4.A.4.a.7.I01,0.00017
2024-07-01,4.A.4.a.7.I02,0.00024
2024-07-01,4.A.4.a.7.I03,0.00089
2024-07-01,4.A.4.a.8.I01,0.00017
2024-07-01,4.A.4.a.8.I02,0.00000
2024-07-01,4.A.4.a.8.I03,0.00130
2024-07-01,4.A.4.b.3.I01,0.00037
2024-07-01,4.A.4.b.3.I02,0.00313
2024-07-01,4.A.4.b.3.I04,0.00040
2024-07-01,4.A.4.b.3.I05,0.00042
2024-07-01,4.A.4.b.5.I01,0.00186
2024-07-01,4.A.4.b.5.I02,0.00193
2024-07-01,4.A.4.b.6.I01,0.00207
2024-07-01,4.A.4.b.6.I02,0.00314
2024-07-01,4.A.4.b.6.I04,0.00767
2024-07-01,4.A.4.b.6.I05,0.00660
2024-07-01,4.A.4.b.6.I06,0.00207
2024-07-01,4.A.4.b.6.I07,0.01095
2024-07-01,4.A.4.b.6.I08,0.00229
2024-07-01,4.A.4.b.6.I10,0.00106
2024-07-01,4.A.4.b.6.I11,0.00185
2024-07-01,4.A.4.c.1.I01,0.00511
2024-07-01,4.A.4.c.1.I03,0.00016
2024-07-01,4.A.4.c.1.I04,0.00002
2024-07-01,4.A.4.c.2.I01,0.00179
2024-07-01,4.A.4.c.3.I05,0.00065
2024-07-01,Other IWA,0.01314
2024-08-01,4.A.1.a.1.I01,0.00253
2024-08-01,4.A.1.a.1.I02,0.00244
2024-08-01,4.A.1.a.1.I03,0.00036
2024-08-01,4.A.1.a.1.I04,0.02774
2024-08-01,4.A.1.a.1.I05,0.00135
2024-08-01,4.A.1.a.1.I06,0.00063
2024-08-01,4.A.1.a.1.I07,0.01225
2024-08-01,4.A.1.a.1.I08,0.00029
2024-08-01,4.A.1.a.1.I09,0.00304
2024-08-01,4.A.1.a.1.I11,0.00043
2024-08-01,4.A.1.a.1.I12,0.00098
2024-08-01,4.A.1.a.1.I13,0.00000
2024-08-01,4.A.1.a.1.I14,0.00094
2024-08-01,4.A.1.a.1.I15,0.00075
2024-08-01,4.A.1.a.1.I16,0.00156
2024-08-01,4.A.1.a.1.I17,0.00129
2024-08-01,4.A.1.a.1.I18,0.00586
2024-08-01,4.A.1.a.1.I19,0.00447
2024-08-01,4.A.1.a.1.I20,0.00341
2024-08-01,4.A.1.a.1.I21,0.00000
2024-08-01,4.A.1.a.1.I23,0.00111
2024-08-01,4.A.1.a.2.I08,0.00064
2024-08-01,4.A.1.a.2.I10,0.00154
2024-08-01,4.A.1.b.1.I02,0.00092
2024-08-01,4.A.1.b.2.I09,0.00000
2024-08-01,4.A.1.b.3.I01,0.00031
2024-08-01,4.A.1.b.3.I02,0.00063
2024-08-01,4.A.1.b.3.I03,0.00768
2024-08-01,4.A.2.a.1.I01,0.00007
2024-08-01,4.A.2.a.1.I02,0.00324
2024-08-01,4.A.2.a.1.I03,0.00170
2024-08-01,4.A.2.a.1.I04,0.00164
2024-08-01,4.A.2.a.1.I06,0.00072
2024-08-01,4.A.2.a.1.I07,0.01103
2024-08-01,4.A.2.a.1.I08,0.00212
2024-08-01,4.A.2.a.1.I09,0.00000
2024-08-01,4.A.2.a.1.I10,0.00037
2024-08-01,4.A.2.a.2.I01,0.00203
2024-08-01,4.A.2.a.2.I03,0.00225
2024-08-01,4.A.2.a.2.I05,0.00027
2024-08-01,4.A.2.a.3.I01,0.00151
2024-08-01,4.A.2.a.4.I01,0.00057
2024-08-01,4.A.2.a.4.I02,0.00505
2024-08-01,4.A.2.a.4.I03,0.00072
2024-08-01,4.A.2.a.4.I04,0.00752
2024-08-01,4.A.2.a.4.I05,0.00047
2024-08-01,4.A.2.a.4.I06,0.00128
2024-08-01,4.A.2.a.4.I07,0.00107
2024-08-01,4.A.2.a.4.I08,0.00434
2024-08-01,4.A.2.a.4.I09,0.00040
2024-08-01,4.A.2.a.4.I10,0.00032
2024-08-01,4.A.2.a.4.I11,0.00335
2024-08-01,4.A.2.a.4.I12,0.00084
2024-08-01,4.A.2.b.1.I01,0.00183
2024-08-01,4.A.2.b.1.I02,0.00113
2024-08-01,4.A.2.b.1.I06,0.00029
2024-08-01,4.A.2.b.1.I07,0.20715
2024-08-01,4.A.2.b.1.I08,0.00100
2024-08-01,4.A.2.b.1.I10,0.00007
2024-08-01,4.A.2.b.1.I11,0.00000
2024-08-01,4.A.2.b.2.I01,0.00060
2024-08-01,4.A.2.b.2.I02,0.00577
2024-08-01,4.A.2.b.2.I03,0.00364
2024-08-01,4.A.2.b.2.I04,0.00012
2024-08-01,4.A.2.b.2.I06,0.00090
2024-08-01,4.A.2.b.2.I07,0.00089
2024-08-01,4.A.2.b.2.I09,0.00112
2024-08-01,4.A.2.b.2.I11,0.00070
2024-08-01,4.A.2.b.2.I12,0.04588
2024-08-01,4.A.2.b.2.I15,0.00693
2024-08-01,4.A.2.b.2.I18,0.01513
2024-08-01,4.A.2.b.2.I19,0.00080
2024-08-01,4.A.2.b.2.I21,0.00294
2024-08-01,4.A.2.b.2.I22,0.00395
2024-08-01,4.A.2.b.2.I23,0.00430
2024-08-01,4.A.2.b.2.I25,0.00092
2024-08-01,4.A.2.b.2.I26,0.00019
2024-08-01,4.A.2.b.2.I27,0.00127
2024-08-01,4.A.2.b.3.I01,0.00470
2024-08-01,4.A.2.b.4.I01,0.00227
2024-08-01,4.A.2.b.4.I03,0.00132
2024-08-01,4.A.2.b.5.I01,0.00152
2024-08-01,4.A.2.b.5.I02,0.00162
2024-08-01,4.A.2.b.5.I03,0.00213
2024-08-01,4.A.2.b.6.I01,0.00200
2024-08-01,4.A.2.b.6.I02,0.00321
2024-08-01,4.A.3.a.1.I01,0.00036
2024-08-01,4.A.3.a.1.I03,0.00014
2024-08-01,4.A.3.a.1.I08,0.00000
2024-08-01,4.A.3.a.1.I16,0.00000
2024-08-01,4.A.3.a.2.I03,0.00000
2024-08-01,4.A.3.a.2.I21,0.00000
2024-08-01,4.A.3.a.2.I46,0.00000
2024-08-01,4.A.3.b.1.I01,0.07367
2024-08-01,4.A.3.b.1.I02,0.00216
2024-08-01,4.A.3.b.1.I03,0.00903
2024-08-01,4.A.3.b.1.I04,0.05146
2024-08-01,4.A.3.b.1.I05,0.00316
2024-08-01,4.A.3.b.1.I06,0.00701
2024-08-01,4.A.3.b.6.I01,0.00369
2024-08-01,4.A.3.b.6.I03,0.00529
2024-08-01,4.A.3.b.6.I05,0.00005
2024-08-01,4.A.3.b.6.I06,0.00452
2024-08-01,4.A.3.b.6.I07,0.00238
2024-08-01,4.A.3.b.6.I08,0.00067
2024-08-01,4.A.3.b.6.I09,0.00156
2024-08-01,4.A.3.b.6.I10,0.00092
2024-08-01,4.A.3.b.6.I12,0.06271
2024-08-01,4.A.3.b.6.I13,0.00912
2024-08-01,4.A.3.b.6.I14,0.00227
2024-08-01,4.A.3.b.6.I15,0.00492
2024-08-01,4.A.3.b.6.I16,0.08160
2024-08-01,4.A.4.a.1.I01,0.04135
2024-08-01,4.A.4.a.1.I02,0.01649
2024-08-01,4.A.4.a.1.I03,0.02522
2024-08-01,4.A.4.a.1.I04,0.00632
2024-08-01,4.A.4.a.1.I05,0.00305
2024-08-01,4.A.4.a.2.I01,0.00067
2024-08-01,4.A.4.a.2.I02,0.00054
2024-08-01,4.A.4.a.2.I03,0.01086
2024-08-01,4.A.4.a.2.I04,0.00167
2024-08-01,4.A.4.a.2.I06,0.00090
2024-08-01,4.A.4.a.2.I08,0.00068
2024-08-01,4.A.4.a.2.I09,0.00303
2024-08-01,4.A.4.a.2.I11,0.00497
2024-08-01,4.A.4.a.2.I12,0.00060
2024-08-01,4.A.4.a.2.I13,0.00079
2024-08-01,4.A.4.a.3.I02,0.00494
2024-08-01,4.A.4.a.3.I03,0.00707
2024-08-01,4.A.4.a.4.I01,0.00223
2024-08-01,4.A.4.a.5.I01,0.00083
2024-08-01,4.A.4.a.5.I03,0.00061
2024-08-01,4.A.4.a.5.I04,0.00000
2024-08-01,4.A.4.a.5.I08,0.00150
2024-08-01,4.A.4.a.5.I10,0.00024
2024-08-01,4.A.4.a.6.I01,0.00056
2024-08-01,4.A.4.a.6.I02,0.00188
2024-08-01,4.A.4.a.6.I03,0.00407
2024-08-01,4.A.4.a.7.I01,0.00000
2024-08-01,4.A.4.a.7.I02,0.00142
2024-08-01,4.A.4.a.7.I03,0.00060
2024-08-01,4.A.4.a.8.I01,0.00006
2024-08-01,4.A.4.a.8.I02,0.00021
2024-08-01,4.A.4.a.8.I03,0.00103
2024-08-01,4.A.4.b.3.I01,0.00062
2024-08-01,4.A.4.b.3.I02,0.00429
2024-08-01,4.A.4.b.3.I04,0.00025
2024-08-01,4.A.4.b.3.I05,0.00008
2024-08-01,4.A.4.b.5.I01,0.00113
2024-08-01,4.A.4.b.5.I02,0.00196
2024-08-01,4.A.4.b.6.I01,0.00176
2024-08-01,4.A.4.b.6.I02,0.00304
2024-08-01,4.A.4.b.6.I04,0.00826
2024-08-01,4.A.4.b.6.I05,0.00564
2024-08-01,4.A.4.b.6.I06,0.00199
2024-08-01,4.A.4.b.6.I07,0.00966
2024-08-01,4.A.4.b.6.I08,0.00156
2024-08-01,4.A.4.b.6.I10,0.00102
2024-08-01,4.A.4.b.6.I11,0.00218
2024-08-01,4.A.4.c.1.I01,0.00611
2024-08-01,4.A.4.c.1.I03,0.00089
2024-08-01,4.A.4.c.1.I04,0.00077
2024-08-01,4.A.4.c.2.I01,0.00208
2024-08-01,4.A.4.c.3.I05,0.00007
2024-08-01,Other IWA,0.01323
2024-09-01,4.A.1.a.1.I01,0.00298
2024-09-01,4.A.1.a.1.I02,0.00260
2024-09-01,4.A.1.a.1.I03,0.00067
2024-09-01,4.A.1.a.1.I04,0.03301
2024-09-01,4.A.1.a.1.I05,0.00112
2024-09-01,4.A.1.a.1.I06,0.00012
2024-09-01,4.A.1.a.1.I07,0.01037
2024-09-01,4.A.1.a.1.I08,0.00040
2024-09-01,4.A.1.a.1.I09,0.00783
2024-09-01,4.A.1.a.1.I11,0.00020
2024-09-01,4.A.1.a.1.I12,0.00048
2024-09-01,4.A.1.a.1.I13,0.00024
2024-09-01,4.A.1.a.1.I14,0.00226
2024-09-01,4.A.1.a.1.I15,0.00131
2024-09-01,4.A.1.a.1.I16,0.00247
2024-09-01,4.A.1.a.1.I17,0.00102
2024-09-01,4.A.1.a.1.I18,0.01268
2024-09-01,4.A.1.a.1.I19,0.00485
2024-09-01,4.A.1.a.1.I20,0.00344
2024-09-01,4.A.1.a.1.I21,0.00036
2024-09-01,4.A.1.a.1.I23,0.00140
2024-09-01,4.A.1.a.2.I08,0.00000
2024-09-01,4.A.1.a.2.I10,0.00046
2024-09-01,4.A.1.b.1.I02,0.00097
2024-09-01,4.A.1.b.2.I09,0.00035
2024-09-01,4.A.1.b.3.I01,0.00069
2024-09-01,4.A.1.b.3.I02,0.00013
2024-09-01,4.A.1.b.3.I03,0.01355
2024-09-01,4.A.2.a.1.I01,0.00080
2024-09-01,4.A.2.a.1.I02,0.00444
2024-09-01,4.A.2.a.1.I03,0.00215
2024-09-01,4.A.2.a.1.I04,0.00234
2024-09-01,4.A.2.a.1.I06,0.00272
2024-09-01,4.A.2.a.1.I07,0.01045
2024-09-01,4.A.2.a.1.I08,0.00341
2024-09-01,4.A.2.a.1.I09,0.00028
2024-09-01,4.A.2.a.1.I10,0.00032
2024-09-01,4.A.2.a.2.I01,0.00172
2024-09-01,4.A.2.a.2.I03,0.00228
2024-09-01,4.A.2.a.2.I05,0.00000
2024-09-01,4.A.2.a.3.I01,0.00233
2024-09-01,4.A.2.a.4.I01,0.00031
2024-09-01,4.A.2.a.4.I02,0.00659
2024-09-01,4.A.2.a.4.I03,0.00029
2024-09-01,4.A.2.a.4.I04,0.01425
2024-09-01,4.A.2.a.4.I05,0.00057
2024-09-01,4.A.2.a.4.I06,0.00109
2024-09-01,4.A.2.a.4.I07,0.00160
2024-09-01,4.A.2.a.4.I08,0.00456
2024-09-01,4.A.2.a.4.I09,0.00122
2024-09-01,4.A.2.a.4.I10,0.00088
2024-09-01,4.A.2.a.4.I11,0.00556
2024-09-01,4.A.2.a.4.I12,0.00127
2024-09-01,4.A.2.b.1.I01,0.00191
2024-09-01,4.A.2.b.1.I02,0.00097
2024-09-01,4.A.2.b.1.I06,0.00044
2024-09-01,4.A.2.b.1.I07,0.15521
2024-09-01,4.A.2.b.1.I08,0.00090
2024-09-01,4.A.2.b.1.I10,0.00029
2024-09-01,4.A.2.b.1.I11,0.00044
2024-09-01,4.A.2.b.2.I01,0.00137
2024-09-01,4.A.2.b.2.I02,0.00506
2024-09-01,4.A.2.b.2.I03,0.00447
2024-09-01,4.A.2.b.2.I04,0.00013
2024-09-01,4.A.2.b.2.I06,0.00161
2024-09-01,4.A.2.b.2.I07,0.00020
2024-09-01,4.A.2.b.2.I09,0.00158
2024-09-01,4.A.2.b.2.I11,0.00074
2024-09-01,4.A.2.b.2.I12,0.03971
2024-09-01,4.A.2.b.2.I15,0.00736
2024-09-01,4.A.2.b.2.I18,0.01694
2024-09-01,4.A.2.b.2.I19,0.00028
2024-09-01,4.A.2.b.2.I21,0.00324
2024-09-01,4.A.2.b.2.I22,0.00418
2024-09-01,4.A.2.b.2.I23,0.00664
2024-09-01,4.A.2.b.2.I25,0.00124
2024-09-01,4.A.2.b.2.I26,0.00042
2024-09-01,4.A.2.b.2.I27,0.00129
2024-09-01,4.A.2.b.3.I01,0.00569
2024-09-01,4.A.2.b.4.I01,0.00264
2024-09-01,4.A.2.b.4.I03,0.00108
2024-09-01,4.A.2.b.5.I01,0.00050
2024-09-01,4.A.2.b.5.I02,0.00127
2024-09-01,4.A.2.b.5.I03,0.00178
2024-09-01,4.A.2.b.6.I01,0.00179
2024-09-01,4.A.2.b.6.I02,0.00299
2024-09-01,4.A.3.a.1.I01,0.00011
2024-09-01,4.A.3.a.1.I03,0.00011
2024-09-01,4.A.3.a.1.I08,0.00000
2024-09-01,4.A.3.a.1.I16,0.00006
2024-09-01,4.A.3.a.2.I03,0.00013
2024-09-01,4.A.3.a.2.I21,0.00000
2024-09-01,4.A.3.a.2.I46,0.00017
2024-09-01,4.A.3.b.1.I01,0.06674
2024-09-01,4.A.3.b.1.I02,0.00140
2024-09-01,4.A.3.b.1.I03,0.00637
2024-09-01,4.A.3.b.1.I04,0.04952
2024-09-01,4.A.3.b.1.I05,0.00361
2024-09-01,4.A.3.b.1.I06,0.00681
2024-09-01,4.A.3.b.6.I01,0.00568
2024-09-01,4.A.3.b.6.I03,0.00596
2024-09-01,4.A.3.b.6.I05,0.00046
2024-09-01,4.A.3.b.6.I06,0.00389
2024-09-01,4.A.3.b.6.I07,0.00243
2024-09-01,4.A.3.b.6.I08,0.00056
2024-09-01,4.A.3.b.6.I09,0.00230
2024-09-01,4.A.3.b.6.I10,0.00158
2024-09-01,4.A.3.b.6.I12,0.06939
2024-09-01,4.A.3.b.6.I13,0.00687
2024-09-01,4.A.3.b.6.I14,0.00190
2024-09-01,4.A.3.b.6.I15,0.00587
2024-09-01,4.A.3.b.6.I16,0.09895
2024-09-01,4.A.4.a.1.I01,0.04104
2024-09-01,4.A.4.a.1.I02,0.01789
2024-09-01,4.A.4.a.1.I03,0.02027
2024-09-01,4.A.4.a.1.I04,0.01270
2024-09-01,4.A.4.a.1.I05,0.00315
2024-09-01,4.A.4.a.2.I01,0.00064
2024-09-01,4.A.4.a.2.I02,0.00098
2024-09-01,4.A.4.a.2.I03,0.00987
2024-09-01,4.A.4.a.2.I04,0.00137
2024-09-01,4.A.4.a.2.I06,0.00160
2024-09-01,4.A.4.a.2.I08,0.00037
2024-09-01,4.A.4.a.2.I09,0.00335
2024-09-01,4.A.4.a.2.I11,0.00377
2024-09-01,4.A.4.a.2.I12,0.00047
2024-09-01,4.A.4.a.2.I13,0.00133
2024-09-01,4.A.4.a.3.I02,0.00503
2024-09-01,4.A.4.a.3.I03,0.00539
2024-09-01,4.A.4.a.4.I01,0.00234
2024-09-01,4.A.4.a.5.I01,0.00062
2024-09-01,4.A.4.a.5.I03,0.00062
2024-09-01,4.A.4.a.5.I04,0.00000
2024-09-01,4.A.4.a.5.I08,0.00101
2024-09-01,4.A.4.a.5.I10,0.00008
2024-09-01,4.A.4.a.6.I01,0.00074
2024-09-01,4.A.4.a.6.I02,0.00176
2024-09-01,4.A.4.a.6.I03,0.00359
2024-09-01,4.A.4.a.7.I01,0.00027
2024-09-01,4.A.4.a.7.I02,0.00083
2024-09-01,4.A.4.a.7.I03,0.00050
2024-09-01,4.A.4.a.8.I01,0.00022
2024-09-01,4.A.4.a.8.I02,0.00000
2024-09-01,4.A.4.a.8.I03,0.00065
2024-09-01,4.A.4.b.3.I01,0.00046
2024-09-01,4.A.4.b.3.I02,0.00603
2024-09-01,4.A.4.b.3.I04,0.00053
2024-09-01,4.A.4.b.3.I05,0.00010
2024-09-01,4.A.4.b.5.I01,0.00066
2024-09-01,4.A.4.b.5.I02,0.00121
2024-09-01,4.A.4.b.6.I01,0.00219
2024-09-01,4.A.4.b.6.I02,0.00277
2024-09-01,4.A.4.b.6.I04,0.00756
2024-09-01,4.A.4.b.6.I05,0.00701
2024-09-01,4.A.4.b.6.I06,0.00184
2024-09-01,4.A.4.b.6.I07,0.00951
2024-09-01,4.A.4.b.6.I08,0.00161
2024-09-01,4.A.4.b.6.I10,0.00135
2024-09-01,4.A.4.b.6.I11,0.00146
2024-09-01,4.A.4.c.1.I01,0.00467
2024-09-01,4.A.4.c.1.I03,0.00030
2024-09-01,4.A.4.c.1.I04,0.00000
2024-09-01,4.A.4.c.2.I01,0.00242
2024-09-01,4.A.4.c.3.I05,0.00065
2024-09-01,Other IWA,0.01262
2024-10-01,4.A.1.a.1.I01,0.00455
2024-10-01,4.A.1.a.1.I02,0.00298
2024-10-01,4.A.1.a.1.I03,0.00055
2024-10-01,4.A.1.a.1.I04,0.03533
2024-10-01,4.A.1.a.1.I05,0.00169
2024-10-01,4.A.1.a.1.I06,0.00070
2024-10-01,4.A.1.a.1.I07,0.01060
2024-10-01,4.A.1.a.1.I08,0.00082
2024-10-01,4.A.1.a.1.I09,0.00665
2024-10-01,4.A.1.a.1.I11,0.00000
2024-10-01,4.A.1.a.1.I12,0.00090
2024-10-01,4.A.1.a.1.I13,0.00021
2024-10-01,4.A.1.a.1.I14,0.00127
2024-10-01,4.A.1.a.1.I15,0.00129
2024-10-01,4.A.1.a.1.I16,0.00306
2024-10-01,4.A.1.a.1.I17,0.00186
2024-10-01,4.A.1.a.1.I18,0.01380
2024-10-01,4.A.1.a.1.I19,0.00615
2024-10-01,4.A.1.a.1.I20,0.00311
2024-10-01,4.A.1.a.1.I21,0.00050
2024-10-01,4.A.1.a.1.I23,0.00136
2024-10-01,4.A.1.a.2.I08,0.00033
2024-10-01,4.A.1.a.2.I10,0.00098
2024-10-01,4.A.1.b.1.I02,0.00044
2024-10-01,4.A.1.b.2.I09,0.00048
2024-10-01,4.A.1.b.3.I01,0.00091
2024-10-01,4.A.1.b.3.I02,0.00039
2024-10-01,4.A.1.b.3.I03,0.01685
2024-10-01,4.A.2.a.1.I01,0.00057
2024-10-01,4.A.2.a.1.I02,0.00439
2024-10-01,4.A.2.a.1.I03,0.00273
2024-10-01,4.A.2.a.1.I04,0.00283
2024-10-01,4.A.2.a.1.I06,0.00206
2024-10-01,4.A.2.a.1.I07,0.00778
2024-10-01,4.A.2.a.1.I08,0.00381
2024-10-01,4.A.2.a.1.I09,0.00039
2024-10-01,4.A.2.a.1.I10,0.00025
2024-10-01,4.A.2.a.2.I01,0.00241
2024-10-01,4.A.2.a.2.I03,0.00266
2024-10-01,4.A.2.a.2.I05,0.00034
2024-10-01,4.A.2.a.3.I01,0.00213
2024-10-01,4.A.2.a.4.I01,0.00060
2024-10-01,4.A.2.a.4.I02,0.00751
2024-10-01,4.A.2.a.4.I03,0.00050
2024-10-01,4.A.2.a.4.I04,0.02176
2024-10-01,4.A.2.a.4.I05,0.00084
2024-10-01,4.A.2.a.4.I06,0.00121
2024-10-01,4.A.2.a.4.I07,0.00193
2024-10-01,4.A.2.a.4.I08,0.00664
2024-10-01,4.A.2.a.4.I09,0.00096
2024-10-01,4.A.2.a.4.I10,0.00137
2024-10-01,4.A.2.a.4.I11,0.00528
2024-10-01,4.A.2.a.4.I12,0.00136
2024-10-01,4.A.2.b.1.I01,0.00268
2024-10-01,4.A.2.b.1.I02,0.00090
2024-10-01,4.A.2.b.1.I06,0.00062
2024-10-01,4.A.2.b.1.I07,0.15242
2024-10-01,4.A.2.b.1.I08,0.00124
2024-10-01,4.A.2.b.1.I10,0.00018
2024-10-01,4.A.2.b.1.I11,0.00042
2024-10-01,4.A.2.b.2.I01,0.00139
2024-10-01,4.A.2.b.2.I02,0.00588
2024-10-01,4.A.2.b.2.I03,0.00451
2024-10-01,4.A.2.b.2.I04,0.00022
2024-10-01,4.A.2.b.2.I06,0.00142
2024-10-01,4.A.2.b.2.I07,0.00108
2024-10-01,4.A.2.b.2.I09,0.00146
2024-10-01,4.A.2.b.2.I11,0.00090
2024-10-01,4.A.2.b.2.I12,0.03459
2024-10-01,4.A.2.b.2.I15,0.00654
2024-10-01,4.A.2.b.2.I18,0.02194
2024-10-01,4.A.2.b.2.I19,0.00035
2024-10-01,4.A.2.b.2.I21,0.00472
2024-10-01,4.A.2.b.2.I22,0.00452
2024-10-01,4.A.2.b.2.I23,0.00586
2024-10-01,4.A.2.b.2.I25,0.00182
2024-10-01,4.A.2.b.2.I26,0.00077
2024-10-01,4.A.2.b.2.I27,0.00186
2024-10-01,4.A.2.b.3.I01,0.00681
2024-10-01,4.A.2.b.4.I01,0.00264
2024-10-01,4.A.2.b.4.I03,0.00112
2024-10-01,4.A.2.b.5.I01,0.00075
2024-10-01,4.A.2.b.5.I02,0.00132
2024-10-01,4.A.2.b.5.I03,0.00162
2024-10-01,4.A.2.b.6.I01,0.00249
2024-10-01,4.A.2.b.6.I02,0.00384
2024-10-01,4.A.3.a.1.I01,0.00014
2024-10-01,4.A.3.a.1.I03,0.00038
2024-10-01,4.A.3.a.1.I08,0.00000
2024-10-01,4.A.3.a.1.I16,0.00000
2024-10-01,4.A.3.a.2.I03,0.00013
2024-10-01,4.A.3.a.2.I21,0.00007
2024-10-01,4.A.3.a.2.I46,0.00029
2024-10-01,4.A.3.b.1.I01,0.07120
2024-10-01,4.A.3.b.1.I02,0.00127
2024-10-01,4.A.3.b.1.I03,0.00769
2024-10-01,4.A.3.b.1.I04,0.05264
2024-10-01,4.A.3.b.1.I05,0.00335
2024-10-01,4.A.3.b.1.I06,0.00897
2024-10-01,4.A.3.b.6.I01,0.00625
2024-10-01,4.A.3.b.6.I03,0.00752
2024-10-01,4.A.3.b.6.I05,0.00063
2024-10-01,4.A.3.b.6.I06,0.00380
2024-10-01,4.A.3.b.6.I07,0.00233
2024-10-01,4.A.3.b.6.I08,0.00159
2024-10-01,4.A.3.b.6.I09,0.00203
2024-10-01,4.A.3.b.6.I10,0.00107
2024-10-01,4.A.3.b.6.I12,0.07491
2024-10-01,4.A.3.b.6.I13,0.00655
2024-10-01,4.A.3.b.6.I14,0.00151
2024-10-01,4.A.3.b.6.I15,0.00606
2024-10-01,4.A.3.b.6.I16,0.04279
2024-10-01,4.A.4.a.1.I01,0.04258
2024-10-01,4.A.4.a.1.I02,0.01680
2024-10-01,4.A.4.a.1.I03,0.01861
2024-10-01,4.A.4.a.1.I04,0.01121
2024-10-01,4.A.4.a.1.I05,0.00426
2024-10-01,4.A.4.a.2.I01,0.00056
2024-10-01,4.A.4.a.2.I02,0.00130
2024-10-01,4.A.4.a.2.I03,0.01028
2024-10-01,4.A.4.a.2.I04,0.00105
2024-10-01,4.A.4.a.2.I06,0.00149
2024-10-01,4.A.4.a.2.I08,0.00054
2024-10-01,4.A.4.a.2.I09,0.00306
2024-10-01,4.A.4.a.2.I11,0.00443
2024-10-01,4.A.4.a.2.I12,0.00068
2024-10-01,4.A.4.a.2.I13,0.00071
2024-10-01,4.A.4.a.3.I02,0.00572
2024-10-01,4.A.4.a.3.I03,0.00657
2024-10-01,4.A.4.a.4.I01,0.00271
2024-10-01,4.A.4.a.5.I01,0.00108
2024-10-01,4.A.4.a.5.I03,0.00026
2024-10-01,4.A.4.a.5.I04,0.00002
2024-10-01,4.A.4.a.5.I08,0.00092
2024-10-01,4.A.4.a.5.I10,0.00018
2024-10-01,4.A.4.a.6.I01,0.00137
2024-10-01,4.A.4.a.6.I02,0.00192
2024-10-01,4.A.4.a.6.I03,0.00343
2024-10-01,4.A.4.a.7.I01,0.00018
2024-10-01,4.A.4.a.7.I02,0.00099
2024-10-01,4.A.4.a.7.I03,0.00043
2024-10-01,4.A.4.a.8.I01,0.00000
2024-10-01,4.A.4.a.8.I02,0.00028
2024-10-01,4.A.4.a.8.I03,0.00120
2024-10-01,4.A.4.b.3.I01,0.00056
2024-10-01,4.A.4.b.3.I02,0.00588
2024-10-01,4.A.4.b.3.I04,0.00061
2024-10-01,4.A.4.b.3.I05,0.00018
2024-10-01,4.A.4.b.5.I01,0.00167
2024-10-01,4.A.4.b.5.I02,0.00098
2024-10-01,4.A.4.b.6.I01,0.00169
2024-10-01,4.A.4.b.6.I02,0.00377
2024-10-01,4.A.4.b.6.I04,0.00753
2024-10-01,4.A.4.b.6.I05,0.00820
2024-10-01,4.A.4.b.6.I06,0.00278
2024-10-01,4.A.4.b.6.I07,0.01102
2024-10-01,4.A.4.b.6.I08,0.00219
2024-10-01,4.A.4.b.6.I10,0.00196
2024-10-01,4.A.4.b.6.I11,0.00198
2024-10-01,4.A.4.c.1.I01,0.00527
2024-10-01,4.A.4.c.1.I03,0.00060
2024-10-01,4.A.4.c.1.I04,0.00041
2024-10-01,4.A.4.c.2.I01,0.00171
2024-10-01,4.A.4.c.3.I05,0.00066
2024-10-01,Other IWA,0.01332
2024-11-01,4.A.1.a.1.I01,0.00520
2024-11-01,4.A.1.a.1.I02,0.00289
2024-11-01,4.A.1.a.1.I03,0.00048
2024-11-01,4.A.1.a.1.I04,0.03680
2024-11-01,4.A.1.a.1.I05,0.00134
2024-11-01,4.A.1.a.1.I06,0.00058
2024-11-01,4.A.1.a.1.I07,0.01172
2024-11-01,4.A.1.a.1.I08,0.00018
2024-11-01,4.A.1.a.1.I09,0.00648
2024-11-01,4.A.1.a.1.I11,0.00068
2024-11-01,4.A.1.a.1.I12,0.00091
2024-11-01,4.A.1.a.1.I13,0.00000
2024-11-01,4.A.1.a.1.I14,0.00174
2024-11-01,4.A.1.a.1.I15,0.00115
2024-11-01,4.A.1.a.1.I16,0.00288
2024-11-01,4.A.1.a.1.I17,0.00114
2024-11-01,4.A.1.a.1.I18,0.01262
2024-11-01,4.A.1.a.1.I19,0.00488
2024-11-01,4.A.1.a.1.I20,0.00352
2024-11-01,4.A.1.a.1.I21,0.00044
2024-11-01,4.A.1.a.1.I23,0.00140
2024-11-01,4.A.1.a.2.I08,0.00000
2024-11-01,4.A.1.a.2.I10,0.00135
2024-11-01,4.A.1.b.1.I02,0.00048
2024-11-01,4.A.1.b.2.I09,0.00003
2024-11-01,4.A.1.b.3.I01,0.00091
2024-11-01,4.A.1.b.3.I02,0.00035
2024-11-01,4.A.1.b.3.I03,0.01788
2024-11-01,4.A.2.a.1.I01,0.00093
2024-11-01,4.A.2.a.1.I02,0.00413
2024-11-01,4.A.2.a.1.I03,0.00238
2024-11-01,4.A.2.a.1.I04,0.00324
2024-11-01,4.A.2.a.1.I06,0.00205
2024-11-01,4.A.2.a.1.I07,0.00830
2024-11-01,4.A.2.a.1.I08,0.00364
2024-11-01,4.A.2.a.1.I09,0.00020
2024-11-01,4.A.2.a.1.I10,0.00061
2024-11-01,4.A.2.a.2.I01,0.00223
2024-11-01,4.A.2.a.2.I03,0.00247
2024-11-01,4.A.2.a.2.I05,0.00000
2024-11-01,4.A.2.a.3.I01,0.00196
2024-11-01,4.A.2.a.4.I01,0.00045
2024-11-01,4.A.2.a.4.I02,0.00739
2024-11-01,4.A.2.a.4.I03,0.00039
2024-11-01,4.A.2.a.4.I04,0.01978
2024-11-01,4.A.2.a.4.I05,0.00039
2024-11-01,4.A.2.a.4.I06,0.00144
2024-11-01,4.A.2.a.4.I07,0.00139
2024-11-01,4.A.2.a.4.I08,0.00427
2024-11-01,4.A.2.a.4.I09,0.00087
2024-11-01,4.A.2.a.4.I10,0.00147
2024-11-01,4.A.2.a.4.I11,0.00604
2024-11-01,4.A.2.a.4.I12,0.00124
2024-11-01,4.A.2.b.1.I01,0.00265
2024-11-01,4.A.2.b.1.I02,0.00121
2024-11-01,4.A.2.b.1.I06,0.00064
2024-11-01,4.A.2.b.1.I07,0.15774
2024-11-01,4.A.2.b.1.I08,0.00123
2024-11-01,4.A.2.b.1.I10,0.00042
2024-11-01,4.A.2.b.1.I11,0.00000
2024-11-01,4.A.2.b.2.I01,0.00131
2024-11-01,4.A.2.b.2.I02,0.00523
2024-11-01,4.A.2.b.2.I03,0.00525
2024-11-01,4.A.2.b.2.I04,0.00020
2024-11-01,4.A.2.b.2.I06,0.00139
2024-11-01,4.A.2.b.2.I07,0.00101
2024-11-01,4.A.2.b.2.I09,0.00134
2024-11-01,4.A.2.b.2.I11,0.00057
2024-11-01,4.A.2.b.2.I12,0.03669
2024-11-01,4.A.2.b.2.I15,0.00929
2024-11-01,4.A.2.b.2.I18,0.01963
2024-11-01,4.A.2.b.2.I19,0.00059
2024-11-01,4.A.2.b.2.I21,0.00417
2024-11-01,4.A.2.b.2.I22,0.00400
2024-11-01,4.A.2.b.2.I23,0.00768
2024-11-01,4.A.2.b.2.I25,0.00138
2024-11-01,4.A.2.b.2.I26,0.00030
2024-11-01,4.A.2.b.2.I27,0.00225
2024-11-01,4.A.2.b.3.I01,0.00640
2024-11-01,4.A.2.b.4.I01,0.00195
2024-11-01,4.A.2.b.4.I03,0.00082
2024-11-01,4.A.2.b.5.I01,0.00112
2024-11-01,4.A.2.b.5.I02,0.00170
2024-11-01,4.A.2.b.5.I03,0.00178
2024-11-01,4.A.2.b.6.I01,0.00265
2024-11-01,4.A.2.b.6.I02,0.00316
2024-11-01,4.A.3.a.1.I01,0.00055
2024-11-01,4.A.3.a.1.I03,0.00050
2024-11-01,4.A.3.a.1.I08,0.00000
2024-11-01,4.A.3.a.1.I16,0.00028
2024-11-01,4.A.3.a.2.I03,0.00041
2024-11-01,4.A.3.a.2.I21,0.00000
2024-11-01,4.A.3.a.2.I46,0.00005
2024-11-01,4.A.3.b.1.I01,0.07046
2024-11-01,4.A.3.b.1.I02,0.00185
2024-11-01,4.A.3.b.1.I03,0.00786
2024-11-01,4.A.3.b.1.I04,0.05162
2024-11-01,4.A.3.b.1.I05,0.00304
2024-11-01,4.A.3.b.1.I06,0.00798
2024-11-01,4.A.3.b.6.I01,0.00636
2024-11-01,4.A.3.b.6.I03,0.00927
2024-11-01,4.A.3.b.6.I05,0.00058
2024-11-01,4.A.3.b.6.I06,0.00504
2024-11-01,4.A.3.b.6.I07,0.00252
2024-11-01,4.A.3.b.6.I08,0.00107
2024-11-01,4.A.3.b.6.I09,0.00201
2024-11-01,4.A.3.b.6.I10,0.00121
2024-11-01,4.A.3.b.6.I12,0.08235
2024-11-01,4.A.3.b.6.I13,0.00765
2024-11-01,4.A.3.b.6.I14,0.00179
2024-11-01,4.A.3.b.6.I15,0.00599
2024-11-01,4.A.3.b.6.I16,0.03813
2024-11-01,4.A.4.a.1.I01,0.04212
2024-11-01,4.A.4.a.1.I02,0.01553
2024-11-01,4.A.4.a.1.I03,0.02132
2024-11-01,4.A.4.a.1.I04,0.00941
2024-11-01,4.A.4.a.1.I05,0.00276
2024-11-01,4.A.4.a.2.I01,0.00056
2024-11-01,4.A.4.a.2.I02,0.00153
2024-11-01,4.A.4.a.2.I03,0.00967
2024-11-01,4.A.4.a.2.I04,0.00186
2024-11-01,4.A.4.a.2.I06,0.00068
2024-11-01,4.A.4.a.2.I08,0.00018
2024-11-01,4.A.4.a.2.I09,0.00340
2024-11-01,4.A.4.a.2.I11,0.00359
2024-11-01,4.A.4.a.2.I12,0.00084
2024-11-01,4.A.4.a.2.I13,0.00054
2024-11-01,4.A.4.a.3.I02,0.00563
2024-11-01,4.A.4.a.3.I03,0.00508
2024-11-01,4.A.4.a.4.I01,0.00261
2024-11-01,4.A.4.a.5.I01,0.00093
2024-11-01,4.A.4.a.5.I03,0.00041
2024-11-01,4.A.4.a.5.I04,0.00027
2024-11-01,4.A.4.a.5.I08,0.00148
2024-11-01,4.A.4.a.5.I10,0.00026
2024-11-01,4.A.4.a.6.I01,0.00008
2024-11-01,4.A.4.a.6.I02,0.00133
2024-11-01,4.A.4.a.6.I03,0.00409
2024-11-01,4.A.4.a.7.I01,0.00061
2024-11-01,4.A.4.a.7.I02,0.00062
2024-11-01,4.A.4.a.7.I03,0.00064
2024-11-01,4.A.4.a.8.I01,0.00017
2024-11-01,4.A.4.a.8.I02,0.00000
2024-11-01,4.A.4.a.8.I03,0.00073
2024-11-01,4.A.4.b.3.I01,0.00000
2024-11-01,4.A.4.b.3.I02,0.00718
2024-11-01,4.A.4.b.3.I04,0.00043
2024-11-01,4.A.4.b.3.I05,0.00000
2024-11-01,4.A.4.b.5.I01,0.00064
2024-11-01,4.A.4.b.5.I02,0.00133
2024-11-01,4.A.4.b.6.I01,0.00249
2024-11-01,4.A.4.b.6.I02,0.00335
2024-11-01,4.A.4.b.6.I04,0.00699
2024-11-01,4.A.4.b.6.I05,0.00797
2024-11-01,4.A.4.b.6.I06,0.00322
2024-11-01,4.A.4.b.6.I07,0.00968
2024-11-01,4.A.4.b.6.I08,0.00223
2024-11-01,4.A.4.b.6.I10,0.00150
2024-11-01,4.A.4.b.6.I11,0.00195
2024-11-01,4.A.4.c.1.I01,0.00587
2024-11-01,4.A.4.c.1.I03,0.00051
2024-11-01,4.A.4.c.1.I04,0.00051
2024-11-01,4.A.4.c.2.I01,0.00147
2024-11-01,4.A.4.c.3.I05,0.00044
2024-11-01,Other IWA,0.01369
2024-12-01,4.A.1.a.1.I01,0.00425
2024-12-01,4.A.1.a.1.I02,0.00281
2024-12-01,4.A.1.a.1.I03,0.00015
2024-12-01,4.A.1.a.1.I04,0.03653
2024-12-01,4.A.1.a.1.I05,0.00056
2024-12-01,4.A.1.a.1.I06,0.00028
2024-12-01,4.A.1.a.1.I07,0.01264
2024-12-01,4.A.1.a.1.I08,0.00058
2024-12-01,4.A.1.a.1.I09,0.00430
2024-12-01,4.A.1.a.1.I11,0.00043
2024-12-01,4.A.1.a.1.I12,0.00089
2024-12-01,4.A.1.a.1.I13,0.00000
2024-12-01,4.A.1.a.1.I14,0.00141
2024-12-01,4.A.1.a.1.I15,0.00069
2024-12-01,4.A.1.a.1.I16,0.00261
2024-12-01,4.A.1.a.1.I17,0.00141
2024-12-01,4.A.1.a.1.I18,0.01142
2024-12-01,4.A.1.a.1.I19,0.00499
2024-12-01,4.A.1.a.1.I20,0.00379
2024-12-01,4.A.1.a.1.I21,0.00000
2024-12-01,4.A.1.a.1.I23,0.00115
2024-12-01,4.A.1.a.2.I08,0.00042
2024-12-01,4.A.1.a.2.I10,0.00080
2024-12-01,4.A.1.b.1.I02,0.00115
2024-12-01,4.A.1.b.2.I09,0.00018
2024-12-01,4.A.1.b.3.I01,0.00048
2024-12-01,4.A.1.b.3.I02,0.00073
2024-12-01,4.A.1.b.3.I03,0.01613
2024-12-01,4.A.2.a.1.I01,0.00053
2024-12-01,4.A.2.a.1.I02,0.00415
2024-12-01,4.A.2.a.1.I03,0.00149
2024-12-01,4.A.2.a.1.I04,0.00251
2024-12-01,4.A.2.a.1.I06,0.00137
2024-12-01,4.A.2.a.1.I07,0.00728
2024-12-01,4.A.2.a.1.I08,0.00466
2024-12-01,4.A.2.a.1.I09,0.00007
2024-12-01,4.A.2.a.1.I10,0.00057
2024-12-01,4.A.2.a.2.I01,0.00205
2024-12-01,4.A.2.a.2.I03,0.00336
2024-12-01,4.A.2.a.2.I05,0.00042
2024-12-01,4.A.2.a.3.I01,0.00290
2024-12-01,4.A.2.a.4.I01,0.00069
2024-12-01,4.A.2.a.4.I02,0.00702
2024-12-01,4.A.2.a.4.I03,0.00083
2024-12-01,4.A.2.a.4.I04,0.01655
2024-12-01,4.A.2.a.4.I05,0.00084
2024-12-01,4.A.2.a.4.I06,0.00086
2024-12-01,4.A.2.a.4.I07,0.00091
2024-12-01,4.A.2.a.4.I08,0.00557
2024-12-01,4.A.2.a.4.I09,0.00045
2024-12-01,4.A.2.a.4.I10,0.00039
2024-12-01,4.A.2.a.4.I11,0.00572
2024-12-01,4.A.2.a.4.I12,0.00150
2024-12-01,4.A.2.b.1.I01,0.00165
2024-12-01,4.A.2.b.1.I02,0.00134
2024-12-01,4.A.2.b.1.I06,0.00070
2024-12-01,4.A.2.b.1.I07,0.16876
2024-12-01,4.A.2.b.1.I08,0.00055
2024-12-01,4.A.2.b.1.I10,0.00023
2024-12-01,4.A.2.b.1.I11,0.00099
2024-12-01,4.A.2.b.2.I01,0.00114
2024-12-01,4.A.2.b.2.I02,0.00487
2024-12-01,4.A.2.b.2.I03,0.00569
2024-12-01,4.A.2.b.2.I04,0.00027
2024-12-01,4.A.2.b.2.I06,0.00132
2024-12-01,4.A.2.b.2.I07,0.00116
2024-12-01,4.A.2.b.2.I09,0.00236
2024-12-01,4.A.2.b.2.I11,0.00085
2024-12-01,4.A.2.b.2.I12,0.03892
2024-12-01,4.A.2.b.2.I15,0.00668
2024-12-01,4.A.2.b.2.I18,0.02017
2024-12-01,4.A.2.b.2.I19,0.00049
2024-12-01,4.A.2.b.2.I21,0.00330
2024-12-01,4.A.2.b.2.I22,0.00413
2024-12-01,4.A.2.b.2.I23,0.00673
2024-12-01,4.A.2.b.2.I25,0.00240
2024-12-01,4.A.2.b.2.I26,0.00043
2024-12-01,4.A.2.b.2.I27,0.00106
2024-12-01,4.A.2.b.3.I01,0.00709
2024-12-01,4.A.2.b.4.I01,0.00289
2024-12-01,4.A.2.b.4.I03,0.00086
2024-12-01,4.A.2.b.5.I01,0.00109
2024-12-01,4.A.2.b.5.I02,0.00128
2024-12-01,4.A.2.b.5.I03,0.00182
2024-12-01,4.A.2.b.6.I01,0.00176
2024-12-01,4.A.2.b.6.I02,0.00360
2024-12-01,4.A.3.a.1.I01,0.00073
2024-12-01,4.A.3.a.1.I03,0.00000
2024-12-01,4.A.3.a.1.I08,0.00011
2024-12-01,4.A.3.a.1.I16,0.00000
2024-12-01,4.A.3.a.2.I03,0.00005
2024-12-01,4.A.3.a.2.I21,0.00000
2024-12-01,4.A.3.a.2.I46,0.00001
2024-12-01,4.A.3.b.1.I01,0.06586
2024-12-01,4.A.3.b.1.I02,0.00098
2024-12-01,4.A.3.b.1.I03,0.00648
2024-12-01,4.A.3.b.1.I04,0.04965
2024-12-01,4.A.3.b.1.I05,0.00263
2024-12-01,4.A.3.b.1.I06,0.00810
2024-12-01,4.A.3.b.6.I01,0.00448
2024-12-01,4.A.3.b.6.I03,0.00807
2024-12-01,4.A.3.b.6.I05,0.00041
2024-12-01,4.A.3.b.6.I06,0.00687
2024-12-01,4.A.3.b.6.I07,0.00301
2024-12-01,4.A.3.b.6.I08,0.00087
2024-12-01,4.A.3.b.6.I09,0.00264
2024-12-01,4.A.3.b.6.I10,0.00053
2024-12-01,4.A.3.b.6.I12,0.08248
2024-12-01,4.A.3.b.6.I13,0.00787
2024-12-01,4.A.3.b.6.I14,0.00274
2024-12-01,4.A.3.b.6.I15,0.00752
2024-12-01,4.A.3.b.6.I16,0.04366
2024-12-01,4.A.4.a.1.I01,0.03788
2024-12-01,4.A.4.a.1.I02,0.01728
2024-12-01,4.A.4.a.1.I03,0.02253
2024-12-01,4.A.4.a.1.I04,0.00994
2024-12-01,4.A.4.a.1.I05,0.00230
2024-12-01,4.A.4.a.2.I01,0.00051
2024-12-01,4.A.4.a.2.I02,0.00152
2024-12-01,4.A.4.a.2.I03,0.01180
2024-12-01,4.A.4.a.2.I04,0.00179
2024-12-01,4.A.4.a.2.I06,0.00127
2024-12-01,4.A.4.a.2.I08,0.00036
2024-12-01,4.A.4.a.2.I09,0.00305
2024-12-01,4.A.4.a.2.I11,0.00345
2024-12-01,4.A.4.a.2.I12,0.00101
2024-12-01,4.A.4.a.2.I13,0.00055
2024-12-01,4.A.4.a.3.I02,0.00427
2024-12-01,4.A.4.a.3.I03,0.00684
2024-12-01,4.A.4.a.4.I01,0.00231
2024-12-01,4.A.4.a.5.I01,0.00119
2024-12-01,4.A.4.a.5.I03,0.00057
2024-12-01,4.A.4.a.5.I04,0.00000
2024-12-01,4.A.4.a.5.I08,0.00082
2024-12-01,4.A.4.a.5.I10,0.00023
2024-12-01,4.A.4.a.6.I01,0.00007
2024-12-01,4.A.4.a.6.I02,0.00151
2024-12-01,4.A.4.a.6.I03,0.00413
2024-12-01,4.A.4.a.7.I01,0.00013
2024-12-01,4.A.4.a.7.I02,0.00087
2024-12-01,4.A.4.a.7.I03,0.00059
2024-12-01,4.A.4.a.8.I01,0.00018
2024-12-01,4.A.4.a.8.I02,0.00005
2024-12-01,4.A.4.a.8.I03,0.00085
2024-12-01,4.A.4.b.3.I01,0.00073
2024-12-01,4.A.4.b.3.I02,0.00619
2024-12-01,4.A.4.b.3.I04,0.00057
2024-12-01,4.A.4.b.3.I05,0.00011
2024-12-01,4.A.4.b.5.I01,0.00112
2024-12-01,4.A.4.b.5.I02,0.00104
2024-12-01,4.A.4.b.6.I01,0.00193
2024-12-01,4.A.4.b.6.I02,0.00449
2024-12-01,4.A.4.b.6.I04,0.00838
2024-12-01,4.A.4.b.6.I05,0.00597
2024-12-01,4.A.4.b.6.I06,0.00243
2024-12-01,4.A.4.b.6.I07,0.01072
2024-12-01,4.A.4.b.6.I08,0.00249
2024-12-01,4.A.4.b.6.I10,0.00166
2024-12-01,4.A.4.b.6.I11,0.00178
2024-12-01,4.A.4.c.1.I01,0.00692
2024-12-01,4.A.4.c.1.I03,0.00074
2024-12-01,4.A.4.c.1.I04,0.00036
2024-12-01,4.A.4.c.2.I01,0.00254
2024-12-01,4.A.4.c.3.I05,0.00061
2024-12-01,Other IWA,0.01352
2025-01-01,4.A.1.a.1.I01,0.00408
2025-01-01,4.A.1.a.1.I02,0.00265
2025-01-01,4.A.1.a.1.I03,0.00027
2025-01-01,4.A.1.a.1.I04,0.03470
2025-01-01,4.A.1.a.1.I05,0.00090
2025-01-01,4.A.1.a.1.I06,0.00079
2025-01-01,4.A.1.a.1.I07,0.01367
2025-01-01,4.A.1.a.1.I08,0.00074
2025-01-01,4.A.1.a.1.I09,0.00458
2025-01-01,4.A.1.a.1.I11,0.00084
2025-01-01,4.A.1.a.1.I12,0.00094
2025-01-01,4.A.1.a.1.I13,0.00022
2025-01-01,4.A.1.a.1.I14,0.00147
2025-01-01,4.A.1.a.1.I15,0.00159
2025-01-01,4.A.1.a.1.I16,0.00158
2025-01-01,4.A.1.a.1.I17,0.00192
2025-01-01,4.A.1.a.1.I18,0.01186
2025-01-01,4.A.1.a.1.I19,0.00434
2025-01-01,4.A.1.a.1.I20,0.00241
2025-01-01,4.A.1.a.1.I21,0.00001
2025-01-01,4.A.1.a.1.I23,0.00115
2025-01-01,4.A.1.a.2.I08,0.00014
2025-01-01,4.A.1.a.2.I10,0.00068
2025-01-01,4.A.1.b.1.I02,0.00184
2025-01-01,4.A.1.b.2.I09,0.00000
2025-01-01,4.A.1.b.3.I01,0.00112
2025-01-01,4.A.1.b.3.I02,0.00078
2025-01-01,4.A.1.b.3.I03,0.01112
2025-01-01,4.A.2.a.1.I01,0.00107
2025-01-01,4.A.2.a.1.I02,0.00359
2025-01-01,4.A.2.a.1.I03,0.00156
2025-01-01,4.A.2.a.1.I04,0.00320
2025-01-01,4.A.2.a.1.I06,0.00185
2025-01-01,4.A.2.a.1.I07,0.00722
2025-01-01,4.A.2.a.1.I08,0.00326
2025-01-01,4.A.2.a.1.I09,0.00001
2025-01-01,4.A.2.a.1.I10,0.00018
2025-01-01,4.A.2.a.2.I01,0.00171
2025-01-01,4.A.2.a.2.I03,0.00250
2025-01-01,4.A.2.a.2.I05,0.00049
2025-01-01,4.A.2.a.3.I01,0.00190
2025-01-01,4.A.2.a.4.I01,0.00038
2025-01-01,4.A.2.a.4.I02,0.00694
2025-01-01,4.A.2.a.4.I03,0.00026
2025-01-01,4.A.2.a.4.I04,0.01023
2025-01-01,4.A.2.a.4.I05,0.00095
2025-01-01,4.A.2.a.4.I06,0.00074
2025-01-01,4.A.2.a.4.I07,0.00072
2025-01-01,4.A.2.a.4.I08,0.00358
2025-01-01,4.A.2.a.4.I09,0.00057
2025-01-01,4.A.2.a.4.I10,0.00117
2025-01-01,4.A.2.a.4.I11,0.00529
2025-01-01,4.A.2.a.4.I12,0.00101
2025-01-01,4.A.2.b.1.I01,0.00184
2025-01-01,4.A.2.b.1.I02,0.00125
2025-01-01,4.A.2.b.1.I06,0.00048
2025-01-01,4.A.2.b.1.I07,0.17733
2025-01-01,4.A.2.b.1.I08,0.00046
2025-01-01,4.A.2.b.1.I10,0.00018
2025-01-01,4.A.2.b.1.I11,0.00051
2025-01-01,4.A.2.b.2.I01,0.00145
2025-01-01,4.A.2.b.2.I02,0.00567
2025-01-01,4.A.2.b.2.I03,0.00628
2025-01-01,4.A.2.b.2.I04,0.00019
2025-01-01,4.A.2.b.2.I06,0.00125
2025-01-01,4.A.2.b.2.I07,0.00160
2025-01-01,4.A.2.b.2.I09,0.00149
2025-01-01,4.A.2.b.2.I11,0.00094
2025-01-01,4.A.2.b.2.I12,0.04784
2025-01-01,4.A.2.b.2.I15,0.00784
2025-01-01,4.A.2.b.2.I18,0.02374
2025-01-01,4.A.2.b.2.I19,0.00062
2025-01-01,4.A.2.b.2.I21,0.00247
2025-01-01,4.A.2.b.2.I22,0.00538
2025-01-01,4.A.2.b.2.I23,0.00507
2025-01-01,4.A.2.b.2.I25,0.00125
2025-01-01,4.A.2.b.2.I26,0.00028
2025-01-01,4.A.2.b.2.I27,0.00286
2025-01-01,4.A.2.b.3.I01,0.00589
2025-01-01,4.A.2.b.4.I01,0.00275
2025-01-01,4.A.2.b.4.I03,0.00136
2025-01-01,4.A.2.b.5.I01,0.00064
2025-01-01,4.A.2.b.5.I02,0.00191
2025-01-01,4.A.2.b.5.I03,0.00169
2025-01-01,4.A.2.b.6.I01,0.00217
2025-01-01,4.A.2.b.6.I02,0.00404
2025-01-01,4.A.3.a.1.I01,0.00085
2025-01-01,4.A.3.a.1.I03,0.00056
2025-01-01,4.A.3.a.1.I08,0.00024
2025-01-01,4.A.3.a.1.I16,0.00000
2025-01-01,4.A.3.a.2.I03,0.00035
2025-01-01,4.A.3.a.2.I21,0.00000
2025-01-01,4.A.3.a.2.I46,0.00008
2025-01-01,4.A.3.b.1.I01,0.05087
2025-01-01,4.A.3.b.1.I02,0.00092
2025-01-01,4.A.3.b.1.I03,0.00843
2025-01-01,4.A.3.b.1.I04,0.04370
2025-01-01,4.A.3.b.1.I05,0.00301
2025-01-01,4.A.3.b.1.I06,0.00650
2025-01-01,4.A.3.b.6.I01,0.00452
2025-01-01,4.A.3.b.6.I03,0.00563
2025-01-01,4.A.3.b.6.I05,0.00030
2025-01-01,4.A.3.b.6.I06,0.00590
2025-01-01,4.A.3.b.6.I07,0.00228
2025-01-01,4.A.3.b.6.I08,0.00112
2025-01-01,4.A.3.b.6.I09,0.00258
2025-01-01,4.A.3.b.6.I10,0.00092
2025-01-01,4.A.3.b.6.I12,0.07810
2025-01-01,4.A.3.b.6.I13,0.00996
2025-01-01,4.A.3.b.6.I14,0.00282
2025-01-01,4.A.3.b.6.I15,0.00589
2025-01-01,4.A.3.b.6.I16,0.05684
2025-01-01,4.A.4.a.1.I01,0.03517
2025-01-01,4.A.4.a.1.I02,0.01910
2025-01-01,4.A.4.a.1.I03,0.02099
2025-01-01,4.A.4.a.1.I04,0.00978
2025-01-01,4.A.4.a.1.I05,0.00225
2025-01-01,4.A.4.a.2.I01,0.00021
2025-01-01,4.A.4.a.2.I02,0.00151
2025-01-01,4.A.4.a.2.I03,0.01308
2025-01-01,4.A.4.a.2.I04,0.00135
2025-01-01,4.A.4.a.2.I06,0.00132
2025-01-01,4.A.4.a.2.I08,0.00075
2025-01-01,4.A.4.a.2.I09,0.00317
2025-01-01,4.A.4.a.2.I11,0.00555
2025-01-01,4.A.4.a.2.I12,0.00084
2025-01-01,4.A.4.a.2.I13,0.00187
2025-01-01,4.A.4.a.3.I02,0.00455
2025-01-01,4.A.4.a.3.I03,0.00820
2025-01-01,4.A.4.a.4.I01,0.00270
2025-01-01,4.A.4.a.5.I01,0.00085
2025-01-01,4.A.4.a.5.I03,0.00068
2025-01-01,4.A.4.a.5.I04,0.00000
2025-01-01,4.A.4.a.5.I08,0.00159
2025-01-01,4.A.4.a.5.I10,0.00014
2025-01-01,4.A.4.a.6.I01,0.00027
2025-01-01,4.A.4.a.6.I02,0.00162
2025-01-01,4.A.4.a.6.I03,0.00453
2025-01-01,4.A.4.a.7.I01,0.00013
2025-01-01,4.A.4.a.7.I02,0.00102
2025-01-01,4.A.4.a.7.I03,0.00089
2025-01-01,4.A.4.a.8.I01,0.00035
2025-01-01,4.A.4.a.8.I02,0.00004
2025-01-01,4.A.4.a.8.I03,0.00107
2025-01-01,4.A.4.b.3.I01,0.00088
2025-01-01,4.A.4.b.3.I02,0.00498
2025-01-01,4.A.4.b.3.I04,0.00093
2025-01-01,4.A.4.b.3.I05,0.00041
2025-01-01,4.A.4.b.5.I01,0.00071
2025-01-01,4.A.4.b.5.I02,0.00111
2025-01-01,4.A.4.b.6.I01,0.00198
2025-01-01,4.A.4.b.6.I02,0.00469
2025-01-01,4.A.4.b.6.I04,0.00644
2025-01-01,4.A.4.b.6.I05,0.00845
2025-01-01,4.A.4.b.6.I06,0.00164
2025-01-01,4.A.4.b.6.I07,0.01269
2025-01-01,4.A.4.b.6.I08,0.00210
2025-01-01,4.A.4.b.6.I10,0.00218
2025-01-01,4.A.4.b.6.I11,0.00231
2025-01-01,4.A.4.c.1.I01,0.00683
2025-01-01,4.A.4.c.1.I03,0.00046
2025-01-01,4.A.4.c.1.I04,0.00057
2025-01-01,4.A.4.c.2.I01,0.00213
2025-01-01,4.A.4.c.3.I05,0.00095
2025-01-01,Other IWA,0.01411
2025-02-01,4.A.1.a.1.I01,0.00509
2025-02-01,4.A.1.a.1.I02,0.00300
2025-02-01,4.A.1.a.1.I03,0.00057
2025-02-01,4.A.1.a.1.I04,0.03729
2025-02-01,4.A.1.a.1.I05,0.00165
2025-02-01,4.A.1.a.1.I06,0.00069
2025-02-01,4.A.1.a.1.I07,0.01300
2025-02-01,4.A.1.a.1.I08,0.00053
2025-02-01,4.A.1.a.1.I09,0.00651
2025-02-01,4.A.1.a.1.I11,0.00053
2025-02-01,4.A.1.a.1.I12,0.00109
2025-02-01,4.A.1.a.1.I13,0.00008
2025-02-01,4.A.1.a.1.I14,0.00116
2025-02-01,4.A.1.a.1.I15,0.00056
2025-02-01,4.A.1.a.1.I16,0.00262
2025-02-01,4.A.1.a.1.I17,0.00281
2025-02-01,4.A.1.a.1.I18,0.01267
2025-02-01,4.A.1.a.1.I19,0.00589
2025-02-01,4.A.1.a.1.I20,0.00292
2025-02-01,4.A.1.a.1.I21,0.00016
2025-02-01,4.A.1.a.1.I23,0.00147
2025-02-01,4.A.1.a.2.I08,0.00014
2025-02-01,4.A.1.a.2.I10,0.00077
2025-02-01,4.A.1.b.1.I02,0.00072
2025-02-01,4.A.1.b.2.I09,0.00064
2025-02-01,4.A.1.b.3.I01,0.00045
2025-02-01,4.A.1.b.3.I02,0.00067
2025-02-01,4.A.1.b.3.I03,0.01664
2025-02-01,4.A.2.a.1.I01,0.00156
2025-02-01,4.A.2.a.1.I02,0.00440
2025-02-01,4.A.2.a.1.I03,0.00278
2025-02-01,4.A.2.a.1.I04,0.00218
2025-02-01,4.A.2.a.1.I06,0.00254
2025-02-01,4.A.2.a.1.I07,0.00855
2025-02-01,4.A.2.a.1.I08,0.00511
2025-02-01,4.A.2.a.1.I09,0.00011
2025-02-01,4.A.2.a.1.I10,0.00037
2025-02-01,4.A.2.a.2.I01,0.00206
2025-02-01,4.A.2.a.2.I03,0.00269
2025-02-01,4.A.2.a.2.I05,0.00062
2025-02-01,4.A.2.a.3.I01,0.00263
2025-02-01,4.A.2.a.4.I01,0.00055
2025-02-01,4.A.2.a.4.I02,0.00709
2025-02-01,4.A.2.a.4.I03,0.00060
2025-02-01,4.A.2.a.4.I04,0.01691
2025-02-01,4.A.2.a.4.I05,0.00019
2025-02-01,4.A.2.a.4.I06,0.00117
2025-02-01,4.A.2.a.4.I07,0.00146
2025-02-01,4.A.2.a.4.I08,0.00525
2025-02-01,4.A.2.a.4.I09,0.00048
2025-02-01,4.A.2.a.4.I10,0.00153
2025-02-01,4.A.2.a.4.I11,0.00610
2025-02-01,4.A.2.a.4.I12,0.00134
2025-02-01,4.A.2.b.1.I01,0.00277
2025-02-01,4.A.2.b.1.I02,0.00123
2025-02-01,4.A.2.b.1.I06,0.00036
2025-02-01,4.A.2.b.1.I07,0.15409
2025-02-01,4.A.2.b.1.I08,0.00092
2025-02-01,4.A.2.b.1.I10,0.00065
2025-02-01,4.A.2.b.1.I11,0.00014
2025-02-01,4.A.2.b.2.I01,0.00130
2025-02-01,4.A.2.b.2.I02,0.00668
2025-02-01,4.A.2.b.2.I03,0.00577
2025-02-01,4.A.2.b.2.I04,0.00010
2025-02-01,4.A.2.b.2.I06,0.00138
2025-02-01,4.A.2.b.2.I07,0.00057
2025-02-01,4.A.2.b.2.I09,0.00137
2025-02-01,4.A.2.b.2.I11,0.00060
2025-02-01,4.A.2.b.2.I12,0.03964
2025-02-01,4.A.2.b.2.I15,0.00979
2025-02-01,4.A.2.b.2.I18,0.01977
2025-02-01,4.A.2.b.2.I19,0.00025
2025-02-01,4.A.2.b.2.I21,0.00305
2025-02-01,4.A.2.b.2.I22,0.00523
2025-02-01,4.A.2.b.2.I23,0.00619
2025-02-01,4.A.2.b.2.I25,0.00233
2025-02-01,4.A.2.b.2.I26,0.00060
2025-02-01,4.A.2.b.2.I27,0.00145
2025-02-01,4.A.2.b.3.I01,0.00770
2025-02-01,4.A.2.b.4.I01,0.00236
2025-02-01,4.A.2.b.4.I03,0.00189
2025-02-01,4.A.2.b.5.I01,0.00054
2025-02-01,4.A.2.b.5.I02,0.00159
2025-02-01,4.A.2.b.5.I03,0.00210
2025-02-01,4.A.2.b.6.I01,0.00211
2025-02-01,4.A.2.b.6.I02,0.00432
2025-02-01,4.A.3.a.1.I01,0.00043
2025-02-01,4.A.3.a.1.I03,0.00048
2025-02-01,4.A.3.a.1.I08,0.00000
2025-02-01,4.A.3.a.1.I16,0.00000
2025-02-01,4.A.3.a.2.I03,0.00039
2025-02-01,4.A.3.a.2.I21,0.00000
2025-02-01,4.A.3.a.2.I46,0.00019
2025-02-01,4.A.3.b.1.I01,0.05542
2025-02-01,4.A.3.b.1.I02,0.00127
2025-02-01,4.A.3.b.1.I03,0.00734
2025-02-01,4.A.3.b.1.I04,0.04417
2025-02-01,4.A.3.b.1.I05,0.00249
2025-02-01,4.A.3.b.1.I06,0.00571
2025-02-01,4.A.3.b.6.I01,0.00638
2025-02-01,4.A.3.b.6.I03,0.00638
2025-02-01,4.A.3.b.6.I05,0.00000
2025-02-01,4.A.3.b.6.I06,0.00548
2025-02-01,4.A.3.b.6.I07,0.00267
2025-02-01,4.A.3.b.6.I08,0.00176
2025-02-01,4.A.3.b.6.I09,0.00165
2025-02-01,4.A.3.b.6.I10,0.00115
2025-02-01,4.A.3.b.6.I12,0.07790
2025-02-01,4.A.3.b.6.I13,0.00769
2025-02-01,4.A.3.b.6.I14,0.00291
2025-02-01,4.A.3.b.6.I15,0.00604
2025-02-01,4.A.3.b.6.I16,0.04891
2025-02-01,4.A.4.a.1.I01,0.03568
2025-02-01,4.A.4.a.1.I02,0.01797
2025-02-01,4.A.4.a.1.I03,0.01807
2025-02-01,4.A.4.a.1.I04,0.01159
2025-02-01,4.A.4.a.1.I05,0.00416
2025-02-01,4.A.4.a.2.I01,0.00034
2025-02-01,4.A.4.a.2.I02,0.00125
2025-02-01,4.A.4.a.2.I03,0.01437
2025-02-01,4.A.4.a.2.I04,0.00167
2025-02-01,4.A.4.a.2.I06,0.00183
2025-02-01,4.A.4.a.2.I08,0.00041
2025-02-01,4.A.4.a.2.I09,0.00387
2025-02-01,4.A.4.a.2.I11,0.00430
2025-02-01,4.A.4.a.2.I12,0.00103
2025-02-01,4.A.4.a.2.I13,0.00139
2025-02-01,4.A.4.a.3.I02,0.00600
2025-02-01,4.A.4.a.3.I03,0.00562
2025-02-01,4.A.4.a.4.I01,0.00284
2025-02-01,4.A.4.a.5.I01,0.00159
2025-02-01,4.A.4.a.5.I03,0.00104
2025-02-01,4.A.4.a.5.I04,0.00028
2025-02-01,4.A.4.a.5.I08,0.00186
2025-02-01,4.A.4.a.5.I10,0.00011
2025-02-01,4.A.4.a.6.I01,0.00038
2025-02-01,4.A.4.a.6.I02,0.00237
2025-02-01,4.A.4.a.6.I03,0.00489
2025-02-01,4.A.4.a.7.I01,0.00000
2025-02-01,4.A.4.a.7.I02,0.00104
2025-02-01,4.A.4.a.7.I03,0.00095
2025-02-01,4.A.4.a.8.I01,0.00004
2025-02-01,4.A.4.a.8.I02,0.00000
2025-02-01,4.A.4.a.8.I03,0.00129
2025-02-01,4.A.4.b.3.I01,0.00062
2025-02-01,4.A.4.b.3.I02,0.00561
2025-02-01,4.A.4.b.3.I04,0.00040
2025-02-01,4.A.4.b.3.I05,0.00030
2025-02-01,4.A.4.b.5.I01,0.00139
2025-02-01,4.A.4.b.5.I02,0.00128
2025-02-01,4.A.4.b.6.I01,0.00249
2025-02-01,4.A.4.b.6.I02,0.00448
2025-02-01,4.A.4.b.6.I04,0.00617
2025-02-01,4.A.4.b.6.I05,0.00789
2025-02-01,4.A.4.b.6.I06,0.00286
2025-02-01,4.A.4.b.6.I07,0.01253
2025-02-01,4.A.4.b.6.I08,0.00295
2025-02-01,4.A.4.b.6.I10,0.00148
2025-02-01,4.A.4.b.6.I11,0.00256
2025-02-01,4.A.4.c.1.I01,0.00653
2025-02-01,4.A.4.c.1.I03,0.00069
2025-02-01,4.A.4.c.1.I04,0.00045
2025-02-01,4.A.4.c.2.I01,0.00207
2025-02-01,4.A.4.c.3.I05,0.00048
2025-02-01,Other IWA,0.01434
2025-03-01,4.A.1.a.1.I01,0.00454
2025-03-01,4.A.1.a.1.I02,0.00283
2025-03-01,4.A.1.a.1.I03,0.00094
2025-03-01,4.A.1.a.1.I04,0.03581
2025-03-01,4.A.1.a.1.I05,0.00123
2025-03-01,4.A.1.a.1.I06,0.00028
2025-03-01,4.A.1.a.1.I07,0.01349
2025-03-01,4.A.1.a.1.I08,0.00082
2025-03-01,4.A.1.a.1.I09,0.00709
2025-03-01,4.A.1.a.1.I11,0.00057
2025-03-01,4.A.1.a.1.I12,0.00118
2025-03-01,4.A.1.a.1.I13,0.00003
2025-03-01,4.A.1.a.1.I14,0.00153
2025-03-01,4.A.1.a.1.I15,0.00099
2025-03-01,4.A.1.a.1.I16,0.00222
2025-03-01,4.A.1.a.1.I17,0.00242
2025-03-01,4.A.1.a.1.I18,0.01031
2025-03-01,4.A.1.a.1.I19,0.00503
2025-03-01,4.A.1.a.1.I20,0.00378
2025-03-01,4.A.1.a.1.I21,0.00053
2025-03-01,4.A.1.a.1.I23,0.00106
2025-03-01,4.A.1.a.2.I08,0.00044
2025-03-01,4.A.1.a.2.I10,0.00078
2025-03-01,4.A.1.b.1.I02,0.00147
2025-03-01,4.A.1.b.2.I09,0.00000
2025-03-01,4.A.1.b.3.I01,0.00062
2025-03-01,4.A.1.b.3.I02,0.00065
2025-03-01,4.A.1.b.3.I03,0.01384
2025-03-01,4.A.2.a.1.I01,0.00083
2025-03-01,4.A.2.a.1.I02,0.00342
2025-03-01,4.A.2.a.1.I03,0.00325
2025-03-01,4.A.2.a.1.I04,0.00215
2025-03-01,4.A.2.a.1.I06,0.00240
2025-03-01,4.A.2.a.1.I07,0.00683
2025-03-01,4.A.2.a.1.I08,0.00478
2025-03-01,4.A.2.a.1.I09,0.00000
2025-03-01,4.A.2.a.1.I10,0.00090
2025-03-01,4.A.2.a.2.I01,0.00250
2025-03-01,4.A.2.a.2.I03,0.00295
2025-03-01,4.A.2.a.2.I05,0.00016
2025-03-01,4.A.2.a.3.I01,0.00203
2025-03-01,4.A.2.a.4.I01,0.00020
2025-03-01,4.A.2.a.4.I02,0.00817
2025-03-01,4.A.2.a.4.I03,0.00066
2025-03-01,4.A.2.a.4.I04,0.01583
2025-03-01,4.A.2.a.4.I05,0.00114
2025-03-01,4.A.2.a.4.I06,0.00063
2025-03-01,4.A.2.a.4.I07,0.00191
2025-03-01,4.A.2.a.4.I08,0.00535
2025-03-01,4.A.2.a.4.I09,0.00085
2025-03-01,4.A.2.a.4.I10,0.00079
2025-03-01,4.A.2.a.4.I11,0.00588
2025-03-01,4.A.2.a.4.I12,0.00175
2025-03-01,4.A.2.b.1.I01,0.00261
2025-03-01,4.A.2.b.1.I02,0.00147
2025-03-01,4.A.2.b.1.I06,0.00102
2025-03-01,4.A.2.b.1.I07,0.15425
2025-03-01,4.A.2.b.1.I08,0.00122
2025-03-01,4.A.2.b.1.I10,0.00000
2025-03-01,4.A.2.b.1.I11,0.00084
2025-03-01,4.A.2.b.2.I01,0.00211
2025-03-01,4.A.2.b.2.I02,0.00464
2025-03-01,4.A.2.b.2.I03,0.00561
2025-03-01,4.A.2.b.2.I04,0.00038
2025-03-01,4.A.2.b.2.I06,0.00109
2025-03-01,4.A.2.b.2.I07,0.00119
2025-03-01,4.A.2.b.2.I09,0.00225
2025-03-01,4.A.2.b.2.I11,0.00097
2025-03-01,4.A.2.b.2.I12,0.04124
2025-03-01,4.A.2.b.2.I15,0.00799
2025-03-01,4.A.2.b.2.I18,0.02041
2025-03-01,4.A.2.b.2.I19,0.00056
2025-03-01,4.A.2.b.2.I21,0.00333
2025-03-01,4.A.2.b.2.I22,0.00514
2025-03-01,4.A.2.b.2.I23,0.00522
2025-03-01,4.A.2.b.2.I25,0.00286
2025-03-01,4.A.2.b.2.I26,0.00058
2025-03-01,4.A.2.b.2.I27,0.00123
2025-03-01,4.A.2.b.3.I01,0.00744
2025-03-01,4.A.2.b.4.I01,0.00292
2025-03-01,4.A.2.b.4.I03,0.00184
2025-03-01,4.A.2.b.5.I01,0.00126
2025-03-01,4.A.2.b.5.I02,0.00201
2025-03-01,4.A.2.b.5.I03,0.00139
2025-03-01,4.A.2.b.6.I01,0.00251
2025-03-01,4.A.2.b.6.I02,0.00365
2025-03-01,4.A.3.a.1.I01,0.00018
2025-03-01,4.A.3.a.1.I03,0.00014
2025-03-01,4.A.3.a.1.I08,0.00000
2025-03-01,4.A.3.a.1.I16,0.00000
2025-03-01,4.A.3.a.2.I03,0.00005
2025-03-01,4.A.3.a.2.I21,0.00009
2025-03-01,4.A.3.a.2.I46,0.00001
2025-03-01,4.A.3.b.1.I01,0.05104
2025-03-01,4.A.3.b.1.I02,0.00094
2025-03-01,4.A.3.b.1.I03,0.00747
2025-03-01,4.A.3.b.1.I04,0.04270
2025-03-01,4.A.3.b.1.I05,0.00305
2025-03-01,4.A.3.b.1.I06,0.00606
2025-03-01,4.A.3.b.6.I01,0.00714
2025-03-01,4.A.3.b.6.I03,0.00694
2025-03-01,4.A.3.b.6.I05,0.00055
2025-03-01,4.A.3.b.6.I06,0.00570
2025-03-01,4.A.3.b.6.I07,0.00298
2025-03-01,4.A.3.b.6.I08,0.00080
2025-03-01,4.A.3.b.6.I09,0.00250
2025-03-01,4.A.3.b.6.I10,0.00121
2025-03-01,4.A.3.b.6.I12,0.08081
2025-03-01,4.A.3.b.6.I13,0.00825
2025-03-01,4.A.3.b.6.I14,0.00342
2025-03-01,4.A.3.b.6.I15,0.00781
2025-03-01,4.A.3.b.6.I16,0.04109
2025-03-01,4.A.4.a.1.I01,0.03801
2025-03-01,4.A.4.a.1.I02,0.01591
2025-03-01,4.A.4.a.1.I03,0.01912
2025-03-01,4.A.4.a.1.I04,0.01095
2025-03-01,4.A.4.a.1.I05,0.00352
2025-03-01,4.A.4.a.2.I01,0.00023
2025-03-01,4.A.4.a.2.I02,0.00139
2025-03-01,4.A.4.a.2.I03,0.01362
2025-03-01,4.A.4.a.2.I04,0.00247
2025-03-01,4.A.4.a.2.I06,0.00169
2025-03-01,4.A.4.a.2.I08,0.00092
2025-03-01,4.A.4.a.2.I09,0.00322
2025-03-01,4.A.4.a.2.I11,0.00595
2025-03-01,4.A.4.a.2.I12,0.00104
2025-03-01,4.A.4.a.2.I13,0.00086
2025-03-01,4.A.4.a.3.I02,0.00612
2025-03-01,4.A.4.a.3.I03,0.00745
2025-03-01,4.A.4.a.4.I01,0.00420
2025-03-01,4.A.4.a.5.I01,0.00189
2025-03-01,4.A.4.a.5.I03,0.00099
2025-03-01,4.A.4.a.5.I04,0.00000
2025-03-01,4.A.4.a.5.I08,0.00208
2025-03-01,4.A.4.a.5.I10,0.00022
2025-03-01,4.A.4.a.6.I01,0.00022
2025-03-01,4.A.4.a.6.I02,0.00270
2025-03-01,4.A.4.a.6.I03,0.00411
2025-03-01,4.A.4.a.7.I01,0.00008
2025-03-01,4.A.4.a.7.I02,0.00169
2025-03-01,4.A.4.a.7.I03,0.00071
2025-03-01,4.A.4.a.8.I01,0.00004
2025-03-01,4.A.4.a.8.I02,0.00000
2025-03-01,4.A.4.a.8.I03,0.00046
2025-03-01,4.A.4.b.3.I01,0.00113
2025-03-01,4.A.4.b.3.I02,0.00571
2025-03-01,4.A.4.b.3.I04,0.00039
2025-03-01,4.A.4.b.3.I05,0.00069
2025-03-01,4.A.4.b.5.I01,0.00168
2025-03-01,4.A.4.b.5.I02,0.00159
2025-03-01,4.A.4.b.6.I01,0.00269
2025-03-01,4.A.4.b.6.I02,0.00517
2025-03-01,4.A.4.b.6.I04,0.00671
2025-03-01,4.A.4.b.6.I05,0.00897
2025-03-01,4.A.4.b.6.I06,0.00259
2025-03-01,4.A.4.b.6.I07,0.01388
2025-03-01,4.A.4.b.6.I08,0.00239
2025-03-01,4.A.4.b.6.I10,0.00170
2025-03-01,4.A.4.b.6.I11,0.00342
2025-03-01,4.A.4.c.1.I01,0.00827
2025-03-01,4.A.4.c.1.I03,0.00021
2025-03-01,4.A.4.c.1.I04,0.00076
2025-03-01,4.A.4.c.2.I01,0.00315
2025-03-01,4.A.4.c.3.I05,0.00082
2025-03-01,Other IWA,0.01419
2025-04-01,4.A.1.a.1.I01,0.00409
2025-04-01,4.A.1.a.1.I02,0.00291
2025-04-01,4.A.1.a.1.I03,0.00053
2025-04-01,4.A.1.a.1.I04,0.03978
2025-04-01,4.A.1.a.1.I05,0.00104
2025-04-01,4.A.1.a.1.I06,0.00042
2025-04-01,4.A.1.a.1.I07,0.01271
2025-04-01,4.A.1.a.1.I08,0.00040
2025-04-01,4.A.1.a.1.I09,0.00557
2025-04-01,4.A.1.a.1.I11,0.00077
2025-04-01,4.A.1.a.1.I12,0.00069
2025-04-01,4.A.1.a.1.I13,0.00000
2025-04-01,4.A.1.a.1.I14,0.00102
2025-04-01,4.A.1.a.1.I15,0.00167
2025-04-01,4.A.1.a.1.I16,0.00178
2025-04-01,4.A.1.a.1.I17,0.00236
2025-04-01,4.A.1.a.1.I18,0.01106
2025-04-01,4.A.1.a.1.I19,0.00582
2025-04-01,4.A.1.a.1.I20,0.00322
2025-04-01,4.A.1.a.1.I21,0.00032
2025-04-01,4.A.1.a.1.I23,0.00074
2025-04-01,4.A.1.a.2.I08,0.00026
2025-04-01,4.A.1.a.2.I10,0.00103
2025-04-01,4.A.1.b.1.I02,0.00130
2025-04-01,4.A.1.b.2.I09,0.00036
2025-04-01,4.A.1.b.3.I01,0.00124
2025-04-01,4.A.1.b.3.I02,0.00132
2025-04-01,4.A.1.b.3.I03,0.01491
2025-04-01,4.A.2.a.1.I01,0.00054
2025-04-01,4.A.2.a.1.I02,0.00394
2025-04-01,4.A.2.a.1.I03,0.00196
2025-04-01,4.A.2.a.1.I04,0.00186
2025-04-01,4.A.2.a.1.I06,0.00284
2025-04-01,4.A.2.a.1.I07,0.00692
2025-04-01,4.A.2.a.1.I08,0.00300
2025-04-01,4.A.2.a.1.I09,0.00000
2025-04-01,4.A.2.a.1.I10,0.00126
2025-04-01,4.A.2.a.2.I01,0.00172
2025-04-01,4.A.2.a.2.I03,0.00217
2025-04-01,4.A.2.a.2.I05,0.00060
2025-04-01,4.A.2.a.3.I01,0.00268
2025-04-01,4.A.2.a.4.I01,0.00033
2025-04-01,4.A.2.a.4.I02,0.00673
2025-04-01,4.A.2.a.4.I03,0.00032
2025-04-01,4.A.2.a.4.I04,0.01320
2025-04-01,4.A.2.a.4.I05,0.00041
2025-04-01,4.A.2.a.4.I06,0.00150
2025-04-01,4.A.2.a.4.I07,0.00161
2025-04-01,4.A.2.a.4.I08,0.00481
2025-04-01,4.A.2.a.4.I09,0.00069
2025-04-01,4.A.2.a.4.I10,0.00074
2025-04-01,4.A.2.a.4.I11,0.00622
2025-04-01,4.A.2.a.4.I12,0.00133
2025-04-01,4.A.2.b.1.I01,0.00310
2025-04-01,4.A.2.b.1.I02,0.00245
2025-04-01,4.A.2.b.1.I06,0.00102
2025-04-01,4.A.2.b.1.I07,0.13945
2025-04-01,4.A.2.b.1.I08,0.00023
2025-04-01,4.A.2.b.1.I10,0.00107
2025-04-01,4.A.2.b.1.I11,0.00136
2025-04-01,4.A.2.b.2.I01,0.00228
2025-04-01,4.A.2.b.2.I02,0.00537
2025-04-01,4.A.2.b.2.I03,0.00664
2025-04-01,4.A.2.b.2.I04,0.00085
2025-04-01,4.A.2.b.2.I06,0.00145
2025-04-01,4.A.2.b.2.I07,0.00126
2025-04-01,4.A.2.b.2.I09,0.00218
2025-04-01,4.A.2.b.2.I11,0.00070
2025-04-01,4.A.2.b.2.I12,0.04088
2025-04-01,4.A.2.b.2.I15,0.00734
2025-04-01,4.A.2.b.2.I18,0.03237
2025-04-01,4.A.2.b.2.I19,0.00025
2025-04-01,4.A.2.b.2.I21,0.00411
2025-04-01,4.A.2.b.2.I22,0.00779
2025-04-01,4.A.2.b.2.I23,0.00513
2025-04-01,4.A.2.b.2.I25,0.00312
2025-04-01,4.A.2.b.2.I26,0.00000
2025-04-01,4.A.2.b.2.I27,0.00136
2025-04-01,4.A.2.b.3.I01,0.00690
2025-04-01,4.A.2.b.4.I01,0.00221
2025-04-01,4.A.2.b.4.I03,0.00128
2025-04-01,4.A.2.b.5.I01,0.00066
2025-04-01,4.A.2.b.5.I02,0.00253
2025-04-01,4.A.2.b.5.I03,0.00167
2025-04-01,4.A.2.b.6.I01,0.00141
2025-04-01,4.A.2.b.6.I02,0.00548
2025-04-01,4.A.3.a.1.I01,0.00032
2025-04-01,4.A.3.a.1.I03,0.00020
2025-04-01,4.A.3.a.1.I08,0.00002
2025-04-01,4.A.3.a.1.I16,0.00004
2025-04-01,4.A.3.a.2.I03,0.00007
2025-04-01,4.A.3.a.2.I21,0.00016
2025-04-01,4.A.3.a.2.I46,0.00033
2025-04-01,4.A.3.b.1.I01,0.04756
2025-04-01,4.A.3.b.1.I02,0.00110
2025-04-01,4.A.3.b.1.I03,0.00727
2025-04-01,4.A.3.b.1.I04,0.04054
2025-04-01,4.A.3.b.1.I05,0.00308
2025-04-01,4.A.3.b.1.I06,0.00795
2025-04-01,4.A.3.b.6.I01,0.00810
2025-04-01,4.A.3.b.6.I03,0.00607
2025-04-01,4.A.3.b.6.I05,0.00036
2025-04-01,4.A.3.b.6.I06,0.00588
2025-04-01,4.A.3.b.6.I07,0.00339
2025-04-01,4.A.3.b.6.I08,0.00168
2025-04-01,4.A.3.b.6.I09,0.00263
2025-04-01,4.A.3.b.6.I10,0.00112
2025-04-01,4.A.3.b.6.I12,0.09711
2025-04-01,4.A.3.b.6.I13,0.01101
2025-04-01,4.A.3.b.6.I14,0.00338
2025-04-01,4.A.3.b.6.I15,0.00743
2025-04-01,4.A.3.b.6.I16,0.04002
2025-04-01,4.A.4.a.1.I01,0.03257
2025-04-01,4.A.4.a.1.I02,0.01593
2025-04-01,4.A.4.a.1.I03,0.01515
2025-04-01,4.A.4.a.1.I04,0.00985
2025-04-01,4.A.4.a.1.I05,0.00387
2025-04-01,4.A.4.a.2.I01,0.00033
2025-04-01,4.A.4.a.2.I02,0.00230
2025-04-01,4.A.4.a.2.I03,0.01288
2025-04-01,4.A.4.a.2.I04,0.00142
2025-04-01,4.A.4.a.2.I06,0.00137
2025-04-01,4.A.4.a.2.I08,0.00075
2025-04-01,4.A.4.a.2.I09,0.00454
2025-04-01,4.A.4.a.2.I11,0.00434
2025-04-01,4.A.4.a.2.I12,0.00082
2025-04-01,4.A.4.a.2.I13,0.00121
2025-04-01,4.A.4.a.3.I02,0.00635
2025-04-01,4.A.4.a.3.I03,0.00805
2025-04-01,4.A.4.a.4.I01,0.00311
2025-04-01,4.A.4.a.5.I01,0.00108
2025-04-01,4.A.4.a.5.I03,0.00069
2025-04-01,4.A.4.a.5.I04,0.00007
2025-04-01,4.A.4.a.5.I08,0.00290
2025-04-01,4.A.4.a.5.I10,0.00027
2025-04-01,4.A.4.a.6.I01,0.00031
2025-04-01,4.A.4.a.6.I02,0.00239
2025-04-01,4.A.4.a.6.I03,0.00475
2025-04-01,4.A.4.a.7.I01,0.00014
2025-04-01,4.A.4.a.7.I02,0.00189
2025-04-01,4.A.4.a.7.I03,0.00074
2025-04-01,4.A.4.a.8.I01,0.00000
2025-04-01,4.A.4.a.8.I02,0.00000
2025-04-01,4.A.4.a.8.I03,0.00065
2025-04-01,4.A.4.b.3.I01,0.00066
2025-04-01,4.A.4.b.3.I02,0.00570
2025-04-01,4.A.4.b.3.I04,0.00183
2025-04-01,4.A.4.b.3.I05,0.00020
2025-04-01,4.A.4.b.5.I01,0.00180
2025-04-01,4.A.4.b.5.I02,0.00083
2025-04-01,4.A.4.b.6.I01,0.00246
2025-04-01,4.A.4.b.6.I02,0.00534
2025-04-01,4.A.4.b.6.I04,0.00801
2025-04-01,4.A.4.b.6.I05,0.00654
2025-04-01,4.A.4.b.6.I06,0.00238
2025-04-01,4.A.4.b.6.I07,0.01320
2025-04-01,4.A.4.b.6.I08,0.00296
2025-04-01,4.A.4.b.6.I10,0.00244
2025-04-01,4.A.4.b.6.I11,0.00354
2025-04-01,4.A.4.c.1.I01,0.00693
2025-04-01,4.A.4.c.1.I03,0.00041
2025-04-01,4.A.4.c.1.I04,0.00062
2025-04-01,4.A.4.c.2.I01,0.00221
2025-04-01,4.A.4.c.3.I05,0.00087
2025-04-01,Other IWA,0.01496
2025-05-01,4.A.1.a.1.I01,0.00389
2025-05-01,4.A.1.a.1.I02,0.00220
2025-05-01,4.A.1.a.1.I03,0.00000
2025-05-01,4.A.1.a.1.I04,0.03522
2025-05-01,4.A.1.a.1.I05,0.00140
2025-05-01,4.A.1.a.1.I06,0.00065
2025-05-01,4.A.1.a.1.I07,0.01522
2025-05-01,4.A.1.a.1.I08,0.00035
2025-05-01,4.A.1.a.1.I09,0.00330
2025-05-01,4.A.1.a.1.I11,0.00001
2025-05-01,4.A.1.a.1.I12,0.00009
2025-05-01,4.A.1.a.1.I13,0.00019
2025-05-01,4.A.1.a.1.I14,0.00163
2025-05-01,4.A.1.a.1.I15,0.00119
2025-05-01,4.A.1.a.1.I16,0.00155
2025-05-01,4.A.1.a.1.I17,0.00310
2025-05-01,4.A.1.a.1.I18,0.00772
2025-05-01,4.A.1.a.1.I19,0.00387
2025-05-01,4.A.1.a.1.I20,0.00203
2025-05-01,4.A.1.a.1.I21,0.00035
2025-05-01,4.A.1.a.1.I23,0.00050
2025-05-01,4.A.1.a.2.I08,0.00048
2025-05-01,4.A.1.a.2.I10,0.00115
2025-05-01,4.A.1.b.1.I02,0.00108
2025-05-01,4.A.1.b.2.I09,0.00024
2025-05-01,4.A.1.b.3.I01,0.00068
2025-05-01,4.A.1.b.3.I02,0.00104
2025-05-01,4.A.1.b.3.I03,0.00986
2025-05-01,4.A.2.a.1.I01,0.00098
2025-05-01,4.A.2.a.1.I02,0.00503
2025-05-01,4.A.2.a.1.I03,0.00259
2025-05-01,4.A.2.a.1.I04,0.00261
2025-05-01,4.A.2.a.1.I06,0.00224
2025-05-01,4.A.2.a.1.I07,0.00739
2025-05-01,4.A.2.a.1.I08,0.00318
2025-05-01,4.A.2.a.1.I09,0.00060
2025-05-01,4.A.2.a.1.I10,0.00065
2025-05-01,4.A.2.a.2.I01,0.00194
2025-05-01,4.A.2.a.2.I03,0.00295
2025-05-01,4.A.2.a.2.I05,0.00025
2025-05-01,4.A.2.a.3.I01,0.00230
2025-05-01,4.A.2.a.4.I01,0.00071
2025-05-01,4.A.2.a.4.I02,0.00611
2025-05-01,4.A.2.a.4.I03,0.00028
2025-05-01,4.A.2.a.4.I04,0.00991
2025-05-01,4.A.2.a.4.I05,0.00098
2025-05-01,4.A.2.a.4.I06,0.00055
2025-05-01,4.A.2.a.4.I07,0.00111
2025-05-01,4.A.2.a.4.I08,0.00478
2025-05-01,4.A.2.a.4.I09,0.00024
2025-05-01,4.A.2.a.4.I10,0.00070
2025-05-01,4.A.2.a.4.I11,0.00450
2025-05-01,4.A.2.a.4.I12,0.00034
2025-05-01,4.A.2.b.1.I01,0.00411
2025-05-01,4.A.2.b.1.I02,0.00181
2025-05-01,4.A.2.b.1.I06,0.00110
2025-05-01,4.A.2.b.1.I07,0.14762
2025-05-01,4.A.2.b.1.I08,0.00128
2025-05-01,4.A.2.b.1.I10,0.00095
2025-05-01,4.A.2.b.1.I11,0.00069
2025-05-01,4.A.2.b.2.I01,0.00177
2025-05-01,4.A.2.b.2.I02,0.00584
2025-05-01,4.A.2.b.2.I03,0.00559
2025-05-01,4.A.2.b.2.I04,0.00053
2025-05-01,4.A.2.b.2.I06,0.00079
2025-05-01,4.A.2.b.2.I07,0.00166
2025-05-01,4.A.2.b.2.I09,0.00235
2025-05-01,4.A.2.b.2.I11,0.00106
2025-05-01,4.A.2.b.2.I12,0.04762
2025-05-01,4.A.2.b.2.I15,0.00858
2025-05-01,4.A.2.b.2.I18,0.03752
2025-05-01,4.A.2.b.2.I19,0.00046
2025-05-01,4.A.2.b.2.I21,0.00350
2025-05-01,4.A.2.b.2.I22,0.00802
2025-05-01,4.A.2.b.2.I23,0.00464
2025-05-01,4.A.2.b.2.I25,0.00271
2025-05-01,4.A.2.b.2.I26,0.00000
2025-05-01,4.A.2.b.2.I27,0.00149
2025-05-01,4.A.2.b.3.I01,0.00604
2025-05-01,4.A.2.b.4.I01,0.00223
2025-05-01,4.A.2.b.4.I03,0.00139
2025-05-01,4.A.2.b.5.I01,0.00054
2025-05-01,4.A.2.b.5.I02,0.00244
2025-05-01,4.A.2.b.5.I03,0.00292
2025-05-01,4.A.2.b.6.I01,0.00300
2025-05-01,4.A.2.b.6.I02,0.00571
2025-05-01,4.A.3.a.1.I01,0.00022
2025-05-01,4.A.3.a.1.I03,0.00032
2025-05-01,4.A.3.a.1.I08,0.00004
2025-05-01,4.A.3.a.1.I16,0.00006
2025-05-01,4.A.3.a.2.I03,0.00000
2025-05-01,4.A.3.a.2.I21,0.00006
2025-05-01,4.A.3.a.2.I46,0.00087
2025-05-01,4.A.3.b.1.I01,0.04198
2025-05-01,4.A.3.b.1.I02,0.00102
2025-05-01,4.A.3.b.1.I03,0.00725
2025-05-01,4.A.3.b.1.I04,0.04035
2025-05-01,4.A.3.b.1.I05,0.00380
2025-05-01,4.A.3.b.1.I06,0.00550
2025-05-01,4.A.3.b.6.I01,0.00509
2025-05-01,4.A.3.b.6.I03,0.00523
2025-05-01,4.A.3.b.6.I05,0.00063
2025-05-01,4.A.3.b.6.I06,0.00790
2025-05-01,4.A.3.b.6.I07,0.00348
2025-05-01,4.A.3.b.6.I08,0.00228
2025-05-01,4.A.3.b.6.I09,0.00387
2025-05-01,4.A.3.b.6.I10,0.00096
2025-05-01,4.A.3.b.6.I12,0.08737
2025-05-01,4.A.3.b.6.I13,0.01107
2025-05-01,4.A.3.b.6.I14,0.00396
2025-05-01,4.A.3.b.6.I15,0.00875
2025-05-01,4.A.3.b.6.I16,0.05334
2025-05-01,4.A.4.a.1.I01,0.03319
2025-05-01,4.A.4.a.1.I02,0.01586
2025-05-01,4.A.4.a.1.I03,0.01472
2025-05-01,4.A.4.a.1.I04,0.00630
2025-05-01,4.A.4.a.1.I05,0.00304
2025-05-01,4.A.4.a.2.I01,0.00039
2025-05-01,4.A.4.a.2.I02,0.00144
2025-05-01,4.A.4.a.2.I03,0.01654
2025-05-01,4.A.4.a.2.I04,0.00202
2025-05-01,4.A.4.a.2.I06,0.00120
2025-05-01,4.A.4.a.2.I08,0.00147
2025-05-01,4.A.4.a.2.I09,0.00391
2025-05-01,4.A.4.a.2.I11,0.00441
2025-05-01,4.A.4.a.2.I12,0.00085
2025-05-01,4.A.4.a.2.I13,0.00117
2025-05-01,4.A.4.a.3.I02,0.00377
2025-05-01,4.A.4.a.3.I03,0.00810
2025-05-01,4.A.4.a.4.I01,0.00223
2025-05-01,4.A.4.a.5.I01,0.00119
2025-05-01,4.A.4.a.5.I03,0.00024
2025-05-01,4.A.4.a.5.I04,0.00028
2025-05-01,4.A.4.a.5.I08,0.00235
2025-05-01,4.A.4.a.5.I10,0.00025
2025-05-01,4.A.4.a.6.I01,0.00110
2025-05-01,4.A.4.a.6.I02,0.00258
2025-05-01,4.A.4.a.6.I03,0.00469
2025-05-01,4.A.4.a.7.I01,0.00004
2025-05-01,4.A.4.a.7.I02,0.00096
2025-05-01,4.A.4.a.7.I03,0.00123
2025-05-01,4.A.4.a.8.I01,0.00000
2025-05-01,4.A.4.a.8.I02,0.00074
2025-05-01,4.A.4.a.8.I03,0.00120
2025-05-01,4.A.4.b.3.I01,0.00158
2025-05-01,4.A.4.b.3.I02,0.00556
2025-05-01,4.A.4.b.3.I04,0.00093
2025-05-01,4.A.4.b.3.I05,0.00067
2025-05-01,4.A.4.b.5.I01,0.00175
2025-05-01,4.A.4.b.5.I02,0.00129
2025-05-01,4.A.4.b.6.I01,0.00155
2025-05-01,4.A.4.b.6.I02,0.00459
2025-05-01,4.A.4.b.6.I04,0.00723
2025-05-01,4.A.4.b.6.I05,0.00807
2025-05-01,4.A.4.b.6.I06,0.00213
2025-05-01,4.A.4.b.6.I07,0.01483
2025-05-01,4.A.4.b.6.I08,0.00365
2025-05-01,4.A.4.b.6.I10,0.00181
2025-05-01,4.A.4.b.6.I11,0.00323
2025-05-01,4.A.4.c.1.I01,0.00993
2025-05-01,4.A.4.c.1.I03,0.00019
2025-05-01,4.A.4.c.1.I04,0.00002
2025-05-01,4.A.4.c.2.I01,0.00249
2025-05-01,4.A.4.c.3.I05,0.00092
2025-05-01,Other IWA,0.01684
2025-06-01,4.A.1.a.1.I01,0.00258
2025-06-01,4.A.1.a.1.I02,0.00222
2025-06-01,4.A.1.a.1.I03,0.00012
2025-06-01,4.A.1.a.1.I04,0.03776
2025-06-01,4.A.1.a.1.I05,0.00128
2025-06-01,4.A.1.a.1.I06,0.00052
2025-06-01,4.A.1.a.1.I07,0.01618
2025-06-01,4.A.1.a.1.I08,0.00025
2025-06-01,4.A.1.a.1.I09,0.00275
2025-06-01,4.A.1.a.1.I11,0.00006
2025-06-01,4.A.1.a.1.I12,0.00038
2025-06-01,4.A.1.a.1.I13,0.00007
2025-06-01,4.A.1.a.1.I14,0.00145
2025-06-01,4.A.1.a.1.I15,0.00192
2025-06-01,4.A.1.a.1.I16,0.00125
2025-06-01,4.A.1.a.1.I17,0.00312
2025-06-01,4.A.1.a.1.I18,0.00576
2025-06-01,4.A.1.a.1.I19,0.00364
2025-06-01,4.A.1.a.1.I20,0.00256
2025-06-01,4.A.1.a.1.I21,0.00003
2025-06-01,4.A.1.a.1.I23,0.00098
2025-06-01,4.A.1.a.2.I08,0.00079
2025-06-01,4.A.1.a.2.I10,0.00027
2025-06-01,4.A.1.b.1.I02,0.00194
2025-06-01,4.A.1.b.2.I09,0.00027
2025-06-01,4.A.1.b.3.I01,0.00107
2025-06-01,4.A.1.b.3.I02,0.00079
2025-06-01,4.A.1.b.3.I03,0.01136
2025-06-01,4.A.2.a.1.I01,0.00134
2025-06-01,4.A.2.a.1.I02,0.00246
2025-06-01,4.A.2.a.1.I03,0.00203
2025-06-01,4.A.2.a.1.I04,0.00209
2025-06-01,4.A.2.a.1.I06,0.00283
2025-06-01,4.A.2.a.1.I07,0.00698
2025-06-01,4.A.2.a.1.I08,0.00182
2025-06-01,4.A.2.a.1.I09,0.00078
2025-06-01,4.A.2.a.1.I10,0.00000
2025-06-01,4.A.2.a.2.I01,0.00210
2025-06-01,4.A.2.a.2.I03,0.00254
2025-06-01,4.A.2.a.2.I05,0.00034
2025-06-01,4.A.2.a.3.I01,0.00275
2025-06-01,4.A.2.a.4.I01,0.00030
2025-06-01,4.A.2.a.4.I02,0.00579
2025-06-01,4.A.2.a.4.I03,0.00014
2025-06-01,4.A.2.a.4.I04,0.00701
2025-06-01,4.A.2.a.4.I05,0.00155
2025-06-01,4.A.2.a.4.I06,0.00100
2025-06-01,4.A.2.a.4.I07,0.00138
2025-06-01,4.A.2.a.4.I08,0.00460
2025-06-01,4.A.2.a.4.I09,0.00053
2025-06-01,4.A.2.a.4.I10,0.00055
2025-06-01,4.A.2.a.4.I11,0.00437
2025-06-01,4.A.2.a.4.I12,0.00127
2025-06-01,4.A.2.b.1.I01,0.00502
2025-06-01,4.A.2.b.1.I02,0.00169
2025-06-01,4.A.2.b.1.I06,0.00000
2025-06-01,4.A.2.b.1.I07,0.13583
2025-06-01,4.A.2.b.1.I08,0.00142
2025-06-01,4.A.2.b.1.I10,0.00068
2025-06-01,4.A.2.b.1.I11,0.00124
2025-06-01,4.A.2.b.2.I01,0.00202
2025-06-01,4.A.2.b.2.I02,0.00665
2025-06-01,4.A.2.b.2.I03,0.00617
2025-06-01,4.A.2.b.2.I04,0.00040
2025-06-01,4.A.2.b.2.I06,0.00069
2025-06-01,4.A.2.b.2.I07,0.00162
2025-06-01,4.A.2.b.2.I09,0.00348
2025-06-01,4.A.2.b.2.I11,0.00132
2025-06-01,4.A.2.b.2.I12,0.05064
2025-06-01,4.A.2.b.2.I15,0.00645
2025-06-01,4.A.2.b.2.I18,0.03288
2025-06-01,4.A.2.b.2.I19,0.00017
2025-06-01,4.A.2.b.2.I21,0.00270
2025-06-01,4.A.2.b.2.I22,0.00884
2025-06-01,4.A.2.b.2.I23,0.00360
2025-06-01,4.A.2.b.2.I25,0.00281
2025-06-01,4.A.2.b.2.I26,0.00021
2025-06-01,4.A.2.b.2.I27,0.00116
2025-06-01,4.A.2.b.3.I01,0.00502
2025-06-01,4.A.2.b.4.I01,0.00193
2025-06-01,4.A.2.b.4.I03,0.00194
2025-06-01,4.A.2.b.5.I01,0.00187
2025-06-01,4.A.2.b.5.I02,0.00318
2025-06-01,4.A.2.b.5.I03,0.00223
2025-06-01,4.A.2.b.6.I01,0.00234
2025-06-01,4.A.2.b.6.I02,0.00797
2025-06-01,4.A.3.a.1.I01,0.00052
2025-06-01,4.A.3.a.1.I03,0.00042
2025-06-01,4.A.3.a.1.I08,0.00024
2025-06-01,4.A.3.a.1.I16,0.00019
2025-06-01,4.A.3.a.2.I03,0.00067
2025-06-01,4.A.3.a.2.I21,0.00022
2025-06-01,4.A.3.a.2.I46,0.00080
2025-06-01,4.A.3.b.1.I01,0.03935
2025-06-01,4.A.3.b.1.I02,0.00136
2025-06-01,4.A.3.b.1.I03,0.01076
2025-06-01,4.A.3.b.1.I04,0.04073
2025-06-01,4.A.3.b.1.I05,0.00292
2025-06-01,4.A.3.b.1.I06,0.00600
2025-06-01,4.A.3.b.6.I01,0.00595
2025-06-01,4.A.3.b.6.I03,0.00444
2025-06-01,4.A.3.b.6.I05,0.00070
2025-06-01,4.A.3.b.6.I06,0.00800
2025-06-01,4.A.3.b.6.I07,0.00352
2025-06-01,4.A.3.b.6.I08,0.00244
2025-06-01,4.A.3.b.6.I09,0.00296
2025-06-01,4.A.3.b.6.I10,0.00000
2025-06-01,4.A.3.b.6.I12,0.08173
2025-06-01,4.A.3.b.6.I13,0.01295
2025-06-01,4.A.3.b.6.I14,0.00590
2025-06-01,4.A.3.b.6.I15,0.00852
2025-06-01,4.A.3.b.6.I16,0.05123
2025-06-01,4.A.4.a.1.I01,0.03145
2025-06-01,4.A.4.a.1.I02,0.01923
2025-06-01,4.A.4.a.1.I03,0.01523
2025-06-01,4.A.4.a.1.I04,0.00756
2025-06-01,4.A.4.a.1.I05,0.00399
2025-06-01,4.A.4.a.2.I01,0.00038
2025-06-01,4.A.4.a.2.I02,0.00080
2025-06-01,4.A.4.a.2.I03,0.01693
2025-06-01,4.A.4.a.2.I04,0.00240
2025-06-01,4.A.4.a.2.I06,0.00167
2025-06-01,4.A.4.a.2.I08,0.00091
2025-06-01,4.A.4.a.2.I09,0.00538
2025-06-01,4.A.4.a.2.I11,0.00851
2025-06-01,4.A.4.a.2.I12,0.00087
2025-06-01,4.A.4.a.2.I13,0.00134
2025-06-01,4.A.4.a.3.I02,0.00341
2025-06-01,4.A.4.a.3.I03,0.00975
2025-06-01,4.A.4.a.4.I01,0.00333
2025-06-01,4.A.4.a.5.I01,0.00234
2025-06-01,4.A.4.a.5.I03,0.00067
2025-06-01,4.A.4.a.5.I04,0.00037
2025-06-01,4.A.4.a.5.I08,0.00220
2025-06-01,4.A.4.a.5.I10,0.00035
2025-06-01,4.A.4.a.6.I01,0.00046
2025-06-01,4.A.4.a.6.I02,0.00287
2025-06-01,4.A.4.a.6.I03,0.00514
2025-06-01,4.A.4.a.7.I01,0.00006
2025-06-01,4.A.4.a.7.I02,0.00219
2025-06-01,4.A.4.a.7.I03,0.00121
2025-06-01,4.A.4.a.8.I01,0.00054
2025-06-01,4.A.4.a.8.I02,0.00000
2025-06-01,4.A.4.a.8.I03,0.00098
2025-06-01,4.A.4.b.3.I01,0.00057
2025-06-01,4.A.4.b.3.I02,0.00387
2025-06-01,4.A.4.b.3.I04,0.00032
2025-06-01,4.A.4.b.3.I05,0.00039
2025-06-01,4.A.4.b.5.I01,0.00167
2025-06-01,4.A.4.b.5.I02,0.00262
2025-06-01,4.A.4.b.6.I01,0.00198
2025-06-01,4.A.4.b.6.I02,0.00576
2025-06-01,4.A.4.b.6.I04,0.00866
2025-06-01,4.A.4.b.6.I05,0.00713
2025-06-01,4.A.4.b.6.I06,0.00325
2025-06-01,4.A.4.b.6.I07,0.01406
2025-06-01,4.A.4.b.6.I08,0.00357
2025-06-01,4.A.4.b.6.I10,0.00357
2025-06-01,4.A.4.b.6.I11,0.00352
2025-06-01,4.A.4.c.1.I01,0.00904
2025-06-01,4.A.4.c.1.I03,0.00059
2025-06-01,4.A.4.c.1.I04,0.00122
2025-06-01,4.A.4.c.2.I01,0.00252
2025-06-01,4.A.4.c.3.I05,0.00152
2025-06-01,Other IWA,0.01707
2025-07-01,4.A.1.a.1.I01,0.00152
2025-07-01,4.A.1.a.1.I02,0.00292
2025-07-01,4.A.1.a.1.I03,0.00050
2025-07-01,4.A.1.a.1.I04,0.03863
2025-07-01,4.A.1.a.1.I05,0.00206
2025-07-01,4.A.1.a.1.I06,0.00076
2025-07-01,4.A.1.a.1.I07,0.01827
2025-07-01,4.A.1.a.1.I08,0.00021
2025-07-01,4.A.1.a.1.I09,0.00372
2025-07-01,4.A.1.a.1.I11,0.00060
2025-07-01,4.A.1.a.1.I12,0.00053
2025-07-01,4.A.1.a.1.I13,0.00002
2025-07-01,4.A.1.a.1.I14,0.00045
2025-07-01,4.A.1.a.1.I15,0.00182
2025-07-01,4.A.1.a.1.I16,0.00127
2025-07-01,4.A.1.a.1.I17,0.00404
2025-07-01,4.A.1.a.1.I18,0.00346
2025-07-01,4.A.1.a.1.I19,0.00587
2025-07-01,4.A.1.a.1.I20,0.00216
2025-07-01,4.A.1.a.1.I21,0.00024
2025-07-01,4.A.1.a.1.I23,0.00017
2025-07-01,4.A.1.a.2.I08,0.00050
2025-07-01,4.A.1.a.2.I10,0.00079
2025-07-01,4.A.1.b.1.I02,0.00163
2025-07-01,4.A.1.b.2.I09,0.00000
2025-07-01,4.A.1.b.3.I01,0.00080
2025-07-01,4.A.1.b.3.I02,0.00183
2025-07-01,4.A.1.b.3.I03,0.01324
2025-07-01,4.A.2.a.1.I01,0.00096
2025-07-01,4.A.2.a.1.I02,0.00271
2025-07-01,4.A.2.a.1.I03,0.00164
2025-07-01,4.A.2.a.1.I04,0.00269
2025-07-01,4.A.2.a.1.I06,0.00203
2025-07-01,4.A.2.a.1.I07,0.00732
2025-07-01,4.A.2.a.1.I08,0.00206
2025-07-01,4.A.2.a.1.I09,0.00012
2025-07-01,4.A.2.a.1.I10,0.00095
2025-07-01,4.A.2.a.2.I01,0.00261
2025-07-01,4.A.2.a.2.I03,0.00304
2025-07-01,4.A.2.a.2.I05,0.00000
2025-07-01,4.A.2.a.3.I01,0.00324
2025-07-01,4.A.2.a.4.I01,0.00068
2025-07-01,4.A.2.a.4.I02,0.00667
2025-07-01,4.A.2.a.4.I03,0.00004
2025-07-01,4.A.2.a.4.I04,0.00624
2025-07-01,4.A.2.a.4.I05,0.00091
2025-07-01,4.A.2.a.4.I06,0.00076
2025-07-01,4.A.2.a.4.I07,0.00185
2025-07-01,4.A.2.a.4.I08,0.00503
2025-07-01,4.A.2.a.4.I09,0.00013
2025-07-01,4.A.2.a.4.I10,0.00101
2025-07-01,4.A.2.a.4.I11,0.00540
2025-07-01,4.A.2.a.4.I12,0.00104
2025-07-01,4.A.2.b.1.I01,0.00480
2025-07-01,4.A.2.b.1.I02,0.00268
2025-07-01,4.A.2.b.1.I06,0.00078
2025-07-01,4.A.2.b.1.I07,0.13660
2025-07-01,4.A.2.b.1.I08,0.00134
2025-07-01,4.A.2.b.1.I10,0.00077
2025-07-01,4.A.2.b.1.I11,0.00184
2025-07-01,4.A.2.b.2.I01,0.00163
2025-07-01,4.A.2.b.2.I02,0.00690
2025-07-01,4.A.2.b.2.I03,0.00495
2025-07-01,4.A.2.b.2.I04,0.00044
2025-07-01,4.A.2.b.2.I06,0.00087
2025-07-01,4.A.2.b.2.I07,0.00202
2025-07-01,4.A.2.b.2.I09,0.00407
2025-07-01,4.A.2.b.2.I11,0.00140
2025-07-01,4.A.2.b.2.I12,0.05098
2025-07-01,4.A.2.b.2.I15,0.00530
2025-07-01,4.A.2.b.2.I18,0.03233
2025-07-01,4.A.2.b.2.I19,0.00066
2025-07-01,4.A.2.b.2.I21,0.00278
2025-07-01,4.A.2.b.2.I22,0.00936
2025-07-01,4.A.2.b.2.I23,0.00327
2025-07-01,4.A.2.b.2.I25,0.00368
2025-07-01,4.A.2.b.2.I26,0.00000
2025-07-01,4.A.2.b.2.I27,0.00214
2025-07-01,4.A.2.b.3.I01,0.00683
2025-07-01,4.A.2.b.4.I01,0.00285
2025-07-01,4.A.2.b.4.I03,0.00163
2025-07-01,4.A.2.b.5.I01,0.00120
2025-07-01,4.A.2.b.5.I02,0.00316
2025-07-01,4.A.2.b.5.I03,0.00290
2025-07-01,4.A.2.b.6.I01,0.00275
2025-07-01,4.A.2.b.6.I02,0.00676
2025-07-01,4.A.3.a.1.I01,0.00108
2025-07-01,4.A.3.a.1.I03,0.00014
2025-07-01,4.A.3.a.1.I08,0.00000
2025-07-01,4.A.3.a.1.I16,0.00000
2025-07-01,4.A.3.a.2.I03,0.00100
2025-07-01,4.A.3.a.2.I21,0.00023
2025-07-01,4.A.3.a.2.I46,0.00003
2025-07-01,4.A.3.b.1.I01,0.03887
2025-07-01,4.A.3.b.1.I02,0.00047
2025-07-01,4.A.3.b.1.I03,0.00819
2025-07-01,4.A.3.b.1.I04,0.03971
2025-07-01,4.A.3.b.1.I05,0.00277
2025-07-01,4.A.3.b.1.I06,0.00647
2025-07-01,4.A.3.b.6.I01,0.00496
2025-07-01,4.A.3.b.6.I03,0.00314
2025-07-01,4.A.3.b.6.I05,0.00099
2025-07-01,4.A.3.b.6.I06,0.00844
2025-07-01,4.A.3.b.6.I07,0.00389
2025-07-01,4.A.3.b.6.I08,0.00236
2025-07-01,4.A.3.b.6.I09,0.00312
2025-07-01,4.A.3.b.6.I10,0.00012
2025-07-01,4.A.3.b.6.I12,0.07751
2025-07-01,4.A.3.b.6.I13,0.01441
2025-07-01,4.A.3.b.6.I14,0.00449
2025-07-01,4.A.3.b.6.I15,0.00919
2025-07-01,4.A.3.b.6.I16,0.04387
2025-07-01,4.A.4.a.1.I01,0.02900
2025-07-01,4.A.4.a.1.I02,0.01778
2025-07-01,4.A.4.a.1.I03,0.01889
2025-07-01,4.A.4.a.1.I04,0.00680
2025-07-01,4.A.4.a.1.I05,0.00360
2025-07-01,4.A.4.a.2.I01,0.00021
2025-07-01,4.A.4.a.2.I02,0.00047
2025-07-01,4.A.4.a.2.I03,0.01834
2025-07-01,4.A.4.a.2.I04,0.00229
2025-07-01,4.A.4.a.2.I06,0.00138
2025-07-01,4.A.4.a.2.I08,0.00089
2025-07-01,4.A.4.a.2.I09,0.00637
2025-07-01,4.A.4.a.2.I11,0.00690
2025-07-01,4.A.4.a.2.I12,0.00144
2025-07-01,4.A.4.a.2.I13,0.00163
2025-07-01,4.A.4.a.3.I02,0.00592
2025-07-01,4.A.4.a.3.I03,0.01071
2025-07-01,4.A.4.a.4.I01,0.00279
2025-07-01,4.A.4.a.5.I01,0.00313
2025-07-01,4.A.4.a.5.I03,0.00029
2025-07-01,4.A.4.a.5.I04,0.00000
2025-07-01,4.A.4.a.5.I08,0.00283
2025-07-01,4.A.4.a.5.I10,0.00061
2025-07-01,4.A.4.a.6.I01,0.00043
2025-07-01,4.A.4.a.6.I02,0.00256
2025-07-01,4.A.4.a.6.I03,0.00664
2025-07-01,4.A.4.a.7.I01,0.00005
2025-07-01,4.A.4.a.7.I02,0.00159
2025-07-01,4.A.4.a.7.I03,0.00139
2025-07-01,4.A.4.a.8.I01,0.00047
2025-07-01,4.A.4.a.8.I02,0.00000
2025-07-01,4.A.4.a.8.I03,0.00147
2025-07-01,4.A.4.b.3.I01,0.00079
2025-07-01,4.A.4.b.3.I02,0.00382
2025-07-01,4.A.4.b.3.I04,0.00062
2025-07-01,4.A.4.b.3.I05,0.00053
2025-07-01,4.A.4.b.5.I01,0.00225
2025-07-01,4.A.4.b.5.I02,0.00148
2025-07-01,4.A.4.b.6.I01,0.00147
2025-07-01,4.A.4.b.6.I02,0.00480
2025-07-01,4.A.4.b.6.I04,0.00684
2025-07-01,4.A.4.b.6.I05,0.00840
2025-07-01,4.A.4.b.6.I06,0.00218
2025-07-01,4.A.4.b.6.I07,0.01509
2025-07-01,4.A.4.b.6.I08,0.00421
2025-07-01,4.A.4.b.6.I10,0.00291
2025-07-01,4.A.4.b.6.I11,0.00299
2025-07-01,4.A.4.c.1.I01,0.00912
2025-07-01,4.A.4.c.1.I03,0.00044
2025-07-01,4.A.4.c.1.I04,0.00073
2025-07-01,4.A.4.c.2.I01,0.00430
2025-07-01,4.A.4.c.3.I05,0.00152
2025-07-01,Other IWA,0.01637
2025-08-01,4.A.1.a.1.I01,0.00107
2025-08-01,4.A.1.a.1.I02,0.00227
2025-08-01,4.A.1.a.1.I03,0.00031
2025-08-01,4.A.1.a.1.I04,0.03643
2025-08-01,4.A.1.a.1.I05,0.00227
2025-08-01,4.A.1.a.1.I06,0.00013
2025-08-01,4.A.1.a.1.I07,0.01958
2025-08-01,4.A.1.a.1.I08,0.00053
2025-08-01,4.A.1.a.1.I09,0.00225
2025-08-01,4.A.1.a.1.I11,0.00033
2025-08-01,4.A.1.a.1.I12,0.00046
2025-08-01,4.A.1.a.1.I13,0.00014
2025-08-01,4.A.1.a.1.I14,0.00090
2025-08-01,4.A.1.a.1.I15,0.00134
2025-08-01,4.A.1.a.1.I16,0.00108
2025-08-01,4.A.1.a.1.I17,0.00388
2025-08-01,4.A.1.a.1.I18,0.00365
2025-08-01,4.A.1.a.1.I19,0.00421
2025-08-01,4.A.1.a.1.I20,0.00174
2025-08-01,4.A.1.a.1.I21,0.00019
2025-08-01,4.A.1.a.1.I23,0.00093
2025-08-01,4.A.1.a.2.I08,0.00021
2025-08-01,4.A.1.a.2.I10,0.00000
2025-08-01,4.A.1.b.1.I02,0.00178
2025-08-01,4.A.1.b.2.I09,0.00070
2025-08-01,4.A.1.b.3.I01,0.00147
2025-08-01,4.A.1.b.3.I02,0.00123
2025-08-01,4.A.1.b.3.I03,0.01254
2025-08-01,4.A.2.a.1.I01,0.00068
2025-08-01,4.A.2.a.1.I02,0.00350
2025-08-01,4.A.2.a.1.I03,0.00216
2025-08-01,4.A.2.a.1.I04,0.00206
2025-08-01,4.A.2.a.1.I06,0.00269
2025-08-01,4.A.2.a.1.I07,0.00842
2025-08-01,4.A.2.a.1.I08,0.00163
2025-08-01,4.A.2.a.1.I09,0.00005
2025-08-01,4.A.2.a.1.I10,0.00063
2025-08-01,4.A.2.a.2.I01,0.00102
2025-08-01,4.A.2.a.2.I03,0.00387
2025-08-01,4.A.2.a.2.I05,0.00039
2025-08-01,4.A.2.a.3.I01,0.00237
2025-08-01,4.A.2.a.4.I01,0.00047
2025-08-01,4.A.2.a.4.I02,0.00539
2025-08-01,4.A.2.a.4.I03,0.00099
2025-08-01,4.A.2.a.4.I04,0.00370
2025-08-01,4.A.2.a.4.I05,0.00068
2025-08-01,4.A.2.a.4.I06,0.00072
2025-08-01,4.A.2.a.4.I07,0.00117
2025-08-01,4.A.2.a.4.I08,0.00340
2025-08-01,4.A.2.a.4.I09,0.00070
2025-08-01,4.A.2.a.4.I10,0.00032
2025-08-01,4.A.2.a.4.I11,0.00492
2025-08-01,4.A.2.a.4.I12,0.00000
2025-08-01,4.A.2.b.1.I01,0.00331
2025-08-01,4.A.2.b.1.I02,0.00225
2025-08-01,4.A.2.b.1.I06,0.00000
2025-08-01,4.A.2.b.1.I07,0.13677
2025-08-01,4.A.2.b.1.I08,0.00121
2025-08-01,4.A.2.b.1.I10,0.00031
2025-08-01,4.A.2.b.1.I11,0.00193
2025-08-01,4.A.2.b.2.I01,0.00180
2025-08-01,4.A.2.b.2.I02,0.00692
2025-08-01,4.A.2.b.2.I03,0.00567
2025-08-01,4.A.2.b.2.I04,0.00131
2025-08-01,4.A.2.b.2.I06,0.00192
2025-08-01,4.A.2.b.2.I07,0.00132
2025-08-01,4.A.2.b.2.I09,0.00332
2025-08-01,4.A.2.b.2.I11,0.00093
2025-08-01,4.A.2.b.2.I12,0.05350
2025-08-01,4.A.2.b.2.I15,0.00881
2025-08-01,4.A.2.b.2.I18,0.04231
2025-08-01,4.A.2.b.2.I19,0.00024
2025-08-01,4.A.2.b.2.I21,0.00247
2025-08-01,4.A.2.b.2.I22,0.00649
2025-08-01,4.A.2.b.2.I23,0.00196
2025-08-01,4.A.2.b.2.I25,0.00337
2025-08-01,4.A.2.b.2.I26,0.00059
2025-08-01,4.A.2.b.2.I27,0.00157
2025-08-01,4.A.2.b.3.I01,0.00562
2025-08-01,4.A.2.b.4.I01,0.00251
2025-08-01,4.A.2.b.4.I03,0.00204
2025-08-01,4.A.2.b.5.I01,0.00210
2025-08-01,4.A.2.b.5.I02,0.00233
2025-08-01,4.A.2.b.5.I03,0.00293
2025-08-01,4.A.2.b.6.I01,0.00200
2025-08-01,4.A.2.b.6.I02,0.00651
2025-08-01,4.A.3.a.1.I01,0.00121
2025-08-01,4.A.3.a.1.I03,0.00074
2025-08-01,4.A.3.a.1.I08,0.00004
2025-08-01,4.A.3.a.1.I16,0.00028
2025-08-01,4.A.3.a.2.I03,0.00023
2025-08-01,4.A.3.a.2.I21,0.00000
2025-08-01,4.A.3.a.2.I46,0.00007
2025-08-01,4.A.3.b.1.I01,0.03325
2025-08-01,4.A.3.b.1.I02,0.00145
2025-08-01,4.A.3.b.1.I03,0.00699
2025-08-01,4.A.3.b.1.I04,0.03309
2025-08-01,4.A.3.b.1.I05,0.00286
2025-08-01,4.A.3.b.1.I06,0.00536
2025-08-01,4.A.3.b.6.I01,0.00627
2025-08-01,4.A.3.b.6.I03,0.00391
2025-08-01,4.A.3.b.6.I05,0.00091
2025-08-01,4.A.3.b.6.I06,0.00974
2025-08-01,4.A.3.b.6.I07,0.00446
2025-08-01,4.A.3.b.6.I08,0.00197
2025-08-01,4.A.3.b.6.I09,0.00316
2025-08-01,4.A.3.b.6.I10,0.00114
2025-08-01,4.A.3.b.6.I12,0.09404
2025-08-01,4.A.3.b.6.I13,0.01213
2025-08-01,4.A.3.b.6.I14,0.00608
2025-08-01,4.A.3.b.6.I15,0.00976
2025-08-01,4.A.3.b.6.I16,0.05157
2025-08-01,4.A.4.a.1.I01,0.02791
2025-08-01,4.A.4.a.1.I02,0.01803
2025-08-01,4.A.4.a.1.I03,0.01664
2025-08-01,4.A.4.a.1.I04,0.00575
2025-08-01,4.A.4.a.1.I05,0.00189
2025-08-01,4.A.4.a.2.I01,0.00028
2025-08-01,4.A.4.a.2.I02,0.00083
2025-08-01,4.A.4.a.2.I03,0.02034
2025-08-01,4.A.4.a.2.I04,0.00240
2025-08-01,4.A.4.a.2.I06,0.00106
2025-08-01,4.A.4.a.2.I08,0.00079
2025-08-01,4.A.4.a.2.I09,0.00571
2025-08-01,4.A.4.a.2.I11,0.00666
2025-08-01,4.A.4.a.2.I12,0.00044
2025-08-01,4.A.4.a.2.I13,0.00112
2025-08-01,4.A.4.a.3.I02,0.00453
2025-08-01,4.A.4.a.3.I03,0.00992
2025-08-01,4.A.4.a.4.I01,0.00311
2025-08-01,4.A.4.a.5.I01,0.00156
2025-08-01,4.A.4.a.5.I03,0.00087
2025-08-01,4.A.4.a.5.I04,0.00000
2025-08-01,4.A.4.a.5.I08,0.00345
2025-08-01,4.A.4.a.5.I10,0.00000
2025-08-01,4.A.4.a.6.I01,0.00050
2025-08-01,4.A.4.a.6.I02,0.00371
2025-08-01,4.A.4.a.6.I03,0.00546
2025-08-01,4.A.4.a.7.I01,0.00000
2025-08-01,4.A.4.a.7.I02,0.00148
2025-08-01,4.A.4.a.7.I03,0.00108
2025-08-01,4.A.4.a.8.I01,0.00039
2025-08-01,4.A.4.a.8.I02,0.00030
2025-08-01,4.A.4.a.8.I03,0.00111
2025-08-01,4.A.4.b.3.I01,0.00084
2025-08-01,4.A.4.b.3.I02,0.00399
2025-08-01,4.A.4.b.3.I04,0.00068
2025-08-01,4.A.4.b.3.I05,0.00029
2025-08-01,4.A.4.b.5.I01,0.00118
2025-08-01,4.A.4.b.5.I02,0.00201
2025-08-01,4.A.4.b.6.I01,0.00239
2025-08-01,4.A.4.b.6.I02,0.00606
2025-08-01,4.A.4.b.6.I04,0.00555
2025-08-01,4.A.4.b.6.I05,0.00927
2025-08-01,4.A.4.b.6.I06,0.00275
2025-08-01,4.A.4.b.6.I07,0.01439
2025-08-01,4.A.4.b.6.I08,0.00366
2025-08-01,4.A.4.b.6.I10,0.00262
2025-08-01,4.A.4.b.6.I11,0.00338
2025-08-01,4.A.4.c.1.I01,0.01026
2025-08-01,4.A.4.c.1.I03,0.00027
2025-08-01,4.A.4.c.1.I04,0.00150
2025-08-01,4.A.4.c.2.I01,0.00122
2025-08-01,4.A.4.c.3.I05,0.00208
2025-08-01,Other IWA,0.01773
2025-09-01,4.A.1.a.1.I01,0.00342
2025-09-01,4.A.1.a.1.I02,0.00203
2025-09-01,4.A.1.a.1.I03,0.00084
2025-09-01,4.A.1.a.1.I04,0.03940
2025-09-01,4.A.1.a.1.I05,0.00183
2025-09-01,4.A.1.a.1.I06,0.00072
2025-09-01,4.A.1.a.1.I07,0.01627
2025-09-01,4.A.1.a.1.I08,0.00000
2025-09-01,4.A.1.a.1.I09,0.00408
2025-09-01,4.A.1.a.1.I11,0.00030
2025-09-01,4.A.1.a.1.I12,0.00096
2025-09-01,4.A.1.a.1.I13,0.00014
2025-09-01,4.A.1.a.1.I14,0.00154
2025-09-01,4.A.1.a.1.I15,0.00131
2025-09-01,4.A.1.a.1.I16,0.00124
2025-09-01,4.A.1.a.1.I17,0.00258
2025-09-01,4.A.1.a.1.I18,0.00701
2025-09-01,4.A.1.a.1.I19,0.00458
2025-09-01,4.A.1.a.1.I20,0.00226
2025-09-01,4.A.1.a.1.I21,0.00007
2025-09-01,4.A.1.a.1.I23,0.00056
2025-09-01,4.A.1.a.2.I08,0.00063
2025-09-01,4.A.1.a.2.I10,0.00015
2025-09-01,4.A.1.b.1.I02,0.00145
2025-09-01,4.A.1.b.2.I09,0.00014
2025-09-01,4.A.1.b.3.I01,0.00108
2025-09-01,4.A.1.b.3.I02,0.00082
2025-09-01,4.A.1.b.3.I03,0.01430
2025-09-01,4.A.2.a.1.I01,0.00096
2025-09-01,4.A.2.a.1.I02,0.00331
2025-09-01,4.A.2.a.1.I03,0.00334
2025-09-01,4.A.2.a.1.I04,0.00260
2025-09-01,4.A.2.a.1.I06,0.00280
2025-09-01,4.A.2.a.1.I07,0.00941
2025-09-01,4.A.2.a.1.I08,0.00276
2025-09-01,4.A.2.a.1.I09,0.00045
2025-09-01,4.A.2.a.1.I10,0.00027
2025-09-01,4.A.2.a.2.I01,0.00276
2025-09-01,4.A.2.a.2.I03,0.00339
2025-09-01,4.A.2.a.2.I05,0.00009
2025-09-01,4.A.2.a.3.I01,0.00265
2025-09-01,4.A.2.a.4.I01,0.00020
2025-09-01,4.A.2.a.4.I02,0.00503
2025-09-01,4.A.2.a.4.I03,0.00049
2025-09-01,4.A.2.a.4.I04,0.00981
2025-09-01,4.A.2.a.4.I05,0.00052
2025-09-01,4.A.2.a.4.I06,0.00127
2025-09-01,4.A.2.a.4.I07,0.00058
2025-09-01,4.A.2.a.4.I08,0.00495
2025-09-01,4.A.2.a.4.I09,0.00037
2025-09-01,4.A.2.a.4.I10,0.00045
2025-09-01,4.A.2.a.4.I11,0.00435
2025-09-01,4.A.2.a.4.I12,0.00106
2025-09-01,4.A.2.b.1.I01,0.00334
2025-09-01,4.A.2.b.1.I02,0.00107
2025-09-01,4.A.2.b.1.I06,0.00108
2025-09-01,4.A.2.b.1.I07,0.13902
2025-09-01,4.A.2.b.1.I08,0.00098
2025-09-01,4.A.2.b.1.I10,0.00022
2025-09-01,4.A.2.b.1.I11,0.00100
2025-09-01,4.A.2.b.2.I01,0.00203
2025-09-01,4.A.2.b.2.I02,0.00526
2025-09-01,4.A.2.b.2.I03,0.00410
2025-09-01,4.A.2.b.2.I04,0.00106
2025-09-01,4.A.2.b.2.I06,0.00030
2025-09-01,4.A.2.b.2.I07,0.00182
2025-09-01,4.A.2.b.2.I09,0.00239
2025-09-01,4.A.2.b.2.I11,0.00074
2025-09-01,4.A.2.b.2.I12,0.04199
2025-09-01,4.A.2.b.2.I15,0.00858
2025-09-01,4.A.2.b.2.I18,0.03591
2025-09-01,4.A.2.b.2.I19,0.00018
2025-09-01,4.A.2.b.2.I21,0.00256
2025-09-01,4.A.2.b.2.I22,0.00501
2025-09-01,4.A.2.b.2.I23,0.00489
2025-09-01,4.A.2.b.2.I25,0.00313
2025-09-01,4.A.2.b.2.I26,0.00012
2025-09-01,4.A.2.b.2.I27,0.00162
2025-09-01,4.A.2.b.3.I01,0.00664
2025-09-01,4.A.2.b.4.I01,0.00218
2025-09-01,4.A.2.b.4.I03,0.00162
2025-09-01,4.A.2.b.5.I01,0.00135
2025-09-01,4.A.2.b.5.I02,0.00185
2025-09-01,4.A.2.b.5.I03,0.00207
2025-09-01,4.A.2.b.6.I01,0.00204
2025-09-01,4.A.2.b.6.I02,0.00546
2025-09-01,4.A.3.a.1.I01,0.00019
2025-09-01,4.A.3.a.1.I03,0.00043
2025-09-01,4.A.3.a.1.I08,0.00037
2025-09-01,4.A.3.a.1.I16,0.00017
2025-09-01,4.A.3.a.2.I03,0.00044
2025-09-01,4.A.3.a.2.I21,0.00031
2025-09-01,4.A.3.a.2.I46,0.00034
2025-09-01,4.A.3.b.1.I01,0.03088
2025-09-01,4.A.3.b.1.I02,0.00124
2025-09-01,4.A.3.b.1.I03,0.00780
2025-09-01,4.A.3.b.1.I04,0.03136
2025-09-01,4.A.3.b.1.I05,0.00352
2025-09-01,4.A.3.b.1.I06,0.00459
2025-09-01,4.A.3.b.6.I01,0.00840
2025-09-01,4.A.3.b.6.I03,0.00340
2025-09-01,4.A.3.b.6.I05,0.00062
2025-09-01,4.A.3.b.6.I06,0.01022
2025-09-01,4.A.3.b.6.I07,0.00330
2025-09-01,4.A.3.b.6.I08,0.00142
2025-09-01,4.A.3.b.6.I09,0.00335
2025-09-01,4.A.3.b.6.I10,0.00103
2025-09-01,4.A.3.b.6.I12,0.11027
2025-09-01,4.A.3.b.6.I13,0.01244
2025-09-01,4.A.3.b.6.I14,0.00535
2025-09-01,4.A.3.b.6.I15,0.00731
2025-09-01,4.A.3.b.6.I16,0.04530
2025-09-01,4.A.4.a.1.I01,0.02992
2025-09-01,4.A.4.a.1.I02,0.02089
2025-09-01,4.A.4.a.1.I03,0.01681
2025-09-01,4.A.4.a.1.I04,0.00745
2025-09-01,4.A.4.a.1.I05,0.00461
2025-09-01,4.A.4.a.2.I01,0.00067
2025-09-01,4.A.4.a.2.I02,0.00149
2025-09-01,4.A.4.a.2.I03,0.01806
2025-09-01,4.A.4.a.2.I04,0.00284
2025-09-01,4.A.4.a.2.I06,0.00188
2025-09-01,4.A.4.a.2.I08,0.00029
2025-09-01,4.A.4.a.2.I09,0.00524
2025-09-01,4.A.4.a.2.I11,0.00633
2025-09-01,4.A.4.a.2.I12,0.00024
2025-09-01,4.A.4.a.2.I13,0.00110
2025-09-01,4.A.4.a.3.I02,0.00501
2025-09-01,4.A.4.a.3.I03,0.00873
2025-09-01,4.A.4.a.4.I01,0.00260
2025-09-01,4.A.4.a.5.I01,0.00207
2025-09-01,4.A.4.a.5.I03,0.00092
2025-09-01,4.A.4.a.5.I04,0.00000
2025-09-01,4.A.4.a.5.I08,0.00381
2025-09-01,4.A.4.a.5.I10,0.00052
2025-09-01,4.A.4.a.6.I01,0.00055
2025-09-01,4.A.4.a.6.I02,0.00228
2025-09-01,4.A.4.a.6.I03,0.00361
2025-09-01,4.A.4.a.7.I01,0.00010
2025-09-01,4.A.4.a.7.I02,0.00214
2025-09-01,4.A.4.a.7.I03,0.00114
2025-09-01,4.A.4.a.8.I01,0.00000
2025-09-01,4.A.4.a.8.I02,0.00019
2025-09-01,4.A.4.a.8.I03,0.00143
2025-09-01,4.A.4.b.3.I01,0.00051
2025-09-01,4.A.4.b.3.I02,0.00597
2025-09-01,4.A.4.b.3.I04,0.00077
2025-09-01,4.A.4.b.3.I05,0.00074
2025-09-01,4.A.4.b.5.I01,0.00080
2025-09-01,4.A.4.b.5.I02,0.00011
2025-09-01,4.A.4.b.6.I01,0.00279
2025-09-01,4.A.4.b.6.I02,0.00565
2025-09-01,4.A.4.b.6.I04,0.00567
2025-09-01,4.A.4.b.6.I05,0.00909
2025-09-01,4.A.4.b.6.I06,0.00265
2025-09-01,4.A.4.b.6.I07,0.01613
2025-09-01,4.A.4.b.6.I08,0.00364
2025-09-01,4.A.4.b.6.I10,0.00280
2025-09-01,4.A.4.b.6.I11,0.00206
2025-09-01,4.A.4.c.1.I01,0.00827
2025-09-01,4.A.4.c.1.I03,0.00062
2025-09-01,4.A.4.c.1.I04,0.00031
2025-09-01,4.A.4.c.2.I01,0.00237
2025-09-01,4.A.4.c.3.I05,0.00080
2025-09-01,Other IWA,0.01608
2025-10-01,4.A.1.a.1.I01,0.00391
2025-10-01,4.A.1.a.1.I02,0.00348
2025-10-01,4.A.1.a.1.I03,0.00053
2025-10-01,4.A.1.a.1.I04,0.04468
2025-10-01,4.A.1.a.1.I05,0.00167
2025-10-01,4.A.1.a.1.I06,0.00065
2025-10-01,4.A.1.a.1.I07,0.01673
2025-10-01,4.A.1.a.1.I08,0.00081
2025-10-01,4.A.1.a.1.I09,0.00513
2025-10-01,4.A.1.a.1.I11,0.00033
2025-10-01,4.A.1.a.1.I12,0.00123
2025-10-01,4.A.1.a.1.I13,0.00014
2025-10-01,4.A.1.a.1.I14,0.00116
2025-10-01,4.A.1.a.1.I15,0.00086
2025-10-01,4.A.1.a.1.I16,0.00141
2025-10-01,4.A.1.a.1.I17,0.00299
2025-10-01,4.A.1.a.1.I18,0.01015
2025-10-01,4.A.1.a.1.I19,0.00471
2025-10-01,4.A.1.a.1.I20,0.00138
2025-10-01,4.A.1.a.1.I21,0.00058
2025-10-01,4.A.1.a.1.I23,0.00135
2025-10-01,4.A.1.a.2.I08,0.00035
2025-10-01,4.A.1.a.2.I10,0.00056
2025-10-01,4.A.1.b.1.I02,0.00061
2025-10-01,4.A.1.b.2.I09,0.00036
2025-10-01,4.A.1.b.3.I01,0.00075
2025-10-01,4.A.1.b.3.I02,0.00088
2025-10-01,4.A.1.b.3.I03,0.01375
2025-10-01,4.A.2.a.1.I01,0.00107
2025-10-01,4.A.2.a.1.I02,0.00311
2025-10-01,4.A.2.a.1.I03,0.00180
2025-10-01,4.A.2.a.1.I04,0.00260
2025-10-01,4.A.2.a.1.I06,0.00328
2025-10-01,4.A.2.a.1.I07,0.00673
2025-10-01,4.A.2.a.1.I08,0.00415
2025-10-01,4.A.2.a.1.I09,0.00013
2025-10-01,4.A.2.a.1.I10,0.00066
2025-10-01,4.A.2.a.2.I01,0.00219
2025-10-01,4.A.2.a.2.I03,0.00377
2025-10-01,4.A.2.a.2.I05,0.00007
2025-10-01,4.A.2.a.3.I01,0.00334
2025-10-01,4.A.2.a.4.I01,0.00061
2025-10-01,4.A.2.a.4.I02,0.00598
2025-10-01,4.A.2.a.4.I03,0.00039
2025-10-01,4.A.2.a.4.I04,0.00903
2025-10-01,4.A.2.a.4.I05,0.00115
2025-10-01,4.A.2.a.4.I06,0.00169
2025-10-01,4.A.2.a.4.I07,0.00152
2025-10-01,4.A.2.a.4.I08,0.00462
2025-10-01,4.A.2.a.4.I09,0.00017
2025-10-01,4.A.2.a.4.I10,0.00052
2025-10-01,4.A.2.a.4.I11,0.00389
2025-10-01,4.A.2.a.4.I12,0.00106
2025-10-01,4.A.2.b.1.I01,0.00438
2025-10-01,4.A.2.b.1.I02,0.00149
2025-10-01,4.A.2.b.1.I06,0.00047
2025-10-01,4.A.2.b.1.I07,0.12732
2025-10-01,4.A.2.b.1.I08,0.00101
2025-10-01,4.A.2.b.1.I10,0.00043
2025-10-01,4.A.2.b.1.I11,0.00126
2025-10-01,4.A.2.b.2.I01,0.00207
2025-10-01,4.A.2.b.2.I02,0.00388
2025-10-01,4.A.2.b.2.I03,0.00548
2025-10-01,4.A.2.b.2.I04,0.00024
2025-10-01,4.A.2.b.2.I06,0.00088
2025-10-01,4.A.2.b.2.I07,0.00150
2025-10-01,4.A.2.b.2.I09,0.00216
2025-10-01,4.A.2.b.2.I11,0.00150
2025-10-01,4.A.2.b.2.I12,0.04009
2025-10-01,4.A.2.b.2.I15,0.00972
2025-10-01,4.A.2.b.2.I18,0.03253
2025-10-01,4.A.2.b.2.I19,0.00058
2025-10-01,4.A.2.b.2.I21,0.00336
2025-10-01,4.A.2.b.2.I22,0.00588
2025-10-01,4.A.2.b.2.I23,0.00464
2025-10-01,4.A.2.b.2.I25,0.00268
2025-10-01,4.A.2.b.2.I26,0.00000
2025-10-01,4.A.2.b.2.I27,0.00161
2025-10-01,4.A.2.b.3.I01,0.00852
2025-10-01,4.A.2.b.4.I01,0.00151
2025-10-01,4.A.2.b.4.I03,0.00199
2025-10-01,4.A.2.b.5.I01,0.00121
2025-10-01,4.A.2.b.5.I02,0.00287
2025-10-01,4.A.2.b.5.I03,0.00202
2025-10-01,4.A.2.b.6.I01,0.00239
2025-10-01,4.A.2.b.6.I02,0.00545
2025-10-01,4.A.3.a.1.I01,0.00000
2025-10-01,4.A.3.a.1.I03,0.00000
2025-10-01,4.A.3.a.1.I08,0.00013
2025-10-01,4.A.3.a.1.I16,0.00031
2025-10-01,4.A.3.a.2.I03,0.00038
2025-10-01,4.A.3.a.2.I21,0.00000
2025-10-01,4.A.3.a.2.I46,0.00036
2025-10-01,4.A.3.b.1.I01,0.03242
2025-10-01,4.A.3.b.1.I02,0.00098
2025-10-01,4.A.3.b.1.I03,0.00550
2025-10-01,4.A.3.b.1.I04,0.02964
2025-10-01,4.A.3.b.1.I05,0.00341
2025-10-01,4.A.3.b.1.I06,0.00582
2025-10-01,4.A.3.b.6.I01,0.00883
2025-10-01,4.A.3.b.6.I03,0.00444
2025-10-01,4.A.3.b.6.I05,0.00050
2025-10-01,4.A.3.b.6.I06,0.01011
2025-10-01,4.A.3.b.6.I07,0.00378
2025-10-01,4.A.3.b.6.I08,0.00230
2025-10-01,4.A.3.b.6.I09,0.00322
2025-10-01,4.A.3.b.6.I10,0.00064
2025-10-01,4.A.3.b.6.I12,0.11311
2025-10-01,4.A.3.b.6.I13,0.01347
2025-10-01,4.A.3.b.6.I14,0.00537
2025-10-01,4.A.3.b.6.I15,0.00976
2025-10-01,4.A.3.b.6.I16,0.04564
2025-10-01,4.A.4.a.1.I01,0.02790
2025-10-01,4.A.4.a.1.I02,0.01735
2025-10-01,4.A.4.a.1.I03,0.01515
2025-10-01,4.A.4.a.1.I04,0.01058
2025-10-01,4.A.4.a.1.I05,0.00563
2025-10-01,4.A.4.a.2.I01,0.00084
2025-10-01,4.A.4.a.2.I02,0.00154
2025-10-01,4.A.4.a.2.I03,0.01619
2025-10-01,4.A.4.a.2.I04,0.00266
2025-10-01,4.A.4.a.2.I06,0.00162
2025-10-01,4.A.4.a.2.I08,0.00133
2025-10-01,4.A.4.a.2.I09,0.00641
2025-10-01,4.A.4.a.2.I11,0.00650
2025-10-01,4.A.4.a.2.I12,0.00168
2025-10-01,4.A.4.a.2.I13,0.00119
2025-10-01,4.A.4.a.3.I02,0.00437
2025-10-01,4.A.4.a.3.I03,0.00899
2025-10-01,4.A.4.a.4.I01,0.00277
2025-10-01,4.A.4.a.5.I01,0.00187
2025-10-01,4.A.4.a.5.I03,0.00046
2025-10-01,4.A.4.a.5.I04,0.00000
2025-10-01,4.A.4.a.5.I08,0.00261
2025-10-01,4.A.4.a.5.I10,0.00070
2025-10-01,4.A.4.a.6.I01,0.00024
2025-10-01,4.A.4.a.6.I02,0.00175
2025-10-01,4.A.4.a.6.I03,0.00437
2025-10-01,4.A.4.a.7.I01,0.00057
2025-10-01,4.A.4.a.7.I02,0.00106
2025-10-01,4.A.4.a.7.I03,0.00036
2025-10-01,4.A.4.a.8.I01,0.00000
2025-10-01,4.A.4.a.8.I02,0.00000
2025-10-01,4.A.4.a.8.I03,0.00061
2025-10-01,4.A.4.b.3.I01,0.00060
2025-10-01,4.A.4.b.3.I02,0.00551
2025-10-01,4.A.4.b.3.I04,0.00113
2025-10-01,4.A.4.b.3.I05,0.00054
2025-10-01,4.A.4.b.5.I01,0.00068
2025-10-01,4.A.4.b.5.I02,0.00050
2025-10-01,4.A.4.b.6.I01,0.00212
2025-10-01,4.A.4.b.6.I02,0.00396
2025-10-01,4.A.4.b.6.I04,0.00539
2025-10-01,4.A.4.b.6.I05,0.00864
2025-10-01,4.A.4.b.6.I06,0.00192
2025-10-01,4.A.4.b.6.I07,0.01420
2025-10-01,4.A.4.b.6.I08,0.00448
2025-10-01,4.A.4.b.6.I10,0.00179
2025-10-01,4.A.4.b.6.I11,0.00300
2025-10-01,4.A.4.c.1.I01,0.00921
2025-10-01,4.A.4.c.1.I03,0.00031
2025-10-01,4.A.4.c.1.I04,0.00061
2025-10-01,4.A.4.c.2.I01,0.00226
2025-10-01,4.A.4.c.3.I05,0.00240
2025-10-01,Other IWA,0.01758
2025-11-01,4.A.1.a.1.I01,0.00312
2025-11-01,4.A.1.a.1.I02,0.00246
2025-11-01,4.A.1.a.1.I03,0.00039
2025-11-01,4.A.1.a.1.I04,0.04179
2025-11-01,4.A.1.a.1.I05,0.00163
2025-11-01,4.A.1.a.1.I06,0.00066
2025-11-01,4.A.1.a.1.I07,0.01766
2025-11-01,4.A.1.a.1.I08,0.00000
2025-11-01,4.A.1.a.1.I09,0.00479
2025-11-01,4.A.1.a.1.I11,0.00046
2025-11-01,4.A.1.a.1.I12,0.00107
2025-11-01,4.A.1.a.1.I13,0.00014
2025-11-01,4.A.1.a.1.I14,0.00054
2025-11-01,4.A.1.a.1.I15,0.00175
2025-11-01,4.A.1.a.1.I16,0.00199
2025-11-01,4.A.1.a.1.I17,0.00351
2025-11-01,4.A.1.a.1.I18,0.00686
2025-11-01,4.A.1.a.1.I19,0.00518
2025-11-01,4.A.1.a.1.I20,0.00171
2025-11-01,4.A.1.a.1.I21,0.00066
2025-11-01,4.A.1.a.1.I23,0.00066
2025-11-01,4.A.1.a.2.I08,0.00017
2025-11-01,4.A.1.a.2.I10,0.00083
2025-11-01,4.A.1.b.1.I02,0.00096
2025-11-01,4.A.1.b.2.I09,0.00069
2025-11-01,4.A.1.b.3.I01,0.00088
2025-11-01,4.A.1.b.3.I02,0.00065
2025-11-01,4.A.1.b.3.I03,0.01619
2025-11-01,4.A.2.a.1.I01,0.00115
2025-11-01,4.A.2.a.1.I02,0.00413
2025-11-01,4.A.2.a.1.I03,0.00446
2025-11-01,4.A.2.a.1.I04,0.00289
2025-11-01,4.A.2.a.1.I06,0.00194
2025-11-01,4.A.2.a.1.I07,0.00677
2025-11-01,4.A.2.a.1.I08,0.00333
2025-11-01,4.A.2.a.1.I09,0.00023
2025-11-01,4.A.2.a.1.I10,0.00148
2025-11-01,4.A.2.a.2.I01,0.00200
2025-11-01,4.A.2.a.2.I03,0.00333
2025-11-01,4.A.2.a.2.I05,0.00037
2025-11-01,4.A.2.a.3.I01,0.00239
2025-11-01,4.A.2.a.4.I01,0.00034
2025-11-01,4.A.2.a.4.I02,0.00673
2025-11-01,4.A.2.a.4.I03,0.00084
2025-11-01,4.A.2.a.4.I04,0.01048
2025-11-01,4.A.2.a.4.I05,0.00065
2025-11-01,4.A.2.a.4.I06,0.00158
2025-11-01,4.A.2.a.4.I07,0.00143
2025-11-01,4.A.2.a.4.I08,0.00431
2025-11-01,4.A.2.a.4.I09,0.00101
2025-11-01,4.A.2.a.4.I10,0.00086
2025-11-01,4.A.2.a.4.I11,0.00464
2025-11-01,4.A.2.a.4.I12,0.00057
2025-11-01,4.A.2.b.1.I01,0.00437
2025-11-01,4.A.2.b.1.I02,0.00121
2025-11-01,4.A.2.b.1.I06,0.00000
2025-11-01,4.A.2.b.1.I07,0.13974
2025-11-01,4.A.2.b.1.I08,0.00159
2025-11-01,4.A.2.b.1.I10,0.00014
2025-11-01,4.A.2.b.1.I11,0.00130
2025-11-01,4.A.2.b.2.I01,0.00240
2025-11-01,4.A.2.b.2.I02,0.00522
2025-11-01,4.A.2.b.2.I03,0.00536
2025-11-01,4.A.2.b.2.I04,0.00019
2025-11-01,4.A.2.b.2.I06,0.00149
2025-11-01,4.A.2.b.2.I07,0.00207
2025-11-01,4.A.2.b.2.I09,0.00234
2025-11-01,4.A.2.b.2.I11,0.00131
2025-11-01,4.A.2.b.2.I12,0.03946
2025-11-01,4.A.2.b.2.I15,0.00917
2025-11-01,4.A.2.b.2.I18,0.03278
2025-11-01,4.A.2.b.2.I19,0.00060
2025-11-01,4.A.2.b.2.I21,0.00274
2025-11-01,4.A.2.b.2.I22,0.00837
2025-11-01,4.A.2.b.2.I23,0.00383
2025-11-01,4.A.2.b.2.I25,0.00246
2025-11-01,4.A.2.b.2.I26,0.00040
2025-11-01,4.A.2.b.2.I27,0.00079
2025-11-01,4.A.2.b.3.I01,0.00762
2025-11-01,4.A.2.b.4.I01,0.00248
2025-11-01,4.A.2.b.4.I03,0.00122
2025-11-01,4.A.2.b.5.I01,0.00136
2025-11-01,4.A.2.b.5.I02,0.00198
2025-11-01,4.A.2.b.5.I03,0.00271
2025-11-01,4.A.2.b.6.I01,0.00326
2025-11-01,4.A.2.b.6.I02,0.00593
2025-11-01,4.A.3.a.1.I01,0.00045
2025-11-01,4.A.3.a.1.I03,0.00000
2025-11-01,4.A.3.a.1.I08,0.00000
2025-11-01,4.A.3.a.1.I16,0.00010
2025-11-01,4.A.3.a.2.I03,0.00069
2025-11-01,4.A.3.a.2.I21,0.00000
2025-11-01,4.A.3.a.2.I46,0.00035
2025-11-01,4.A.3.b.1.I01,0.03387
2025-11-01,4.A.3.b.1.I02,0.00108
2025-11-01,4.A.3.b.1.I03,0.00734
2025-11-01,4.A.3.b.1.I04,0.02741
2025-11-01,4.A.3.b.1.I05,0.00342
2025-11-01,4.A.3.b.1.I06,0.00376
2025-11-01,4.A.3.b.6.I01,0.00659
2025-11-01,4.A.3.b.6.I03,0.00538
2025-11-01,4.A.3.b.6.I05,0.00056
2025-11-01,4.A.3.b.6.I06,0.01272
2025-11-01,4.A.3.b.6.I07,0.00396
2025-11-01,4.A.3.b.6.I08,0.00234
2025-11-01,4.A.3.b.6.I09,0.00326
2025-11-01,4.A.3.b.6.I10,0.00065
2025-11-01,4.A.3.b.6.I12,0.10416
2025-11-01,4.A.3.b.6.I13,0.01204
2025-11-01,4.A.3.b.6.I14,0.00473
2025-11-01,4.A.3.b.6.I15,0.00826
2025-11-01,4.A.3.b.6.I16,0.04424
2025-11-01,4.A.4.a.1.I01,0.02534
2025-11-01,4.A.4.a.1.I02,0.02028
2025-11-01,4.A.4.a.1.I03,0.01445
2025-11-01,4.A.4.a.1.I04,0.00818
2025-11-01,4.A.4.a.1.I05,0.00424
2025-11-01,4.A.4.a.2.I01,0.00045
2025-11-01,4.A.4.a.2.I02,0.00168
2025-11-01,4.A.4.a.2.I03,0.01910
2025-11-01,4.A.4.a.2.I04,0.00274
2025-11-01,4.A.4.a.2.I06,0.00105
2025-11-01,4.A.4.a.2.I08,0.00058
2025-11-01,4.A.4.a.2.I09,0.00526
2025-11-01,4.A.4.a.2.I11,0.00503
2025-11-01,4.A.4.a.2.I12,0.00061
2025-11-01,4.A.4.a.2.I13,0.00128
2025-11-01,4.A.4.a.3.I02,0.00468
2025-11-01,4.A.4.a.3.I03,0.00761
2025-11-01,4.A.4.a.4.I01,0.00206
2025-11-01,4.A.4.a.5.I01,0.00245
2025-11-01,4.A.4.a.5.I03,0.00075
2025-11-01,4.A.4.a.5.I04,0.00000
2025-11-01,4.A.4.a.5.I08,0.00228
2025-11-01,4.A.4.a.5.I10,0.00015
2025-11-01,4.A.4.a.6.I01,0.00000
2025-11-01,4.A.4.a.6.I02,0.00188
2025-11-01,4.A.4.a.6.I03,0.00341
2025-11-01,4.A.4.a.7.I01,0.00063
2025-11-01,4.A.4.a.7.I02,0.00121
2025-11-01,4.A.4.a.7.I03,0.00135
2025-11-01,4.A.4.a.8.I01,0.00009
2025-11-01,4.A.4.a.8.I02,0.00000
2025-11-01,4.A.4.a.8.I03,0.00096
2025-11-01,4.A.4.b.3.I01,0.00062
2025-11-01,4.A.4.b.3.I02,0.00562
2025-11-01,4.A.4.b.3.I04,0.00061
2025-11-01,4.A.4.b.3.I05,0.00006
2025-11-01,4.A.4.b.5.I01,0.00212
2025-11-01,4.A.4.b.5.I02,0.00108
2025-11-01,4.A.4.b.6.I01,0.00256
2025-11-01,4.A.4.b.6.I02,0.00597
2025-11-01,4.A.4.b.6.I04,0.00617
2025-11-01,4.A.4.b.6.I05,0.00743
2025-11-01,4.A.4.b.6.I06,0.00278
2025-11-01,4.A.4.b.6.I07,0.01735
2025-11-01,4.A.4.b.6.I08,0.00325
2025-11-01,4.A.4.b.6.I10,0.00293
2025-11-01,4.A.4.b.6.I11,0.00202
2025-11-01,4.A.4.c.1.I01,0.00954
2025-11-01,4.A.4.c.1.I03,0.00037
2025-11-01,4.A.4.c.1.I04,0.00087
2025-11-01,4.A.4.c.2.I01,0.00195
2025-11-01,4.A.4.c.3.I05,0.00211
2025-11-01,Other IWA,0.01628
2025-12-01,4.A.1.a.1.I01,0.00267
2025-12-01,4.A.1.a.1.I02,0.00315
2025-12-01,4.A.1.a.1.I03,0.00048
2025-12-01,4.A.1.a.1.I04,0.03605
2025-12-01,4.A.1.a.1.I05,0.00051
2025-12-01,4.A.1.a.1.I06,0.00028
2025-12-01,4.A.1.a.1.I07,0.01512
2025-12-01,4.A.1.a.1.I08,0.00035
2025-12-01,4.A.1.a.1.I09,0.00313
2025-12-01,4.A.1.a.1.I11,0.00041
2025-12-01,4.A.1.a.1.I12,0.00121
2025-12-01,4.A.1.a.1.I13,0.00063
2025-12-01,4.A.1.a.1.I14,0.00141
2025-12-01,4.A.1.a.1.I15,0.00096
2025-12-01,4.A.1.a.1.I16,0.00140
2025-12-01,4.A.1.a.1.I17,0.00422
2025-12-01,4.A.1.a.1.I18,0.00737
2025-12-01,4.A.1.a.1.I19,0.00543
2025-12-01,4.A.1.a.1.I20,0.00179
2025-12-01,4.A.1.a.1.I21,0.00029
2025-12-01,4.A.1.a.1.I23,0.00121
2025-12-01,4.A.1.a.2.I08,0.00027
2025-12-01,4.A.1.a.2.I10,0.00019
2025-12-01,4.A.1.b.1.I02,0.00226
2025-12-01,4.A.1.b.2.I09,0.00076
2025-12-01,4.A.1.b.3.I01,0.00101
2025-12-01,4.A.1.b.3.I02,0.00079
2025-12-01,4.A.1.b.3.I03,0.01521
2025-12-01,4.A.2.a.1.I01,0.00056
2025-12-01,4.A.2.a.1.I02,0.00382
2025-12-01,4.A.2.a.1.I03,0.00262
2025-12-01,4.A.2.a.1.I04,0.00273
2025-12-01,4.A.2.a.1.I06,0.00202
2025-12-01,4.A.2.a.1.I07,0.00746
2025-12-01,4.A.2.a.1.I08,0.00289
2025-12-01,4.A.2.a.1.I09,0.00067
2025-12-01,4.A.2.a.1.I10,0.00076
2025-12-01,4.A.2.a.2.I01,0.00086
2025-12-01,4.A.2.a.2.I03,0.00310
2025-12-01,4.A.2.a.2.I05,0.00017
2025-12-01,4.A.2.a.3.I01,0.00371
2025-12-01,4.A.2.a.4.I01,0.00029
2025-12-01,4.A.2.a.4.I02,0.00528
2025-12-01,4.A.2.a.4.I03,0.00102
2025-12-01,4.A.2.a.4.I04,0.00794
2025-12-01,4.A.2.a.4.I05,0.00143
2025-12-01,4.A.2.a.4.I06,0.00069
2025-12-01,4.A.2.a.4.I07,0.00141
2025-12-01,4.A.2.a.4.I08,0.00507
2025-12-01,4.A.2.a.4.I09,0.00055
2025-12-01,4.A.2.a.4.I10,0.00029
2025-12-01,4.A.2.a.4.I11,0.00532
2025-12-01,4.A.2.a.4.I12,0.00082
2025-12-01,4.A.2.b.1.I01,0.00454
2025-12-01,4.A.2.b.1.I02,0.00213
2025-12-01,4.A.2.b.1.I06,0.00136
2025-12-01,4.A.2.b.1.I07,0.13606
2025-12-01,4.A.2.b.1.I08,0.00099
2025-12-01,4.A.2.b.1.I10,0.00093
2025-12-01,4.A.2.b.1.I11,0.00164
2025-12-01,4.A.2.b.2.I01,0.00219
2025-12-01,4.A.2.b.2.I02,0.00499
2025-12-01,4.A.2.b.2.I03,0.00498
2025-12-01,4.A.2.b.2.I04,0.00102
2025-12-01,4.A.2.b.2.I06,0.00144
2025-12-01,4.A.2.b.2.I07,0.00175
2025-12-01,4.A.2.b.2.I09,0.00389
2025-12-01,4.A.2.b.2.I11,0.00192
2025-12-01,4.A.2.b.2.I12,0.04162
2025-12-01,4.A.2.b.2.I15,0.00752
2025-12-01,4.A.2.b.2.I18,0.03192
2025-12-01,4.A.2.b.2.I19,0.00092
2025-12-01,4.A.2.b.2.I21,0.00190
2025-12-01,4.A.2.b.2.I22,0.00785
2025-12-01,4.A.2.b.2.I23,0.00383
2025-12-01,4.A.2.b.2.I25,0.00325
2025-12-01,4.A.2.b.2.I26,0.00058
2025-12-01,4.A.2.b.2.I27,0.00121
2025-12-01,4.A.2.b.3.I01,0.00699
2025-12-01,4.A.2.b.4.I01,0.00247
2025-12-01,4.A.2.b.4.I03,0.00144
2025-12-01,4.A.2.b.5.I01,0.00176
2025-12-01,4.A.2.b.5.I02,0.00330
2025-12-01,4.A.2.b.5.I03,0.00361
2025-12-01,4.A.2.b.6.I01,0.00299
2025-12-01,4.A.2.b.6.I02,0.00654
2025-12-01,4.A.3.a.1.I01,0.00021
2025-12-01,4.A.3.a.1.I03,0.00000
2025-12-01,4.A.3.a.1.I08,0.00017
2025-12-01,4.A.3.a.1.I16,0.00007
2025-12-01,4.A.3.a.2.I03,0.00113
2025-12-01,4.A.3.a.2.I21,0.00000
2025-12-01,4.A.3.a.2.I46,0.00092
2025-12-01,4.A.3.b.1.I01,0.02720
2025-12-01,4.A.3.b.1.I02,0.00042
2025-12-01,4.A.3.b.1.I03,0.00658
2025-12-01,4.A.3.b.1.I04,0.02791
2025-12-01,4.A.3.b.1.I05,0.00167
2025-12-01,4.A.3.b.1.I06,0.00488
2025-12-01,4.A.3.b.6.I01,0.00705
2025-12-01,4.A.3.b.6.I03,0.00552
2025-12-01,4.A.3.b.6.I05,0.00102
2025-12-01,4.A.3.b.6.I06,0.01240
2025-12-01,4.A.3.b.6.I07,0.00209
2025-12-01,4.A.3.b.6.I08,0.00149
2025-12-01,4.A.3.b.6.I09,0.00371
2025-12-01,4.A.3.b.6.I10,0.00060
2025-12-01,4.A.3.b.6.I12,0.09873
2025-12-01,4.A.3.b.6.I13,0.01199
2025-12-01,4.A.3.b.6.I14,0.00501
2025-12-01,4.A.3.b.6.I15,0.00989
2025-12-01,4.A.3.b.6.I16,0.05126
2025-12-01,4.A.4.a.1.I01,0.02798
2025-12-01,4.A.4.a.1.I02,0.01873
2025-12-01,4.A.4.a.1.I03,0.01785
2025-12-01,4.A.4.a.1.I04,0.00682
2025-12-01,4.A.4.a.1.I05,0.00433
2025-12-01,4.A.4.a.2.I01,0.00023
2025-12-01,4.A.4.a.2.I02,0.00074
2025-12-01,4.A.4.a.2.I03,0.01816
2025-12-01,4.A.4.a.2.I04,0.00293
2025-12-01,4.A.4.a.2.I06,0.00091
2025-12-01,4.A.4.a.2.I08,0.00100
2025-12-01,4.A.4.a.2.I09,0.00639
2025-12-01,4.A.4.a.2.I11,0.00754
2025-12-01,4.A.4.a.2.I12,0.00071
2025-12-01,4.A.4.a.2.I13,0.00105
2025-12-01,4.A.4.a.3.I02,0.00393
2025-12-01,4.A.4.a.3.I03,0.01017
2025-12-01,4.A.4.a.4.I01,0.00283
2025-12-01,4.A.4.a.5.I01,0.00183
2025-12-01,4.A.4.a.5.I03,0.00087
2025-12-01,4.A.4.a.5.I04,0.00053
2025-12-01,4.A.4.a.5.I08,0.00342
2025-12-01,4.A.4.a.5.I10,0.00000
2025-12-01,4.A.4.a.6.I01,0.00003
2025-12-01,4.A.4.a.6.I02,0.00169
2025-12-01,4.A.4.a.6.I03,0.00411
2025-12-01,4.A.4.a.7.I01,0.00033
2025-12-01,4.A.4.a.7.I02,0.00161
2025-12-01,4.A.4.a.7.I03,0.00107
2025-12-01,4.A.4.a.8.I01,0.00010
2025-12-01,4.A.4.a.8.I02,0.00011
2025-12-01,4.A.4.a.8.I03,0.00092
2025-12-01,4.A.4.b.3.I01,0.00039
2025-12-01,4.A.4.b.3.I02,0.00490
2025-12-01,4.A.4.b.3.I04,0.00027
2025-12-01,4.A.4.b.3.I05,0.00000
2025-12-01,4.A.4.b.5.I01,0.00209
2025-12-01,4.A.4.b.5.I02,0.00205
2025-12-01,4.A.4.b.6.I01,0.00195
2025-12-01,4.A.4.b.6.I02,0.00612
2025-12-01,4.A.4.b.6.I04,0.00662
2025-12-01,4.A.4.b.6.I05,0.00816
2025-12-01,4.A.4.b.6.I06,0.00359
2025-12-01,4.A.4.b.6.I07,0.01704
2025-12-01,4.A.4.b.6.I08,0.00525
2025-12-01,4.A.4.b.6.I10,0.00261
2025-12-01,4.A.4.b.6.I11,0.00349
2025-12-01,4.A.4.c.1.I01,0.01082
2025-12-01,4.A.4.c.1.I03,0.00134
2025-12-01,4.A.4.c.1.I04,0.00087
2025-12-01,4.A.4.c.2.I01,0.00153
2025-12-01,4.A.4.c.3.I05,0.00122
2025-12-01,Other IWA,0.01927
2026-01-01,4.A.1.a.1.I01,0.00310
2026-01-01,4.A.1.a.1.I02,0.00145
2026-01-01,4.A.1.a.1.I03,0.00009
2026-01-01,4.A.1.a.1.I04,0.03744
2026-01-01,4.A.1.a.1.I05,0.00162
2026-01-01,4.A.1.a.1.I06,0.00079
2026-01-01,4.A.1.a.1.I07,0.01622
2026-01-01,4.A.1.a.1.I08,0.00048
2026-01-01,4.A.1.a.1.I09,0.00233
2026-01-01,4.A.1.a.1.I11,0.00036
2026-01-01,4.A.1.a.1.I12,0.00097
2026-01-01,4.A.1.a.1.I13,0.00006
2026-01-01,4.A.1.a.1.I14,0.00097
2026-01-01,4.A.1.a.1.I15,0.00158
2026-01-01,4.A.1.a.1.I16,0.00146
2026-01-01,4.A.1.a.1.I17,0.00288
2026-01-01,4.A.1.a.1.I18,0.00586
2026-01-01,4.A.1.a.1.I19,0.00499
2026-01-01,4.A.1.a.1.I20,0.00220
2026-01-01,4.A.1.a.1.I21,0.00067
2026-01-01,4.A.1.a.1.I23,0.00170
2026-01-01,4.A.1.a.2.I08,0.00007
2026-01-01,4.A.1.a.2.I10,0.00073
2026-01-01,4.A.1.b.1.I02,0.00119
2026-01-01,4.A.1.b.2.I09,0.00049
2026-01-01,4.A.1.b.3.I01,0.00055
2026-01-01,4.A.1.b.3.I02,0.00183
2026-01-01,4.A.1.b.3.I03,0.01142
2026-01-01,4.A.2.a.1.I01,0.00150
2026-01-01,4.A.2.a.1.I02,0.00338
2026-01-01,4.A.2.a.1.I03,0.00144
2026-01-01,4.A.2.a.1.I04,0.00197
2026-01-01,4.A.2.a.1.I06,0.00157
2026-01-01,4.A.2.a.1.I07,0.00722
2026-01-01,4.A.2.a.1.I08,0.00201
2026-01-01,4.A.2.a.1.I09,0.00038
2026-01-01,4.A.2.a.1.I10,0.00096
2026-01-01,4.A.2.a.2.I01,0.00179
2026-01-01,4.A.2.a.2.I03,0.00273
2026-01-01,4.A.2.a.2.I05,0.00096
2026-01-01,4.A.2.a.3.I01,0.00332
2026-01-01,4.A.2.a.4.I01,0.00009
2026-01-01,4.A.2.a.4.I02,0.00506
2026-01-01,4.A.2.a.4.I03,0.00059
2026-01-01,4.A.2.a.4.I04,0.00453
2026-01-01,4.A.2.a.4.I05,0.00105
2026-01-01,4.A.2.a.4.I06,0.00000
2026-01-01,4.A.2.a.4.I07,0.00152
2026-01-01,4.A.2.a.4.I08,0.00460
2026-01-01,4.A.2.a.4.I09,0.00109
2026-01-01,4.A.2.a.4.I10,0.00048
2026-01-01,4.A.2.a.4.I11,0.00420
2026-01-01,4.A.2.a.4.I12,0.00106
2026-01-01,4.A.2.b.1.I01,0.00633
2026-01-01,4.A.2.b.1.I02,0.00305
2026-01-01,4.A.2.b.1.I06,0.00099
2026-01-01,4.A.2.b.1.I07,0.13271
2026-01-01,4.A.2.b.1.I08,0.00120
2026-01-01,4.A.2.b.1.I10,0.00090
2026-01-01,4.A.2.b.1.I11,0.00169
2026-01-01,4.A.2.b.2.I01,0.00328
2026-01-01,4.A.2.b.2.I02,0.00537
2026-01-01,4.A.2.b.2.I03,0.00500
2026-01-01,4.A.2.b.2.I04,0.00085
2026-01-01,4.A.2.b.2.I06,0.00041
2026-01-01,4.A.2.b.2.I07,0.00201
2026-01-01,4.A.2.b.2.I09,0.00275
2026-01-01,4.A.2.b.2.I11,0.00089
2026-01-01,4.A.2.b.2.I12,0.04383
2026-01-01,4.A.2.b.2.I15,0.00991
2026-01-01,4.A.2.b.2.I18,0.03978
2026-01-01,4.A.2.b.2.I19,0.00000
2026-01-01,4.A.2.b.2.I21,0.00133
2026-01-01,4.A.2.b.2.I22,0.01004
2026-01-01,4.A.2.b.2.I23,0.00415
2026-01-01,4.A.2.b.2.I25,0.00381
2026-01-01,4.A.2.b.2.I26,0.00000
2026-01-01,4.A.2.b.2.I27,0.00198
2026-01-01,4.A.2.b.3.I01,0.00696
2026-01-01,4.A.2.b.4.I01,0.00329
2026-01-01,4.A.2.b.4.I03,0.00179
2026-01-01,4.A.2.b.5.I01,0.00237
2026-01-01,4.A.2.b.5.I02,0.00358
2026-01-01,4.A.2.b.5.I03,0.00316
2026-01-01,4.A.2.b.6.I01,0.00299
2026-01-01,4.A.2.b.6.I02,0.00684
2026-01-01,4.A.3.a.1.I01,0.00093
2026-01-01,4.A.3.a.1.I03,0.00042
2026-01-01,4.A.3.a.1.I08,0.00000
2026-01-01,4.A.3.a.1.I16,0.00000
2026-01-01,4.A.3.a.2.I03,0.00078
2026-01-01,4.A.3.a.2.I21,0.00000
2026-01-01,4.A.3.a.2.I46,0.00017
2026-01-01,4.A.3.b.1.I01,0.01948
2026-01-01,4.A.3.b.1.I02,0.00068
2026-01-01,4.A.3.b.1.I03,0.00666
2026-01-01,4.A.3.b.1.I04,0.02702
2026-01-01,4.A.3.b.1.I05,0.00459
2026-01-01,4.A.3.b.1.I06,0.00422
2026-01-01,4.A.3.b.6.I01,0.00669
2026-01-01,4.A.3.b.6.I03,0.00292
2026-01-01,4.A.3.b.6.I05,0.00184
2026-01-01,4.A.3.b.6.I06,0.01129
2026-01-01,4.A.3.b.6.I07,0.00301
2026-01-01,4.A.3.b.6.I08,0.00274
2026-01-01,4.A.3.b.6.I09,0.00245
2026-01-01,4.A.3.b.6.I10,0.00124
2026-01-01,4.A.3.b.6.I12,0.09522
2026-01-01,4.A.3.b.6.I13,0.01420
2026-01-01,4.A.3.b.6.I14,0.00538
2026-01-01,4.A.3.b.6.I15,0.01028
2026-01-01,4.A.3.b.6.I16,0.04555
2026-01-01,4.A.4.a.1.I01,0.02466
2026-01-01,4.A.4.a.1.I02,0.02243
2026-01-01,4.A.4.a.1.I03,0.01395
2026-01-01,4.A.4.a.1.I04,0.00856
2026-01-01,4.A.4.a.1.I05,0.00361
2026-01-01,4.A.4.a.2.I01,0.00032
2026-01-01,4.A.4.a.2.I02,0.00136
2026-01-01,4.A.4.a.2.I03,0.02053
2026-01-01,4.A.4.a.2.I04,0.00288
2026-01-01,4.A.4.a.2.I06,0.00113
2026-01-01,4.A.4.a.2.I08,0.00101
2026-01-01,4.A.4.a.2.I09,0.00714
2026-01-01,4.A.4.a.2.I11,0.00695
2026-01-01,4.A.4.a.2.I12,0.00065
2026-01-01,4.A.4.a.2.I13,0.00197
2026-01-01,4.A.4.a.3.I02,0.00571
2026-01-01,4.A.4.a.3.I03,0.00959
2026-01-01,4.A.4.a.4.I01,0.00325
2026-01-01,4.A.4.a.5.I01,0.00257
2026-01-01,4.A.4.a.5.I03,0.00036
2026-01-01,4.A.4.a.5.I04,0.00000
2026-01-01,4.A.4.a.5.I08,0.00275
2026-01-01,4.A.4.a.5.I10,0.00051
2026-01-01,4.A.4.a.6.I01,0.00000
2026-01-01,4.A.4.a.6.I02,0.00325
2026-01-01,4.A.4.a.6.I03,0.00445
2026-01-01,4.A.4.a.7.I01,0.00022
2026-01-01,4.A.4.a.7.I02,0.00228
2026-01-01,4.A.4.a.7.I03,0.00089
2026-01-01,4.A.4.a.8.I01,0.00012
2026-01-01,4.A.4.a.8.I02,0.00012
2026-01-01,4.A.4.a.8.I03,0.00157
2026-01-01,4.A.4.b.3.I01,0.00071
2026-01-01,4.A.4.b.3.I02,0.00391
2026-01-01,4.A.4.b.3.I04,0.00038
2026-01-01,4.A.4.b.3.I05,0.00033
2026-01-01,4.A.4.b.5.I01,0.00211
2026-01-01,4.A.4.b.5.I02,0.00135
2026-01-01,4.A.4.b.6.I01,0.00306
2026-01-01,4.A.4.b.6.I02,0.00677
2026-01-01,4.A.4.b.6.I04,0.00728
2026-01-01,4.A.4.b.6.I05,0.01138
2026-01-01,4.A.4.b.6.I06,0.00290
2026-01-01,4.A.4.b.6.I07,0.01914
2026-01-01,4.A.4.b.6.I08,0.00431
2026-01-01,4.A.4.b.6.I10,0.00289
2026-01-01,4.A.4.b.6.I11,0.00503
2026-01-01,4.A.4.c.1.I01,0.01137
2026-01-01,4.A.4.c.1.I03,0.00080
2026-01-01,4.A.4.c.1.I04,0.00146
2026-01-01,4.A.4.c.2.I01,0.00169
2026-01-01,4.A.4.c.3.I05,0.00154
2026-01-01,Other IWA,0.01875
2026-02-01,4.A.1.a.1.I01,0.00315
2026-02-01,4.A.1.a.1.I02,0.00304
2026-02-01,4.A.1.a.1.I03,0.00013
2026-02-01,4.A.1.a.1.I04,0.03526
2026-02-01,4.A.1.a.1.I05,0.00236
2026-02-01,4.A.1.a.1.I06,0.00073
2026-02-01,4.A.1.a.1.I07,0.01606
2026-02-01,4.A.1.a.1.I08,0.00041
2026-02-01,4.A.1.a.1.I09,0.00323
2026-02-01,4.A.1.a.1.I11,0.00000
2026-02-01,4.A.1.a.1.I12,0.00111
2026-02-01,4.A.1.a.1.I13,0.00052
2026-02-01,4.A.1.a.1.I14,0.00168
2026-02-01,4.A.1.a.1.I15,0.00184
2026-02-01,4.A.1.a.1.I16,0.00115
2026-02-01,4.A.1.a.1.I17,0.00479
2026-02-01,4.A.1.a.1.I18,0.00897
2026-02-01,4.A.1.a.1.I19,0.00522
2026-02-01,4.A.1.a.1.I20,0.00123
2026-02-01,4.A.1.a.1.I21,0.00048
2026-02-01,4.A.1.a.1.I23,0.00119
2026-02-01,4.A.1.a.2.I08,0.00070
2026-02-01,4.A.1.a.2.I10,0.00062
2026-02-01,4.A.1.b.1.I02,0.00097
2026-02-01,4.A.1.b.2.I09,0.00014
2026-02-01,4.A.1.b.3.I01,0.00148
2026-02-01,4.A.1.b.3.I02,0.00120
2026-02-01,4.A.1.b.3.I03,0.01325
2026-02-01,4.A.2.a.1.I01,0.00172
2026-02-01,4.A.2.a.1.I02,0.00394
2026-02-01,4.A.2.a.1.I03,0.00350
2026-02-01,4.A.2.a.1.I04,0.00204
2026-02-01,4.A.2.a.1.I06,0.00384
2026-02-01,4.A.2.a.1.I07,0.00588
2026-02-01,4.A.2.a.1.I08,0.00372
2026-02-01,4.A.2.a.1.I09,0.00000
2026-02-01,4.A.2.a.1.I10,0.00045
2026-02-01,4.A.2.a.2.I01,0.00172
2026-02-01,4.A.2.a.2.I03,0.00404
2026-02-01,4.A.2.a.2.I05,0.00041
2026-02-01,4.A.2.a.3.I01,0.00340
2026-02-01,4.A.2.a.4.I01,0.00009
2026-02-01,4.A.2.a.4.I02,0.00576
2026-02-01,4.A.2.a.4.I03,0.00116
2026-02-01,4.A.2.a.4.I04,0.00960
2026-02-01,4.A.2.a.4.I05,0.00085
2026-02-01,4.A.2.a.4.I06,0.00093
2026-02-01,4.A.2.a.4.I07,0.00128
2026-02-01,4.A.2.a.4.I08,0.00402
2026-02-01,4.A.2.a.4.I09,0.00045
2026-02-01,4.A.2.a.4.I10,0.00050
2026-02-01,4.A.2.a.4.I11,0.00519
2026-02-01,4.A.2.a.4.I12,0.00071
2026-02-01,4.A.2.b.1.I01,0.00500
2026-02-01,4.A.2.b.1.I02,0.00257
2026-02-01,4.A.2.b.1.I06,0.00060
2026-02-01,4.A.2.b.1.I07,0.12798
2026-02-01,4.A.2.b.1.I08,0.00181
2026-02-01,4.A.2.b.1.I10,0.00152
2026-02-01,4.A.2.b.1.I11,0.00168
2026-02-01,4.A.2.b.2.I01,0.00237
2026-02-01,4.A.2.b.2.I02,0.00524
2026-02-01,4.A.2.b.2.I03,0.00687
2026-02-01,4.A.2.b.2.I04,0.00070
2026-02-01,4.A.2.b.2.I06,0.00075
2026-02-01,4.A.2.b.2.I07,0.00184
2026-02-01,4.A.2.b.2.I09,0.00380
2026-02-01,4.A.2.b.2.I11,0.00176
2026-02-01,4.A.2.b.2.I12,0.03998
2026-02-01,4.A.2.b.2.I15,0.00941
2026-02-01,4.A.2.b.2.I18,0.03904
2026-02-01,4.A.2.b.2.I19,0.00020
2026-02-01,4.A.2.b.2.I21,0.00173
2026-02-01,4.A.2.b.2.I22,0.00820
2026-02-01,4.A.2.b.2.I23,0.00359
2026-02-01,4.A.2.b.2.I25,0.00603
2026-02-01,4.A.2.b.2.I26,0.00010
2026-02-01,4.A.2.b.2.I27,0.00170
2026-02-01,4.A.2.b.3.I01,0.01018
2026-02-01,4.A.2.b.4.I01,0.00397
2026-02-01,4.A.2.b.4.I03,0.00218
2026-02-01,4.A.2.b.5.I01,0.00205
2026-02-01,4.A.2.b.5.I02,0.00330
2026-02-01,4.A.2.b.5.I03,0.00399
2026-02-01,4.A.2.b.6.I01,0.00244
2026-02-01,4.A.2.b.6.I02,0.00749
2026-02-01,4.A.3.a.1.I01,0.00055
2026-02-01,4.A.3.a.1.I03,0.00026
2026-02-01,4.A.3.a.1.I08,0.00000
2026-02-01,4.A.3.a.1.I16,0.00019
2026-02-01,4.A.3.a.2.I03,0.00067
2026-02-01,4.A.3.a.2.I21,0.00046
2026-02-01,4.A.3.a.2.I46,0.00000
2026-02-01,4.A.3.b.1.I01,0.02173
2026-02-01,4.A.3.b.1.I02,0.00120
2026-02-01,4.A.3.b.1.I03,0.00763
2026-02-01,4.A.3.b.1.I04,0.02470
2026-02-01,4.A.3.b.1.I05,0.00300
2026-02-01,4.A.3.b.1.I06,0.00413
2026-02-01,4.A.3.b.6.I01,0.00745
2026-02-01,4.A.3.b.6.I03,0.00368
2026-02-01,4.A.3.b.6.I05,0.00106
2026-02-01,4.A.3.b.6.I06,0.01498
2026-02-01,4.A.3.b.6.I07,0.00350
2026-02-01,4.A.3.b.6.I08,0.00228
2026-02-01,4.A.3.b.6.I09,0.00428
2026-02-01,4.A.3.b.6.I10,0.00118
2026-02-01,4.A.3.b.6.I12,0.09462
2026-02-01,4.A.3.b.6.I13,0.01222
2026-02-01,4.A.3.b.6.I14,0.00535
2026-02-01,4.A.3.b.6.I15,0.00970
2026-02-01,4.A.3.b.6.I16,0.04059
2026-02-01,4.A.4.a.1.I01,0.02490
2026-02-01,4.A.4.a.1.I02,0.01733
2026-02-01,4.A.4.a.1.I03,0.01032
2026-02-01,4.A.4.a.1.I04,0.00700
2026-02-01,4.A.4.a.1.I05,0.00490
2026-02-01,4.A.4.a.2.I01,0.00000
2026-02-01,4.A.4.a.2.I02,0.00133
2026-02-01,4.A.4.a.2.I03,0.01906
2026-02-01,4.A.4.a.2.I04,0.00333
2026-02-01,4.A.4.a.2.I06,0.00126
2026-02-01,4.A.4.a.2.I08,0.00133
2026-02-01,4.A.4.a.2.I09,0.00540
2026-02-01,4.A.4.a.2.I11,0.00797
2026-02-01,4.A.4.a.2.I12,0.00068
2026-02-01,4.A.4.a.2.I13,0.00152
2026-02-01,4.A.4.a.3.I02,0.00429
2026-02-01,4.A.4.a.3.I03,0.00814
2026-02-01,4.A.4.a.4.I01,0.00252
2026-02-01,4.A.4.a.5.I01,0.00246
2026-02-01,4.A.4.a.5.I03,0.00000
2026-02-01,4.A.4.a.5.I04,0.00000
2026-02-01,4.A.4.a.5.I08,0.00335
2026-02-01,4.A.4.a.5.I10,0.00000
2026-02-01,4.A.4.a.6.I01,0.00076
2026-02-01,4.A.4.a.6.I02,0.00266
2026-02-01,4.A.4.a.6.I03,0.00523
2026-02-01,4.A.4.a.7.I01,0.00000
2026-02-01,4.A.4.a.7.I02,0.00255
2026-02-01,4.A.4.a.7.I03,0.00113
2026-02-01,4.A.4.a.8.I01,0.00008
2026-02-01,4.A.4.a.8.I02,0.00000
2026-02-01,4.A.4.a.8.I03,0.00082
2026-02-01,4.A.4.b.3.I01,0.00025
2026-02-01,4.A.4.b.3.I02,0.00501
2026-02-01,4.A.4.b.3.I04,0.00059
2026-02-01,4.A.4.b.3.I05,0.00060
2026-02-01,4.A.4.b.5.I01,0.00208
2026-02-01,4.A.4.b.5.I02,0.00143
2026-02-01,4.A.4.b.6.I01,0.00267
2026-02-01,4.A.4.b.6.I02,0.00629
2026-02-01,4.A.4.b.6.I04,0.00565
2026-02-01,4.A.4.b.6.I05,0.01056
2026-02-01,4.A.4.b.6.I06,0.00410
2026-02-01,4.A.4.b.6.I07,0.01695
2026-02-01,4.A.4.b.6.I08,0.00457
2026-02-01,4.A.4.b.6.I10,0.00259
2026-02-01,4.A.4.b.6.I11,0.00476
2026-02-01,4.A.4.c.1.I01,0.01216
2026-02-01,4.A.4.c.1.I03,0.00097
2026-02-01,4.A.4.c.1.I04,0.00084
2026-02-01,4.A.4.c.2.I01,0.00286
2026-02-01,4.A.4.c.3.I05,0.00147
2026-02-01,Other IWA,0.02171
2026-03-01,4.A.1.a.1.I01,0.00424
2026-03-01,4.A.1.a.1.I02,0.00324
2026-03-01,4.A.1.a.1.I03,0.00047
2026-03-01,4.A.1.a.1.I04,0.03702
2026-03-01,4.A.1.a.1.I05,0.00143
2026-03-01,4.A.1.a.1.I06,0.00086
2026-03-01,4.A.1.a.1.I07,0.01896
2026-03-01,4.A.1.a.1.I08,0.00000
2026-03-01,4.A.1.a.1.I09,0.00386
2026-03-01,4.A.1.a.1.I11,0.00044
2026-03-01,4.A.1.a.1.I12,0.00201
2026-03-01,4.A.1.a.1.I13,0.00000
2026-03-01,4.A.1.a.1.I14,0.00105
2026-03-01,4.A.1.a.1.I15,0.00222
2026-03-01,4.A.1.a.1.I16,0.00123
2026-03-01,4.A.1.a.1.I17,0.00382
2026-03-01,4.A.1.a.1.I18,0.00645
2026-03-01,4.A.1.a.1.I19,0.00548
2026-03-01,4.A.1.a.1.I20,0.00135
2026-03-01,4.A.1.a.1.I21,0.00048
2026-03-01,4.A.1.a.1.I23,0.00117
2026-03-01,4.A.1.a.2.I08,0.00079
2026-03-01,4.A.1.a.2.I10,0.00044
2026-03-01,4.A.1.b.1.I02,0.00142
2026-03-01,4.A.1.b.2.I09,0.00028
2026-03-01,4.A.1.b.3.I01,0.00032
2026-03-01,4.A.1.b.3.I02,0.00112
2026-03-01,4.A.1.b.3.I03,0.01424
2026-03-01,4.A.2.a.1.I01,0.00198
2026-03-01,4.A.2.a.1.I02,0.00426
2026-03-01,4.A.2.a.1.I03,0.00329
2026-03-01,4.A.2.a.1.I04,0.00246
2026-03-01,4.A.2.a.1.I06,0.00251
2026-03-01,4.A.2.a.1.I07,0.00660
2026-03-01,4.A.2.a.1.I08,0.00301
2026-03-01,4.A.2.a.1.I09,0.00056
2026-03-01,4.A.2.a.1.I10,0.00101
2026-03-01,4.A.2.a.2.I01,0.00220
2026-03-01,4.A.2.a.2.I03,0.00276
2026-03-01,4.A.2.a.2.I05,0.00049
2026-03-01,4.A.2.a.3.I01,0.00288
2026-03-01,4.A.2.a.4.I01,0.00018
2026-03-01,4.A.2.a.4.I02,0.00497
2026-03-01,4.A.2.a.4.I03,0.00155
2026-03-01,4.A.2.a.4.I04,0.00750
2026-03-01,4.A.2.a.4.I05,0.00129
2026-03-01,4.A.2.a.4.I06,0.00143
2026-03-01,4.A.2.a.4.I07,0.00107
2026-03-01,4.A.2.a.4.I08,0.00343
2026-03-01,4.A.2.a.4.I09,0.00047
2026-03-01,4.A.2.a.4.I10,0.00102
2026-03-01,4.A.2.a.4.I11,0.00532
2026-03-01,4.A.2.a.4.I12,0.00076
2026-03-01,4.A.2.b.1.I01,0.00747
2026-03-01,4.A.2.b.1.I02,0.00268
2026-03-01,4.A.2.b.1.I06,0.00029
2026-03-01,4.A.2.b.1.I07,0.12927
2026-03-01,4.A.2.b.1.I08,0.00182
2026-03-01,4.A.2.b.1.I10,0.00136
2026-03-01,4.A.2.b.1.I11,0.00179
2026-03-01,4.A.2.b.2.I01,0.00289
2026-03-01,4.A.2.b.2.I02,0.00479
2026-03-01,4.A.2.b.2.I03,0.00565
2026-03-01,4.A.2.b.2.I04,0.00104
2026-03-01,4.A.2.b.2.I06,0.00084
2026-03-01,4.A.2.b.2.I07,0.00199
2026-03-01,4.A.2.b.2.I09,0.00384
2026-03-01,4.A.2.b.2.I11,0.00029
2026-03-01,4.A.2.b.2.I12,0.04351
2026-03-01,4.A.2.b.2.I15,0.01023
2026-03-01,4.A.2.b.2.I18,0.04183
2026-03-01,4.A.2.b.2.I19,0.00057
2026-03-01,4.A.2.b.2.I21,0.00189
2026-03-01,4.A.2.b.2.I22,0.00857
2026-03-01,4.A.2.b.2.I23,0.00421
2026-03-01,4.A.2.b.2.I25,0.00338
2026-03-01,4.A.2.b.2.I26,0.00050
2026-03-01,4.A.2.b.2.I27,0.00172
2026-03-01,4.A.2.b.3.I01,0.00719
2026-03-01,4.A.2.b.4.I01,0.00352
2026-03-01,4.A.2.b.4.I03,0.00162
2026-03-01,4.A.2.b.5.I01,0.00139
2026-03-01,4.A.2.b.5.I02,0.00306
2026-03-01,4.A.2.b.5.I03,0.00229
2026-03-01,4.A.2.b.6.I01,0.00172
2026-03-01,4.A.2.b.6.I02,0.00639
2026-03-01,4.A.3.a.1.I01,0.00072
2026-03-01,4.A.3.a.1.I03,0.00025
2026-03-01,4.A.3.a.1.I08,0.00003
2026-03-01,4.A.3.a.1.I16,0.00036
2026-03-01,4.A.3.a.2.I03,0.00039
2026-03-01,4.A.3.a.2.I21,0.00040
2026-03-01,4.A.3.a.2.I46,0.00001
2026-03-01,4.A.3.b.1.I01,0.01836
2026-03-01,4.A.3.b.1.I02,0.00037
2026-03-01,4.A.3.b.1.I03,0.00614
2026-03-01,4.A.3.b.1.I04,0.02325
2026-03-01,4.A.3.b.1.I05,0.00254
2026-03-01,4.A.3.b.1.I06,0.00399
2026-03-01,4.A.3.b.6.I01,0.00649
2026-03-01,4.A.3.b.6.I03,0.00394
2026-03-01,4.A.3.b.6.I05,0.00122
2026-03-01,4.A.3.b.6.I06,0.01578
2026-03-01,4.A.3.b.6.I07,0.00405
2026-03-01,4.A.3.b.6.I08,0.00268
2026-03-01,4.A.3.b.6.I09,0.00215
2026-03-01,4.A.3.b.6.I10,0.00072
2026-03-01,4.A.3.b.6.I12,0.09061
2026-03-01,4.A.3.b.6.I13,0.01144
2026-03-01,4.A.3.b.6.I14,0.00395
2026-03-01,4.A.3.b.6.I15,0.00919
2026-03-01,4.A.3.b.6.I16,0.04116
2026-03-01,4.A.4.a.1.I01,0.02645
2026-03-01,4.A.4.a.1.I02,0.01834
2026-03-01,4.A.4.a.1.I03,0.01272
2026-03-01,4.A.4.a.1.I04,0.00637
2026-03-01,4.A.4.a.1.I05,0.00430
2026-03-01,4.A.4.a.2.I01,0.00065
2026-03-01,4.A.4.a.2.I02,0.00097
2026-03-01,4.A.4.a.2.I03,0.02138
2026-03-01,4.A.4.a.2.I04,0.00238
2026-03-01,4.A.4.a.2.I06,0.00129
2026-03-01,4.A.4.a.2.I08,0.00143
2026-03-01,4.A.4.a.2.I09,0.00682
2026-03-01,4.A.4.a.2.I11,0.00776
2026-03-01,4.A.4.a.2.I12,0.00180
2026-03-01,4.A.4.a.2.I13,0.00133
2026-03-01,4.A.4.a.3.I02,0.00433
2026-03-01,4.A.4.a.3.I03,0.00966
2026-03-01,4.A.4.a.4.I01,0.00415
2026-03-01,4.A.4.a.5.I01,0.00193
2026-03-01,4.A.4.a.5.I03,0.00079
2026-03-01,4.A.4.a.5.I04,0.00000
2026-03-01,4.A.4.a.5.I08,0.00347
2026-03-01,4.A.4.a.5.I10,0.00065
2026-03-01,4.A.4.a.6.I01,0.00072
2026-03-01,4.A.4.a.6.I02,0.00371
2026-03-01,4.A.4.a.6.I03,0.00373
2026-03-01,4.A.4.a.7.I01,0.00020
2026-03-01,4.A.4.a.7.I02,0.00250
2026-03-01,4.A.4.a.7.I03,0.00119
2026-03-01,4.A.4.a.8.I01,0.00047
2026-03-01,4.A.4.a.8.I02,0.00000
2026-03-01,4.A.4.a.8.I03,0.00138
2026-03-01,4.A.4.b.3.I01,0.00018
2026-03-01,4.A.4.b.3.I02,0.00606
2026-03-01,4.A.4.b.3.I04,0.00094
2026-03-01,4.A.4.b.3.I05,0.00074
2026-03-01,4.A.4.b.5.I01,0.00335
2026-03-01,4.A.4.b.5.I02,0.00162
2026-03-01,4.A.4.b.6.I01,0.00337
2026-03-01,4.A.4.b.6.I02,0.00707
2026-03-01,4.A.4.b.6.I04,0.00557
2026-03-01,4.A.4.b.6.I05,0.01099
2026-03-01,4.A.4.b.6.I06,0.00299
2026-03-01,4.A.4.b.6.I07,0.01954
2026-03-01,4.A.4.b.6.I08,0.00534
2026-03-01,4.A.4.b.6.I10,0.00303
2026-03-01,4.A.4.b.6.I11,0.00355
2026-03-01,4.A.4.c.1.I01,0.01126
2026-03-01,4.A.4.c.1.I03,0.00074
2026-03-01,4.A.4.c.1.I04,0.00004
2026-03-01,4.A.4.c.2.I01,0.00268
2026-03-01,4.A.4.c.3.I05,0.00211
2026-03-01,Other IWA,0.01880
2026-04-01,4.A.1.a.1.I01,0.00311
2026-04-01,4.A.1.a.1.I02,0.00261
2026-04-01,4.A.1.a.1.I03,0.00042
2026-04-01,4.A.1.a.1.I04,0.03423
2026-04-01,4.A.1.a.1.I05,0.00095
2026-04-01,4.A.1.a.1.I06,0.00119
2026-04-01,4.A.1.a.1.I07,0.01815
2026-04-01,4.A.1.a.1.I08,0.00068
2026-04-01,4.A.1.a.1.I09,0.00394
2026-04-01,4.A.1.a.1.I11,0.00046
2026-04-01,4.A.1.a.1.I12,0.00094
2026-04-01,4.A.1.a.1.I13,0.00000
2026-04-01,4.A.1.a.1.I14,0.00116
2026-04-01,4.A.1.a.1.I15,0.00130
2026-04-01,4.A.1.a.1.I16,0.00161
2026-04-01,4.A.1.a.1.I17,0.00323
2026-04-01,4.A.1.a.1.I18,0.00708
2026-04-01,4.A.1.a.1.I19,0.00417
2026-04-01,4.A.1.a.1.I20,0.00143
2026-04-01,4.A.1.a.1.I21,0.00000
2026-04-01,4.A.1.a.1.I23,0.00116
2026-04-01,4.A.1.a.2.I08,0.00051
2026-04-01,4.A.1.a.2.I10,0.00072
2026-04-01,4.A.1.b.1.I02,0.00173
2026-04-01,4.A.1.b.2.I09,0.00009
2026-04-01,4.A.1.b.3.I01,0.00098
2026-04-01,4.A.1.b.3.I02,0.00136
2026-04-01,4.A.1.b.3.I03,0.01477
2026-04-01,4.A.2.a.1.I01,0.00143
2026-04-01,4.A.2.a.1.I02,0.00297
2026-04-01,4.A.2.a.1.I03,0.00236
2026-04-01,4.A.2.a.1.I04,0.00185
2026-04-01,4.A.2.a.1.I06,0.00422
2026-04-01,4.A.2.a.1.I07,0.00733
2026-04-01,4.A.2.a.1.I08,0.00255
2026-04-01,4.A.2.a.1.I09,0.00095
2026-04-01,4.A.2.a.1.I10,0.00114
2026-04-01,4.A.2.a.2.I01,0.00147
2026-04-01,4.A.2.a.2.I03,0.00335
2026-04-01,4.A.2.a.2.I05,0.00005
2026-04-01,4.A.2.a.3.I01,0.00292
2026-04-01,4.A.2.a.4.I01,0.00027
2026-04-01,4.A.2.a.4.I02,0.00504
2026-04-01,4.A.2.a.4.I03,0.00057
2026-04-01,4.A.2.a.4.I04,0.00621
2026-04-01,4.A.2.a.4.I05,0.00133
2026-04-01,4.A.2.a.4.I06,0.00050
2026-04-01,4.A.2.a.4.I07,0.00174
2026-04-01,4.A.2.a.4.I08,0.00376
2026-04-01,4.A.2.a.4.I09,0.00126
2026-04-01,4.A.2.a.4.I10,0.00082
2026-04-01,4.A.2.a.4.I11,0.00331
2026-04-01,4.A.2.a.4.I12,0.00065
2026-04-01,4.A.2.b.1.I01,0.00652
2026-04-01,4.A.2.b.1.I02,0.00221
2026-04-01,4.A.2.b.1.I06,0.00074
2026-04-01,4.A.2.b.1.I07,0.13436
2026-04-01,4.A.2.b.1.I08,0.00191
2026-04-01,4.A.2.b.1.I10,0.00130
2026-04-01,4.A.2.b.1.I11,0.00132
2026-04-01,4.A.2.b.2.I01,0.00214
2026-04-01,4.A.2.b.2.I02,0.00602
2026-04-01,4.A.2.b.2.I03,0.00649
2026-04-01,4.A.2.b.2.I04,0.00122
2026-04-01,4.A.2.b.2.I06,0.00085
2026-04-01,4.A.2.b.2.I07,0.00250
2026-04-01,4.A.2.b.2.I09,0.00281
2026-04-01,4.A.2.b.2.I11,0.00280
2026-04-01,4.A.2.b.2.I12,0.04452
2026-04-01,4.A.2.b.2.I15,0.00863
2026-04-01,4.A.2.b.2.I18,0.04897
2026-04-01,4.A.2.b.2.I19,0.00081
2026-04-01,4.A.2.b.2.I21,0.00181
2026-04-01,4.A.2.b.2.I22,0.00626
2026-04-01,4.A.2.b.2.I23,0.00280
2026-04-01,4.A.2.b.2.I25,0.00372
2026-04-01,4.A.2.b.2.I26,0.00067
2026-04-01,4.A.2.b.2.I27,0.00110
2026-04-01,4.A.2.b.3.I01,0.00739
2026-04-01,4.A.2.b.4.I01,0.00325
2026-04-01,4.A.2.b.4.I03,0.00220
2026-04-01,4.A.2.b.5.I01,0.00250
2026-04-01,4.A.2.b.5.I02,0.00250
2026-04-01,4.A.2.b.5.I03,0.00395
2026-04-01,4.A.2.b.6.I01,0.00322
2026-04-01,4.A.2.b.6.I02,0.00698
2026-04-01,4.A.3.a.1.I01,0.00122
2026-04-01,4.A.3.a.1.I03,0.00066
2026-04-01,4.A.3.a.1.I08,0.00025
2026-04-01,4.A.3.a.1.I16,0.00005
2026-04-01,4.A.3.a.2.I03,0.00002
2026-04-01,4.A.3.a.2.I21,0.00000
2026-04-01,4.A.3.a.2.I46,0.00000
2026-04-01,4.A.3.b.1.I01,0.01775
2026-04-01,4.A.3.b.1.I02,0.00073
2026-04-01,4.A.3.b.1.I03,0.00599
2026-04-01,4.A.3.b.1.I04,0.02123
2026-04-01,4.A.3.b.1.I05,0.00352
2026-04-01,4.A.3.b.1.I06,0.00374
2026-04-01,4.A.3.b.6.I01,0.00732
2026-04-01,4.A.3.b.6.I03,0.00597
2026-04-01,4.A.3.b.6.I05,0.00211
2026-04-01,4.A.3.b.6.I06,0.01504
2026-04-01,4.A.3.b.6.I07,0.00343
2026-04-01,4.A.3.b.6.I08,0.00182
2026-04-01,4.A.3.b.6.I09,0.00292
2026-04-01,4.A.3.b.6.I10,0.00084
2026-04-01,4.A.3.b.6.I12,0.09205
2026-04-01,4.A.3.b.6.I13,0.01446
2026-04-01,4.A.3.b.6.I14,0.00339
2026-04-01,4.A.3.b.6.I15,0.01041
2026-04-01,4.A.3.b.6.I16,0.03617
2026-04-01,4.A.4.a.1.I01,0.02446
2026-04-01,4.A.4.a.1.I02,0.01889
2026-04-01,4.A.4.a.1.I03,0.01144
2026-04-01,4.A.4.a.1.I04,0.00739
2026-04-01,4.A.4.a.1.I05,0.00374
2026-04-01,4.A.4.a.2.I01,0.00034
2026-04-01,4.A.4.a.2.I02,0.00053
2026-04-01,4.A.4.a.2.I03,0.01923
2026-04-01,4.A.4.a.2.I04,0.00323
2026-04-01,4.A.4.a.2.I06,0.00201
2026-04-01,4.A.4.a.2.I08,0.00072
2026-04-01,4.A.4.a.2.I09,0.00726
2026-04-01,4.A.4.a.2.I11,0.00717
2026-04-01,4.A.4.a.2.I12,0.00170
2026-04-01,4.A.4.a.2.I13,0.00072
2026-04-01,4.A.4.a.3.I02,0.00501
2026-04-01,4.A.4.a.3.I03,0.01045
2026-04-01,4.A.4.a.4.I01,0.00309
2026-04-01,4.A.4.a.5.I01,0.00151
2026-04-01,4.A.4.a.5.I03,0.00106
2026-04-01,4.A.4.a.5.I04,0.00041
2026-04-01,4.A.4.a.5.I08,0.00277
2026-04-01,4.A.4.a.5.I10,0.00017
2026-04-01,4.A.4.a.6.I01,0.00062
2026-04-01,4.A.4.a.6.I02,0.00397
2026-04-01,4.A.4.a.6.I03,0.00358
2026-04-01,4.A.4.a.7.I01,0.00000
2026-04-01,4.A.4.a.7.I02,0.00267
2026-04-01,4.A.4.a.7.I03,0.00155
2026-04-01,4.A.4.a.8.I01,0.00024
2026-04-01,4.A.4.a.8.I02,0.00000
2026-04-01,4.A.4.a.8.I03,0.00129
2026-04-01,4.A.4.b.3.I01,0.00051
2026-04-01,4.A.4.b.3.I02,0.00577
2026-04-01,4.A.4.b.3.I04,0.00084
2026-04-01,4.A.4.b.3.I05,0.00092
2026-04-01,4.A.4.b.5.I01,0.00298
2026-04-01,4.A.4.b.5.I02,0.00197
2026-04-01,4.A.4.b.6.I01,0.00265
2026-04-01,4.A.4.b.6.I02,0.00810
2026-04-01,4.A.4.b.6.I04,0.00667
2026-04-01,4.A.4.b.6.I05,0.00987
2026-04-01,4.A.4.b.6.I06,0.00306
2026-04-01,4.A.4.b.6.I07,0.01845
2026-04-01,4.A.4.b.6.I08,0.00473
2026-04-01,4.A.4.b.6.I10,0.00256
2026-04-01,4.A.4.b.6.I11,0.00557
2026-04-01,4.A.4.c.1.I01,0.00922
2026-04-01,4.A.4.c.1.I03,0.00116
2026-04-01,4.A.4.c.1.I04,0.00062
2026-04-01,4.A.4.c.2.I01,0.00174
2026-04-01,4.A.4.c.3.I05,0.00196
2026-04-01,Other IWA,0.02181
2026-05-01,4.A.1.a.1.I01,0.00226
2026-05-01,4.A.1.a.1.I02,0.00278
2026-05-01,4.A.1.a.1.I03,0.00034
2026-05-01,4.A.1.a.1.I04,0.03622
2026-05-01,4.A.1.a.1.I05,0.00209
2026-05-01,4.A.1.a.1.I06,0.00132
2026-05-01,4.A.1.a.1.I07,0.01685
2026-05-01,4.A.1.a.1.I08,0.00036
2026-05-01,4.A.1.a.1.I09,0.00123
2026-05-01,4.A.1.a.1.I11,0.00044
2026-05-01,4.A.1.a.1.I12,0.00105
2026-05-01,4.A.1.a.1.I13,0.00000
2026-05-01,4.A.1.a.1.I14,0.00117
2026-05-01,4.A.1.a.1.I15,0.00175
2026-05-01,4.A.1.a.1.I16,0.00127
2026-05-01,4.A.1.a.1.I17,0.00455
2026-05-01,4.A.1.a.1.I18,0.00716
2026-05-01,4.A.1.a.1.I19,0.00421
2026-05-01,4.A.1.a.1.I20,0.00141
2026-05-01,4.A.1.a.1.I21,0.00098
2026-05-01,4.A.1.a.1.I23,0.00099
2026-05-01,4.A.1.a.2.I08,0.00036
2026-05-01,4.A.1.a.2.I10,0.00113
2026-05-01,4.A.1.b.1.I02,0.00133
2026-05-01,4.A.1.b.2.I09,0.00000
2026-05-01,4.A.1.b.3.I01,0.00244
2026-05-01,4.A.1.b.3.I02,0.00146
2026-05-01,4.A.1.b.3.I03,0.01309
2026-05-01,4.A.2.a.1.I01,0.00197
2026-05-01,4.A.2.a.1.I02,0.00419
2026-05-01,4.A.2.a.1.I03,0.00301
2026-05-01,4.A.2.a.1.I04,0.00366
2026-05-01,4.A.2.a.1.I06,0.00396
2026-05-01,4.A.2.a.1.I07,0.00755
2026-05-01,4.A.2.a.1.I08,0.00278
2026-05-01,4.A.2.a.1.I09,0.00068
2026-05-01,4.A.2.a.1.I10,0.00089
2026-05-01,4.A.2.a.2.I01,0.00167
2026-05-01,4.A.2.a.2.I03,0.00340
2026-05-01,4.A.2.a.2.I05,0.00026
2026-05-01,4.A.2.a.3.I01,0.00410
2026-05-01,4.A.2.a.4.I01,0.00051
2026-05-01,4.A.2.a.4.I02,0.00520
2026-05-01,4.A.2.a.4.I03,0.00029
2026-05-01,4.A.2.a.4.I04,0.00518
2026-05-01,4.A.2.a.4.I05,0.00104
2026-05-01,4.A.2.a.4.I06,0.00008
2026-05-01,4.A.2.a.4.I07,0.00148
2026-05-01,4.A.2.a.4.I08,0.00349
2026-05-01,4.A.2.a.4.I09,0.00000
2026-05-01,4.A.2.a.4.I10,0.00054
2026-05-01,4.A.2.a.4.I11,0.00399
2026-05-01,4.A.2.a.4.I12,0.00064
2026-05-01,4.A.2.b.1.I01,0.00597
2026-05-01,4.A.2.b.1.I02,0.00248
2026-05-01,4.A.2.b.1.I06,0.00070
2026-05-01,4.A.2.b.1.I07,0.12930
2026-05-01,4.A.2.b.1.I08,0.00196
2026-05-01,4.A.2.b.1.I10,0.00094
2026-05-01,4.A.2.b.1.I11,0.00240
2026-05-01,4.A.2.b.2.I01,0.00071
2026-05-01,4.A.2.b.2.I02,0.00450
2026-05-01,4.A.2.b.2.I03,0.00539
2026-05-01,4.A.2.b.2.I04,0.00065
2026-05-01,4.A.2.b.2.I06,0.00047
2026-05-01,4.A.2.b.2.I07,0.00107
2026-05-01,4.A.2.b.2.I09,0.00252
2026-05-01,4.A.2.b.2.I11,0.00253
2026-05-01,4.A.2.b.2.I12,0.04439
2026-05-01,4.A.2.b.2.I15,0.00733
2026-05-01,4.A.2.b.2.I18,0.06873
2026-05-01,4.A.2.b.2.I19,0.00035
2026-05-01,4.A.2.b.2.I21,0.00266
2026-05-01,4.A.2.b.2.I22,0.00761
2026-05-01,4.A.2.b.2.I23,0.00249
2026-05-01,4.A.2.b.2.I25,0.00469
2026-05-01,4.A.2.b.2.I26,0.00002
2026-05-01,4.A.2.b.2.I27,0.00084
2026-05-01,4.A.2.b.3.I01,0.00532
2026-05-01,4.A.2.b.4.I01,0.00268
2026-05-01,4.A.2.b.4.I03,0.00202
2026-05-01,4.A.2.b.5.I01,0.00203
2026-05-01,4.A.2.b.5.I02,0.00346
2026-05-01,4.A.2.b.5.I03,0.00470
2026-05-01,4.A.2.b.6.I01,0.00312
2026-05-01,4.A.2.b.6.I02,0.00769
2026-05-01,4.A.3.a.1.I01,0.00038
2026-05-01,4.A.3.a.1.I03,0.00066
2026-05-01,4.A.3.a.1.I08,0.00005
2026-05-01,4.A.3.a.1.I16,0.00000
2026-05-01,4.A.3.a.2.I03,0.00090
2026-05-01,4.A.3.a.2.I21,0.00002
2026-05-01,4.A.3.a.2.I46,0.00042
2026-05-01,4.A.3.b.1.I01,0.01796
2026-05-01,4.A.3.b.1.I02,0.00129
2026-05-01,4.A.3.b.1.I03,0.00574
2026-05-01,4.A.3.b.1.I04,0.01868
2026-05-01,4.A.3.b.1.I05,0.00299
2026-05-01,4.A.3.b.1.I06,0.00420
2026-05-01,4.A.3.b.6.I01,0.00663
2026-05-01,4.A.3.b.6.I03,0.00456
2026-05-01,4.A.3.b.6.I05,0.00129
2026-05-01,4.A.3.b.6.I06,0.01364
2026-05-01,4.A.3.b.6.I07,0.00314
2026-05-01,4.A.3.b.6.I08,0.00249
2026-05-01,4.A.3.b.6.I09,0.00288
2026-05-01,4.A.3.b.6.I10,0.00038
2026-05-01,4.A.3.b.6.I12,0.07957
2026-05-01,4.A.3.b.6.I13,0.01293
2026-05-01,4.A.3.b.6.I14,0.00418
2026-05-01,4.A.3.b.6.I15,0.00868
2026-05-01,4.A.3.b.6.I16,0.04154
2026-05-01,4.A.4.a.1.I01,0.02424
2026-05-01,4.A.4.a.1.I02,0.01817
2026-05-01,4.A.4.a.1.I03,0.01477
2026-05-01,4.A.4.a.1.I04,0.00551
2026-05-01,4.A.4.a.1.I05,0.00321
2026-05-01,4.A.4.a.2.I01,0.00028
2026-05-01,4.A.4.a.2.I02,0.00023
2026-05-01,4.A.4.a.2.I03,0.02200
2026-05-01,4.A.4.a.2.I04,0.00441
2026-05-01,4.A.4.a.2.I06,0.00101
2026-05-01,4.A.4.a.2.I08,0.00181
2026-05-01,4.A.4.a.2.I09,0.00689
2026-05-01,4.A.4.a.2.I11,0.00800
2026-05-01,4.A.4.a.2.I12,0.00089
2026-05-01,4.A.4.a.2.I13,0.00190
2026-05-01,4.A.4.a.3.I02,0.00592
2026-05-01,4.A.4.a.3.I03,0.01167
2026-05-01,4.A.4.a.4.I01,0.00326
2026-05-01,4.A.4.a.5.I01,0.00331
2026-05-01,4.A.4.a.5.I03,0.00014
2026-05-01,4.A.4.a.5.I04,0.00000
2026-05-01,4.A.4.a.5.I08,0.00456
2026-05-01,4.A.4.a.5.I10,0.00000
2026-05-01,4.A.4.a.6.I01,0.00064
2026-05-01,4.A.4.a.6.I02,0.00393
2026-05-01,4.A.4.a.6.I03,0.00451
2026-05-01,4.A.4.a.7.I01,0.00035
2026-05-01,4.A.4.a.7.I02,0.00379
2026-05-01,4.A.4.a.7.I03,0.00065
2026-05-01,4.A.4.a.8.I01,0.00003
2026-05-01,4.A.4.a.8.I02,0.00000
2026-05-01,4.A.4.a.8.I03,0.00194
2026-05-01,4.A.4.b.3.I01,0.00166
2026-05-01,4.A.4.b.3.I02,0.00327
2026-05-01,4.A.4.b.3.I04,0.00083
2026-05-01,4.A.4.b.3.I05,0.00090
2026-05-01,4.A.4.b.5.I01,0.00231
2026-05-01,4.A.4.b.5.I02,0.00203
2026-05-01,4.A.4.b.6.I01,0.00151
2026-05-01,4.A.4.b.6.I02,0.00749
2026-05-01,4.A.4.b.6.I04,0.00567
2026-05-01,4.A.4.b.6.I05,0.01024
2026-05-01,4.A.4.b.6.I06,0.00249
2026-05-01,4.A.4.b.6.I07,0.01990
2026-05-01,4.A.4.b.6.I08,0.00399
2026-05-01,4.A.4.b.6.I10,0.00288
2026-05-01,4.A.4.b.6.I11,0.00398
2026-05-01,4.A.4.c.1.I01,0.00924
2026-05-01,4.A.4.c.1.I03,0.00071
2026-05-01,4.A.4.c.1.I04,0.00040
2026-05-01,4.A.4.c.2.I01,0.00182
2026-05-01,4.A.4.c.3.I05,0.00312
2026-05-01,Other IWA,0.02186
2026-06-01,4.A.1.a.1.I01,0.00121
2026-06-01,4.A.1.a.1.I02,0.00247
2026-06-01,4.A.1.a.1.I03,0.00005
2026-06-01,4.A.1.a.1.I04,0.03809
2026-06-01,4.A.1.a.1.I05,0.00143
2026-06-01,4.A.1.a.1.I06,0.00080
2026-06-01,4.A.1.a.1.I07,0.02101
2026-06-01,4.A.1.a.1.I08,0.00000
2026-06-01,4.A.1.a.1.I09,0.00239
2026-06-01,4.A.1.a.1.I11,0.00024
2026-06-01,4.A.1.a.1.I12,0.00121
2026-06-01,4.A.1.a.1.I13,0.00002
2026-06-01,4.A.1.a.1.I14,0.00138
2026-06-01,4.A.1.a.1.I15,0.00145
2026-06-01,4.A.1.a.1.I16,0.00101
2026-06-01,4.A.1.a.1.I17,0.00376
2026-06-01,4.A.1.a.1.I18,0.00358
2026-06-01,4.A.1.a.1.I19,0.00442
2026-06-01,4.A.1.a.1.I20,0.00166
2026-06-01,4.A.1.a.1.I21,0.00020
2026-06-01,4.A.1.a.1.I23,0.00108
2026-06-01,4.A.1.a.2.I08,0.00062
2026-06-01,4.A.1.a.2.I10,0.00020
2026-06-01,4.A.1.b.1.I02,0.00119
2026-06-01,4.A.1.b.2.I09,0.00000
2026-06-01,4.A.1.b.3.I01,0.00162
2026-06-01,4.A.1.b.3.I02,0.00068
2026-06-01,4.A.1.b.3.I03,0.01331
2026-06-01,4.A.2.a.1.I01,0.00147
2026-06-01,4.A.2.a.1.I02,0.00394
2026-06-01,4.A.2.a.1.I03,0.00199
2026-06-01,4.A.2.a.1.I04,0.00281
2026-06-01,4.A.2.a.1.I06,0.00385
2026-06-01,4.A.2.a.1.I07,0.00660
2026-06-01,4.A.2.a.1.I08,0.00159
2026-06-01,4.A.2.a.1.I09,0.00019
2026-06-01,4.A.2.a.1.I10,0.00088
2026-06-01,4.A.2.a.2.I01,0.00081
2026-06-01,4.A.2.a.2.I03,0.00276
2026-06-01,4.A.2.a.2.I05,0.00042
2026-06-01,4.A.2.a.3.I01,0.00254
2026-06-01,4.A.2.a.4.I01,0.00025
2026-06-01,4.A.2.a.4.I02,0.00412
2026-06-01,4.A.2.a.4.I03,0.00090
2026-06-01,4.A.2.a.4.I04,0.00473
2026-06-01,4.A.2.a.4.I05,0.00100
2026-06-01,4.A.2.a.4.I06,0.00104
2026-06-01,4.A.2.a.4.I07,0.00176
2026-06-01,4.A.2.a.4.I08,0.00440
2026-06-01,4.A.2.a.4.I09,0.00031
2026-06-01,4.A.2.a.4.I10,0.00007
2026-06-01,4.A.2.a.4.I11,0.00421
2026-06-01,4.A.2.a.4.I12,0.00134
2026-06-01,4.A.2.b.1.I01,0.00774
2026-06-01,4.A.2.b.1.I02,0.00335
2026-06-01,4.A.2.b.1.I06,0.00062
2026-06-01,4.A.2.b.1.I07,0.12191
2026-06-01,4.A.2.b.1.I08,0.00206
2026-06-01,4.A.2.b.1.I10,0.00084
2026-06-01,4.A.2.b.1.I11,0.00254
2026-06-01,4.A.2.b.2.I01,0.00185
2026-06-01,4.A.2.b.2.I02,0.00579
2026-06-01,4.A.2.b.2.I03,0.00486
2026-06-01,4.A.2.b.2.I04,0.00119
2026-06-01,4.A.2.b.2.I06,0.00054
2026-06-01,4.A.2.b.2.I07,0.00203
2026-06-01,4.A.2.b.2.I09,0.00276
2026-06-01,4.A.2.b.2.I11,0.00161
2026-06-01,4.A.2.b.2.I12,0.03935
2026-06-01,4.A.2.b.2.I15,0.00517
2026-06-01,4.A.2.b.2.I18,0.06359
2026-06-01,4.A.2.b.2.I19,0.00116
2026-06-01,4.A.2.b.2.I21,0.00142
2026-06-01,4.A.2.b.2.I22,0.00925
2026-06-01,4.A.2.b.2.I23,0.00238
2026-06-01,4.A.2.b.2.I25,0.00510
2026-06-01,4.A.2.b.2.I26,0.00008
2026-06-01,4.A.2.b.2.I27,0.00113
2026-06-01,4.A.2.b.3.I01,0.00754
2026-06-01,4.A.2.b.4.I01,0.00510
2026-06-01,4.A.2.b.4.I03,0.00148
2026-06-01,4.A.2.b.5.I01,0.00230
2026-06-01,4.A.2.b.5.I02,0.00380
2026-06-01,4.A.2.b.5.I03,0.00459
2026-06-01,4.A.2.b.6.I01,0.00331
2026-06-01,4.A.2.b.6.I02,0.00844
2026-06-01,4.A.3.a.1.I01,0.00142
2026-06-01,4.A.3.a.1.I03,0.00054
2026-06-01,4.A.3.a.1.I08,0.00000
2026-06-01,4.A.3.a.1.I16,0.00026
2026-06-01,4.A.3.a.2.I03,0.00009
2026-06-01,4.A.3.a.2.I21,0.00014
2026-06-01,4.A.3.a.2.I46,0.00052
2026-06-01,4.A.3.b.1.I01,0.01559
2026-06-01,4.A.3.b.1.I02,0.00127
2026-06-01,4.A.3.b.1.I03,0.00670
2026-06-01,4.A.3.b.1.I04,0.02095
2026-06-01,4.A.3.b.1.I05,0.00303
2026-06-01,4.A.3.b.1.I06,0.00345
2026-06-01,4.A.3.b.6.I01,0.00696
2026-06-01,4.A.3.b.6.I03,0.00354
2026-06-01,4.A.3.b.6.I05,0.00202
2026-06-01,4.A.3.b.6.I06,0.01437
2026-06-01,4.A.3.b.6.I07,0.00467
2026-06-01,4.A.3.b.6.I08,0.00311
2026-06-01,4.A.3.b.6.I09,0.00319
2026-06-01,4.A.3.b.6.I10,0.00134
2026-06-01,4.A.3.b.6.I12,0.07526
2026-06-01,4.A.3.b.6.I13,0.01353
2026-06-01,4.A.3.b.6.I14,0.00334
2026-06-01,4.A.3.b.6.I15,0.01007
2026-06-01,4.A.3.b.6.I16,0.03911
2026-06-01,4.A.4.a.1.I01,0.02099
2026-06-01,4.A.4.a.1.I02,0.02220
2026-06-01,4.A.4.a.1.I03,0.01451
2026-06-01,4.A.4.a.1.I04,0.00618
2026-06-01,4.A.4.a.1.I05,0.00423
2026-06-01,4.A.4.a.2.I01,0.00018
2026-06-01,4.A.4.a.2.I02,0.00138
2026-06-01,4.A.4.a.2.I03,0.02741
2026-06-01,4.A.4.a.2.I04,0.00381
2026-06-01,4.A.4.a.2.I06,0.00144
2026-06-01,4.A.4.a.2.I08,0.00171
2026-06-01,4.A.4.a.2.I09,0.00904
2026-06-01,4.A.4.a.2.I11,0.01037
2026-06-01,4.A.4.a.2.I12,0.00201
2026-06-01,4.A.4.a.2.I13,0.00189
2026-06-01,4.A.4.a.3.I02,0.00571
2026-06-01,4.A.4.a.3.I03,0.01243
2026-06-01,4.A.4.a.4.I01,0.00428
2026-06-01,4.A.4.a.5.I01,0.00174
2026-06-01,4.A.4.a.5.I03,0.00053
2026-06-01,4.A.4.a.5.I04,0.00000
2026-06-01,4.A.4.a.5.I08,0.00341
2026-06-01,4.A.4.a.5.I10,0.00089
2026-06-01,4.A.4.a.6.I01,0.00097
2026-06-01,4.A.4.a.6.I02,0.00438
2026-06-01,4.A.4.a.6.I03,0.00517
2026-06-01,4.A.4.a.7.I01,0.00022
2026-06-01,4.A.4.a.7.I02,0.00224
2026-06-01,4.A.4.a.7.I03,0.00167
2026-06-01,4.A.4.a.8.I01,0.00000
2026-06-01,4.A.4.a.8.I02,0.00008
2026-06-01,4.A.4.a.8.I03,0.00054
2026-06-01,4.A.4.b.3.I01,0.00097
2026-06-01,4.A.4.b.3.I02,0.00337
2026-06-01,4.A.4.b.3.I04,0.00109
2026-06-01,4.A.4.b.3.I05,0.00114
2026-06-01,4.A.4.b.5.I01,0.00132
2026-06-01,4.A.4.b.5.I02,0.00137
2026-06-01,4.A.4.b.6.I01,0.00193
2026-06-01,4.A.4.b.6.I02,0.00861
2026-06-01,4.A.4.b.6.I04,0.00520
2026-06-01,4.A.4.b.6.I05,0.00904
2026-06-01,4.A.4.b.6.I06,0.00390
2026-06-01,4.A.4.b.6.I07,0.01867
2026-06-01,4.A.4.b.6.I08,0.00433
2026-06-01,4.A.4.b.6.I10,0.00188
2026-06-01,4.A.4.b.6.I11,0.00442
2026-06-01,4.A.4.c.1.I01,0.00963
2026-06-01,4.A.4.c.1.I03,0.00086
2026-06-01,4.A.4.c.1.I04,0.00095
2026-06-01,4.A.4.c.2.I01,0.00328
2026-06-01,4.A.4.c.3.I05,0.00287
2026-06-01,Other IWA,0.02514
