month,iwa_cleaned,share_of_messages
2024-07-01,4.A.1.a.1.I01,0.01162
2024-07-01,4.A.1.a.1.I02,0.00156
2024-07-01,4.A.1.a.1.I03,0.00064
2024-07-01,4.A.1.a.1.I04,0.05290
2024-07-01,4.A.1.a.1.I05,0.00067
2024-07-01,4.A.1.a.1.I06,0.00067
2024-07-01,4.A.1.a.1.I07,0.02690
2024-07-01,4.A.1.a.1.I08,0.00340
2024-07-01,4.A.1.a.1.I09,0.00328
2024-07-01,4.A.1.a.1.I11,0.00050
2024-07-01,4.A.1.a.1.I12,0.00017
2024-07-01,4.A.1.a.1.I13,0.00055
2024-07-01,4.A.1.a.1.I14,0.00148
2024-07-01,4.A.1.a.1.I15,0.00362
2024-07-01,4.A.1.a.1.I16,0.01333
2024-07-01,4.A.1.a.1.I17,0.00142
2024-07-01,4.A.1.a.1.I18,0.03532
2024-07-01,4.A.1.a.1.I19,0.01675
2024-07-01,4.A.1.a.1.I20,0.00379
2024-07-01,4.A.1.a.1.I21,0.00023
2024-07-01,4.A.1.a.1.I23,0.00088
2024-07-01,4.A.1.a.2.I08,0.00074
2024-07-01,4.A.1.a.2.I10,0.00052
2024-07-01,4.A.1.b.1.I02,0.00030
2024-07-01,4.A.1.b.2.I09,0.00000
2024-07-01,4.A.1.b.3.I01,0.00137
2024-07-01,4.A.1.b.3.I02,0.00041
2024-07-01,4.A.1.b.3.I03,0.01173
2024-07-01,4.A.2.a.1.I01,0.00082
2024-07-01,4.A.2.a.1.I02,0.00249
2024-07-01,4.A.2.a.1.I03,0.00173
2024-07-01,4.A.2.a.1.I04,0.00183
2024-07-01,4.A.2.a.1.I06,0.00263
2024-07-01,4.A.2.a.1.I07,0.00988
2024-07-01,4.A.2.a.1.I08,0.00203
2024-07-01,4.A.2.a.1.I09,0.00042
2024-07-01,4.A.2.a.1.I10,0.00043
2024-07-01,4.A.2.a.2.I01,0.00234
2024-07-01,4.A.2.a.2.I03,0.00193
2024-07-01,4.A.2.a.2.I05,0.00030
2024-07-01,4.A.2.a.3.I01,0.00129
2024-07-01,4.A.2.a.4.I01,0.00056
2024-07-01,4.A.2.a.4.I02,0.00502
2024-07-01,4.A.2.a.4.I03,0.00045
2024-07-01,4.A.2.a.4.I04,0.03972
2024-07-01,4.A.2.a.4.I05,0.00041
2024-07-01,4.A.2.a.4.I06,0.00124
2024-07-01,4.A.2.a.4.I07,0.00085
2024-07-01,4.A.2.a.4.I08,0.00482
2024-07-01,4.A.2.a.4.I09,0.00059
2024-07-01,4.A.2.a.4.I10,0.00210
2024-07-01,4.A.2.a.4.I11,0.00453
2024-07-01,4.A.2.a.4.I12,0.00100
2024-07-01,4.A.2.b.1.I01,0.00194
2024-07-01,4.A.2.b.1.I02,0.00147
2024-07-01,4.A.2.b.1.I06,0.00099
2024-07-01,4.A.2.b.1.I07,0.12658
2024-07-01,4.A.2.b.1.I08,0.00055
2024-07-01,4.A.2.b.1.I10,0.00055
2024-07-01,4.A.2.b.1.I11,0.00033
2024-07-01,4.A.2.b.2.I01,0.00091
2024-07-01,4.A.2.b.2.I02,0.00298
2024-07-01,4.A.2.b.2.I03,0.00230
2024-07-01,4.A.2.b.2.I04,0.00137
2024-07-01,4.A.2.b.2.I06,0.00077
2024-07-01,4.A.2.b.2.I07,0.00035
2024-07-01,4.A.2.b.2.I09,0.00105
2024-07-01,4.A.2.b.2.I11,0.00036
2024-07-01,4.A.2.b.2.I12,0.02528
2024-07-01,4.A.2.b.2.I15,0.00389
2024-07-01,4.A.2.b.2.I18,0.01520
2024-07-01,4.A.2.b.2.I19,0.00018
2024-07-01,4.A.2.b.2.I21,0.00227
2024-07-01,4.A.2.b.2.I22,0.00914
2024-07-01,4.A.2.b.2.I23,0.00267
2024-07-01,4.A.2.b.2.I25,0.00454
2024-07-01,4.A.2.b.2.I26,0.00058
2024-07-01,4.A.2.b.2.I27,0.00106
2024-07-01,4.A.2.b.3.I01,0.00527
2024-07-01,4.A.2.b.4.I01,0.00155
2024-07-01,4.A.2.b.4.I03,0.00102
2024-07-01,4.A.2.b.5.I01,0.00060
2024-07-01,4.A.2.b.5.I02,0.00106
2024-07-01,4.A.2.b.5.I03,0.00114
2024-07-01,4.A.2.b.6.I01,0.00312
2024-07-01,4.A.2.b.6.I02,0.00238
2024-07-01,4.A.3.a.1.I01,0.00024
2024-07-01,4.A.3.a.1.I03,0.00024
2024-07-01,4.A.3.a.1.I08,0.00015
2024-07-01,4.A.3.a.1.I16,0.00086
2024-07-01,4.A.3.a.2.I03,0.00285
2024-07-01,4.A.3.a.2.I21,0.00028
2024-07-01,4.A.3.a.2.I46,0.00024
2024-07-01,4.A.3.b.1.I01,0.04486
2024-07-01,4.A.3.b.1.I02,0.00091
2024-07-01,4.A.3.b.1.I03,0.00581
2024-07-01,4.A.3.b.1.I04,0.03393
2024-07-01,4.A.3.b.1.I05,0.00246
2024-07-01,4.A.3.b.1.I06,0.00591
2024-07-01,4.A.3.b.6.I01,0.00233
2024-07-01,4.A.3.b.6.I03,0.00396
2024-07-01,4.A.3.b.6.I05,0.00040
2024-07-01,4.A.3.b.6.I06,0.00252
2024-07-01,4.A.3.b.6.I07,0.00124
2024-07-01,4.A.3.b.6.I08,0.00079
2024-07-01,4.A.3.b.6.I09,0.00142
2024-07-01,4.A.3.b.6.I10,0.00051
2024-07-01,4.A.3.b.6.I12,0.04354
2024-07-01,4.A.3.b.6.I13,0.00514
2024-07-01,4.A.3.b.6.I14,0.00166
2024-07-01,4.A.3.b.6.I15,0.00320
2024-07-01,4.A.3.b.6.I16,0.07308
2024-07-01,4.A.4.a.1.I01,0.03691
2024-07-01,4.A.4.a.1.I02,0.01482
2024-07-01,4.A.4.a.1.I03,0.04771
2024-07-01,4.A.4.a.1.I04,0.00894
2024-07-01,4.A.4.a.1.I05,0.00876
2024-07-01,4.A.4.a.2.I01,0.00052
2024-07-01,4.A.4.a.2.I02,0.00060
2024-07-01,4.A.4.a.2.I03,0.00593
2024-07-01,4.A.4.a.2.I04,0.00120
2024-07-01,4.A.4.a.2.I06,0.00048
2024-07-01,4.A.4.a.2.I08,0.00065
2024-07-01,4.A.4.a.2.I09,0.00190
2024-07-01,4.A.4.a.2.I11,0.00201
2024-07-01,4.A.4.a.2.I12,0.00040
2024-07-01,4.A.4.a.2.I13,0.00070
2024-07-01,4.A.4.a.3.I02,0.01116
2024-07-01,4.A.4.a.3.I03,0.00532
2024-07-01,4.A.4.a.4.I01,0.00111
2024-07-01,4.A.4.a.5.I01,0.00065
2024-07-01,4.A.4.a.5.I03,0.00049
2024-07-01,4.A.4.a.5.I04,0.00047
2024-07-01,4.A.4.a.5.I08,0.00118
2024-07-01,4.A.4.a.5.I10,0.00064
2024-07-01,4.A.4.a.6.I01,0.00036
2024-07-01,4.A.4.a.6.I02,0.00127
2024-07-01,4.A.4.a.6.I03,0.00243
2024-07-01,4.A.4.a.7.I01,0.00034
2024-07-01,4.A.4.a.7.I02,0.00039
2024-07-01,4.A.4.a.7.I03,0.00018
2024-07-01,4.A.4.a.8.I01,0.00052
2024-07-01,4.A.4.a.8.I02,0.00073
2024-07-01,4.A.4.a.8.I03,0.00058
2024-07-01,4.A.4.b.3.I01,0.00077
2024-07-01,4.A.4.b.3.I02,0.01424
2024-07-01,4.A.4.b.3.I04,0.00049
2024-07-01,4.A.4.b.3.I05,0.00014
2024-07-01,4.A.4.b.5.I01,0.00160
2024-07-01,4.A.4.b.5.I02,0.00272
2024-07-01,4.A.4.b.6.I01,0.00661
2024-07-01,4.A.4.b.6.I02,0.00843
2024-07-01,4.A.4.b.6.I04,0.00518
2024-07-01,4.A.4.b.6.I05,0.00398
2024-07-01,4.A.4.b.6.I06,0.01107
2024-07-01,4.A.4.b.6.I07,0.00735
2024-07-01,4.A.4.b.6.I08,0.00225
2024-07-01,4.A.4.b.6.I10,0.00915
2024-07-01,4.A.4.b.6.I11,0.00303
2024-07-01,4.A.4.c.1.I01,0.00354
2024-07-01,4.A.4.c.1.I03,0.00040
2024-07-01,4.A.4.c.1.I04,0.00015
2024-07-01,4.A.4.c.2.I01,0.00094
2024-07-01,4.A.4.c.3.I05,0.00080
2024-07-01,Other IWA,0.01169
2024-08-01,4.A.1.a.1.I01,0.01085
2024-08-01,4.A.1.a.1.I02,0.00176
2024-08-01,4.A.1.a.1.I03,0.00118
2024-08-01,4.A.1.a.1.I04,0.05103
2024-08-01,4.A.1.a.1.I05,0.00128
2024-08-01,4.A.1.a.1.I06,0.00035
2024-08-01,4.A.1.a.1.I07,0.02770
2024-08-01,4.A.1.a.1.I08,0.00231
2024-08-01,4.A.1.a.1.I09,0.00226
2024-08-01,4.A.1.a.1.I11,0.00041
2024-08-01,4.A.1.a.1.I12,0.00072
2024-08-01,4.A.1.a.1.I13,0.00055
2024-08-01,4.A.1.a.1.I14,0.00102
2024-08-01,4.A.1.a.1.I15,0.00427
2024-08-01,4.A.1.a.1.I16,0.01017
2024-08-01,4.A.1.a.1.I17,0.00183
2024-08-01,4.A.1.a.1.I18,0.02929
2024-08-01,4.A.1.a.1.I19,0.01348
2024-08-01,4.A.1.a.1.I20,0.00268
2024-08-01,4.A.1.a.1.I21,0.00030
2024-08-01,4.A.1.a.1.I23,0.00096
2024-08-01,4.A.1.a.2.I08,0.00067
2024-08-01,4.A.1.a.2.I10,0.00070
2024-08-01,4.A.1.b.1.I02,0.00059
2024-08-01,4.A.1.b.2.I09,0.00010
2024-08-01,4.A.1.b.3.I01,0.00175
2024-08-01,4.A.1.b.3.I02,0.00036
2024-08-01,4.A.1.b.3.I03,0.00982
2024-08-01,4.A.2.a.1.I01,0.00098
2024-08-01,4.A.2.a.1.I02,0.00226
2024-08-01,4.A.2.a.1.I03,0.00176
2024-08-01,4.A.2.a.1.I04,0.00148
2024-08-01,4.A.2.a.1.I06,0.00220
2024-08-01,4.A.2.a.1.I07,0.01101
2024-08-01,4.A.2.a.1.I08,0.00195
2024-08-01,4.A.2.a.1.I09,0.00023
2024-08-01,4.A.2.a.1.I10,0.00024
2024-08-01,4.A.2.a.2.I01,0.00191
2024-08-01,4.A.2.a.2.I03,0.00194
2024-08-01,4.A.2.a.2.I05,0.00053
2024-08-01,4.A.2.a.3.I01,0.00112
2024-08-01,4.A.2.a.4.I01,0.00076
2024-08-01,4.A.2.a.4.I02,0.00467
2024-08-01,4.A.2.a.4.I03,0.00014
2024-08-01,4.A.2.a.4.I04,0.02771
2024-08-01,4.A.2.a.4.I05,0.00030
2024-08-01,4.A.2.a.4.I06,0.00116
2024-08-01,4.A.2.a.4.I07,0.00048
2024-08-01,4.A.2.a.4.I08,0.00477
2024-08-01,4.A.2.a.4.I09,0.00043
2024-08-01,4.A.2.a.4.I10,0.00089
2024-08-01,4.A.2.a.4.I11,0.00271
2024-08-01,4.A.2.a.4.I12,0.00099
2024-08-01,4.A.2.b.1.I01,0.00238
2024-08-01,4.A.2.b.1.I02,0.00102
2024-08-01,4.A.2.b.1.I06,0.00127
2024-08-01,4.A.2.b.1.I07,0.14091
2024-08-01,4.A.2.b.1.I08,0.00070
2024-08-01,4.A.2.b.1.I10,0.00065
2024-08-01,4.A.2.b.1.I11,0.00050
2024-08-01,4.A.2.b.2.I01,0.00078
2024-08-01,4.A.2.b.2.I02,0.00328
2024-08-01,4.A.2.b.2.I03,0.00180
2024-08-01,4.A.2.b.2.I04,0.00207
2024-08-01,4.A.2.b.2.I06,0.00078
2024-08-01,4.A.2.b.2.I07,0.00037
2024-08-01,4.A.2.b.2.I09,0.00104
2024-08-01,4.A.2.b.2.I11,0.00031
2024-08-01,4.A.2.b.2.I12,0.02612
2024-08-01,4.A.2.b.2.I15,0.00448
2024-08-01,4.A.2.b.2.I18,0.01763
2024-08-01,4.A.2.b.2.I19,0.00044
2024-08-01,4.A.2.b.2.I21,0.00225
2024-08-01,4.A.2.b.2.I22,0.00928
2024-08-01,4.A.2.b.2.I23,0.00278
2024-08-01,4.A.2.b.2.I25,0.00590
2024-08-01,4.A.2.b.2.I26,0.00040
2024-08-01,4.A.2.b.2.I27,0.00069
2024-08-01,4.A.2.b.3.I01,0.00453
2024-08-01,4.A.2.b.4.I01,0.00136
2024-08-01,4.A.2.b.4.I03,0.00069
2024-08-01,4.A.2.b.5.I01,0.00097
2024-08-01,4.A.2.b.5.I02,0.00111
2024-08-01,4.A.2.b.5.I03,0.00143
2024-08-01,4.A.2.b.6.I01,0.00321
2024-08-01,4.A.2.b.6.I02,0.00247
2024-08-01,4.A.3.a.1.I01,0.00020
2024-08-01,4.A.3.a.1.I03,0.00013
2024-08-01,4.A.3.a.1.I08,0.00012
2024-08-01,4.A.3.a.1.I16,0.00056
2024-08-01,4.A.3.a.2.I03,0.00310
2024-08-01,4.A.3.a.2.I21,0.00024
2024-08-01,4.A.3.a.2.I46,0.00031
2024-08-01,4.A.3.b.1.I01,0.04116
2024-08-01,4.A.3.b.1.I02,0.00122
2024-08-01,4.A.3.b.1.I03,0.00566
2024-08-01,4.A.3.b.1.I04,0.02979
2024-08-01,4.A.3.b.1.I05,0.00241
2024-08-01,4.A.3.b.1.I06,0.00463
2024-08-01,4.A.3.b.6.I01,0.00242
2024-08-01,4.A.3.b.6.I03,0.00334
2024-08-01,4.A.3.b.6.I05,0.00040
2024-08-01,4.A.3.b.6.I06,0.00273
2024-08-01,4.A.3.b.6.I07,0.00133
2024-08-01,4.A.3.b.6.I08,0.00081
2024-08-01,4.A.3.b.6.I09,0.00101
2024-08-01,4.A.3.b.6.I10,0.00066
2024-08-01,4.A.3.b.6.I12,0.04404
2024-08-01,4.A.3.b.6.I13,0.00574
2024-08-01,4.A.3.b.6.I14,0.00196
2024-08-01,4.A.3.b.6.I15,0.00272
2024-08-01,4.A.3.b.6.I16,0.08778
2024-08-01,4.A.4.a.1.I01,0.03458
2024-08-01,4.A.4.a.1.I02,0.01534
2024-08-01,4.A.4.a.1.I03,0.04614
2024-08-01,4.A.4.a.1.I04,0.00721
2024-08-01,4.A.4.a.1.I05,0.00798
2024-08-01,4.A.4.a.2.I01,0.00046
2024-08-01,4.A.4.a.2.I02,0.00070
2024-08-01,4.A.4.a.2.I03,0.00734
2024-08-01,4.A.4.a.2.I04,0.00188
2024-08-01,4.A.4.a.2.I06,0.00044
2024-08-01,4.A.4.a.2.I08,0.00052
2024-08-01,4.A.4.a.2.I09,0.00223
2024-08-01,4.A.4.a.2.I11,0.00298
2024-08-01,4.A.4.a.2.I12,0.00079
2024-08-01,4.A.4.a.2.I13,0.00060
2024-08-01,4.A.4.a.3.I02,0.01102
2024-08-01,4.A.4.a.3.I03,0.00449
2024-08-01,4.A.4.a.4.I01,0.00159
2024-08-01,4.A.4.a.5.I01,0.00094
2024-08-01,4.A.4.a.5.I03,0.00038
2024-08-01,4.A.4.a.5.I04,0.00090
2024-08-01,4.A.4.a.5.I08,0.00151
2024-08-01,4.A.4.a.5.I10,0.00010
2024-08-01,4.A.4.a.6.I01,0.00050
2024-08-01,4.A.4.a.6.I02,0.00103
2024-08-01,4.A.4.a.6.I03,0.00282
2024-08-01,4.A.4.a.7.I01,0.00036
2024-08-01,4.A.4.a.7.I02,0.00101
2024-08-01,4.A.4.a.7.I03,0.00043
2024-08-01,4.A.4.a.8.I01,0.00049
2024-08-01,4.A.4.a.8.I02,0.00070
2024-08-01,4.A.4.a.8.I03,0.00066
2024-08-01,4.A.4.b.3.I01,0.00070
2024-08-01,4.A.4.b.3.I02,0.01488
2024-08-01,4.A.4.b.3.I04,0.00031
2024-08-01,4.A.4.b.3.I05,0.00037
2024-08-01,4.A.4.b.5.I01,0.00137
2024-08-01,4.A.4.b.5.I02,0.00281
2024-08-01,4.A.4.b.6.I01,0.00773
2024-08-01,4.A.4.b.6.I02,0.00925
2024-08-01,4.A.4.b.6.I04,0.00561
2024-08-01,4.A.4.b.6.I05,0.00338
2024-08-01,4.A.4.b.6.I06,0.01139
2024-08-01,4.A.4.b.6.I07,0.00740
2024-08-01,4.A.4.b.6.I08,0.00213
2024-08-01,4.A.4.b.6.I10,0.01267
2024-08-01,4.A.4.b.6.I11,0.00343
2024-08-01,4.A.4.c.1.I01,0.00392
2024-08-01,4.A.4.c.1.I03,0.00083
2024-08-01,4.A.4.c.1.I04,0.00017
2024-08-01,4.A.4.c.2.I01,0.00129
2024-08-01,4.A.4.c.3.I05,0.00063
2024-08-01,Other IWA,0.01252
2024-09-01,4.A.1.a.1.I01,0.01196
2024-09-01,4.A.1.a.1.I02,0.00202
2024-09-01,4.A.1.a.1.I03,0.00092
2024-09-01,4.A.1.a.1.I04,0.05820
2024-09-01,4.A.1.a.1.I05,0.00094
2024-09-01,4.A.1.a.1.I06,0.00035
2024-09-01,4.A.1.a.1.I07,0.02193
2024-09-01,4.A.1.a.1.I08,0.00401
2024-09-01,4.A.1.a.1.I09,0.00468
2024-09-01,4.A.1.a.1.I11,0.00015
2024-09-01,4.A.1.a.1.I12,0.00045
2024-09-01,4.A.1.a.1.I13,0.00036
2024-09-01,4.A.1.a.1.I14,0.00153
2024-09-01,4.A.1.a.1.I15,0.00314
2024-09-01,4.A.1.a.1.I16,0.01712
2024-09-01,4.A.1.a.1.I17,0.00118
2024-09-01,4.A.1.a.1.I18,0.04272
2024-09-01,4.A.1.a.1.I19,0.01313
2024-09-01,4.A.1.a.1.I20,0.00282
2024-09-01,4.A.1.a.1.I21,0.00017
2024-09-01,4.A.1.a.1.I23,0.00098
2024-09-01,4.A.1.a.2.I08,0.00067
2024-09-01,4.A.1.a.2.I10,0.00031
2024-09-01,4.A.1.b.1.I02,0.00066
2024-09-01,4.A.1.b.2.I09,0.00034
2024-09-01,4.A.1.b.3.I01,0.00209
2024-09-01,4.A.1.b.3.I02,0.00015
2024-09-01,4.A.1.b.3.I03,0.01385
2024-09-01,4.A.2.a.1.I01,0.00118
2024-09-01,4.A.2.a.1.I02,0.00260
2024-09-01,4.A.2.a.1.I03,0.00178
2024-09-01,4.A.2.a.1.I04,0.00166
2024-09-01,4.A.2.a.1.I06,0.00295
2024-09-01,4.A.2.a.1.I07,0.00972
2024-09-01,4.A.2.a.1.I08,0.00275
2024-09-01,4.A.2.a.1.I09,0.00013
2024-09-01,4.A.2.a.1.I10,0.00028
2024-09-01,4.A.2.a.2.I01,0.00245
2024-09-01,4.A.2.a.2.I03,0.00156
2024-09-01,4.A.2.a.2.I05,0.00028
2024-09-01,4.A.2.a.3.I01,0.00128
2024-09-01,4.A.2.a.4.I01,0.00051
2024-09-01,4.A.2.a.4.I02,0.00622
2024-09-01,4.A.2.a.4.I03,0.00022
2024-09-01,4.A.2.a.4.I04,0.05085
2024-09-01,4.A.2.a.4.I05,0.00057
2024-09-01,4.A.2.a.4.I06,0.00111
2024-09-01,4.A.2.a.4.I07,0.00090
2024-09-01,4.A.2.a.4.I08,0.00570
2024-09-01,4.A.2.a.4.I09,0.00096
2024-09-01,4.A.2.a.4.I10,0.00233
2024-09-01,4.A.2.a.4.I11,0.00365
2024-09-01,4.A.2.a.4.I12,0.00084
2024-09-01,4.A.2.b.1.I01,0.00225
2024-09-01,4.A.2.b.1.I02,0.00093
2024-09-01,4.A.2.b.1.I06,0.00076
2024-09-01,4.A.2.b.1.I07,0.10603
2024-09-01,4.A.2.b.1.I08,0.00056
2024-09-01,4.A.2.b.1.I10,0.00041
2024-09-01,4.A.2.b.1.I11,0.00038
2024-09-01,4.A.2.b.2.I01,0.00108
2024-09-01,4.A.2.b.2.I02,0.00255
2024-09-01,4.A.2.b.2.I03,0.00208
2024-09-01,4.A.2.b.2.I04,0.00158
2024-09-01,4.A.2.b.2.I06,0.00084
2024-09-01,4.A.2.b.2.I07,0.00048
2024-09-01,4.A.2.b.2.I09,0.00110
2024-09-01,4.A.2.b.2.I11,0.00037
2024-09-01,4.A.2.b.2.I12,0.02076
2024-09-01,4.A.2.b.2.I15,0.00389
2024-09-01,4.A.2.b.2.I18,0.01789
2024-09-01,4.A.2.b.2.I19,0.00031
2024-09-01,4.A.2.b.2.I21,0.00224
2024-09-01,4.A.2.b.2.I22,0.00744
2024-09-01,4.A.2.b.2.I23,0.00369
2024-09-01,4.A.2.b.2.I25,0.00561
2024-09-01,4.A.2.b.2.I26,0.00075
2024-09-01,4.A.2.b.2.I27,0.00075
2024-09-01,4.A.2.b.3.I01,0.00525
2024-09-01,4.A.2.b.4.I01,0.00149
2024-09-01,4.A.2.b.4.I03,0.00062
2024-09-01,4.A.2.b.5.I01,0.00049
2024-09-01,4.A.2.b.5.I02,0.00073
2024-09-01,4.A.2.b.5.I03,0.00130
2024-09-01,4.A.2.b.6.I01,0.00238
2024-09-01,4.A.2.b.6.I02,0.00239
2024-09-01,4.A.3.a.1.I01,0.00029
2024-09-01,4.A.3.a.1.I03,0.00022
2024-09-01,4.A.3.a.1.I08,0.00018
2024-09-01,4.A.3.a.1.I16,0.00044
2024-09-01,4.A.3.a.2.I03,0.00262
2024-09-01,4.A.3.a.2.I21,0.00025
2024-09-01,4.A.3.a.2.I46,0.00007
2024-09-01,4.A.3.b.1.I01,0.03535
2024-09-01,4.A.3.b.1.I02,0.00097
2024-09-01,4.A.3.b.1.I03,0.00365
2024-09-01,4.A.3.b.1.I04,0.02650
2024-09-01,4.A.3.b.1.I05,0.00250
2024-09-01,4.A.3.b.1.I06,0.00413
2024-09-01,4.A.3.b.6.I01,0.00349
2024-09-01,4.A.3.b.6.I03,0.00405
2024-09-01,4.A.3.b.6.I05,0.00052
2024-09-01,4.A.3.b.6.I06,0.00200
2024-09-01,4.A.3.b.6.I07,0.00117
2024-09-01,4.A.3.b.6.I08,0.00061
2024-09-01,4.A.3.b.6.I09,0.00131
2024-09-01,4.A.3.b.6.I10,0.00068
2024-09-01,4.A.3.b.6.I12,0.04790
2024-09-01,4.A.3.b.6.I13,0.00439
2024-09-01,4.A.3.b.6.I14,0.00159
2024-09-01,4.A.3.b.6.I15,0.00276
2024-09-01,4.A.3.b.6.I16,0.08685
2024-09-01,4.A.4.a.1.I01,0.03405
2024-09-01,4.A.4.a.1.I02,0.01523
2024-09-01,4.A.4.a.1.I03,0.04029
2024-09-01,4.A.4.a.1.I04,0.01288
2024-09-01,4.A.4.a.1.I05,0.00860
2024-09-01,4.A.4.a.2.I01,0.00091
2024-09-01,4.A.4.a.2.I02,0.00070
2024-09-01,4.A.4.a.2.I03,0.00616
2024-09-01,4.A.4.a.2.I04,0.00163
2024-09-01,4.A.4.a.2.I06,0.00063
2024-09-01,4.A.4.a.2.I08,0.00051
2024-09-01,4.A.4.a.2.I09,0.00225
2024-09-01,4.A.4.a.2.I11,0.00189
2024-09-01,4.A.4.a.2.I12,0.00063
2024-09-01,4.A.4.a.2.I13,0.00086
2024-09-01,4.A.4.a.3.I02,0.01141
2024-09-01,4.A.4.a.3.I03,0.00348
2024-09-01,4.A.4.a.4.I01,0.00142
2024-09-01,4.A.4.a.5.I01,0.00079
2024-09-01,4.A.4.a.5.I03,0.00047
2024-09-01,4.A.4.a.5.I04,0.00084
2024-09-01,4.A.4.a.5.I08,0.00095
2024-09-01,4.A.4.a.5.I10,0.00025
2024-09-01,4.A.4.a.6.I01,0.00066
2024-09-01,4.A.4.a.6.I02,0.00100
2024-09-01,4.A.4.a.6.I03,0.00195
2024-09-01,4.A.4.a.7.I01,0.00043
2024-09-01,4.A.4.a.7.I02,0.00060
2024-09-01,4.A.4.a.7.I03,0.00025
2024-09-01,4.A.4.a.8.I01,0.00054
2024-09-01,4.A.4.a.8.I02,0.00066
2024-09-01,4.A.4.a.8.I03,0.00037
2024-09-01,4.A.4.b.3.I01,0.00071
2024-09-01,4.A.4.b.3.I02,0.02558
2024-09-01,4.A.4.b.3.I04,0.00040
2024-09-01,4.A.4.b.3.I05,0.00050
2024-09-01,4.A.4.b.5.I01,0.00109
2024-09-01,4.A.4.b.5.I02,0.00257
2024-09-01,4.A.4.b.6.I01,0.00623
2024-09-01,4.A.4.b.6.I02,0.00737
2024-09-01,4.A.4.b.6.I04,0.00528
2024-09-01,4.A.4.b.6.I05,0.00390
2024-09-01,4.A.4.b.6.I06,0.00980
2024-09-01,4.A.4.b.6.I07,0.00684
2024-09-01,4.A.4.b.6.I08,0.00206
2024-09-01,4.A.4.b.6.I10,0.01089
2024-09-01,4.A.4.b.6.I11,0.00278
2024-09-01,4.A.4.c.1.I01,0.00316
2024-09-01,4.A.4.c.1.I03,0.00054
2024-09-01,4.A.4.c.1.I04,0.00031
2024-09-01,4.A.4.c.2.I01,0.00097
2024-09-01,4.A.4.c.3.I05,0.00085
2024-09-01,Other IWA,0.01171
2024-10-01,4.A.1.a.1.I01,0.01412
2024-10-01,4.A.1.a.1.I02,0.00197
2024-10-01,4.A.1.a.1.I03,0.00075
2024-10-01,4.A.1.a.1.I04,0.05610
2024-10-01,4.A.1.a.1.I05,0.00136
2024-10-01,4.A.1.a.1.I06,0.00021
2024-10-01,4.A.1.a.1.I07,0.02142
2024-10-01,4.A.1.a.1.I08,0.00491
2024-10-01,4.A.1.a.1.I09,0.00385
2024-10-01,4.A.1.a.1.I11,0.00011
2024-10-01,4.A.1.a.1.I12,0.00058
2024-10-01,4.A.1.a.1.I13,0.00065
2024-10-01,4.A.1.a.1.I14,0.00114
2024-10-01,4.A.1.a.1.I15,0.00379
2024-10-01,4.A.1.a.1.I16,0.01847
2024-10-01,4.A.1.a.1.I17,0.00140
2024-10-01,4.A.1.a.1.I18,0.04047
2024-10-01,4.A.1.a.1.I19,0.01625
2024-10-01,4.A.1.a.1.I20,0.00267
2024-10-01,4.A.1.a.1.I21,0.00049
2024-10-01,4.A.1.a.1.I23,0.00090
2024-10-01,4.A.1.a.2.I08,0.00076
2024-10-01,4.A.1.a.2.I10,0.00039
2024-10-01,4.A.1.b.1.I02,0.00041
2024-10-01,4.A.1.b.2.I09,0.00042
2024-10-01,4.A.1.b.3.I01,0.00166
2024-10-01,4.A.1.b.3.I02,0.00041
2024-10-01,4.A.1.b.3.I03,0.01574
2024-10-01,4.A.2.a.1.I01,0.00130
2024-10-01,4.A.2.a.1.I02,0.00284
2024-10-01,4.A.2.a.1.I03,0.00240
2024-10-01,4.A.2.a.1.I04,0.00182
2024-10-01,4.A.2.a.1.I06,0.00262
2024-10-01,4.A.2.a.1.I07,0.00883
2024-10-01,4.A.2.a.1.I08,0.00258
2024-10-01,4.A.2.a.1.I09,0.00026
2024-10-01,4.A.2.a.1.I10,0.00025
2024-10-01,4.A.2.a.2.I01,0.00305
2024-10-01,4.A.2.a.2.I03,0.00175
2024-10-01,4.A.2.a.2.I05,0.00029
2024-10-01,4.A.2.a.3.I01,0.00148
2024-10-01,4.A.2.a.4.I01,0.00048
2024-10-01,4.A.2.a.4.I02,0.00617
2024-10-01,4.A.2.a.4.I03,0.00045
2024-10-01,4.A.2.a.4.I04,0.05933
2024-10-01,4.A.2.a.4.I05,0.00063
2024-10-01,4.A.2.a.4.I06,0.00134
2024-10-01,4.A.2.a.4.I07,0.00101
2024-10-01,4.A.2.a.4.I08,0.00610
2024-10-01,4.A.2.a.4.I09,0.00058
2024-10-01,4.A.2.a.4.I10,0.00317
2024-10-01,4.A.2.a.4.I11,0.00386
2024-10-01,4.A.2.a.4.I12,0.00092
2024-10-01,4.A.2.b.1.I01,0.00230
2024-10-01,4.A.2.b.1.I02,0.00099
2024-10-01,4.A.2.b.1.I06,0.00118
2024-10-01,4.A.2.b.1.I07,0.10333
2024-10-01,4.A.2.b.1.I08,0.00068
2024-10-01,4.A.2.b.1.I10,0.00029
2024-10-01,4.A.2.b.1.I11,0.00075
2024-10-01,4.A.2.b.2.I01,0.00094
2024-10-01,4.A.2.b.2.I02,0.00294
2024-10-01,4.A.2.b.2.I03,0.00215
2024-10-01,4.A.2.b.2.I04,0.00151
2024-10-01,4.A.2.b.2.I06,0.00063
2024-10-01,4.A.2.b.2.I07,0.00073
2024-10-01,4.A.2.b.2.I09,0.00093
2024-10-01,4.A.2.b.2.I11,0.00084
2024-10-01,4.A.2.b.2.I12,0.01750
2024-10-01,4.A.2.b.2.I15,0.00370
2024-10-01,4.A.2.b.2.I18,0.02209
2024-10-01,4.A.2.b.2.I19,0.00006
2024-10-01,4.A.2.b.2.I21,0.00299
2024-10-01,4.A.2.b.2.I22,0.00828
2024-10-01,4.A.2.b.2.I23,0.00304
2024-10-01,4.A.2.b.2.I25,0.00808
2024-10-01,4.A.2.b.2.I26,0.00114
2024-10-01,4.A.2.b.2.I27,0.00105
2024-10-01,4.A.2.b.3.I01,0.00648
2024-10-01,4.A.2.b.4.I01,0.00129
2024-10-01,4.A.2.b.4.I03,0.00049
2024-10-01,4.A.2.b.5.I01,0.00047
2024-10-01,4.A.2.b.5.I02,0.00070
2024-10-01,4.A.2.b.5.I03,0.00085
2024-10-01,4.A.2.b.6.I01,0.00264
2024-10-01,4.A.2.b.6.I02,0.00235
2024-10-01,4.A.3.a.1.I01,0.00065
2024-10-01,4.A.3.a.1.I03,0.00016
2024-10-01,4.A.3.a.1.I08,0.00020
2024-10-01,4.A.3.a.1.I16,0.00028
2024-10-01,4.A.3.a.2.I03,0.00320
2024-10-01,4.A.3.a.2.I21,0.00020
2024-10-01,4.A.3.a.2.I46,0.00019
2024-10-01,4.A.3.b.1.I01,0.03654
2024-10-01,4.A.3.b.1.I02,0.00087
2024-10-01,4.A.3.b.1.I03,0.00431
2024-10-01,4.A.3.b.1.I04,0.02779
2024-10-01,4.A.3.b.1.I05,0.00223
2024-10-01,4.A.3.b.1.I06,0.00506
2024-10-01,4.A.3.b.6.I01,0.00339
2024-10-01,4.A.3.b.6.I03,0.00476
2024-10-01,4.A.3.b.6.I05,0.00085
2024-10-01,4.A.3.b.6.I06,0.00195
2024-10-01,4.A.3.b.6.I07,0.00128
2024-10-01,4.A.3.b.6.I08,0.00094
2024-10-01,4.A.3.b.6.I09,0.00126
2024-10-01,4.A.3.b.6.I10,0.00053
2024-10-01,4.A.3.b.6.I12,0.05096
2024-10-01,4.A.3.b.6.I13,0.00400
2024-10-01,4.A.3.b.6.I14,0.00132
2024-10-01,4.A.3.b.6.I15,0.00297
2024-10-01,4.A.3.b.6.I16,0.05541
2024-10-01,4.A.4.a.1.I01,0.03458
2024-10-01,4.A.4.a.1.I02,0.01481
2024-10-01,4.A.4.a.1.I03,0.03851
2024-10-01,4.A.4.a.1.I04,0.01114
2024-10-01,4.A.4.a.1.I05,0.00890
2024-10-01,4.A.4.a.2.I01,0.00056
2024-10-01,4.A.4.a.2.I02,0.00110
2024-10-01,4.A.4.a.2.I03,0.00623
2024-10-01,4.A.4.a.2.I04,0.00146
2024-10-01,4.A.4.a.2.I06,0.00087
2024-10-01,4.A.4.a.2.I08,0.00047
2024-10-01,4.A.4.a.2.I09,0.00208
2024-10-01,4.A.4.a.2.I11,0.00197
2024-10-01,4.A.4.a.2.I12,0.00080
2024-10-01,4.A.4.a.2.I13,0.00061
2024-10-01,4.A.4.a.3.I02,0.01200
2024-10-01,4.A.4.a.3.I03,0.00393
2024-10-01,4.A.4.a.4.I01,0.00159
2024-10-01,4.A.4.a.5.I01,0.00110
2024-10-01,4.A.4.a.5.I03,0.00054
2024-10-01,4.A.4.a.5.I04,0.00075
2024-10-01,4.A.4.a.5.I08,0.00085
2024-10-01,4.A.4.a.5.I10,0.00034
2024-10-01,4.A.4.a.6.I01,0.00081
2024-10-01,4.A.4.a.6.I02,0.00093
2024-10-01,4.A.4.a.6.I03,0.00194
2024-10-01,4.A.4.a.7.I01,0.00029
2024-10-01,4.A.4.a.7.I02,0.00050
2024-10-01,4.A.4.a.7.I03,0.00023
2024-10-01,4.A.4.a.8.I01,0.00050
2024-10-01,4.A.4.a.8.I02,0.00053
2024-10-01,4.A.4.a.8.I03,0.00055
2024-10-01,4.A.4.b.3.I01,0.00069
2024-10-01,4.A.4.b.3.I02,0.02623
2024-10-01,4.A.4.b.3.I04,0.00016
2024-10-01,4.A.4.b.3.I05,0.00039
2024-10-01,4.A.4.b.5.I01,0.00144
2024-10-01,4.A.4.b.5.I02,0.00257
2024-10-01,4.A.4.b.6.I01,0.00631
2024-10-01,4.A.4.b.6.I02,0.00840
2024-10-01,4.A.4.b.6.I04,0.00524
2024-10-01,4.A.4.b.6.I05,0.00436
2024-10-01,4.A.4.b.6.I06,0.01131
2024-10-01,4.A.4.b.6.I07,0.00762
2024-10-01,4.A.4.b.6.I08,0.00202
2024-10-01,4.A.4.b.6.I10,0.01209
2024-10-01,4.A.4.b.6.I11,0.00292
2024-10-01,4.A.4.c.1.I01,0.00309
2024-10-01,4.A.4.c.1.I03,0.00045
2024-10-01,4.A.4.c.1.I04,0.00010
2024-10-01,4.A.4.c.2.I01,0.00070
2024-10-01,4.A.4.c.3.I05,0.00118
2024-10-01,Other IWA,0.01161
2024-11-01,4.A.1.a.1.I01,0.01513
2024-11-01,4.A.1.a.1.I02,0.00203
2024-11-01,4.A.1.a.1.I03,0.00103
2024-11-01,4.A.1.a.1.I04,0.05722
2024-11-01,4.A.1.a.1.I05,0.00115
2024-11-01,4.A.1.a.1.I06,0.00038
2024-11-01,4.A.1.a.1.I07,0.02563
2024-11-01,4.A.1.a.1.I08,0.00392
2024-11-01,4.A.1.a.1.I09,0.00414
2024-11-01,4.A.1.a.1.I11,0.00029
2024-11-01,4.A.1.a.1.I12,0.00053
2024-11-01,4.A.1.a.1.I13,0.00037
2024-11-01,4.A.1.a.1.I14,0.00119
2024-11-01,4.A.1.a.1.I15,0.00400
2024-11-01,4.A.1.a.1.I16,0.01758
2024-11-01,4.A.1.a.1.I17,0.00127
2024-11-01,4.A.1.a.1.I18,0.04162
2024-11-01,4.A.1.a.1.I19,0.01694
2024-11-01,4.A.1.a.1.I20,0.00274
2024-11-01,4.A.1.a.1.I21,0.00031
2024-11-01,4.A.1.a.1.I23,0.00057
2024-11-01,4.A.1.a.2.I08,0.00085
2024-11-01,4.A.1.a.2.I10,0.00040
2024-11-01,4.A.1.b.1.I02,0.00031
2024-11-01,4.A.1.b.2.I09,0.00016
2024-11-01,4.A.1.b.3.I01,0.00155
2024-11-01,4.A.1.b.3.I02,0.00049
2024-11-01,4.A.1.b.3.I03,0.01517
2024-11-01,4.A.2.a.1.I01,0.00117
2024-11-01,4.A.2.a.1.I02,0.00274
2024-11-01,4.A.2.a.1.I03,0.00254
2024-11-01,4.A.2.a.1.I04,0.00235
2024-11-01,4.A.2.a.1.I06,0.00290
2024-11-01,4.A.2.a.1.I07,0.00931
2024-11-01,4.A.2.a.1.I08,0.00250
2024-11-01,4.A.2.a.1.I09,0.00037
2024-11-01,4.A.2.a.1.I10,0.00035
2024-11-01,4.A.2.a.2.I01,0.00248
2024-11-01,4.A.2.a.2.I03,0.00171
2024-11-01,4.A.2.a.2.I05,0.00051
2024-11-01,4.A.2.a.3.I01,0.00140
2024-11-01,4.A.2.a.4.I01,0.00056
2024-11-01,4.A.2.a.4.I02,0.00614
2024-11-01,4.A.2.a.4.I03,0.00040
2024-11-01,4.A.2.a.4.I04,0.05390
2024-11-01,4.A.2.a.4.I05,0.00029
2024-11-01,4.A.2.a.4.I06,0.00148
2024-11-01,4.A.2.a.4.I07,0.00066
2024-11-01,4.A.2.a.4.I08,0.00524
2024-11-01,4.A.2.a.4.I09,0.00140
2024-11-01,4.A.2.a.4.I10,0.00303
2024-11-01,4.A.2.a.4.I11,0.00455
2024-11-01,4.A.2.a.4.I12,0.00102
2024-11-01,4.A.2.b.1.I01,0.00239
2024-11-01,4.A.2.b.1.I02,0.00149
2024-11-01,4.A.2.b.1.I06,0.00138
2024-11-01,4.A.2.b.1.I07,0.10516
2024-11-01,4.A.2.b.1.I08,0.00088
2024-11-01,4.A.2.b.1.I10,0.00063
2024-11-01,4.A.2.b.1.I11,0.00062
2024-11-01,4.A.2.b.2.I01,0.00087
2024-11-01,4.A.2.b.2.I02,0.00271
2024-11-01,4.A.2.b.2.I03,0.00266
2024-11-01,4.A.2.b.2.I04,0.00196
2024-11-01,4.A.2.b.2.I06,0.00088
2024-11-01,4.A.2.b.2.I07,0.00040
2024-11-01,4.A.2.b.2.I09,0.00102
2024-11-01,4.A.2.b.2.I11,0.00061
2024-11-01,4.A.2.b.2.I12,0.01846
2024-11-01,4.A.2.b.2.I15,0.00504
2024-11-01,4.A.2.b.2.I18,0.01969
2024-11-01,4.A.2.b.2.I19,0.00029
2024-11-01,4.A.2.b.2.I21,0.00263
2024-11-01,4.A.2.b.2.I22,0.00750
2024-11-01,4.A.2.b.2.I23,0.00373
2024-11-01,4.A.2.b.2.I25,0.00630
2024-11-01,4.A.2.b.2.I26,0.00073
2024-11-01,4.A.2.b.2.I27,0.00079
2024-11-01,4.A.2.b.3.I01,0.00540
2024-11-01,4.A.2.b.4.I01,0.00089
2024-11-01,4.A.2.b.4.I03,0.00058
2024-11-01,4.A.2.b.5.I01,0.00084
2024-11-01,4.A.2.b.5.I02,0.00137
2024-11-01,4.A.2.b.5.I03,0.00153
2024-11-01,4.A.2.b.6.I01,0.00298
2024-11-01,4.A.2.b.6.I02,0.00255
2024-11-01,4.A.3.a.1.I01,0.00057
2024-11-01,4.A.3.a.1.I03,0.00025
2024-11-01,4.A.3.a.1.I08,0.00008
2024-11-01,4.A.3.a.1.I16,0.00075
2024-11-01,4.A.3.a.2.I03,0.00409
2024-11-01,4.A.3.a.2.I21,0.00000
2024-11-01,4.A.3.a.2.I46,0.00022
2024-11-01,4.A.3.b.1.I01,0.03492
2024-11-01,4.A.3.b.1.I02,0.00092
2024-11-01,4.A.3.b.1.I03,0.00477
2024-11-01,4.A.3.b.1.I04,0.02652
2024-11-01,4.A.3.b.1.I05,0.00200
2024-11-01,4.A.3.b.1.I06,0.00416
2024-11-01,4.A.3.b.6.I01,0.00343
2024-11-01,4.A.3.b.6.I03,0.00569
2024-11-01,4.A.3.b.6.I05,0.00065
2024-11-01,4.A.3.b.6.I06,0.00258
2024-11-01,4.A.3.b.6.I07,0.00118
2024-11-01,4.A.3.b.6.I08,0.00087
2024-11-01,4.A.3.b.6.I09,0.00093
2024-11-01,4.A.3.b.6.I10,0.00065
2024-11-01,4.A.3.b.6.I12,0.05354
2024-11-01,4.A.3.b.6.I13,0.00441
2024-11-01,4.A.3.b.6.I14,0.00137
2024-11-01,4.A.3.b.6.I15,0.00300
2024-11-01,4.A.3.b.6.I16,0.05552
2024-11-01,4.A.4.a.1.I01,0.03476
2024-11-01,4.A.4.a.1.I02,0.01414
2024-11-01,4.A.4.a.1.I03,0.03910
2024-11-01,4.A.4.a.1.I04,0.01072
2024-11-01,4.A.4.a.1.I05,0.00894
2024-11-01,4.A.4.a.2.I01,0.00057
2024-11-01,4.A.4.a.2.I02,0.00077
2024-11-01,4.A.4.a.2.I03,0.00582
2024-11-01,4.A.4.a.2.I04,0.00173
2024-11-01,4.A.4.a.2.I06,0.00069
2024-11-01,4.A.4.a.2.I08,0.00027
2024-11-01,4.A.4.a.2.I09,0.00225
2024-11-01,4.A.4.a.2.I11,0.00180
2024-11-01,4.A.4.a.2.I12,0.00076
2024-11-01,4.A.4.a.2.I13,0.00066
2024-11-01,4.A.4.a.3.I02,0.01199
2024-11-01,4.A.4.a.3.I03,0.00307
2024-11-01,4.A.4.a.4.I01,0.00139
2024-11-01,4.A.4.a.5.I01,0.00124
2024-11-01,4.A.4.a.5.I03,0.00028
2024-11-01,4.A.4.a.5.I04,0.00068
2024-11-01,4.A.4.a.5.I08,0.00135
2024-11-01,4.A.4.a.5.I10,0.00036
2024-11-01,4.A.4.a.6.I01,0.00045
2024-11-01,4.A.4.a.6.I02,0.00079
2024-11-01,4.A.4.a.6.I03,0.00204
2024-11-01,4.A.4.a.7.I01,0.00029
2024-11-01,4.A.4.a.7.I02,0.00028
2024-11-01,4.A.4.a.7.I03,0.00023
2024-11-01,4.A.4.a.8.I01,0.00085
2024-11-01,4.A.4.a.8.I02,0.00075
2024-11-01,4.A.4.a.8.I03,0.00053
2024-11-01,4.A.4.b.3.I01,0.00050
2024-11-01,4.A.4.b.3.I02,0.02254
2024-11-01,4.A.4.b.3.I04,0.00016
2024-11-01,4.A.4.b.3.I05,0.00010
2024-11-01,4.A.4.b.5.I01,0.00094
2024-11-01,4.A.4.b.5.I02,0.00283
2024-11-01,4.A.4.b.6.I01,0.00643
2024-11-01,4.A.4.b.6.I02,0.00927
2024-11-01,4.A.4.b.6.I04,0.00472
2024-11-01,4.A.4.b.6.I05,0.00402
2024-11-01,4.A.4.b.6.I06,0.01139
2024-11-01,4.A.4.b.6.I07,0.00637
2024-11-01,4.A.4.b.6.I08,0.00217
2024-11-01,4.A.4.b.6.I10,0.01326
2024-11-01,4.A.4.b.6.I11,0.00377
2024-11-01,4.A.4.c.1.I01,0.00369
2024-11-01,4.A.4.c.1.I03,0.00052
2024-11-01,4.A.4.c.1.I04,0.00012
2024-11-01,4.A.4.c.2.I01,0.00079
2024-11-01,4.A.4.c.3.I05,0.00096
2024-11-01,Other IWA,0.01186
2024-12-01,4.A.1.a.1.I01,0.01525
2024-12-01,4.A.1.a.1.I02,0.00162
2024-12-01,4.A.1.a.1.I03,0.00101
2024-12-01,4.A.1.a.1.I04,0.05548
2024-12-01,4.A.1.a.1.I05,0.00067
2024-12-01,4.A.1.a.1.I06,0.00016
2024-12-01,4.A.1.a.1.I07,0.03140
2024-12-01,4.A.1.a.1.I08,0.00321
2024-12-01,4.A.1.a.1.I09,0.00227
2024-12-01,4.A.1.a.1.I11,0.00049
2024-12-01,4.A.1.a.1.I12,0.00053
2024-12-01,4.A.1.a.1.I13,0.00039
2024-12-01,4.A.1.a.1.I14,0.00072
2024-12-01,4.A.1.a.1.I15,0.00381
2024-12-01,4.A.1.a.1.I16,0.01319
2024-12-01,4.A.1.a.1.I17,0.00165
2024-12-01,4.A.1.a.1.I18,0.04066
2024-12-01,4.A.1.a.1.I19,0.01404
2024-12-01,4.A.1.a.1.I20,0.00327
2024-12-01,4.A.1.a.1.I21,0.00027
2024-12-01,4.A.1.a.1.I23,0.00101
2024-12-01,4.A.1.a.2.I08,0.00054
2024-12-01,4.A.1.a.2.I10,0.00042
2024-12-01,4.A.1.b.1.I02,0.00045
2024-12-01,4.A.1.b.2.I09,0.00006
2024-12-01,4.A.1.b.3.I01,0.00154
2024-12-01,4.A.1.b.3.I02,0.00054
2024-12-01,4.A.1.b.3.I03,0.01501
2024-12-01,4.A.2.a.1.I01,0.00139
2024-12-01,4.A.2.a.1.I02,0.00285
2024-12-01,4.A.2.a.1.I03,0.00201
2024-12-01,4.A.2.a.1.I04,0.00203
2024-12-01,4.A.2.a.1.I06,0.00322
2024-12-01,4.A.2.a.1.I07,0.01040
2024-12-01,4.A.2.a.1.I08,0.00274
2024-12-01,4.A.2.a.1.I09,0.00046
2024-12-01,4.A.2.a.1.I10,0.00041
2024-12-01,4.A.2.a.2.I01,0.00262
2024-12-01,4.A.2.a.2.I03,0.00220
2024-12-01,4.A.2.a.2.I05,0.00053
2024-12-01,4.A.2.a.3.I01,0.00168
2024-12-01,4.A.2.a.4.I01,0.00046
2024-12-01,4.A.2.a.4.I02,0.00621
2024-12-01,4.A.2.a.4.I03,0.00053
2024-12-01,4.A.2.a.4.I04,0.04306
2024-12-01,4.A.2.a.4.I05,0.00058
2024-12-01,4.A.2.a.4.I06,0.00153
2024-12-01,4.A.2.a.4.I07,0.00039
2024-12-01,4.A.2.a.4.I08,0.00529
2024-12-01,4.A.2.a.4.I09,0.00056
2024-12-01,4.A.2.a.4.I10,0.00207
2024-12-01,4.A.2.a.4.I11,0.00372
2024-12-01,4.A.2.a.4.I12,0.00086
2024-12-01,4.A.2.b.1.I01,0.00260
2024-12-01,4.A.2.b.1.I02,0.00181
2024-12-01,4.A.2.b.1.I06,0.00130
2024-12-01,4.A.2.b.1.I07,0.10495
2024-12-01,4.A.2.b.1.I08,0.00045
2024-12-01,4.A.2.b.1.I10,0.00070
2024-12-01,4.A.2.b.1.I11,0.00053
2024-12-01,4.A.2.b.2.I01,0.00126
2024-12-01,4.A.2.b.2.I02,0.00212
2024-12-01,4.A.2.b.2.I03,0.00231
2024-12-01,4.A.2.b.2.I04,0.00217
2024-12-01,4.A.2.b.2.I06,0.00058
2024-12-01,4.A.2.b.2.I07,0.00032
2024-12-01,4.A.2.b.2.I09,0.00147
2024-12-01,4.A.2.b.2.I11,0.00045
2024-12-01,4.A.2.b.2.I12,0.01748
2024-12-01,4.A.2.b.2.I15,0.00405
2024-12-01,4.A.2.b.2.I18,0.01900
2024-12-01,4.A.2.b.2.I19,0.00041
2024-12-01,4.A.2.b.2.I21,0.00244
2024-12-01,4.A.2.b.2.I22,0.00903
2024-12-01,4.A.2.b.2.I23,0.00292
2024-12-01,4.A.2.b.2.I25,0.00639
2024-12-01,4.A.2.b.2.I26,0.00068
2024-12-01,4.A.2.b.2.I27,0.00068
2024-12-01,4.A.2.b.3.I01,0.00609
2024-12-01,4.A.2.b.4.I01,0.00134
2024-12-01,4.A.2.b.4.I03,0.00057
2024-12-01,4.A.2.b.5.I01,0.00104
2024-12-01,4.A.2.b.5.I02,0.00121
2024-12-01,4.A.2.b.5.I03,0.00102
2024-12-01,4.A.2.b.6.I01,0.00315
2024-12-01,4.A.2.b.6.I02,0.00268
2024-12-01,4.A.3.a.1.I01,0.00045
2024-12-01,4.A.3.a.1.I03,0.00022
2024-12-01,4.A.3.a.1.I08,0.00012
2024-12-01,4.A.3.a.1.I16,0.00092
2024-12-01,4.A.3.a.2.I03,0.00465
2024-12-01,4.A.3.a.2.I21,0.00039
2024-12-01,4.A.3.a.2.I46,0.00034
2024-12-01,4.A.3.b.1.I01,0.03128
2024-12-01,4.A.3.b.1.I02,0.00077
2024-12-01,4.A.3.b.1.I03,0.00379
2024-12-01,4.A.3.b.1.I04,0.02466
2024-12-01,4.A.3.b.1.I05,0.00210
2024-12-01,4.A.3.b.1.I06,0.00432
2024-12-01,4.A.3.b.6.I01,0.00264
2024-12-01,4.A.3.b.6.I03,0.00414
2024-12-01,4.A.3.b.6.I05,0.00033
2024-12-01,4.A.3.b.6.I06,0.00270
2024-12-01,4.A.3.b.6.I07,0.00133
2024-12-01,4.A.3.b.6.I08,0.00099
2024-12-01,4.A.3.b.6.I09,0.00108
2024-12-01,4.A.3.b.6.I10,0.00035
2024-12-01,4.A.3.b.6.I12,0.05120
2024-12-01,4.A.3.b.6.I13,0.00420
2024-12-01,4.A.3.b.6.I14,0.00137
2024-12-01,4.A.3.b.6.I15,0.00340
2024-12-01,4.A.3.b.6.I16,0.06716
2024-12-01,4.A.4.a.1.I01,0.03235
2024-12-01,4.A.4.a.1.I02,0.01482
2024-12-01,4.A.4.a.1.I03,0.04280
2024-12-01,4.A.4.a.1.I04,0.00986
2024-12-01,4.A.4.a.1.I05,0.00738
2024-12-01,4.A.4.a.2.I01,0.00075
2024-12-01,4.A.4.a.2.I02,0.00097
2024-12-01,4.A.4.a.2.I03,0.00683
2024-12-01,4.A.4.a.2.I04,0.00260
2024-12-01,4.A.4.a.2.I06,0.00068
2024-12-01,4.A.4.a.2.I08,0.00030
2024-12-01,4.A.4.a.2.I09,0.00181
2024-12-01,4.A.4.a.2.I11,0.00148
2024-12-01,4.A.4.a.2.I12,0.00056
2024-12-01,4.A.4.a.2.I13,0.00051
2024-12-01,4.A.4.a.3.I02,0.01194
2024-12-01,4.A.4.a.3.I03,0.00413
2024-12-01,4.A.4.a.4.I01,0.00150
2024-12-01,4.A.4.a.5.I01,0.00121
2024-12-01,4.A.4.a.5.I03,0.00051
2024-12-01,4.A.4.a.5.I04,0.00078
2024-12-01,4.A.4.a.5.I08,0.00150
2024-12-01,4.A.4.a.5.I10,0.00048
2024-12-01,4.A.4.a.6.I01,0.00042
2024-12-01,4.A.4.a.6.I02,0.00054
2024-12-01,4.A.4.a.6.I03,0.00190
2024-12-01,4.A.4.a.7.I01,0.00037
2024-12-01,4.A.4.a.7.I02,0.00061
2024-12-01,4.A.4.a.7.I03,0.00034
2024-12-01,4.A.4.a.8.I01,0.00075
2024-12-01,4.A.4.a.8.I02,0.00074
2024-12-01,4.A.4.a.8.I03,0.00047
2024-12-01,4.A.4.b.3.I01,0.00098
2024-12-01,4.A.4.b.3.I02,0.02126
2024-12-01,4.A.4.b.3.I04,0.00036
2024-12-01,4.A.4.b.3.I05,0.00030
2024-12-01,4.A.4.b.5.I01,0.00091
2024-12-01,4.A.4.b.5.I02,0.00386
2024-12-01,4.A.4.b.6.I01,0.00751
2024-12-01,4.A.4.b.6.I02,0.01188
2024-12-01,4.A.4.b.6.I04,0.00516
2024-12-01,4.A.4.b.6.I05,0.00341
2024-12-01,4.A.4.b.6.I06,0.01352
2024-12-01,4.A.4.b.6.I07,0.00722
2024-12-01,4.A.4.b.6.I08,0.00261
2024-12-01,4.A.4.b.6.I10,0.01978
2024-12-01,4.A.4.b.6.I11,0.00401
2024-12-01,4.A.4.c.1.I01,0.00428
2024-12-01,4.A.4.c.1.I03,0.00079
2024-12-01,4.A.4.c.1.I04,0.00017
2024-12-01,4.A.4.c.2.I01,0.00095
2024-12-01,4.A.4.c.3.I05,0.00139
2024-12-01,Other IWA,0.01227
2025-01-01,4.A.1.a.1.I01,0.01384
2025-01-01,4.A.1.a.1.I02,0.00175
2025-01-01,4.A.1.a.1.I03,0.00064
2025-01-01,4.A.1.a.1.I04,0.05600
2025-01-01,4.A.1.a.1.I05,0.00095
2025-01-01,4.A.1.a.1.I06,0.00037
2025-01-01,4.A.1.a.1.I07,0.03397
2025-01-01,4.A.1.a.1.I08,0.00328
2025-01-01,4.A.1.a.1.I09,0.00241
2025-01-01,4.A.1.a.1.I11,0.00030
2025-01-01,4.A.1.a.1.I12,0.00032
2025-01-01,4.A.1.a.1.I13,0.00059
2025-01-01,4.A.1.a.1.I14,0.00116
2025-01-01,4.A.1.a.1.I15,0.00576
2025-01-01,4.A.1.a.1.I16,0.01015
2025-01-01,4.A.1.a.1.I17,0.00250
2025-01-01,4.A.1.a.1.I18,0.03435
2025-01-01,4.A.1.a.1.I19,0.01332
2025-01-01,4.A.1.a.1.I20,0.00220
2025-01-01,4.A.1.a.1.I21,0.00018
2025-01-01,4.A.1.a.1.I23,0.00103
2025-01-01,4.A.1.a.2.I08,0.00103
2025-01-01,4.A.1.a.2.I10,0.00046
2025-01-01,4.A.1.b.1.I02,0.00083
2025-01-01,4.A.1.b.2.I09,0.00012
2025-01-01,4.A.1.b.3.I01,0.00176
2025-01-01,4.A.1.b.3.I02,0.00031
2025-01-01,4.A.1.b.3.I03,0.01254
2025-01-01,4.A.2.a.1.I01,0.00228
2025-01-01,4.A.2.a.1.I02,0.00221
2025-01-01,4.A.2.a.1.I03,0.00196
2025-01-01,4.A.2.a.1.I04,0.00222
2025-01-01,4.A.2.a.1.I06,0.00337
2025-01-01,4.A.2.a.1.I07,0.01064
2025-01-01,4.A.2.a.1.I08,0.00230
2025-01-01,4.A.2.a.1.I09,0.00047
2025-01-01,4.A.2.a.1.I10,0.00056
2025-01-01,4.A.2.a.2.I01,0.00199
2025-01-01,4.A.2.a.2.I03,0.00161
2025-01-01,4.A.2.a.2.I05,0.00047
2025-01-01,4.A.2.a.3.I01,0.00149
2025-01-01,4.A.2.a.4.I01,0.00042
2025-01-01,4.A.2.a.4.I02,0.00582
2025-01-01,4.A.2.a.4.I03,0.00033
2025-01-01,4.A.2.a.4.I04,0.03368
2025-01-01,4.A.2.a.4.I05,0.00059
2025-01-01,4.A.2.a.4.I06,0.00115
2025-01-01,4.A.2.a.4.I07,0.00077
2025-01-01,4.A.2.a.4.I08,0.00392
2025-01-01,4.A.2.a.4.I09,0.00068
2025-01-01,4.A.2.a.4.I10,0.00125
2025-01-01,4.A.2.a.4.I11,0.00355
2025-01-01,4.A.2.a.4.I12,0.00063
2025-01-01,4.A.2.b.1.I01,0.00265
2025-01-01,4.A.2.b.1.I02,0.00220
2025-01-01,4.A.2.b.1.I06,0.00150
2025-01-01,4.A.2.b.1.I07,0.10899
2025-01-01,4.A.2.b.1.I08,0.00079
2025-01-01,4.A.2.b.1.I10,0.00050
2025-01-01,4.A.2.b.1.I11,0.00052
2025-01-01,4.A.2.b.2.I01,0.00135
2025-01-01,4.A.2.b.2.I02,0.00262
2025-01-01,4.A.2.b.2.I03,0.00286
2025-01-01,4.A.2.b.2.I04,0.00244
2025-01-01,4.A.2.b.2.I06,0.00049
2025-01-01,4.A.2.b.2.I07,0.00068
2025-01-01,4.A.2.b.2.I09,0.00142
2025-01-01,4.A.2.b.2.I11,0.00044
2025-01-01,4.A.2.b.2.I12,0.02236
2025-01-01,4.A.2.b.2.I15,0.00417
2025-01-01,4.A.2.b.2.I18,0.02160
2025-01-01,4.A.2.b.2.I19,0.00025
2025-01-01,4.A.2.b.2.I21,0.00176
2025-01-01,4.A.2.b.2.I22,0.00902
2025-01-01,4.A.2.b.2.I23,0.00285
2025-01-01,4.A.2.b.2.I25,0.00643
2025-01-01,4.A.2.b.2.I26,0.00033
2025-01-01,4.A.2.b.2.I27,0.00121
2025-01-01,4.A.2.b.3.I01,0.00523
2025-01-01,4.A.2.b.4.I01,0.00153
2025-01-01,4.A.2.b.4.I03,0.00072
2025-01-01,4.A.2.b.5.I01,0.00070
2025-01-01,4.A.2.b.5.I02,0.00144
2025-01-01,4.A.2.b.5.I03,0.00154
2025-01-01,4.A.2.b.6.I01,0.00327
2025-01-01,4.A.2.b.6.I02,0.00345
2025-01-01,4.A.3.a.1.I01,0.00042
2025-01-01,4.A.3.a.1.I03,0.00037
2025-01-01,4.A.3.a.1.I08,0.00020
2025-01-01,4.A.3.a.1.I16,0.00105
2025-01-01,4.A.3.a.2.I03,0.00569
2025-01-01,4.A.3.a.2.I21,0.00031
2025-01-01,4.A.3.a.2.I46,0.00029
2025-01-01,4.A.3.b.1.I01,0.02420
2025-01-01,4.A.3.b.1.I02,0.00099
2025-01-01,4.A.3.b.1.I03,0.00465
2025-01-01,4.A.3.b.1.I04,0.02264
2025-01-01,4.A.3.b.1.I05,0.00220
2025-01-01,4.A.3.b.1.I06,0.00324
2025-01-01,4.A.3.b.6.I01,0.00282
2025-01-01,4.A.3.b.6.I03,0.00294
2025-01-01,4.A.3.b.6.I05,0.00077
2025-01-01,4.A.3.b.6.I06,0.00281
2025-01-01,4.A.3.b.6.I07,0.00135
2025-01-01,4.A.3.b.6.I08,0.00067
2025-01-01,4.A.3.b.6.I09,0.00131
2025-01-01,4.A.3.b.6.I10,0.00053
2025-01-01,4.A.3.b.6.I12,0.04677
2025-01-01,4.A.3.b.6.I13,0.00549
2025-01-01,4.A.3.b.6.I14,0.00184
2025-01-01,4.A.3.b.6.I15,0.00256
2025-01-01,4.A.3.b.6.I16,0.07321
2025-01-01,4.A.4.a.1.I01,0.02977
2025-01-01,4.A.4.a.1.I02,0.01546
2025-01-01,4.A.4.a.1.I03,0.04396
2025-01-01,4.A.4.a.1.I04,0.00970
2025-01-01,4.A.4.a.1.I05,0.00772
2025-01-01,4.A.4.a.2.I01,0.00058
2025-01-01,4.A.4.a.2.I02,0.00068
2025-01-01,4.A.4.a.2.I03,0.00730
2025-01-01,4.A.4.a.2.I04,0.00226
2025-01-01,4.A.4.a.2.I06,0.00064
2025-01-01,4.A.4.a.2.I08,0.00037
2025-01-01,4.A.4.a.2.I09,0.00220
2025-01-01,4.A.4.a.2.I11,0.00322
2025-01-01,4.A.4.a.2.I12,0.00100
2025-01-01,4.A.4.a.2.I13,0.00107
2025-01-01,4.A.4.a.3.I02,0.01196
2025-01-01,4.A.4.a.3.I03,0.00477
2025-01-01,4.A.4.a.4.I01,0.00152
2025-01-01,4.A.4.a.5.I01,0.00162
2025-01-01,4.A.4.a.5.I03,0.00033
2025-01-01,4.A.4.a.5.I04,0.00110
2025-01-01,4.A.4.a.5.I08,0.00193
2025-01-01,4.A.4.a.5.I10,0.00057
2025-01-01,4.A.4.a.6.I01,0.00056
2025-01-01,4.A.4.a.6.I02,0.00113
2025-01-01,4.A.4.a.6.I03,0.00244
2025-01-01,4.A.4.a.7.I01,0.00028
2025-01-01,4.A.4.a.7.I02,0.00056
2025-01-01,4.A.4.a.7.I03,0.00040
2025-01-01,4.A.4.a.8.I01,0.00095
2025-01-01,4.A.4.a.8.I02,0.00097
2025-01-01,4.A.4.a.8.I03,0.00059
2025-01-01,4.A.4.b.3.I01,0.00114
2025-01-01,4.A.4.b.3.I02,0.01787
2025-01-01,4.A.4.b.3.I04,0.00020
2025-01-01,4.A.4.b.3.I05,0.00056
2025-01-01,4.A.4.b.5.I01,0.00119
2025-01-01,4.A.4.b.5.I02,0.00372
2025-01-01,4.A.4.b.6.I01,0.00891
2025-01-01,4.A.4.b.6.I02,0.01240
2025-01-01,4.A.4.b.6.I04,0.00507
2025-01-01,4.A.4.b.6.I05,0.00392
2025-01-01,4.A.4.b.6.I06,0.01622
2025-01-01,4.A.4.b.6.I07,0.00798
2025-01-01,4.A.4.b.6.I08,0.00260
2025-01-01,4.A.4.b.6.I10,0.02131
2025-01-01,4.A.4.b.6.I11,0.00492
2025-01-01,4.A.4.c.1.I01,0.00394
2025-01-01,4.A.4.c.1.I03,0.00086
2025-01-01,4.A.4.c.1.I04,0.00044
2025-01-01,4.A.4.c.2.I01,0.00100
2025-01-01,4.A.4.c.3.I05,0.00119
2025-01-01,Other IWA,0.01384
2025-02-01,4.A.1.a.1.I01,0.01446
2025-02-01,4.A.1.a.1.I02,0.00188
2025-02-01,4.A.1.a.1.I03,0.00087
2025-02-01,4.A.1.a.1.I04,0.05708
2025-02-01,4.A.1.a.1.I05,0.00133
2025-02-01,4.A.1.a.1.I06,0.00039
2025-02-01,4.A.1.a.1.I07,0.03010
2025-02-01,4.A.1.a.1.I08,0.00362
2025-02-01,4.A.1.a.1.I09,0.00378
2025-02-01,4.A.1.a.1.I11,0.00058
2025-02-01,4.A.1.a.1.I12,0.00059
2025-02-01,4.A.1.a.1.I13,0.00038
2025-02-01,4.A.1.a.1.I14,0.00122
2025-02-01,4.A.1.a.1.I15,0.00520
2025-02-01,4.A.1.a.1.I16,0.01635
2025-02-01,4.A.1.a.1.I17,0.00226
2025-02-01,4.A.1.a.1.I18,0.03688
2025-02-01,4.A.1.a.1.I19,0.01606
2025-02-01,4.A.1.a.1.I20,0.00227
2025-02-01,4.A.1.a.1.I21,0.00027
2025-02-01,4.A.1.a.1.I23,0.00100
2025-02-01,4.A.1.a.2.I08,0.00069
2025-02-01,4.A.1.a.2.I10,0.00038
2025-02-01,4.A.1.b.1.I02,0.00022
2025-02-01,4.A.1.b.2.I09,0.00033
2025-02-01,4.A.1.b.3.I01,0.00159
2025-02-01,4.A.1.b.3.I02,0.00044
2025-02-01,4.A.1.b.3.I03,0.01532
2025-02-01,4.A.2.a.1.I01,0.00228
2025-02-01,4.A.2.a.1.I02,0.00254
2025-02-01,4.A.2.a.1.I03,0.00209
2025-02-01,4.A.2.a.1.I04,0.00188
2025-02-01,4.A.2.a.1.I06,0.00458
2025-02-01,4.A.2.a.1.I07,0.01100
2025-02-01,4.A.2.a.1.I08,0.00295
2025-02-01,4.A.2.a.1.I09,0.00047
2025-02-01,4.A.2.a.1.I10,0.00046
2025-02-01,4.A.2.a.2.I01,0.00245
2025-02-01,4.A.2.a.2.I03,0.00182
2025-02-01,4.A.2.a.2.I05,0.00056
2025-02-01,4.A.2.a.3.I01,0.00141
2025-02-01,4.A.2.a.4.I01,0.00058
2025-02-01,4.A.2.a.4.I02,0.00644
2025-02-01,4.A.2.a.4.I03,0.00043
2025-02-01,4.A.2.a.4.I04,0.04350
2025-02-01,4.A.2.a.4.I05,0.00025
2025-02-01,4.A.2.a.4.I06,0.00154
2025-02-01,4.A.2.a.4.I07,0.00065
2025-02-01,4.A.2.a.4.I08,0.00525
2025-02-01,4.A.2.a.4.I09,0.00088
2025-02-01,4.A.2.a.4.I10,0.00264
2025-02-01,4.A.2.a.4.I11,0.00413
2025-02-01,4.A.2.a.4.I12,0.00090
2025-02-01,4.A.2.b.1.I01,0.00271
2025-02-01,4.A.2.b.1.I02,0.00171
2025-02-01,4.A.2.b.1.I06,0.00124
2025-02-01,4.A.2.b.1.I07,0.09412
2025-02-01,4.A.2.b.1.I08,0.00056
2025-02-01,4.A.2.b.1.I10,0.00045
2025-02-01,4.A.2.b.1.I11,0.00038
2025-02-01,4.A.2.b.2.I01,0.00160
2025-02-01,4.A.2.b.2.I02,0.00308
2025-02-01,4.A.2.b.2.I03,0.00281
2025-02-01,4.A.2.b.2.I04,0.00224
2025-02-01,4.A.2.b.2.I06,0.00075
2025-02-01,4.A.2.b.2.I07,0.00039
2025-02-01,4.A.2.b.2.I09,0.00150
2025-02-01,4.A.2.b.2.I11,0.00092
2025-02-01,4.A.2.b.2.I12,0.01822
2025-02-01,4.A.2.b.2.I15,0.00487
2025-02-01,4.A.2.b.2.I18,0.01735
2025-02-01,4.A.2.b.2.I19,0.00012
2025-02-01,4.A.2.b.2.I21,0.00190
2025-02-01,4.A.2.b.2.I22,0.00902
2025-02-01,4.A.2.b.2.I23,0.00291
2025-02-01,4.A.2.b.2.I25,0.00505
2025-02-01,4.A.2.b.2.I26,0.00086
2025-02-01,4.A.2.b.2.I27,0.00102
2025-02-01,4.A.2.b.3.I01,0.00605
2025-02-01,4.A.2.b.4.I01,0.00088
2025-02-01,4.A.2.b.4.I03,0.00090
2025-02-01,4.A.2.b.5.I01,0.00046
2025-02-01,4.A.2.b.5.I02,0.00139
2025-02-01,4.A.2.b.5.I03,0.00167
2025-02-01,4.A.2.b.6.I01,0.00301
2025-02-01,4.A.2.b.6.I02,0.00332
2025-02-01,4.A.3.a.1.I01,0.00061
2025-02-01,4.A.3.a.1.I03,0.00023
2025-02-01,4.A.3.a.1.I08,0.00020
2025-02-01,4.A.3.a.1.I16,0.00091
2025-02-01,4.A.3.a.2.I03,0.00499
2025-02-01,4.A.3.a.2.I21,0.00032
2025-02-01,4.A.3.a.2.I46,0.00025
2025-02-01,4.A.3.b.1.I01,0.02693
2025-02-01,4.A.3.b.1.I02,0.00060
2025-02-01,4.A.3.b.1.I03,0.00453
2025-02-01,4.A.3.b.1.I04,0.02139
2025-02-01,4.A.3.b.1.I05,0.00181
2025-02-01,4.A.3.b.1.I06,0.00340
2025-02-01,4.A.3.b.6.I01,0.00343
2025-02-01,4.A.3.b.6.I03,0.00351
2025-02-01,4.A.3.b.6.I05,0.00065
2025-02-01,4.A.3.b.6.I06,0.00246
2025-02-01,4.A.3.b.6.I07,0.00103
2025-02-01,4.A.3.b.6.I08,0.00086
2025-02-01,4.A.3.b.6.I09,0.00084
2025-02-01,4.A.3.b.6.I10,0.00074
2025-02-01,4.A.3.b.6.I12,0.04961
2025-02-01,4.A.3.b.6.I13,0.00398
2025-02-01,4.A.3.b.6.I14,0.00208
2025-02-01,4.A.3.b.6.I15,0.00262
2025-02-01,4.A.3.b.6.I16,0.06520
2025-02-01,4.A.4.a.1.I01,0.03103
2025-02-01,4.A.4.a.1.I02,0.01551
2025-02-01,4.A.4.a.1.I03,0.03758
2025-02-01,4.A.4.a.1.I04,0.01065
2025-02-01,4.A.4.a.1.I05,0.01059
2025-02-01,4.A.4.a.2.I01,0.00044
2025-02-01,4.A.4.a.2.I02,0.00063
2025-02-01,4.A.4.a.2.I03,0.00769
2025-02-01,4.A.4.a.2.I04,0.00261
2025-02-01,4.A.4.a.2.I06,0.00070
2025-02-01,4.A.4.a.2.I08,0.00047
2025-02-01,4.A.4.a.2.I09,0.00219
2025-02-01,4.A.4.a.2.I11,0.00204
2025-02-01,4.A.4.a.2.I12,0.00087
2025-02-01,4.A.4.a.2.I13,0.00088
2025-02-01,4.A.4.a.3.I02,0.01182
2025-02-01,4.A.4.a.3.I03,0.00341
2025-02-01,4.A.4.a.4.I01,0.00138
2025-02-01,4.A.4.a.5.I01,0.00176
2025-02-01,4.A.4.a.5.I03,0.00056
2025-02-01,4.A.4.a.5.I04,0.00113
2025-02-01,4.A.4.a.5.I08,0.00173
2025-02-01,4.A.4.a.5.I10,0.00052
2025-02-01,4.A.4.a.6.I01,0.00080
2025-02-01,4.A.4.a.6.I02,0.00114
2025-02-01,4.A.4.a.6.I03,0.00210
2025-02-01,4.A.4.a.7.I01,0.00030
2025-02-01,4.A.4.a.7.I02,0.00092
2025-02-01,4.A.4.a.7.I03,0.00028
2025-02-01,4.A.4.a.8.I01,0.00050
2025-02-01,4.A.4.a.8.I02,0.00081
2025-02-01,4.A.4.a.8.I03,0.00052
2025-02-01,4.A.4.b.3.I01,0.00074
2025-02-01,4.A.4.b.3.I02,0.02270
2025-02-01,4.A.4.b.3.I04,0.00021
2025-02-01,4.A.4.b.3.I05,0.00044
2025-02-01,4.A.4.b.5.I01,0.00118
2025-02-01,4.A.4.b.5.I02,0.00336
2025-02-01,4.A.4.b.6.I01,0.00946
2025-02-01,4.A.4.b.6.I02,0.01168
2025-02-01,4.A.4.b.6.I04,0.00435
2025-02-01,4.A.4.b.6.I05,0.00409
2025-02-01,4.A.4.b.6.I06,0.01643
2025-02-01,4.A.4.b.6.I07,0.00772
2025-02-01,4.A.4.b.6.I08,0.00289
2025-02-01,4.A.4.b.6.I10,0.02088
2025-02-01,4.A.4.b.6.I11,0.00490
2025-02-01,4.A.4.c.1.I01,0.00368
2025-02-01,4.A.4.c.1.I03,0.00087
2025-02-01,4.A.4.c.1.I04,0.00024
2025-02-01,4.A.4.c.2.I01,0.00099
2025-02-01,4.A.4.c.3.I05,0.00147
2025-02-01,Other IWA,0.01432
2025-03-01,4.A.1.a.1.I01,0.01376
2025-03-01,4.A.1.a.1.I02,0.00163
2025-03-01,4.A.1.a.1.I03,0.00126
2025-03-01,4.A.1.a.1.I04,0.05473
2025-03-01,4.A.1.a.1.I05,0.00092
2025-03-01,4.A.1.a.1.I06,0.00028
2025-03-01,4.A.1.a.1.I07,0.03298
2025-03-01,4.A.1.a.1.I08,0.00350
2025-03-01,4.A.1.a.1.I09,0.00354
2025-03-01,4.A.1.a.1.I11,0.00016
2025-03-01,4.A.1.a.1.I12,0.00068
2025-03-01,4.A.1.a.1.I13,0.00068
2025-03-01,4.A.1.a.1.I14,0.00096
2025-03-01,4.A.1.a.1.I15,0.00559
2025-03-01,4.A.1.a.1.I16,0.01399
2025-03-01,4.A.1.a.1.I17,0.00218
2025-03-01,4.A.1.a.1.I18,0.03639
2025-03-01,4.A.1.a.1.I19,0.01648
2025-03-01,4.A.1.a.1.I20,0.00261
2025-03-01,4.A.1.a.1.I21,0.00082
2025-03-01,4.A.1.a.1.I23,0.00097
2025-03-01,4.A.1.a.2.I08,0.00063
2025-03-01,4.A.1.a.2.I10,0.00047
2025-03-01,4.A.1.b.1.I02,0.00076
2025-03-01,4.A.1.b.2.I09,0.00034
2025-03-01,4.A.1.b.3.I01,0.00153
2025-03-01,4.A.1.b.3.I02,0.00069
2025-03-01,4.A.1.b.3.I03,0.01418
2025-03-01,4.A.2.a.1.I01,0.00203
2025-03-01,4.A.2.a.1.I02,0.00220
2025-03-01,4.A.2.a.1.I03,0.00228
2025-03-01,4.A.2.a.1.I04,0.00192
2025-03-01,4.A.2.a.1.I06,0.00516
2025-03-01,4.A.2.a.1.I07,0.00961
2025-03-01,4.A.2.a.1.I08,0.00309
2025-03-01,4.A.2.a.1.I09,0.00013
2025-03-01,4.A.2.a.1.I10,0.00045
2025-03-01,4.A.2.a.2.I01,0.00282
2025-03-01,4.A.2.a.2.I03,0.00168
2025-03-01,4.A.2.a.2.I05,0.00035
2025-03-01,4.A.2.a.3.I01,0.00163
2025-03-01,4.A.2.a.4.I01,0.00029
2025-03-01,4.A.2.a.4.I02,0.00554
2025-03-01,4.A.2.a.4.I03,0.00042
2025-03-01,4.A.2.a.4.I04,0.03734
2025-03-01,4.A.2.a.4.I05,0.00049
2025-03-01,4.A.2.a.4.I06,0.00149
2025-03-01,4.A.2.a.4.I07,0.00078
2025-03-01,4.A.2.a.4.I08,0.00491
2025-03-01,4.A.2.a.4.I09,0.00060
2025-03-01,4.A.2.a.4.I10,0.00225
2025-03-01,4.A.2.a.4.I11,0.00377
2025-03-01,4.A.2.a.4.I12,0.00121
2025-03-01,4.A.2.b.1.I01,0.00293
2025-03-01,4.A.2.b.1.I02,0.00183
2025-03-01,4.A.2.b.1.I06,0.00163
2025-03-01,4.A.2.b.1.I07,0.09200
2025-03-01,4.A.2.b.1.I08,0.00076
2025-03-01,4.A.2.b.1.I10,0.00041
2025-03-01,4.A.2.b.1.I11,0.00071
2025-03-01,4.A.2.b.2.I01,0.00198
2025-03-01,4.A.2.b.2.I02,0.00238
2025-03-01,4.A.2.b.2.I03,0.00252
2025-03-01,4.A.2.b.2.I04,0.00258
2025-03-01,4.A.2.b.2.I06,0.00037
2025-03-01,4.A.2.b.2.I07,0.00080
2025-03-01,4.A.2.b.2.I09,0.00151
2025-03-01,4.A.2.b.2.I11,0.00084
2025-03-01,4.A.2.b.2.I12,0.01891
2025-03-01,4.A.2.b.2.I15,0.00393
2025-03-01,4.A.2.b.2.I18,0.02039
2025-03-01,4.A.2.b.2.I19,0.00030
2025-03-01,4.A.2.b.2.I21,0.00189
2025-03-01,4.A.2.b.2.I22,0.00999
2025-03-01,4.A.2.b.2.I23,0.00278
2025-03-01,4.A.2.b.2.I25,0.00758
2025-03-01,4.A.2.b.2.I26,0.00067
2025-03-01,4.A.2.b.2.I27,0.00065
2025-03-01,4.A.2.b.3.I01,0.00542
2025-03-01,4.A.2.b.4.I01,0.00107
2025-03-01,4.A.2.b.4.I03,0.00096
2025-03-01,4.A.2.b.5.I01,0.00056
2025-03-01,4.A.2.b.5.I02,0.00195
2025-03-01,4.A.2.b.5.I03,0.00107
2025-03-01,4.A.2.b.6.I01,0.00358
2025-03-01,4.A.2.b.6.I02,0.00331
2025-03-01,4.A.3.a.1.I01,0.00054
2025-03-01,4.A.3.a.1.I03,0.00039
2025-03-01,4.A.3.a.1.I08,0.00025
2025-03-01,4.A.3.a.1.I16,0.00162
2025-03-01,4.A.3.a.2.I03,0.00546
2025-03-01,4.A.3.a.2.I21,0.00056
2025-03-01,4.A.3.a.2.I46,0.00036
2025-03-01,4.A.3.b.1.I01,0.02277
2025-03-01,4.A.3.b.1.I02,0.00060
2025-03-01,4.A.3.b.1.I03,0.00406
2025-03-01,4.A.3.b.1.I04,0.02131
2025-03-01,4.A.3.b.1.I05,0.00178
2025-03-01,4.A.3.b.1.I06,0.00345
2025-03-01,4.A.3.b.6.I01,0.00355
2025-03-01,4.A.3.b.6.I03,0.00393
2025-03-01,4.A.3.b.6.I05,0.00061
2025-03-01,4.A.3.b.6.I06,0.00252
2025-03-01,4.A.3.b.6.I07,0.00137
2025-03-01,4.A.3.b.6.I08,0.00075
2025-03-01,4.A.3.b.6.I09,0.00134
2025-03-01,4.A.3.b.6.I10,0.00074
2025-03-01,4.A.3.b.6.I12,0.04916
2025-03-01,4.A.3.b.6.I13,0.00473
2025-03-01,4.A.3.b.6.I14,0.00216
2025-03-01,4.A.3.b.6.I15,0.00320
2025-03-01,4.A.3.b.6.I16,0.06303
2025-03-01,4.A.4.a.1.I01,0.03020
2025-03-01,4.A.4.a.1.I02,0.01450
2025-03-01,4.A.4.a.1.I03,0.03835
2025-03-01,4.A.4.a.1.I04,0.01033
2025-03-01,4.A.4.a.1.I05,0.00982
2025-03-01,4.A.4.a.2.I01,0.00053
2025-03-01,4.A.4.a.2.I02,0.00063
2025-03-01,4.A.4.a.2.I03,0.00801
2025-03-01,4.A.4.a.2.I04,0.00313
2025-03-01,4.A.4.a.2.I06,0.00070
2025-03-01,4.A.4.a.2.I08,0.00069
2025-03-01,4.A.4.a.2.I09,0.00223
2025-03-01,4.A.4.a.2.I11,0.00275
2025-03-01,4.A.4.a.2.I12,0.00080
2025-03-01,4.A.4.a.2.I13,0.00076
2025-03-01,4.A.4.a.3.I02,0.01239
2025-03-01,4.A.4.a.3.I03,0.00411
2025-03-01,4.A.4.a.4.I01,0.00217
2025-03-01,4.A.4.a.5.I01,0.00151
2025-03-01,4.A.4.a.5.I03,0.00068
2025-03-01,4.A.4.a.5.I04,0.00114
2025-03-01,4.A.4.a.5.I08,0.00187
2025-03-01,4.A.4.a.5.I10,0.00032
2025-03-01,4.A.4.a.6.I01,0.00061
2025-03-01,4.A.4.a.6.I02,0.00119
2025-03-01,4.A.4.a.6.I03,0.00216
2025-03-01,4.A.4.a.7.I01,0.00047
2025-03-01,4.A.4.a.7.I02,0.00086
2025-03-01,4.A.4.a.7.I03,0.00022
2025-03-01,4.A.4.a.8.I01,0.00076
2025-03-01,4.A.4.a.8.I02,0.00060
2025-03-01,4.A.4.a.8.I03,0.00021
2025-03-01,4.A.4.b.3.I01,0.00102
2025-03-01,4.A.4.b.3.I02,0.02077
2025-03-01,4.A.4.b.3.I04,0.00029
2025-03-01,4.A.4.b.3.I05,0.00069
2025-03-01,4.A.4.b.5.I01,0.00150
2025-03-01,4.A.4.b.5.I02,0.00384
2025-03-01,4.A.4.b.6.I01,0.01022
2025-03-01,4.A.4.b.6.I02,0.01285
2025-03-01,4.A.4.b.6.I04,0.00454
2025-03-01,4.A.4.b.6.I05,0.00401
2025-03-01,4.A.4.b.6.I06,0.01851
2025-03-01,4.A.4.b.6.I07,0.00761
2025-03-01,4.A.4.b.6.I08,0.00279
2025-03-01,4.A.4.b.6.I10,0.02536
2025-03-01,4.A.4.b.6.I11,0.00485
2025-03-01,4.A.4.c.1.I01,0.00420
2025-03-01,4.A.4.c.1.I03,0.00044
2025-03-01,4.A.4.c.1.I04,0.00028
2025-03-01,4.A.4.c.2.I01,0.00117
2025-03-01,4.A.4.c.3.I05,0.00217
2025-03-01,Other IWA,0.01450
2025-04-01,4.A.1.a.1.I01,0.01167
2025-04-01,4.A.1.a.1.I02,0.00165
2025-04-01,4.A.1.a.1.I03,0.00084
2025-04-01,4.A.1.a.1.I04,0.05082
2025-04-01,4.A.1.a.1.I05,0.00082
2025-04-01,4.A.1.a.1.I06,0.00034
2025-04-01,4.A.1.a.1.I07,0.03287
2025-04-01,4.A.1.a.1.I08,0.00238
2025-04-01,4.A.1.a.1.I09,0.00282
2025-04-01,4.A.1.a.1.I11,0.00024
2025-04-01,4.A.1.a.1.I12,0.00023
2025-04-01,4.A.1.a.1.I13,0.00081
2025-04-01,4.A.1.a.1.I14,0.00060
2025-04-01,4.A.1.a.1.I15,0.00569
2025-04-01,4.A.1.a.1.I16,0.01010
2025-04-01,4.A.1.a.1.I17,0.00199
2025-04-01,4.A.1.a.1.I18,0.03147
2025-04-01,4.A.1.a.1.I19,0.01492
2025-04-01,4.A.1.a.1.I20,0.00182
2025-04-01,4.A.1.a.1.I21,0.00049
2025-04-01,4.A.1.a.1.I23,0.00091
2025-04-01,4.A.1.a.2.I08,0.00081
2025-04-01,4.A.1.a.2.I10,0.00059
2025-04-01,4.A.1.b.1.I02,0.00063
2025-04-01,4.A.1.b.2.I09,0.00037
2025-04-01,4.A.1.b.3.I01,0.00187
2025-04-01,4.A.1.b.3.I02,0.00044
2025-04-01,4.A.1.b.3.I03,0.01257
2025-04-01,4.A.2.a.1.I01,0.00266
2025-04-01,4.A.2.a.1.I02,0.00223
2025-04-01,4.A.2.a.1.I03,0.00250
2025-04-01,4.A.2.a.1.I04,0.00172
2025-04-01,4.A.2.a.1.I06,0.00570
2025-04-01,4.A.2.a.1.I07,0.00986
2025-04-01,4.A.2.a.1.I08,0.00197
2025-04-01,4.A.2.a.1.I09,0.00030
2025-04-01,4.A.2.a.1.I10,0.00062
2025-04-01,4.A.2.a.2.I01,0.00177
2025-04-01,4.A.2.a.2.I03,0.00159
2025-04-01,4.A.2.a.2.I05,0.00071
2025-04-01,4.A.2.a.3.I01,0.00160
2025-04-01,4.A.2.a.4.I01,0.00059
2025-04-01,4.A.2.a.4.I02,0.00509
2025-04-01,4.A.2.a.4.I03,0.00042
2025-04-01,4.A.2.a.4.I04,0.03357
2025-04-01,4.A.2.a.4.I05,0.00034
2025-04-01,4.A.2.a.4.I06,0.00158
2025-04-01,4.A.2.a.4.I07,0.00072
2025-04-01,4.A.2.a.4.I08,0.00453
2025-04-01,4.A.2.a.4.I09,0.00075
2025-04-01,4.A.2.a.4.I10,0.00176
2025-04-01,4.A.2.a.4.I11,0.00347
2025-04-01,4.A.2.a.4.I12,0.00082
2025-04-01,4.A.2.b.1.I01,0.00340
2025-04-01,4.A.2.b.1.I02,0.00218
2025-04-01,4.A.2.b.1.I06,0.00117
2025-04-01,4.A.2.b.1.I07,0.08048
2025-04-01,4.A.2.b.1.I08,0.00028
2025-04-01,4.A.2.b.1.I10,0.00090
2025-04-01,4.A.2.b.1.I11,0.00192
2025-04-01,4.A.2.b.2.I01,0.00214
2025-04-01,4.A.2.b.2.I02,0.00267
2025-04-01,4.A.2.b.2.I03,0.00288
2025-04-01,4.A.2.b.2.I04,0.00252
2025-04-01,4.A.2.b.2.I06,0.00023
2025-04-01,4.A.2.b.2.I07,0.00080
2025-04-01,4.A.2.b.2.I09,0.00141
2025-04-01,4.A.2.b.2.I11,0.00102
2025-04-01,4.A.2.b.2.I12,0.01868
2025-04-01,4.A.2.b.2.I15,0.00438
2025-04-01,4.A.2.b.2.I18,0.03429
2025-04-01,4.A.2.b.2.I19,0.00034
2025-04-01,4.A.2.b.2.I21,0.00236
2025-04-01,4.A.2.b.2.I22,0.01195
2025-04-01,4.A.2.b.2.I23,0.00250
2025-04-01,4.A.2.b.2.I25,0.01150
2025-04-01,4.A.2.b.2.I26,0.00037
2025-04-01,4.A.2.b.2.I27,0.00058
2025-04-01,4.A.2.b.3.I01,0.00566
2025-04-01,4.A.2.b.4.I01,0.00122
2025-04-01,4.A.2.b.4.I03,0.00051
2025-04-01,4.A.2.b.5.I01,0.00102
2025-04-01,4.A.2.b.5.I02,0.00164
2025-04-01,4.A.2.b.5.I03,0.00154
2025-04-01,4.A.2.b.6.I01,0.00381
2025-04-01,4.A.2.b.6.I02,0.00464
2025-04-01,4.A.3.a.1.I01,0.00074
2025-04-01,4.A.3.a.1.I03,0.00064
2025-04-01,4.A.3.a.1.I08,0.00016
2025-04-01,4.A.3.a.1.I16,0.00116
2025-04-01,4.A.3.a.2.I03,0.00566
2025-04-01,4.A.3.a.2.I21,0.00029
2025-04-01,4.A.3.a.2.I46,0.00038
2025-04-01,4.A.3.b.1.I01,0.02067
2025-04-01,4.A.3.b.1.I02,0.00055
2025-04-01,4.A.3.b.1.I03,0.00381
2025-04-01,4.A.3.b.1.I04,0.02080
2025-04-01,4.A.3.b.1.I05,0.00172
2025-04-01,4.A.3.b.1.I06,0.00425
2025-04-01,4.A.3.b.6.I01,0.00398
2025-04-01,4.A.3.b.6.I03,0.00354
2025-04-01,4.A.3.b.6.I05,0.00112
2025-04-01,4.A.3.b.6.I06,0.00297
2025-04-01,4.A.3.b.6.I07,0.00134
2025-04-01,4.A.3.b.6.I08,0.00112
2025-04-01,4.A.3.b.6.I09,0.00143
2025-04-01,4.A.3.b.6.I10,0.00038
2025-04-01,4.A.3.b.6.I12,0.05954
2025-04-01,4.A.3.b.6.I13,0.00527
2025-04-01,4.A.3.b.6.I14,0.00224
2025-04-01,4.A.3.b.6.I15,0.00296
2025-04-01,4.A.3.b.6.I16,0.06729
2025-04-01,4.A.4.a.1.I01,0.02695
2025-04-01,4.A.4.a.1.I02,0.01519
2025-04-01,4.A.4.a.1.I03,0.03274
2025-04-01,4.A.4.a.1.I04,0.00979
2025-04-01,4.A.4.a.1.I05,0.00925
2025-04-01,4.A.4.a.2.I01,0.00029
2025-04-01,4.A.4.a.2.I02,0.00084
2025-04-01,4.A.4.a.2.I03,0.00790
2025-04-01,4.A.4.a.2.I04,0.00358
2025-04-01,4.A.4.a.2.I06,0.00057
2025-04-01,4.A.4.a.2.I08,0.00059
2025-04-01,4.A.4.a.2.I09,0.00316
2025-04-01,4.A.4.a.2.I11,0.00226
2025-04-01,4.A.4.a.2.I12,0.00066
2025-04-01,4.A.4.a.2.I13,0.00098
2025-04-01,4.A.4.a.3.I02,0.01086
2025-04-01,4.A.4.a.3.I03,0.00466
2025-04-01,4.A.4.a.4.I01,0.00173
2025-04-01,4.A.4.a.5.I01,0.00227
2025-04-01,4.A.4.a.5.I03,0.00086
2025-04-01,4.A.4.a.5.I04,0.00195
2025-04-01,4.A.4.a.5.I08,0.00223
2025-04-01,4.A.4.a.5.I10,0.00037
2025-04-01,4.A.4.a.6.I01,0.00060
2025-04-01,4.A.4.a.6.I02,0.00108
2025-04-01,4.A.4.a.6.I03,0.00219
2025-04-01,4.A.4.a.7.I01,0.00059
2025-04-01,4.A.4.a.7.I02,0.00078
2025-04-01,4.A.4.a.7.I03,0.00038
2025-04-01,4.A.4.a.8.I01,0.00077
2025-04-01,4.A.4.a.8.I02,0.00072
2025-04-01,4.A.4.a.8.I03,0.00041
2025-04-01,4.A.4.b.3.I01,0.00068
2025-04-01,4.A.4.b.3.I02,0.01789
2025-04-01,4.A.4.b.3.I04,0.00068
2025-04-01,4.A.4.b.3.I05,0.00047
2025-04-01,4.A.4.b.5.I01,0.00191
2025-04-01,4.A.4.b.5.I02,0.00355
2025-04-01,4.A.4.b.6.I01,0.01106
2025-04-01,4.A.4.b.6.I02,0.01468
2025-04-01,4.A.4.b.6.I04,0.00519
2025-04-01,4.A.4.b.6.I05,0.00338
2025-04-01,4.A.4.b.6.I06,0.01890
2025-04-01,4.A.4.b.6.I07,0.00814
2025-04-01,4.A.4.b.6.I08,0.00256
2025-04-01,4.A.4.b.6.I10,0.03174
2025-04-01,4.A.4.b.6.I11,0.00493
2025-04-01,4.A.4.c.1.I01,0.00400
2025-04-01,4.A.4.c.1.I03,0.00103
2025-04-01,4.A.4.c.1.I04,0.00042
2025-04-01,4.A.4.c.2.I01,0.00098
2025-04-01,4.A.4.c.3.I05,0.00180
2025-04-01,Other IWA,0.01615
2025-05-01,4.A.1.a.1.I01,0.01034
2025-05-01,4.A.1.a.1.I02,0.00144
2025-05-01,4.A.1.a.1.I03,0.00082
2025-05-01,4.A.1.a.1.I04,0.05174
2025-05-01,4.A.1.a.1.I05,0.00082
2025-05-01,4.A.1.a.1.I06,0.00004
2025-05-01,4.A.1.a.1.I07,0.03993
2025-05-01,4.A.1.a.1.I08,0.00166
2025-05-01,4.A.1.a.1.I09,0.00200
2025-05-01,4.A.1.a.1.I11,0.00045
2025-05-01,4.A.1.a.1.I12,0.00067
2025-05-01,4.A.1.a.1.I13,0.00063
2025-05-01,4.A.1.a.1.I14,0.00105
2025-05-01,4.A.1.a.1.I15,0.00633
2025-05-01,4.A.1.a.1.I16,0.00903
2025-05-01,4.A.1.a.1.I17,0.00258
2025-05-01,4.A.1.a.1.I18,0.02661
2025-05-01,4.A.1.a.1.I19,0.01329
2025-05-01,4.A.1.a.1.I20,0.00158
2025-05-01,4.A.1.a.1.I21,0.00052
2025-05-01,4.A.1.a.1.I23,0.00084
2025-05-01,4.A.1.a.2.I08,0.00103
2025-05-01,4.A.1.a.2.I10,0.00059
2025-05-01,4.A.1.b.1.I02,0.00051
2025-05-01,4.A.1.b.2.I09,0.00036
2025-05-01,4.A.1.b.3.I01,0.00149
2025-05-01,4.A.1.b.3.I02,0.00043
2025-05-01,4.A.1.b.3.I03,0.01038
2025-05-01,4.A.2.a.1.I01,0.00220
2025-05-01,4.A.2.a.1.I02,0.00252
2025-05-01,4.A.2.a.1.I03,0.00239
2025-05-01,4.A.2.a.1.I04,0.00218
2025-05-01,4.A.2.a.1.I06,0.00585
2025-05-01,4.A.2.a.1.I07,0.01087
2025-05-01,4.A.2.a.1.I08,0.00191
2025-05-01,4.A.2.a.1.I09,0.00042
2025-05-01,4.A.2.a.1.I10,0.00043
2025-05-01,4.A.2.a.2.I01,0.00217
2025-05-01,4.A.2.a.2.I03,0.00210
2025-05-01,4.A.2.a.2.I05,0.00048
2025-05-01,4.A.2.a.3.I01,0.00123
2025-05-01,4.A.2.a.4.I01,0.00067
2025-05-01,4.A.2.a.4.I02,0.00412
2025-05-01,4.A.2.a.4.I03,0.00036
2025-05-01,4.A.2.a.4.I04,0.02324
2025-05-01,4.A.2.a.4.I05,0.00040
2025-05-01,4.A.2.a.4.I06,0.00180
2025-05-01,4.A.2.a.4.I07,0.00056
2025-05-01,4.A.2.a.4.I08,0.00411
2025-05-01,4.A.2.a.4.I09,0.00045
2025-05-01,4.A.2.a.4.I10,0.00110
2025-05-01,4.A.2.a.4.I11,0.00268
2025-05-01,4.A.2.a.4.I12,0.00038
2025-05-01,4.A.2.b.1.I01,0.00347
2025-05-01,4.A.2.b.1.I02,0.00295
2025-05-01,4.A.2.b.1.I06,0.00157
2025-05-01,4.A.2.b.1.I07,0.08139
2025-05-01,4.A.2.b.1.I08,0.00083
2025-05-01,4.A.2.b.1.I10,0.00075
2025-05-01,4.A.2.b.1.I11,0.00174
2025-05-01,4.A.2.b.2.I01,0.00222
2025-05-01,4.A.2.b.2.I02,0.00243
2025-05-01,4.A.2.b.2.I03,0.00222
2025-05-01,4.A.2.b.2.I04,0.00309
2025-05-01,4.A.2.b.2.I06,0.00024
2025-05-01,4.A.2.b.2.I07,0.00061
2025-05-01,4.A.2.b.2.I09,0.00162
2025-05-01,4.A.2.b.2.I11,0.00149
2025-05-01,4.A.2.b.2.I12,0.02021
2025-05-01,4.A.2.b.2.I15,0.00479
2025-05-01,4.A.2.b.2.I18,0.03381
2025-05-01,4.A.2.b.2.I19,0.00027
2025-05-01,4.A.2.b.2.I21,0.00181
2025-05-01,4.A.2.b.2.I22,0.01307
2025-05-01,4.A.2.b.2.I23,0.00210
2025-05-01,4.A.2.b.2.I25,0.00802
2025-05-01,4.A.2.b.2.I26,0.00017
2025-05-01,4.A.2.b.2.I27,0.00073
2025-05-01,4.A.2.b.3.I01,0.00451
2025-05-01,4.A.2.b.4.I01,0.00094
2025-05-01,4.A.2.b.4.I03,0.00058
2025-05-01,4.A.2.b.5.I01,0.00092
2025-05-01,4.A.2.b.5.I02,0.00182
2025-05-01,4.A.2.b.5.I03,0.00183
2025-05-01,4.A.2.b.6.I01,0.00409
2025-05-01,4.A.2.b.6.I02,0.00474
2025-05-01,4.A.3.a.1.I01,0.00057
2025-05-01,4.A.3.a.1.I03,0.00034
2025-05-01,4.A.3.a.1.I08,0.00057
2025-05-01,4.A.3.a.1.I16,0.00135
2025-05-01,4.A.3.a.2.I03,0.00616
2025-05-01,4.A.3.a.2.I21,0.00038
2025-05-01,4.A.3.a.2.I46,0.00070
2025-05-01,4.A.3.b.1.I01,0.01715
2025-05-01,4.A.3.b.1.I02,0.00058
2025-05-01,4.A.3.b.1.I03,0.00390
2025-05-01,4.A.3.b.1.I04,0.01949
2025-05-01,4.A.3.b.1.I05,0.00200
2025-05-01,4.A.3.b.1.I06,0.00319
2025-05-01,4.A.3.b.6.I01,0.00312
2025-05-01,4.A.3.b.6.I03,0.00273
2025-05-01,4.A.3.b.6.I05,0.00138
2025-05-01,4.A.3.b.6.I06,0.00332
2025-05-01,4.A.3.b.6.I07,0.00134
2025-05-01,4.A.3.b.6.I08,0.00156
2025-05-01,4.A.3.b.6.I09,0.00139
2025-05-01,4.A.3.b.6.I10,0.00047
2025-05-01,4.A.3.b.6.I12,0.05256
2025-05-01,4.A.3.b.6.I13,0.00541
2025-05-01,4.A.3.b.6.I14,0.00233
2025-05-01,4.A.3.b.6.I15,0.00370
2025-05-01,4.A.3.b.6.I16,0.08087
2025-05-01,4.A.4.a.1.I01,0.02729
2025-05-01,4.A.4.a.1.I02,0.01347
2025-05-01,4.A.4.a.1.I03,0.03260
2025-05-01,4.A.4.a.1.I04,0.00680
2025-05-01,4.A.4.a.1.I05,0.00877
2025-05-01,4.A.4.a.2.I01,0.00052
2025-05-01,4.A.4.a.2.I02,0.00054
2025-05-01,4.A.4.a.2.I03,0.00896
2025-05-01,4.A.4.a.2.I04,0.00348
2025-05-01,4.A.4.a.2.I06,0.00064
2025-05-01,4.A.4.a.2.I08,0.00095
2025-05-01,4.A.4.a.2.I09,0.00242
2025-05-01,4.A.4.a.2.I11,0.00239
2025-05-01,4.A.4.a.2.I12,0.00087
2025-05-01,4.A.4.a.2.I13,0.00076
2025-05-01,4.A.4.a.3.I02,0.01070
2025-05-01,4.A.4.a.3.I03,0.00490
2025-05-01,4.A.4.a.4.I01,0.00144
2025-05-01,4.A.4.a.5.I01,0.00200
2025-05-01,4.A.4.a.5.I03,0.00086
2025-05-01,4.A.4.a.5.I04,0.00230
2025-05-01,4.A.4.a.5.I08,0.00223
2025-05-01,4.A.4.a.5.I10,0.00060
2025-05-01,4.A.4.a.6.I01,0.00059
2025-05-01,4.A.4.a.6.I02,0.00139
2025-05-01,4.A.4.a.6.I03,0.00223
2025-05-01,4.A.4.a.7.I01,0.00046
2025-05-01,4.A.4.a.7.I02,0.00085
2025-05-01,4.A.4.a.7.I03,0.00045
2025-05-01,4.A.4.a.8.I01,0.00078
2025-05-01,4.A.4.a.8.I02,0.00088
2025-05-01,4.A.4.a.8.I03,0.00070
2025-05-01,4.A.4.b.3.I01,0.00137
2025-05-01,4.A.4.b.3.I02,0.01489
2025-05-01,4.A.4.b.3.I04,0.00024
2025-05-01,4.A.4.b.3.I05,0.00070
2025-05-01,4.A.4.b.5.I01,0.00195
2025-05-01,4.A.4.b.5.I02,0.00425
2025-05-01,4.A.4.b.6.I01,0.01317
2025-05-01,4.A.4.b.6.I02,0.01873
2025-05-01,4.A.4.b.6.I04,0.00481
2025-05-01,4.A.4.b.6.I05,0.00355
2025-05-01,4.A.4.b.6.I06,0.02256
2025-05-01,4.A.4.b.6.I07,0.00869
2025-05-01,4.A.4.b.6.I08,0.00326
2025-05-01,4.A.4.b.6.I10,0.03426
2025-05-01,4.A.4.b.6.I11,0.00469
2025-05-01,4.A.4.c.1.I01,0.00526
2025-05-01,4.A.4.c.1.I03,0.00125
2025-05-01,4.A.4.c.1.I04,0.00017
2025-05-01,4.A.4.c.2.I01,0.00077
2025-05-01,4.A.4.c.3.I05,0.00323
2025-05-01,Other IWA,0.01896
2025-06-01,4.A.1.a.1.I01,0.00873
2025-06-01,4.A.1.a.1.I02,0.00128
2025-06-01,4.A.1.a.1.I03,0.00064
2025-06-01,4.A.1.a.1.I04,0.05329
2025-06-01,4.A.1.a.1.I05,0.00108
2025-06-01,4.A.1.a.1.I06,0.00050
2025-06-01,4.A.1.a.1.I07,0.04530
2025-06-01,4.A.1.a.1.I08,0.00158
2025-06-01,4.A.1.a.1.I09,0.00188
2025-06-01,4.A.1.a.1.I11,0.00045
2025-06-01,4.A.1.a.1.I12,0.00065
2025-06-01,4.A.1.a.1.I13,0.00051
2025-06-01,4.A.1.a.1.I14,0.00085
2025-06-01,4.A.1.a.1.I15,0.00750
2025-06-01,4.A.1.a.1.I16,0.00753
2025-06-01,4.A.1.a.1.I17,0.00278
2025-06-01,4.A.1.a.1.I18,0.02138
2025-06-01,4.A.1.a.1.I19,0.01275
2025-06-01,4.A.1.a.1.I20,0.00164
2025-06-01,4.A.1.a.1.I21,0.00057
2025-06-01,4.A.1.a.1.I23,0.00091
2025-06-01,4.A.1.a.2.I08,0.00192
2025-06-01,4.A.1.a.2.I10,0.00049
2025-06-01,4.A.1.b.1.I02,0.00070
2025-06-01,4.A.1.b.2.I09,0.00029
2025-06-01,4.A.1.b.3.I01,0.00155
2025-06-01,4.A.1.b.3.I02,0.00061
2025-06-01,4.A.1.b.3.I03,0.01089
2025-06-01,4.A.2.a.1.I01,0.00280
2025-06-01,4.A.2.a.1.I02,0.00147
2025-06-01,4.A.2.a.1.I03,0.00196
2025-06-01,4.A.2.a.1.I04,0.00227
2025-06-01,4.A.2.a.1.I06,0.00698
2025-06-01,4.A.2.a.1.I07,0.01215
2025-06-01,4.A.2.a.1.I08,0.00135
2025-06-01,4.A.2.a.1.I09,0.00035
2025-06-01,4.A.2.a.1.I10,0.00044
2025-06-01,4.A.2.a.2.I01,0.00198
2025-06-01,4.A.2.a.2.I03,0.00203
2025-06-01,4.A.2.a.2.I05,0.00054
2025-06-01,4.A.2.a.3.I01,0.00120
2025-06-01,4.A.2.a.4.I01,0.00053
2025-06-01,4.A.2.a.4.I02,0.00371
2025-06-01,4.A.2.a.4.I03,0.00014
2025-06-01,4.A.2.a.4.I04,0.01486
2025-06-01,4.A.2.a.4.I05,0.00051
2025-06-01,4.A.2.a.4.I06,0.00196
2025-06-01,4.A.2.a.4.I07,0.00020
2025-06-01,4.A.2.a.4.I08,0.00387
2025-06-01,4.A.2.a.4.I09,0.00055
2025-06-01,4.A.2.a.4.I10,0.00052
2025-06-01,4.A.2.a.4.I11,0.00302
2025-06-01,4.A.2.a.4.I12,0.00077
2025-06-01,4.A.2.b.1.I01,0.00451
2025-06-01,4.A.2.b.1.I02,0.00383
2025-06-01,4.A.2.b.1.I06,0.00159
2025-06-01,4.A.2.b.1.I07,0.07172
2025-06-01,4.A.2.b.1.I08,0.00093
2025-06-01,4.A.2.b.1.I10,0.00062
2025-06-01,4.A.2.b.1.I11,0.00198
2025-06-01,4.A.2.b.2.I01,0.00278
2025-06-01,4.A.2.b.2.I02,0.00288
2025-06-01,4.A.2.b.2.I03,0.00234
2025-06-01,4.A.2.b.2.I04,0.00388
2025-06-01,4.A.2.b.2.I06,0.00044
2025-06-01,4.A.2.b.2.I07,0.00064
2025-06-01,4.A.2.b.2.I09,0.00208
2025-06-01,4.A.2.b.2.I11,0.00089
2025-06-01,4.A.2.b.2.I12,0.02070
2025-06-01,4.A.2.b.2.I15,0.00342
2025-06-01,4.A.2.b.2.I18,0.03150
2025-06-01,4.A.2.b.2.I19,0.00024
2025-06-01,4.A.2.b.2.I21,0.00166
2025-06-01,4.A.2.b.2.I22,0.01440
2025-06-01,4.A.2.b.2.I23,0.00171
2025-06-01,4.A.2.b.2.I25,0.00795
2025-06-01,4.A.2.b.2.I26,0.00036
2025-06-01,4.A.2.b.2.I27,0.00055
2025-06-01,4.A.2.b.3.I01,0.00401
2025-06-01,4.A.2.b.4.I01,0.00077
2025-06-01,4.A.2.b.4.I03,0.00066
2025-06-01,4.A.2.b.5.I01,0.00144
2025-06-01,4.A.2.b.5.I02,0.00252
2025-06-01,4.A.2.b.5.I03,0.00169
2025-06-01,4.A.2.b.6.I01,0.00435
2025-06-01,4.A.2.b.6.I02,0.00508
2025-06-01,4.A.3.a.1.I01,0.00096
2025-06-01,4.A.3.a.1.I03,0.00040
2025-06-01,4.A.3.a.1.I08,0.00058
2025-06-01,4.A.3.a.1.I16,0.00199
2025-06-01,4.A.3.a.2.I03,0.00777
2025-06-01,4.A.3.a.2.I21,0.00081
2025-06-01,4.A.3.a.2.I46,0.00072
2025-06-01,4.A.3.b.1.I01,0.01505
2025-06-01,4.A.3.b.1.I02,0.00083
2025-06-01,4.A.3.b.1.I03,0.00559
2025-06-01,4.A.3.b.1.I04,0.01997
2025-06-01,4.A.3.b.1.I05,0.00156
2025-06-01,4.A.3.b.1.I06,0.00300
2025-06-01,4.A.3.b.6.I01,0.00353
2025-06-01,4.A.3.b.6.I03,0.00206
2025-06-01,4.A.3.b.6.I05,0.00154
2025-06-01,4.A.3.b.6.I06,0.00322
2025-06-01,4.A.3.b.6.I07,0.00140
2025-06-01,4.A.3.b.6.I08,0.00123
2025-06-01,4.A.3.b.6.I09,0.00108
2025-06-01,4.A.3.b.6.I10,0.00012
2025-06-01,4.A.3.b.6.I12,0.04556
2025-06-01,4.A.3.b.6.I13,0.00624
2025-06-01,4.A.3.b.6.I14,0.00346
2025-06-01,4.A.3.b.6.I15,0.00364
2025-06-01,4.A.3.b.6.I16,0.08110
2025-06-01,4.A.4.a.1.I01,0.02561
2025-06-01,4.A.4.a.1.I02,0.01540
2025-06-01,4.A.4.a.1.I03,0.03044
2025-06-01,4.A.4.a.1.I04,0.00629
2025-06-01,4.A.4.a.1.I05,0.00875
2025-06-01,4.A.4.a.2.I01,0.00063
2025-06-01,4.A.4.a.2.I02,0.00042
2025-06-01,4.A.4.a.2.I03,0.00975
2025-06-01,4.A.4.a.2.I04,0.00428
2025-06-01,4.A.4.a.2.I06,0.00044
2025-06-01,4.A.4.a.2.I08,0.00083
2025-06-01,4.A.4.a.2.I09,0.00313
2025-06-01,4.A.4.a.2.I11,0.00398
2025-06-01,4.A.4.a.2.I12,0.00104
2025-06-01,4.A.4.a.2.I13,0.00074
2025-06-01,4.A.4.a.3.I02,0.00999
2025-06-01,4.A.4.a.3.I03,0.00632
2025-06-01,4.A.4.a.4.I01,0.00163
2025-06-01,4.A.4.a.5.I01,0.00338
2025-06-01,4.A.4.a.5.I03,0.00091
2025-06-01,4.A.4.a.5.I04,0.00269
2025-06-01,4.A.4.a.5.I08,0.00243
2025-06-01,4.A.4.a.5.I10,0.00031
2025-06-01,4.A.4.a.6.I01,0.00063
2025-06-01,4.A.4.a.6.I02,0.00153
2025-06-01,4.A.4.a.6.I03,0.00223
2025-06-01,4.A.4.a.7.I01,0.00086
2025-06-01,4.A.4.a.7.I02,0.00119
2025-06-01,4.A.4.a.7.I03,0.00030
2025-06-01,4.A.4.a.8.I01,0.00095
2025-06-01,4.A.4.a.8.I02,0.00086
2025-06-01,4.A.4.a.8.I03,0.00078
2025-06-01,4.A.4.b.3.I01,0.00101
2025-06-01,4.A.4.b.3.I02,0.01071
2025-06-01,4.A.4.b.3.I04,0.00023
2025-06-01,4.A.4.b.3.I05,0.00067
2025-06-01,4.A.4.b.5.I01,0.00173
2025-06-01,4.A.4.b.5.I02,0.00541
2025-06-01,4.A.4.b.6.I01,0.01557
2025-06-01,4.A.4.b.6.I02,0.01980
2025-06-01,4.A.4.b.6.I04,0.00573
2025-06-01,4.A.4.b.6.I05,0.00329
2025-06-01,4.A.4.b.6.I06,0.02467
2025-06-01,4.A.4.b.6.I07,0.00798
2025-06-01,4.A.4.b.6.I08,0.00375
2025-06-01,4.A.4.b.6.I10,0.04100
2025-06-01,4.A.4.b.6.I11,0.00598
2025-06-01,4.A.4.c.1.I01,0.00482
2025-06-01,4.A.4.c.1.I03,0.00105
2025-06-01,4.A.4.c.1.I04,0.00042
2025-06-01,4.A.4.c.2.I01,0.00078
2025-06-01,4.A.4.c.3.I05,0.00405
2025-06-01,Other IWA,0.02069
2025-07-01,4.A.1.a.1.I01,0.00944
2025-07-01,4.A.1.a.1.I02,0.00114
2025-07-01,4.A.1.a.1.I03,0.00104
2025-07-01,4.A.1.a.1.I04,0.05664
2025-07-01,4.A.1.a.1.I05,0.00148
2025-07-01,4.A.1.a.1.I06,0.00044
2025-07-01,4.A.1.a.1.I07,0.05013
2025-07-01,4.A.1.a.1.I08,0.00238
2025-07-01,4.A.1.a.1.I09,0.00164
2025-07-01,4.A.1.a.1.I11,0.00034
2025-07-01,4.A.1.a.1.I12,0.00039
2025-07-01,4.A.1.a.1.I13,0.00032
2025-07-01,4.A.1.a.1.I14,0.00081
2025-07-01,4.A.1.a.1.I15,0.00709
2025-07-01,4.A.1.a.1.I16,0.00893
2025-07-01,4.A.1.a.1.I17,0.00369
2025-07-01,4.A.1.a.1.I18,0.01817
2025-07-01,4.A.1.a.1.I19,0.01439
2025-07-01,4.A.1.a.1.I20,0.00180
2025-07-01,4.A.1.a.1.I21,0.00050
2025-07-01,4.A.1.a.1.I23,0.00098
2025-07-01,4.A.1.a.2.I08,0.00091
2025-07-01,4.A.1.a.2.I10,0.00029
2025-07-01,4.A.1.b.1.I02,0.00055
2025-07-01,4.A.1.b.2.I09,0.00068
2025-07-01,4.A.1.b.3.I01,0.00169
2025-07-01,4.A.1.b.3.I02,0.00073
2025-07-01,4.A.1.b.3.I03,0.01210
2025-07-01,4.A.2.a.1.I01,0.00276
2025-07-01,4.A.2.a.1.I02,0.00173
2025-07-01,4.A.2.a.1.I03,0.00162
2025-07-01,4.A.2.a.1.I04,0.00176
2025-07-01,4.A.2.a.1.I06,0.00776
2025-07-01,4.A.2.a.1.I07,0.01340
2025-07-01,4.A.2.a.1.I08,0.00109
2025-07-01,4.A.2.a.1.I09,0.00038
2025-07-01,4.A.2.a.1.I10,0.00043
2025-07-01,4.A.2.a.2.I01,0.00161
2025-07-01,4.A.2.a.2.I03,0.00193
2025-07-01,4.A.2.a.2.I05,0.00082
2025-07-01,4.A.2.a.3.I01,0.00147
2025-07-01,4.A.2.a.4.I01,0.00050
2025-07-01,4.A.2.a.4.I02,0.00436
2025-07-01,4.A.2.a.4.I03,0.00059
2025-07-01,4.A.2.a.4.I04,0.01303
2025-07-01,4.A.2.a.4.I05,0.00041
2025-07-01,4.A.2.a.4.I06,0.00239
2025-07-01,4.A.2.a.4.I07,0.00087
2025-07-01,4.A.2.a.4.I08,0.00416
2025-07-01,4.A.2.a.4.I09,0.00054
2025-07-01,4.A.2.a.4.I10,0.00043
2025-07-01,4.A.2.a.4.I11,0.00380
2025-07-01,4.A.2.a.4.I12,0.00067
2025-07-01,4.A.2.b.1.I01,0.00455
2025-07-01,4.A.2.b.1.I02,0.00387
2025-07-01,4.A.2.b.1.I06,0.00191
2025-07-01,4.A.2.b.1.I07,0.06562
2025-07-01,4.A.2.b.1.I08,0.00115
2025-07-01,4.A.2.b.1.I10,0.00096
2025-07-01,4.A.2.b.1.I11,0.00212
2025-07-01,4.A.2.b.2.I01,0.00250
2025-07-01,4.A.2.b.2.I02,0.00269
2025-07-01,4.A.2.b.2.I03,0.00202
2025-07-01,4.A.2.b.2.I04,0.00502
2025-07-01,4.A.2.b.2.I06,0.00032
2025-07-01,4.A.2.b.2.I07,0.00085
2025-07-01,4.A.2.b.2.I09,0.00267
2025-07-01,4.A.2.b.2.I11,0.00113
2025-07-01,4.A.2.b.2.I12,0.01914
2025-07-01,4.A.2.b.2.I15,0.00317
2025-07-01,4.A.2.b.2.I18,0.03006
2025-07-01,4.A.2.b.2.I19,0.00066
2025-07-01,4.A.2.b.2.I21,0.00140
2025-07-01,4.A.2.b.2.I22,0.01447
2025-07-01,4.A.2.b.2.I23,0.00134
2025-07-01,4.A.2.b.2.I25,0.00758
2025-07-01,4.A.2.b.2.I26,0.00000
2025-07-01,4.A.2.b.2.I27,0.00081
2025-07-01,4.A.2.b.3.I01,0.00424
2025-07-01,4.A.2.b.4.I01,0.00102
2025-07-01,4.A.2.b.4.I03,0.00079
2025-07-01,4.A.2.b.5.I01,0.00121
2025-07-01,4.A.2.b.5.I02,0.00242
2025-07-01,4.A.2.b.5.I03,0.00249
2025-07-01,4.A.2.b.6.I01,0.00473
2025-07-01,4.A.2.b.6.I02,0.00506
2025-07-01,4.A.3.a.1.I01,0.00090
2025-07-01,4.A.3.a.1.I03,0.00082
2025-07-01,4.A.3.a.1.I08,0.00018
2025-07-01,4.A.3.a.1.I16,0.00217
2025-07-01,4.A.3.a.2.I03,0.00821
2025-07-01,4.A.3.a.2.I21,0.00080
2025-07-01,4.A.3.a.2.I46,0.00062
2025-07-01,4.A.3.b.1.I01,0.01484
2025-07-01,4.A.3.b.1.I02,0.00052
2025-07-01,4.A.3.b.1.I03,0.00453
2025-07-01,4.A.3.b.1.I04,0.01914
2025-07-01,4.A.3.b.1.I05,0.00162
2025-07-01,4.A.3.b.1.I06,0.00292
2025-07-01,4.A.3.b.6.I01,0.00357
2025-07-01,4.A.3.b.6.I03,0.00158
2025-07-01,4.A.3.b.6.I05,0.00149
2025-07-01,4.A.3.b.6.I06,0.00331
2025-07-01,4.A.3.b.6.I07,0.00158
2025-07-01,4.A.3.b.6.I08,0.00151
2025-07-01,4.A.3.b.6.I09,0.00126
2025-07-01,4.A.3.b.6.I10,0.00049
2025-07-01,4.A.3.b.6.I12,0.04025
2025-07-01,4.A.3.b.6.I13,0.00586
2025-07-01,4.A.3.b.6.I14,0.00315
2025-07-01,4.A.3.b.6.I15,0.00359
2025-07-01,4.A.3.b.6.I16,0.07758
2025-07-01,4.A.4.a.1.I01,0.02402
2025-07-01,4.A.4.a.1.I02,0.01522
2025-07-01,4.A.4.a.1.I03,0.03055
2025-07-01,4.A.4.a.1.I04,0.00674
2025-07-01,4.A.4.a.1.I05,0.00860
2025-07-01,4.A.4.a.2.I01,0.00020
2025-07-01,4.A.4.a.2.I02,0.00039
2025-07-01,4.A.4.a.2.I03,0.00949
2025-07-01,4.A.4.a.2.I04,0.00483
2025-07-01,4.A.4.a.2.I06,0.00064
2025-07-01,4.A.4.a.2.I08,0.00090
2025-07-01,4.A.4.a.2.I09,0.00335
2025-07-01,4.A.4.a.2.I11,0.00320
2025-07-01,4.A.4.a.2.I12,0.00130
2025-07-01,4.A.4.a.2.I13,0.00120
2025-07-01,4.A.4.a.3.I02,0.01049
2025-07-01,4.A.4.a.3.I03,0.00617
2025-07-01,4.A.4.a.4.I01,0.00160
2025-07-01,4.A.4.a.5.I01,0.00357
2025-07-01,4.A.4.a.5.I03,0.00100
2025-07-01,4.A.4.a.5.I04,0.00172
2025-07-01,4.A.4.a.5.I08,0.00235
2025-07-01,4.A.4.a.5.I10,0.00028
2025-07-01,4.A.4.a.6.I01,0.00091
2025-07-01,4.A.4.a.6.I02,0.00149
2025-07-01,4.A.4.a.6.I03,0.00278
2025-07-01,4.A.4.a.7.I01,0.00054
2025-07-01,4.A.4.a.7.I02,0.00126
2025-07-01,4.A.4.a.7.I03,0.00016
2025-07-01,4.A.4.a.8.I01,0.00098
2025-07-01,4.A.4.a.8.I02,0.00119
2025-07-01,4.A.4.a.8.I03,0.00083
2025-07-01,4.A.4.b.3.I01,0.00093
2025-07-01,4.A.4.b.3.I02,0.00740
2025-07-01,4.A.4.b.3.I04,0.00043
2025-07-01,4.A.4.b.3.I05,0.00048
2025-07-01,4.A.4.b.5.I01,0.00195
2025-07-01,4.A.4.b.5.I02,0.00551
2025-07-01,4.A.4.b.6.I01,0.01347
2025-07-01,4.A.4.b.6.I02,0.02254
2025-07-01,4.A.4.b.6.I04,0.00533
2025-07-01,4.A.4.b.6.I05,0.00362
2025-07-01,4.A.4.b.6.I06,0.02653
2025-07-01,4.A.4.b.6.I07,0.00724
2025-07-01,4.A.4.b.6.I08,0.00343
2025-07-01,4.A.4.b.6.I10,0.04560
2025-07-01,4.A.4.b.6.I11,0.00679
2025-07-01,4.A.4.c.1.I01,0.00492
2025-07-01,4.A.4.c.1.I03,0.00120
2025-07-01,4.A.4.c.1.I04,0.00044
2025-07-01,4.A.4.c.2.I01,0.00140
2025-07-01,4.A.4.c.3.I05,0.00461
2025-07-01,Other IWA,0.02052
2025-08-01,4.A.1.a.1.I01,0.00842
2025-08-01,4.A.1.a.1.I02,0.00115
2025-08-01,4.A.1.a.1.I03,0.00071
2025-08-01,4.A.1.a.1.I04,0.05783
2025-08-01,4.A.1.a.1.I05,0.00136
2025-08-01,4.A.1.a.1.I06,0.00027
2025-08-01,4.A.1.a.1.I07,0.05347
2025-08-01,4.A.1.a.1.I08,0.00227
2025-08-01,4.A.1.a.1.I09,0.00135
2025-08-01,4.A.1.a.1.I11,0.00042
2025-08-01,4.A.1.a.1.I12,0.00031
2025-08-01,4.A.1.a.1.I13,0.00064
2025-08-01,4.A.1.a.1.I14,0.00056
2025-08-01,4.A.1.a.1.I15,0.00718
2025-08-01,4.A.1.a.1.I16,0.00788
2025-08-01,4.A.1.a.1.I17,0.00316
2025-08-01,4.A.1.a.1.I18,0.01744
2025-08-01,4.A.1.a.1.I19,0.01304
2025-08-01,4.A.1.a.1.I20,0.00158
2025-08-01,4.A.1.a.1.I21,0.00041
2025-08-01,4.A.1.a.1.I23,0.00081
2025-08-01,4.A.1.a.2.I08,0.00090
2025-08-01,4.A.1.a.2.I10,0.00028
2025-08-01,4.A.1.b.1.I02,0.00035
2025-08-01,4.A.1.b.2.I09,0.00036
2025-08-01,4.A.1.b.3.I01,0.00206
2025-08-01,4.A.1.b.3.I02,0.00069
2025-08-01,4.A.1.b.3.I03,0.01177
2025-08-01,4.A.2.a.1.I01,0.00246
2025-08-01,4.A.2.a.1.I02,0.00202
2025-08-01,4.A.2.a.1.I03,0.00163
2025-08-01,4.A.2.a.1.I04,0.00191
2025-08-01,4.A.2.a.1.I06,0.00780
2025-08-01,4.A.2.a.1.I07,0.01430
2025-08-01,4.A.2.a.1.I08,0.00097
2025-08-01,4.A.2.a.1.I09,0.00054
2025-08-01,4.A.2.a.1.I10,0.00054
2025-08-01,4.A.2.a.2.I01,0.00098
2025-08-01,4.A.2.a.2.I03,0.00252
2025-08-01,4.A.2.a.2.I05,0.00033
2025-08-01,4.A.2.a.3.I01,0.00109
2025-08-01,4.A.2.a.4.I01,0.00016
2025-08-01,4.A.2.a.4.I02,0.00390
2025-08-01,4.A.2.a.4.I03,0.00054
2025-08-01,4.A.2.a.4.I04,0.01043
2025-08-01,4.A.2.a.4.I05,0.00038
2025-08-01,4.A.2.a.4.I06,0.00204
2025-08-01,4.A.2.a.4.I07,0.00060
2025-08-01,4.A.2.a.4.I08,0.00302
2025-08-01,4.A.2.a.4.I09,0.00033
2025-08-01,4.A.2.a.4.I10,0.00050
2025-08-01,4.A.2.a.4.I11,0.00289
2025-08-01,4.A.2.a.4.I12,0.00044
2025-08-01,4.A.2.b.1.I01,0.00379
2025-08-01,4.A.2.b.1.I02,0.00382
2025-08-01,4.A.2.b.1.I06,0.00168
2025-08-01,4.A.2.b.1.I07,0.06684
2025-08-01,4.A.2.b.1.I08,0.00096
2025-08-01,4.A.2.b.1.I10,0.00087
2025-08-01,4.A.2.b.1.I11,0.00187
2025-08-01,4.A.2.b.2.I01,0.00284
2025-08-01,4.A.2.b.2.I02,0.00274
2025-08-01,4.A.2.b.2.I03,0.00200
2025-08-01,4.A.2.b.2.I04,0.00382
2025-08-01,4.A.2.b.2.I06,0.00064
2025-08-01,4.A.2.b.2.I07,0.00072
2025-08-01,4.A.2.b.2.I09,0.00245
2025-08-01,4.A.2.b.2.I11,0.00107
2025-08-01,4.A.2.b.2.I12,0.02046
2025-08-01,4.A.2.b.2.I15,0.00428
2025-08-01,4.A.2.b.2.I18,0.03172
2025-08-01,4.A.2.b.2.I19,0.00037
2025-08-01,4.A.2.b.2.I21,0.00179
2025-08-01,4.A.2.b.2.I22,0.01323
2025-08-01,4.A.2.b.2.I23,0.00093
2025-08-01,4.A.2.b.2.I25,0.00673
2025-08-01,4.A.2.b.2.I26,0.00021
2025-08-01,4.A.2.b.2.I27,0.00045
2025-08-01,4.A.2.b.3.I01,0.00374
2025-08-01,4.A.2.b.4.I01,0.00097
2025-08-01,4.A.2.b.4.I03,0.00102
2025-08-01,4.A.2.b.5.I01,0.00201
2025-08-01,4.A.2.b.5.I02,0.00205
2025-08-01,4.A.2.b.5.I03,0.00208
2025-08-01,4.A.2.b.6.I01,0.00482
2025-08-01,4.A.2.b.6.I02,0.00563
2025-08-01,4.A.3.a.1.I01,0.00069
2025-08-01,4.A.3.a.1.I03,0.00069
2025-08-01,4.A.3.a.1.I08,0.00059
2025-08-01,4.A.3.a.1.I16,0.00128
2025-08-01,4.A.3.a.2.I03,0.00739
2025-08-01,4.A.3.a.2.I21,0.00058
2025-08-01,4.A.3.a.2.I46,0.00061
2025-08-01,4.A.3.b.1.I01,0.01225
2025-08-01,4.A.3.b.1.I02,0.00057
2025-08-01,4.A.3.b.1.I03,0.00433
2025-08-01,4.A.3.b.1.I04,0.01661
2025-08-01,4.A.3.b.1.I05,0.00171
2025-08-01,4.A.3.b.1.I06,0.00298
2025-08-01,4.A.3.b.6.I01,0.00381
2025-08-01,4.A.3.b.6.I03,0.00189
2025-08-01,4.A.3.b.6.I05,0.00104
2025-08-01,4.A.3.b.6.I06,0.00393
2025-08-01,4.A.3.b.6.I07,0.00185
2025-08-01,4.A.3.b.6.I08,0.00194
2025-08-01,4.A.3.b.6.I09,0.00119
2025-08-01,4.A.3.b.6.I10,0.00022
2025-08-01,4.A.3.b.6.I12,0.04970
2025-08-01,4.A.3.b.6.I13,0.00556
2025-08-01,4.A.3.b.6.I14,0.00378
2025-08-01,4.A.3.b.6.I15,0.00343
2025-08-01,4.A.3.b.6.I16,0.08311
2025-08-01,4.A.4.a.1.I01,0.02344
2025-08-01,4.A.4.a.1.I02,0.01415
2025-08-01,4.A.4.a.1.I03,0.03200
2025-08-01,4.A.4.a.1.I04,0.00534
2025-08-01,4.A.4.a.1.I05,0.00892
2025-08-01,4.A.4.a.2.I01,0.00022
2025-08-01,4.A.4.a.2.I02,0.00035
2025-08-01,4.A.4.a.2.I03,0.01035
2025-08-01,4.A.4.a.2.I04,0.00422
2025-08-01,4.A.4.a.2.I06,0.00039
2025-08-01,4.A.4.a.2.I08,0.00066
2025-08-01,4.A.4.a.2.I09,0.00297
2025-08-01,4.A.4.a.2.I11,0.00316
2025-08-01,4.A.4.a.2.I12,0.00096
2025-08-01,4.A.4.a.2.I13,0.00094
2025-08-01,4.A.4.a.3.I02,0.00856
2025-08-01,4.A.4.a.3.I03,0.00523
2025-08-01,4.A.4.a.4.I01,0.00167
2025-08-01,4.A.4.a.5.I01,0.00269
2025-08-01,4.A.4.a.5.I03,0.00074
2025-08-01,4.A.4.a.5.I04,0.00230
2025-08-01,4.A.4.a.5.I08,0.00271
2025-08-01,4.A.4.a.5.I10,0.00037
2025-08-01,4.A.4.a.6.I01,0.00043
2025-08-01,4.A.4.a.6.I02,0.00131
2025-08-01,4.A.4.a.6.I03,0.00238
2025-08-01,4.A.4.a.7.I01,0.00032
2025-08-01,4.A.4.a.7.I02,0.00092
2025-08-01,4.A.4.a.7.I03,0.00023
2025-08-01,4.A.4.a.8.I01,0.00117
2025-08-01,4.A.4.a.8.I02,0.00102
2025-08-01,4.A.4.a.8.I03,0.00083
2025-08-01,4.A.4.b.3.I01,0.00111
2025-08-01,4.A.4.b.3.I02,0.00873
2025-08-01,4.A.4.b.3.I04,0.00046
2025-08-01,4.A.4.b.3.I05,0.00071
2025-08-01,4.A.4.b.5.I01,0.00155
2025-08-01,4.A.4.b.5.I02,0.00550
2025-08-01,4.A.4.b.6.I01,0.01741
2025-08-01,4.A.4.b.6.I02,0.02134
2025-08-01,4.A.4.b.6.I04,0.00466
2025-08-01,4.A.4.b.6.I05,0.00372
2025-08-01,4.A.4.b.6.I06,0.02599
2025-08-01,4.A.4.b.6.I07,0.00874
2025-08-01,4.A.4.b.6.I08,0.00374
2025-08-01,4.A.4.b.6.I10,0.04723
2025-08-01,4.A.4.b.6.I11,0.00579
2025-08-01,4.A.4.c.1.I01,0.00500
2025-08-01,4.A.4.c.1.I03,0.00130
2025-08-01,4.A.4.c.1.I04,0.00048
2025-08-01,4.A.4.c.2.I01,0.00052
2025-08-01,4.A.4.c.3.I05,0.00351
2025-08-01,Other IWA,0.02224
2025-09-01,4.A.1.a.1.I01,0.00911
2025-09-01,4.A.1.a.1.I02,0.00105
2025-09-01,4.A.1.a.1.I03,0.00121
2025-09-01,4.A.1.a.1.I04,0.05622
2025-09-01,4.A.1.a.1.I05,0.00144
2025-09-01,4.A.1.a.1.I06,0.00034
2025-09-01,4.A.1.a.1.I07,0.04405
2025-09-01,4.A.1.a.1.I08,0.00217
2025-09-01,4.A.1.a.1.I09,0.00247
2025-09-01,4.A.1.a.1.I11,0.00079
2025-09-01,4.A.1.a.1.I12,0.00064
2025-09-01,4.A.1.a.1.I13,0.00048
2025-09-01,4.A.1.a.1.I14,0.00099
2025-09-01,4.A.1.a.1.I15,0.00710
2025-09-01,4.A.1.a.1.I16,0.01079
2025-09-01,4.A.1.a.1.I17,0.00269
2025-09-01,4.A.1.a.1.I18,0.02370
2025-09-01,4.A.1.a.1.I19,0.01228
2025-09-01,4.A.1.a.1.I20,0.00152
2025-09-01,4.A.1.a.1.I21,0.00072
2025-09-01,4.A.1.a.1.I23,0.00092
2025-09-01,4.A.1.a.2.I08,0.00113
2025-09-01,4.A.1.a.2.I10,0.00033
2025-09-01,4.A.1.b.1.I02,0.00043
2025-09-01,4.A.1.b.2.I09,0.00049
2025-09-01,4.A.1.b.3.I01,0.00187
2025-09-01,4.A.1.b.3.I02,0.00063
2025-09-01,4.A.1.b.3.I03,0.01288
2025-09-01,4.A.2.a.1.I01,0.00176
2025-09-01,4.A.2.a.1.I02,0.00190
2025-09-01,4.A.2.a.1.I03,0.00236
2025-09-01,4.A.2.a.1.I04,0.00184
2025-09-01,4.A.2.a.1.I06,0.00619
2025-09-01,4.A.2.a.1.I07,0.01182
2025-09-01,4.A.2.a.1.I08,0.00160
2025-09-01,4.A.2.a.1.I09,0.00031
2025-09-01,4.A.2.a.1.I10,0.00033
2025-09-01,4.A.2.a.2.I01,0.00215
2025-09-01,4.A.2.a.2.I03,0.00216
2025-09-01,4.A.2.a.2.I05,0.00040
2025-09-01,4.A.2.a.3.I01,0.00135
2025-09-01,4.A.2.a.4.I01,0.00040
2025-09-01,4.A.2.a.4.I02,0.00417
2025-09-01,4.A.2.a.4.I03,0.00041
2025-09-01,4.A.2.a.4.I04,0.02147
2025-09-01,4.A.2.a.4.I05,0.00037
2025-09-01,4.A.2.a.4.I06,0.00192
2025-09-01,4.A.2.a.4.I07,0.00067
2025-09-01,4.A.2.a.4.I08,0.00472
2025-09-01,4.A.2.a.4.I09,0.00049
2025-09-01,4.A.2.a.4.I10,0.00100
2025-09-01,4.A.2.a.4.I11,0.00272
2025-09-01,4.A.2.a.4.I12,0.00056
2025-09-01,4.A.2.b.1.I01,0.00341
2025-09-01,4.A.2.b.1.I02,0.00294
2025-09-01,4.A.2.b.1.I06,0.00142
2025-09-01,4.A.2.b.1.I07,0.07309
2025-09-01,4.A.2.b.1.I08,0.00066
2025-09-01,4.A.2.b.1.I10,0.00054
2025-09-01,4.A.2.b.1.I11,0.00172
2025-09-01,4.A.2.b.2.I01,0.00238
2025-09-01,4.A.2.b.2.I02,0.00201
2025-09-01,4.A.2.b.2.I03,0.00138
2025-09-01,4.A.2.b.2.I04,0.00352
2025-09-01,4.A.2.b.2.I06,0.00013
2025-09-01,4.A.2.b.2.I07,0.00080
2025-09-01,4.A.2.b.2.I09,0.00198
2025-09-01,4.A.2.b.2.I11,0.00117
2025-09-01,4.A.2.b.2.I12,0.01709
2025-09-01,4.A.2.b.2.I15,0.00430
2025-09-01,4.A.2.b.2.I18,0.02863
2025-09-01,4.A.2.b.2.I19,0.00055
2025-09-01,4.A.2.b.2.I21,0.00141
2025-09-01,4.A.2.b.2.I22,0.00984
2025-09-01,4.A.2.b.2.I23,0.00220
2025-09-01,4.A.2.b.2.I25,0.00642
2025-09-01,4.A.2.b.2.I26,0.00035
2025-09-01,4.A.2.b.2.I27,0.00053
2025-09-01,4.A.2.b.3.I01,0.00617
2025-09-01,4.A.2.b.4.I01,0.00123
2025-09-01,4.A.2.b.4.I03,0.00048
2025-09-01,4.A.2.b.5.I01,0.00119
2025-09-01,4.A.2.b.5.I02,0.00144
2025-09-01,4.A.2.b.5.I03,0.00161
2025-09-01,4.A.2.b.6.I01,0.00341
2025-09-01,4.A.2.b.6.I02,0.00454
2025-09-01,4.A.3.a.1.I01,0.00066
2025-09-01,4.A.3.a.1.I03,0.00063
2025-09-01,4.A.3.a.1.I08,0.00065
2025-09-01,4.A.3.a.1.I16,0.00148
2025-09-01,4.A.3.a.2.I03,0.00749
2025-09-01,4.A.3.a.2.I21,0.00040
2025-09-01,4.A.3.a.2.I46,0.00027
2025-09-01,4.A.3.b.1.I01,0.01289
2025-09-01,4.A.3.b.1.I02,0.00071
2025-09-01,4.A.3.b.1.I03,0.00423
2025-09-01,4.A.3.b.1.I04,0.01634
2025-09-01,4.A.3.b.1.I05,0.00204
2025-09-01,4.A.3.b.1.I06,0.00264
2025-09-01,4.A.3.b.6.I01,0.00430
2025-09-01,4.A.3.b.6.I03,0.00204
2025-09-01,4.A.3.b.6.I05,0.00089
2025-09-01,4.A.3.b.6.I06,0.00400
2025-09-01,4.A.3.b.6.I07,0.00138
2025-09-01,4.A.3.b.6.I08,0.00135
2025-09-01,4.A.3.b.6.I09,0.00134
2025-09-01,4.A.3.b.6.I10,0.00028
2025-09-01,4.A.3.b.6.I12,0.06306
2025-09-01,4.A.3.b.6.I13,0.00556
2025-09-01,4.A.3.b.6.I14,0.00321
2025-09-01,4.A.3.b.6.I15,0.00287
2025-09-01,4.A.3.b.6.I16,0.07404
2025-09-01,4.A.4.a.1.I01,0.02635
2025-09-01,4.A.4.a.1.I02,0.01563
2025-09-01,4.A.4.a.1.I03,0.03379
2025-09-01,4.A.4.a.1.I04,0.00743
2025-09-01,4.A.4.a.1.I05,0.01071
2025-09-01,4.A.4.a.2.I01,0.00025
2025-09-01,4.A.4.a.2.I02,0.00078
2025-09-01,4.A.4.a.2.I03,0.00973
2025-09-01,4.A.4.a.2.I04,0.00369
2025-09-01,4.A.4.a.2.I06,0.00073
2025-09-01,4.A.4.a.2.I08,0.00059
2025-09-01,4.A.4.a.2.I09,0.00315
2025-09-01,4.A.4.a.2.I11,0.00303
2025-09-01,4.A.4.a.2.I12,0.00092
2025-09-01,4.A.4.a.2.I13,0.00085
2025-09-01,4.A.4.a.3.I02,0.01123
2025-09-01,4.A.4.a.3.I03,0.00471
2025-09-01,4.A.4.a.4.I01,0.00126
2025-09-01,4.A.4.a.5.I01,0.00233
2025-09-01,4.A.4.a.5.I03,0.00088
2025-09-01,4.A.4.a.5.I04,0.00169
2025-09-01,4.A.4.a.5.I08,0.00286
2025-09-01,4.A.4.a.5.I10,0.00043
2025-09-01,4.A.4.a.6.I01,0.00073
2025-09-01,4.A.4.a.6.I02,0.00133
2025-09-01,4.A.4.a.6.I03,0.00175
2025-09-01,4.A.4.a.7.I01,0.00054
2025-09-01,4.A.4.a.7.I02,0.00109
2025-09-01,4.A.4.a.7.I03,0.00047
2025-09-01,4.A.4.a.8.I01,0.00063
2025-09-01,4.A.4.a.8.I02,0.00099
2025-09-01,4.A.4.a.8.I03,0.00058
2025-09-01,4.A.4.b.3.I01,0.00097
2025-09-01,4.A.4.b.3.I02,0.01901
2025-09-01,4.A.4.b.3.I04,0.00031
2025-09-01,4.A.4.b.3.I05,0.00083
2025-09-01,4.A.4.b.5.I01,0.00174
2025-09-01,4.A.4.b.5.I02,0.00371
2025-09-01,4.A.4.b.6.I01,0.01504
2025-09-01,4.A.4.b.6.I02,0.01870
2025-09-01,4.A.4.b.6.I04,0.00462
2025-09-01,4.A.4.b.6.I05,0.00378
2025-09-01,4.A.4.b.6.I06,0.02180
2025-09-01,4.A.4.b.6.I07,0.00871
2025-09-01,4.A.4.b.6.I08,0.00310
2025-09-01,4.A.4.b.6.I10,0.03806
2025-09-01,4.A.4.b.6.I11,0.00554
2025-09-01,4.A.4.c.1.I01,0.00460
2025-09-01,4.A.4.c.1.I03,0.00127
2025-09-01,4.A.4.c.1.I04,0.00022
2025-09-01,4.A.4.c.2.I01,0.00101
2025-09-01,4.A.4.c.3.I05,0.00225
2025-09-01,Other IWA,0.01879
2025-10-01,4.A.1.a.1.I01,0.00985
2025-10-01,4.A.1.a.1.I02,0.00183
2025-10-01,4.A.1.a.1.I03,0.00070
2025-10-01,4.A.1.a.1.I04,0.06055
2025-10-01,4.A.1.a.1.I05,0.00151
2025-10-01,4.A.1.a.1.I06,0.00042
2025-10-01,4.A.1.a.1.I07,0.04700
2025-10-01,4.A.1.a.1.I08,0.00300
2025-10-01,4.A.1.a.1.I09,0.00252
2025-10-01,4.A.1.a.1.I11,0.00035
2025-10-01,4.A.1.a.1.I12,0.00072
2025-10-01,4.A.1.a.1.I13,0.00030
2025-10-01,4.A.1.a.1.I14,0.00071
2025-10-01,4.A.1.a.1.I15,0.00559
2025-10-01,4.A.1.a.1.I16,0.01079
2025-10-01,4.A.1.a.1.I17,0.00298
2025-10-01,4.A.1.a.1.I18,0.02471
2025-10-01,4.A.1.a.1.I19,0.01398
2025-10-01,4.A.1.a.1.I20,0.00096
2025-10-01,4.A.1.a.1.I21,0.00059
2025-10-01,4.A.1.a.1.I23,0.00111
2025-10-01,4.A.1.a.2.I08,0.00092
2025-10-01,4.A.1.a.2.I10,0.00033
2025-10-01,4.A.1.b.1.I02,0.00046
2025-10-01,4.A.1.b.2.I09,0.00049
2025-10-01,4.A.1.b.3.I01,0.00137
2025-10-01,4.A.1.b.3.I02,0.00072
2025-10-01,4.A.1.b.3.I03,0.01243
2025-10-01,4.A.2.a.1.I01,0.00179
2025-10-01,4.A.2.a.1.I02,0.00205
2025-10-01,4.A.2.a.1.I03,0.00232
2025-10-01,4.A.2.a.1.I04,0.00200
2025-10-01,4.A.2.a.1.I06,0.00756
2025-10-01,4.A.2.a.1.I07,0.01260
2025-10-01,4.A.2.a.1.I08,0.00207
2025-10-01,4.A.2.a.1.I09,0.00050
2025-10-01,4.A.2.a.1.I10,0.00046
2025-10-01,4.A.2.a.2.I01,0.00190
2025-10-01,4.A.2.a.2.I03,0.00230
2025-10-01,4.A.2.a.2.I05,0.00051
2025-10-01,4.A.2.a.3.I01,0.00164
2025-10-01,4.A.2.a.4.I01,0.00025
2025-10-01,4.A.2.a.4.I02,0.00486
2025-10-01,4.A.2.a.4.I03,0.00039
2025-10-01,4.A.2.a.4.I04,0.02304
2025-10-01,4.A.2.a.4.I05,0.00042
2025-10-01,4.A.2.a.4.I06,0.00220
2025-10-01,4.A.2.a.4.I07,0.00065
2025-10-01,4.A.2.a.4.I08,0.00482
2025-10-01,4.A.2.a.4.I09,0.00039
2025-10-01,4.A.2.a.4.I10,0.00106
2025-10-01,4.A.2.a.4.I11,0.00289
2025-10-01,4.A.2.a.4.I12,0.00083
2025-10-01,4.A.2.b.1.I01,0.00422
2025-10-01,4.A.2.b.1.I02,0.00299
2025-10-01,4.A.2.b.1.I06,0.00160
2025-10-01,4.A.2.b.1.I07,0.07002
2025-10-01,4.A.2.b.1.I08,0.00060
2025-10-01,4.A.2.b.1.I10,0.00074
2025-10-01,4.A.2.b.1.I11,0.00129
2025-10-01,4.A.2.b.2.I01,0.00284
2025-10-01,4.A.2.b.2.I02,0.00175
2025-10-01,4.A.2.b.2.I03,0.00209
2025-10-01,4.A.2.b.2.I04,0.00346
2025-10-01,4.A.2.b.2.I06,0.00030
2025-10-01,4.A.2.b.2.I07,0.00065
2025-10-01,4.A.2.b.2.I09,0.00158
2025-10-01,4.A.2.b.2.I11,0.00094
2025-10-01,4.A.2.b.2.I12,0.01629
2025-10-01,4.A.2.b.2.I15,0.00472
2025-10-01,4.A.2.b.2.I18,0.02823
2025-10-01,4.A.2.b.2.I19,0.00056
2025-10-01,4.A.2.b.2.I21,0.00172
2025-10-01,4.A.2.b.2.I22,0.01056
2025-10-01,4.A.2.b.2.I23,0.00202
2025-10-01,4.A.2.b.2.I25,0.00566
2025-10-01,4.A.2.b.2.I26,0.00027
2025-10-01,4.A.2.b.2.I27,0.00059
2025-10-01,4.A.2.b.3.I01,0.00742
2025-10-01,4.A.2.b.4.I01,0.00094
2025-10-01,4.A.2.b.4.I03,0.00064
2025-10-01,4.A.2.b.5.I01,0.00131
2025-10-01,4.A.2.b.5.I02,0.00204
2025-10-01,4.A.2.b.5.I03,0.00162
2025-10-01,4.A.2.b.6.I01,0.00370
2025-10-01,4.A.2.b.6.I02,0.00408
2025-10-01,4.A.3.a.1.I01,0.00063
2025-10-01,4.A.3.a.1.I03,0.00064
2025-10-01,4.A.3.a.1.I08,0.00059
2025-10-01,4.A.3.a.1.I16,0.00118
2025-10-01,4.A.3.a.2.I03,0.00695
2025-10-01,4.A.3.a.2.I21,0.00039
2025-10-01,4.A.3.a.2.I46,0.00026
2025-10-01,4.A.3.b.1.I01,0.01352
2025-10-01,4.A.3.b.1.I02,0.00064
2025-10-01,4.A.3.b.1.I03,0.00369
2025-10-01,4.A.3.b.1.I04,0.01621
2025-10-01,4.A.3.b.1.I05,0.00195
2025-10-01,4.A.3.b.1.I06,0.00332
2025-10-01,4.A.3.b.6.I01,0.00484
2025-10-01,4.A.3.b.6.I03,0.00231
2025-10-01,4.A.3.b.6.I05,0.00091
2025-10-01,4.A.3.b.6.I06,0.00446
2025-10-01,4.A.3.b.6.I07,0.00141
2025-10-01,4.A.3.b.6.I08,0.00138
2025-10-01,4.A.3.b.6.I09,0.00112
2025-10-01,4.A.3.b.6.I10,0.00041
2025-10-01,4.A.3.b.6.I12,0.06590
2025-10-01,4.A.3.b.6.I13,0.00621
2025-10-01,4.A.3.b.6.I14,0.00345
2025-10-01,4.A.3.b.6.I15,0.00374
2025-10-01,4.A.3.b.6.I16,0.06798
2025-10-01,4.A.4.a.1.I01,0.02589
2025-10-01,4.A.4.a.1.I02,0.01461
2025-10-01,4.A.4.a.1.I03,0.03225
2025-10-01,4.A.4.a.1.I04,0.00872
2025-10-01,4.A.4.a.1.I05,0.01114
2025-10-01,4.A.4.a.2.I01,0.00037
2025-10-01,4.A.4.a.2.I02,0.00062
2025-10-01,4.A.4.a.2.I03,0.00927
2025-10-01,4.A.4.a.2.I04,0.00325
2025-10-01,4.A.4.a.2.I06,0.00066
2025-10-01,4.A.4.a.2.I08,0.00082
2025-10-01,4.A.4.a.2.I09,0.00363
2025-10-01,4.A.4.a.2.I11,0.00326
2025-10-01,4.A.4.a.2.I12,0.00117
2025-10-01,4.A.4.a.2.I13,0.00080
2025-10-01,4.A.4.a.3.I02,0.00996
2025-10-01,4.A.4.a.3.I03,0.00439
2025-10-01,4.A.4.a.4.I01,0.00153
2025-10-01,4.A.4.a.5.I01,0.00224
2025-10-01,4.A.4.a.5.I03,0.00062
2025-10-01,4.A.4.a.5.I04,0.00161
2025-10-01,4.A.4.a.5.I08,0.00267
2025-10-01,4.A.4.a.5.I10,0.00043
2025-10-01,4.A.4.a.6.I01,0.00059
2025-10-01,4.A.4.a.6.I02,0.00059
2025-10-01,4.A.4.a.6.I03,0.00198
2025-10-01,4.A.4.a.7.I01,0.00069
2025-10-01,4.A.4.a.7.I02,0.00095
2025-10-01,4.A.4.a.7.I03,0.00024
2025-10-01,4.A.4.a.8.I01,0.00067
2025-10-01,4.A.4.a.8.I02,0.00059
2025-10-01,4.A.4.a.8.I03,0.00060
2025-10-01,4.A.4.b.3.I01,0.00094
2025-10-01,4.A.4.b.3.I02,0.01669
2025-10-01,4.A.4.b.3.I04,0.00051
2025-10-01,4.A.4.b.3.I05,0.00052
2025-10-01,4.A.4.b.5.I01,0.00111
2025-10-01,4.A.4.b.5.I02,0.00351
2025-10-01,4.A.4.b.6.I01,0.01486
2025-10-01,4.A.4.b.6.I02,0.01742
2025-10-01,4.A.4.b.6.I04,0.00448
2025-10-01,4.A.4.b.6.I05,0.00388
2025-10-01,4.A.4.b.6.I06,0.02018
2025-10-01,4.A.4.b.6.I07,0.00825
2025-10-01,4.A.4.b.6.I08,0.00298
2025-10-01,4.A.4.b.6.I10,0.03530
2025-10-01,4.A.4.b.6.I11,0.00521
2025-10-01,4.A.4.c.1.I01,0.00500
2025-10-01,4.A.4.c.1.I03,0.00103
2025-10-01,4.A.4.c.1.I04,0.00038
2025-10-01,4.A.4.c.2.I01,0.00112
2025-10-01,4.A.4.c.3.I05,0.00311
2025-10-01,Other IWA,0.01877
2025-11-01,4.A.1.a.1.I01,0.01080
2025-11-01,4.A.1.a.1.I02,0.00105
2025-11-01,4.A.1.a.1.I03,0.00100
2025-11-01,4.A.1.a.1.I04,0.05707
2025-11-01,4.A.1.a.1.I05,0.00121
2025-11-01,4.A.1.a.1.I06,0.00050
2025-11-01,4.A.1.a.1.I07,0.05140
2025-11-01,4.A.1.a.1.I08,0.00242
2025-11-01,4.A.1.a.1.I09,0.00208
2025-11-01,4.A.1.a.1.I11,0.00041
2025-11-01,4.A.1.a.1.I12,0.00047
2025-11-01,4.A.1.a.1.I13,0.00022
2025-11-01,4.A.1.a.1.I14,0.00097
2025-11-01,4.A.1.a.1.I15,0.00659
2025-11-01,4.A.1.a.1.I16,0.01052
2025-11-01,4.A.1.a.1.I17,0.00281
2025-11-01,4.A.1.a.1.I18,0.02163
2025-11-01,4.A.1.a.1.I19,0.01219
2025-11-01,4.A.1.a.1.I20,0.00166
2025-11-01,4.A.1.a.1.I21,0.00020
2025-11-01,4.A.1.a.1.I23,0.00099
2025-11-01,4.A.1.a.2.I08,0.00103
2025-11-01,4.A.1.a.2.I10,0.00044
2025-11-01,4.A.1.b.1.I02,0.00038
2025-11-01,4.A.1.b.2.I09,0.00060
2025-11-01,4.A.1.b.3.I01,0.00160
2025-11-01,4.A.1.b.3.I02,0.00052
2025-11-01,4.A.1.b.3.I03,0.01356
2025-11-01,4.A.2.a.1.I01,0.00307
2025-11-01,4.A.2.a.1.I02,0.00257
2025-11-01,4.A.2.a.1.I03,0.00276
2025-11-01,4.A.2.a.1.I04,0.00184
2025-11-01,4.A.2.a.1.I06,0.00808
2025-11-01,4.A.2.a.1.I07,0.01317
2025-11-01,4.A.2.a.1.I08,0.00140
2025-11-01,4.A.2.a.1.I09,0.00084
2025-11-01,4.A.2.a.1.I10,0.00081
2025-11-01,4.A.2.a.2.I01,0.00145
2025-11-01,4.A.2.a.2.I03,0.00201
2025-11-01,4.A.2.a.2.I05,0.00046
2025-11-01,4.A.2.a.3.I01,0.00148
2025-11-01,4.A.2.a.4.I01,0.00055
2025-11-01,4.A.2.a.4.I02,0.00451
2025-11-01,4.A.2.a.4.I03,0.00023
2025-11-01,4.A.2.a.4.I04,0.02032
2025-11-01,4.A.2.a.4.I05,0.00074
2025-11-01,4.A.2.a.4.I06,0.00221
2025-11-01,4.A.2.a.4.I07,0.00071
2025-11-01,4.A.2.a.4.I08,0.00430
2025-11-01,4.A.2.a.4.I09,0.00061
2025-11-01,4.A.2.a.4.I10,0.00123
2025-11-01,4.A.2.a.4.I11,0.00317
2025-11-01,4.A.2.a.4.I12,0.00051
2025-11-01,4.A.2.b.1.I01,0.00430
2025-11-01,4.A.2.b.1.I02,0.00347
2025-11-01,4.A.2.b.1.I06,0.00160
2025-11-01,4.A.2.b.1.I07,0.07244
2025-11-01,4.A.2.b.1.I08,0.00098
2025-11-01,4.A.2.b.1.I10,0.00095
2025-11-01,4.A.2.b.1.I11,0.00144
2025-11-01,4.A.2.b.2.I01,0.00197
2025-11-01,4.A.2.b.2.I02,0.00199
2025-11-01,4.A.2.b.2.I03,0.00194
2025-11-01,4.A.2.b.2.I04,0.00369
2025-11-01,4.A.2.b.2.I06,0.00057
2025-11-01,4.A.2.b.2.I07,0.00090
2025-11-01,4.A.2.b.2.I09,0.00172
2025-11-01,4.A.2.b.2.I11,0.00101
2025-11-01,4.A.2.b.2.I12,0.01563
2025-11-01,4.A.2.b.2.I15,0.00453
2025-11-01,4.A.2.b.2.I18,0.02523
2025-11-01,4.A.2.b.2.I19,0.00052
2025-11-01,4.A.2.b.2.I21,0.00165
2025-11-01,4.A.2.b.2.I22,0.01166
2025-11-01,4.A.2.b.2.I23,0.00159
2025-11-01,4.A.2.b.2.I25,0.00578
2025-11-01,4.A.2.b.2.I26,0.00012
2025-11-01,4.A.2.b.2.I27,0.00061
2025-11-01,4.A.2.b.3.I01,0.00600
2025-11-01,4.A.2.b.4.I01,0.00117
2025-11-01,4.A.2.b.4.I03,0.00071
2025-11-01,4.A.2.b.5.I01,0.00121
2025-11-01,4.A.2.b.5.I02,0.00173
2025-11-01,4.A.2.b.5.I03,0.00205
2025-11-01,4.A.2.b.6.I01,0.00423
2025-11-01,4.A.2.b.6.I02,0.00472
2025-11-01,4.A.3.a.1.I01,0.00045
2025-11-01,4.A.3.a.1.I03,0.00061
2025-11-01,4.A.3.a.1.I08,0.00055
2025-11-01,4.A.3.a.1.I16,0.00170
2025-11-01,4.A.3.a.2.I03,0.00948
2025-11-01,4.A.3.a.2.I21,0.00064
2025-11-01,4.A.3.a.2.I46,0.00058
2025-11-01,4.A.3.b.1.I01,0.01350
2025-11-01,4.A.3.b.1.I02,0.00059
2025-11-01,4.A.3.b.1.I03,0.00432
2025-11-01,4.A.3.b.1.I04,0.01626
2025-11-01,4.A.3.b.1.I05,0.00201
2025-11-01,4.A.3.b.1.I06,0.00231
2025-11-01,4.A.3.b.6.I01,0.00383
2025-11-01,4.A.3.b.6.I03,0.00264
2025-11-01,4.A.3.b.6.I05,0.00054
2025-11-01,4.A.3.b.6.I06,0.00495
2025-11-01,4.A.3.b.6.I07,0.00175
2025-11-01,4.A.3.b.6.I08,0.00131
2025-11-01,4.A.3.b.6.I09,0.00136
2025-11-01,4.A.3.b.6.I10,0.00044
2025-11-01,4.A.3.b.6.I12,0.05712
2025-11-01,4.A.3.b.6.I13,0.00581
2025-11-01,4.A.3.b.6.I14,0.00290
2025-11-01,4.A.3.b.6.I15,0.00328
2025-11-01,4.A.3.b.6.I16,0.06565
2025-11-01,4.A.4.a.1.I01,0.02430
2025-11-01,4.A.4.a.1.I02,0.01536
2025-11-01,4.A.4.a.1.I03,0.02998
2025-11-01,4.A.4.a.1.I04,0.00689
2025-11-01,4.A.4.a.1.I05,0.00968
2025-11-01,4.A.4.a.2.I01,0.00038
2025-11-01,4.A.4.a.2.I02,0.00055
2025-11-01,4.A.4.a.2.I03,0.01036
2025-11-01,4.A.4.a.2.I04,0.00421
2025-11-01,4.A.4.a.2.I06,0.00045
2025-11-01,4.A.4.a.2.I08,0.00060
2025-11-01,4.A.4.a.2.I09,0.00364
2025-11-01,4.A.4.a.2.I11,0.00259
2025-11-01,4.A.4.a.2.I12,0.00111
2025-11-01,4.A.4.a.2.I13,0.00066
2025-11-01,4.A.4.a.3.I02,0.00954
2025-11-01,4.A.4.a.3.I03,0.00438
2025-11-01,4.A.4.a.4.I01,0.00146
2025-11-01,4.A.4.a.5.I01,0.00256
2025-11-01,4.A.4.a.5.I03,0.00095
2025-11-01,4.A.4.a.5.I04,0.00157
2025-11-01,4.A.4.a.5.I08,0.00245
2025-11-01,4.A.4.a.5.I10,0.00046
2025-11-01,4.A.4.a.6.I01,0.00064
2025-11-01,4.A.4.a.6.I02,0.00113
2025-11-01,4.A.4.a.6.I03,0.00148
2025-11-01,4.A.4.a.7.I01,0.00030
2025-11-01,4.A.4.a.7.I02,0.00067
2025-11-01,4.A.4.a.7.I03,0.00043
2025-11-01,4.A.4.a.8.I01,0.00052
2025-11-01,4.A.4.a.8.I02,0.00074
2025-11-01,4.A.4.a.8.I03,0.00037
2025-11-01,4.A.4.b.3.I01,0.00102
2025-11-01,4.A.4.b.3.I02,0.01510
2025-11-01,4.A.4.b.3.I04,0.00038
2025-11-01,4.A.4.b.3.I05,0.00087
2025-11-01,4.A.4.b.5.I01,0.00217
2025-11-01,4.A.4.b.5.I02,0.00439
2025-11-01,4.A.4.b.6.I01,0.01573
2025-11-01,4.A.4.b.6.I02,0.02082
2025-11-01,4.A.4.b.6.I04,0.00542
2025-11-01,4.A.4.b.6.I05,0.00320
2025-11-01,4.A.4.b.6.I06,0.02325
2025-11-01,4.A.4.b.6.I07,0.00914
2025-11-01,4.A.4.b.6.I08,0.00342
2025-11-01,4.A.4.b.6.I10,0.04367
2025-11-01,4.A.4.b.6.I11,0.00462
2025-11-01,4.A.4.c.1.I01,0.00475
2025-11-01,4.A.4.c.1.I03,0.00123
2025-11-01,4.A.4.c.1.I04,0.00013
2025-11-01,4.A.4.c.2.I01,0.00054
2025-11-01,4.A.4.c.3.I05,0.00427
2025-11-01,Other IWA,0.01942
2025-12-01,4.A.1.a.1.I01,0.00921
2025-12-01,4.A.1.a.1.I02,0.00148
2025-12-01,4.A.1.a.1.I03,0.00097
2025-12-01,4.A.1.a.1.I04,0.05150
2025-12-01,4.A.1.a.1.I05,0.00114
2025-12-01,4.A.1.a.1.I06,0.00032
2025-12-01,4.A.1.a.1.I07,0.05389
2025-12-01,4.A.1.a.1.I08,0.00194
2025-12-01,4.A.1.a.1.I09,0.00181
2025-12-01,4.A.1.a.1.I11,0.00043
2025-12-01,4.A.1.a.1.I12,0.00082
2025-12-01,4.A.1.a.1.I13,0.00036
2025-12-01,4.A.1.a.1.I14,0.00066
2025-12-01,4.A.1.a.1.I15,0.00659
2025-12-01,4.A.1.a.1.I16,0.00762
2025-12-01,4.A.1.a.1.I17,0.00328
2025-12-01,4.A.1.a.1.I18,0.02153
2025-12-01,4.A.1.a.1.I19,0.01274
2025-12-01,4.A.1.a.1.I20,0.00144
2025-12-01,4.A.1.a.1.I21,0.00037
2025-12-01,4.A.1.a.1.I23,0.00084
2025-12-01,4.A.1.a.2.I08,0.00085
2025-12-01,4.A.1.a.2.I10,0.00021
2025-12-01,4.A.1.b.1.I02,0.00065
2025-12-01,4.A.1.b.2.I09,0.00055
2025-12-01,4.A.1.b.3.I01,0.00195
2025-12-01,4.A.1.b.3.I02,0.00051
2025-12-01,4.A.1.b.3.I03,0.01300
2025-12-01,4.A.2.a.1.I01,0.00332
2025-12-01,4.A.2.a.1.I02,0.00237
2025-12-01,4.A.2.a.1.I03,0.00248
2025-12-01,4.A.2.a.1.I04,0.00201
2025-12-01,4.A.2.a.1.I06,0.01055
2025-12-01,4.A.2.a.1.I07,0.01693
2025-12-01,4.A.2.a.1.I08,0.00145
2025-12-01,4.A.2.a.1.I09,0.00069
2025-12-01,4.A.2.a.1.I10,0.00037
2025-12-01,4.A.2.a.2.I01,0.00172
2025-12-01,4.A.2.a.2.I03,0.00211
2025-12-01,4.A.2.a.2.I05,0.00055
2025-12-01,4.A.2.a.3.I01,0.00203
2025-12-01,4.A.2.a.4.I01,0.00040
2025-12-01,4.A.2.a.4.I02,0.00402
2025-12-01,4.A.2.a.4.I03,0.00057
2025-12-01,4.A.2.a.4.I04,0.01571
2025-12-01,4.A.2.a.4.I05,0.00046
2025-12-01,4.A.2.a.4.I06,0.00140
2025-12-01,4.A.2.a.4.I07,0.00062
2025-12-01,4.A.2.a.4.I08,0.00463
2025-12-01,4.A.2.a.4.I09,0.00033
2025-12-01,4.A.2.a.4.I10,0.00075
2025-12-01,4.A.2.a.4.I11,0.00290
2025-12-01,4.A.2.a.4.I12,0.00048
2025-12-01,4.A.2.b.1.I01,0.00444
2025-12-01,4.A.2.b.1.I02,0.00444
2025-12-01,4.A.2.b.1.I06,0.00241
2025-12-01,4.A.2.b.1.I07,0.06768
2025-12-01,4.A.2.b.1.I08,0.00084
2025-12-01,4.A.2.b.1.I10,0.00093
2025-12-01,4.A.2.b.1.I11,0.00164
2025-12-01,4.A.2.b.2.I01,0.00240
2025-12-01,4.A.2.b.2.I02,0.00168
2025-12-01,4.A.2.b.2.I03,0.00170
2025-12-01,4.A.2.b.2.I04,0.00396
2025-12-01,4.A.2.b.2.I06,0.00047
2025-12-01,4.A.2.b.2.I07,0.00102
2025-12-01,4.A.2.b.2.I09,0.00266
2025-12-01,4.A.2.b.2.I11,0.00109
2025-12-01,4.A.2.b.2.I12,0.01506
2025-12-01,4.A.2.b.2.I15,0.00372
2025-12-01,4.A.2.b.2.I18,0.02402
2025-12-01,4.A.2.b.2.I19,0.00047
2025-12-01,4.A.2.b.2.I21,0.00113
2025-12-01,4.A.2.b.2.I22,0.01113
2025-12-01,4.A.2.b.2.I23,0.00174
2025-12-01,4.A.2.b.2.I25,0.00722
2025-12-01,4.A.2.b.2.I26,0.00018
2025-12-01,4.A.2.b.2.I27,0.00078
2025-12-01,4.A.2.b.3.I01,0.00620
2025-12-01,4.A.2.b.4.I01,0.00091
2025-12-01,4.A.2.b.4.I03,0.00067
2025-12-01,4.A.2.b.5.I01,0.00102
2025-12-01,4.A.2.b.5.I02,0.00212
2025-12-01,4.A.2.b.5.I03,0.00205
2025-12-01,4.A.2.b.6.I01,0.00381
2025-12-01,4.A.2.b.6.I02,0.00490
2025-12-01,4.A.3.a.1.I01,0.00036
2025-12-01,4.A.3.a.1.I03,0.00069
2025-12-01,4.A.3.a.1.I08,0.00058
2025-12-01,4.A.3.a.1.I16,0.00184
2025-12-01,4.A.3.a.2.I03,0.01062
2025-12-01,4.A.3.a.2.I21,0.00099
2025-12-01,4.A.3.a.2.I46,0.00071
2025-12-01,4.A.3.b.1.I01,0.01024
2025-12-01,4.A.3.b.1.I02,0.00066
2025-12-01,4.A.3.b.1.I03,0.00425
2025-12-01,4.A.3.b.1.I04,0.01566
2025-12-01,4.A.3.b.1.I05,0.00159
2025-12-01,4.A.3.b.1.I06,0.00266
2025-12-01,4.A.3.b.6.I01,0.00346
2025-12-01,4.A.3.b.6.I03,0.00235
2025-12-01,4.A.3.b.6.I05,0.00123
2025-12-01,4.A.3.b.6.I06,0.00463
2025-12-01,4.A.3.b.6.I07,0.00086
2025-12-01,4.A.3.b.6.I08,0.00100
2025-12-01,4.A.3.b.6.I09,0.00117
2025-12-01,4.A.3.b.6.I10,0.00025
2025-12-01,4.A.3.b.6.I12,0.05033
2025-12-01,4.A.3.b.6.I13,0.00515
2025-12-01,4.A.3.b.6.I14,0.00312
2025-12-01,4.A.3.b.6.I15,0.00376
2025-12-01,4.A.3.b.6.I16,0.06915
2025-12-01,4.A.4.a.1.I01,0.02544
2025-12-01,4.A.4.a.1.I02,0.01490
2025-12-01,4.A.4.a.1.I03,0.03108
2025-12-01,4.A.4.a.1.I04,0.00642
2025-12-01,4.A.4.a.1.I05,0.00965
2025-12-01,4.A.4.a.2.I01,0.00048
2025-12-01,4.A.4.a.2.I02,0.00059
2025-12-01,4.A.4.a.2.I03,0.01084
2025-12-01,4.A.4.a.2.I04,0.00497
2025-12-01,4.A.4.a.2.I06,0.00034
2025-12-01,4.A.4.a.2.I08,0.00112
2025-12-01,4.A.4.a.2.I09,0.00333
2025-12-01,4.A.4.a.2.I11,0.00335
2025-12-01,4.A.4.a.2.I12,0.00106
2025-12-01,4.A.4.a.2.I13,0.00129
2025-12-01,4.A.4.a.3.I02,0.00927
2025-12-01,4.A.4.a.3.I03,0.00524
2025-12-01,4.A.4.a.4.I01,0.00119
2025-12-01,4.A.4.a.5.I01,0.00253
2025-12-01,4.A.4.a.5.I03,0.00129
2025-12-01,4.A.4.a.5.I04,0.00147
2025-12-01,4.A.4.a.5.I08,0.00251
2025-12-01,4.A.4.a.5.I10,0.00066
2025-12-01,4.A.4.a.6.I01,0.00070
2025-12-01,4.A.4.a.6.I02,0.00095
2025-12-01,4.A.4.a.6.I03,0.00177
2025-12-01,4.A.4.a.7.I01,0.00058
2025-12-01,4.A.4.a.7.I02,0.00112
2025-12-01,4.A.4.a.7.I03,0.00037
2025-12-01,4.A.4.a.8.I01,0.00048
2025-12-01,4.A.4.a.8.I02,0.00047
2025-12-01,4.A.4.a.8.I03,0.00044
2025-12-01,4.A.4.b.3.I01,0.00076
2025-12-01,4.A.4.b.3.I02,0.01310
2025-12-01,4.A.4.b.3.I04,0.00030
2025-12-01,4.A.4.b.3.I05,0.00057
2025-12-01,4.A.4.b.5.I01,0.00186
2025-12-01,4.A.4.b.5.I02,0.00527
2025-12-01,4.A.4.b.6.I01,0.01895
2025-12-01,4.A.4.b.6.I02,0.02461
2025-12-01,4.A.4.b.6.I04,0.00514
2025-12-01,4.A.4.b.6.I05,0.00313
2025-12-01,4.A.4.b.6.I06,0.02487
2025-12-01,4.A.4.b.6.I07,0.00824
2025-12-01,4.A.4.b.6.I08,0.00482
2025-12-01,4.A.4.b.6.I10,0.04496
2025-12-01,4.A.4.b.6.I11,0.00586
2025-12-01,4.A.4.c.1.I01,0.00524
2025-12-01,4.A.4.c.1.I03,0.00150
2025-12-01,4.A.4.c.1.I04,0.00038
2025-12-01,4.A.4.c.2.I01,0.00063
2025-12-01,4.A.4.c.3.I05,0.00416
2025-12-01,Other IWA,0.02243
2026-01-01,4.A.1.a.1.I01,0.01017
2026-01-01,4.A.1.a.1.I02,0.00106
2026-01-01,4.A.1.a.1.I03,0.00070
2026-01-01,4.A.1.a.1.I04,0.04883
2026-01-01,4.A.1.a.1.I05,0.00099
2026-01-01,4.A.1.a.1.I06,0.00025
2026-01-01,4.A.1.a.1.I07,0.05076
2026-01-01,4.A.1.a.1.I08,0.00161
2026-01-01,4.A.1.a.1.I09,0.00132
2026-01-01,4.A.1.a.1.I11,0.00032
2026-01-01,4.A.1.a.1.I12,0.00054
2026-01-01,4.A.1.a.1.I13,0.00036
2026-01-01,4.A.1.a.1.I14,0.00094
2026-01-01,4.A.1.a.1.I15,0.00648
2026-01-01,4.A.1.a.1.I16,0.00700
2026-01-01,4.A.1.a.1.I17,0.00359
2026-01-01,4.A.1.a.1.I18,0.01959
2026-01-01,4.A.1.a.1.I19,0.01376
2026-01-01,4.A.1.a.1.I20,0.00114
2026-01-01,4.A.1.a.1.I21,0.00053
2026-01-01,4.A.1.a.1.I23,0.00112
2026-01-01,4.A.1.a.2.I08,0.00080
2026-01-01,4.A.1.a.2.I10,0.00048
2026-01-01,4.A.1.b.1.I02,0.00054
2026-01-01,4.A.1.b.2.I09,0.00032
2026-01-01,4.A.1.b.3.I01,0.00179
2026-01-01,4.A.1.b.3.I02,0.00089
2026-01-01,4.A.1.b.3.I03,0.01173
2026-01-01,4.A.2.a.1.I01,0.00302
2026-01-01,4.A.2.a.1.I02,0.00239
2026-01-01,4.A.2.a.1.I03,0.00148
2026-01-01,4.A.2.a.1.I04,0.00192
2026-01-01,4.A.2.a.1.I06,0.01175
2026-01-01,4.A.2.a.1.I07,0.01584
2026-01-01,4.A.2.a.1.I08,0.00112
2026-01-01,4.A.2.a.1.I09,0.00034
2026-01-01,4.A.2.a.1.I10,0.00062
2026-01-01,4.A.2.a.2.I01,0.00180
2026-01-01,4.A.2.a.2.I03,0.00185
2026-01-01,4.A.2.a.2.I05,0.00053
2026-01-01,4.A.2.a.3.I01,0.00160
2026-01-01,4.A.2.a.4.I01,0.00037
2026-01-01,4.A.2.a.4.I02,0.00417
2026-01-01,4.A.2.a.4.I03,0.00044
2026-01-01,4.A.2.a.4.I04,0.01232
2026-01-01,4.A.2.a.4.I05,0.00062
2026-01-01,4.A.2.a.4.I06,0.00170
2026-01-01,4.A.2.a.4.I07,0.00068
2026-01-01,4.A.2.a.4.I08,0.00332
2026-01-01,4.A.2.a.4.I09,0.00060
2026-01-01,4.A.2.a.4.I10,0.00037
2026-01-01,4.A.2.a.4.I11,0.00284
2026-01-01,4.A.2.a.4.I12,0.00024
2026-01-01,4.A.2.b.1.I01,0.00578
2026-01-01,4.A.2.b.1.I02,0.00502
2026-01-01,4.A.2.b.1.I06,0.00156
2026-01-01,4.A.2.b.1.I07,0.06738
2026-01-01,4.A.2.b.1.I08,0.00084
2026-01-01,4.A.2.b.1.I10,0.00121
2026-01-01,4.A.2.b.1.I11,0.00257
2026-01-01,4.A.2.b.2.I01,0.00301
2026-01-01,4.A.2.b.2.I02,0.00234
2026-01-01,4.A.2.b.2.I03,0.00186
2026-01-01,4.A.2.b.2.I04,0.00436
2026-01-01,4.A.2.b.2.I06,0.00016
2026-01-01,4.A.2.b.2.I07,0.00124
2026-01-01,4.A.2.b.2.I09,0.00227
2026-01-01,4.A.2.b.2.I11,0.00140
2026-01-01,4.A.2.b.2.I12,0.01657
2026-01-01,4.A.2.b.2.I15,0.00493
2026-01-01,4.A.2.b.2.I18,0.03081
2026-01-01,4.A.2.b.2.I19,0.00037
2026-01-01,4.A.2.b.2.I21,0.00137
2026-01-01,4.A.2.b.2.I22,0.01224
2026-01-01,4.A.2.b.2.I23,0.00162
2026-01-01,4.A.2.b.2.I25,0.00648
2026-01-01,4.A.2.b.2.I26,0.00002
2026-01-01,4.A.2.b.2.I27,0.00100
2026-01-01,4.A.2.b.3.I01,0.00500
2026-01-01,4.A.2.b.4.I01,0.00163
2026-01-01,4.A.2.b.4.I03,0.00091
2026-01-01,4.A.2.b.5.I01,0.00167
2026-01-01,4.A.2.b.5.I02,0.00300
2026-01-01,4.A.2.b.5.I03,0.00215
2026-01-01,4.A.2.b.6.I01,0.00466
2026-01-01,4.A.2.b.6.I02,0.00468
2026-01-01,4.A.3.a.1.I01,0.00073
2026-01-01,4.A.3.a.1.I03,0.00100
2026-01-01,4.A.3.a.1.I08,0.00097
2026-01-01,4.A.3.a.1.I16,0.00222
2026-01-01,4.A.3.a.2.I03,0.01080
2026-01-01,4.A.3.a.2.I21,0.00093
2026-01-01,4.A.3.a.2.I46,0.00075
2026-01-01,4.A.3.b.1.I01,0.00794
2026-01-01,4.A.3.b.1.I02,0.00065
2026-01-01,4.A.3.b.1.I03,0.00394
2026-01-01,4.A.3.b.1.I04,0.01601
2026-01-01,4.A.3.b.1.I05,0.00218
2026-01-01,4.A.3.b.1.I06,0.00229
2026-01-01,4.A.3.b.6.I01,0.00397
2026-01-01,4.A.3.b.6.I03,0.00156
2026-01-01,4.A.3.b.6.I05,0.00123
2026-01-01,4.A.3.b.6.I06,0.00406
2026-01-01,4.A.3.b.6.I07,0.00127
2026-01-01,4.A.3.b.6.I08,0.00180
2026-01-01,4.A.3.b.6.I09,0.00094
2026-01-01,4.A.3.b.6.I10,0.00057
2026-01-01,4.A.3.b.6.I12,0.04807
2026-01-01,4.A.3.b.6.I13,0.00622
2026-01-01,4.A.3.b.6.I14,0.00248
2026-01-01,4.A.3.b.6.I15,0.00377
2026-01-01,4.A.3.b.6.I16,0.06080
2026-01-01,4.A.4.a.1.I01,0.02383
2026-01-01,4.A.4.a.1.I02,0.01661
2026-01-01,4.A.4.a.1.I03,0.02859
2026-01-01,4.A.4.a.1.I04,0.00737
2026-01-01,4.A.4.a.1.I05,0.00921
2026-01-01,4.A.4.a.2.I01,0.00036
2026-01-01,4.A.4.a.2.I02,0.00043
2026-01-01,4.A.4.a.2.I03,0.01126
2026-01-01,4.A.4.a.2.I04,0.00537
2026-01-01,4.A.4.a.2.I06,0.00034
2026-01-01,4.A.4.a.2.I08,0.00070
2026-01-01,4.A.4.a.2.I09,0.00410
2026-01-01,4.A.4.a.2.I11,0.00353
2026-01-01,4.A.4.a.2.I12,0.00114
2026-01-01,4.A.4.a.2.I13,0.00127
2026-01-01,4.A.4.a.3.I02,0.01102
2026-01-01,4.A.4.a.3.I03,0.00538
2026-01-01,4.A.4.a.4.I01,0.00148
2026-01-01,4.A.4.a.5.I01,0.00274
2026-01-01,4.A.4.a.5.I03,0.00098
2026-01-01,4.A.4.a.5.I04,0.00224
2026-01-01,4.A.4.a.5.I08,0.00288
2026-01-01,4.A.4.a.5.I10,0.00055
2026-01-01,4.A.4.a.6.I01,0.00074
2026-01-01,4.A.4.a.6.I02,0.00162
2026-01-01,4.A.4.a.6.I03,0.00191
2026-01-01,4.A.4.a.7.I01,0.00024
2026-01-01,4.A.4.a.7.I02,0.00136
2026-01-01,4.A.4.a.7.I03,0.00049
2026-01-01,4.A.4.a.8.I01,0.00087
2026-01-01,4.A.4.a.8.I02,0.00084
2026-01-01,4.A.4.a.8.I03,0.00054
2026-01-01,4.A.4.b.3.I01,0.00098
2026-01-01,4.A.4.b.3.I02,0.01053
2026-01-01,4.A.4.b.3.I04,0.00035
2026-01-01,4.A.4.b.3.I05,0.00069
2026-01-01,4.A.4.b.5.I01,0.00204
2026-01-01,4.A.4.b.5.I02,0.00397
2026-01-01,4.A.4.b.6.I01,0.02084
2026-01-01,4.A.4.b.6.I02,0.02551
2026-01-01,4.A.4.b.6.I04,0.00700
2026-01-01,4.A.4.b.6.I05,0.00433
2026-01-01,4.A.4.b.6.I06,0.03202
2026-01-01,4.A.4.b.6.I07,0.00890
2026-01-01,4.A.4.b.6.I08,0.00412
2026-01-01,4.A.4.b.6.I10,0.03684
2026-01-01,4.A.4.b.6.I11,0.00808
2026-01-01,4.A.4.c.1.I01,0.00636
2026-01-01,4.A.4.c.1.I03,0.00175
2026-01-01,4.A.4.c.1.I04,0.00057
2026-01-01,4.A.4.c.2.I01,0.00072
2026-01-01,4.A.4.c.3.I05,0.00409
2026-01-01,Other IWA,0.02354
2026-02-01,4.A.1.a.1.I01,0.00922
2026-02-01,4.A.1.a.1.I02,0.00127
2026-02-01,4.A.1.a.1.I03,0.00104
2026-02-01,4.A.1.a.1.I04,0.04892
2026-02-01,4.A.1.a.1.I05,0.00121
2026-02-01,4.A.1.a.1.I06,0.00036
2026-02-01,4.A.1.a.1.I07,0.04556
2026-02-01,4.A.1.a.1.I08,0.00141
2026-02-01,4.A.1.a.1.I09,0.00179
2026-02-01,4.A.1.a.1.I11,0.00018
2026-02-01,4.A.1.a.1.I12,0.00049
2026-02-01,4.A.1.a.1.I13,0.00043
2026-02-01,4.A.1.a.1.I14,0.00101
2026-02-01,4.A.1.a.1.I15,0.00638
2026-02-01,4.A.1.a.1.I16,0.00702
2026-02-01,4.A.1.a.1.I17,0.00385
2026-02-01,4.A.1.a.1.I18,0.01946
2026-02-01,4.A.1.a.1.I19,0.01331
2026-02-01,4.A.1.a.1.I20,0.00090
2026-02-01,4.A.1.a.1.I21,0.00064
2026-02-01,4.A.1.a.1.I23,0.00115
2026-02-01,4.A.1.a.2.I08,0.00071
2026-02-01,4.A.1.a.2.I10,0.00036
2026-02-01,4.A.1.b.1.I02,0.00033
2026-02-01,4.A.1.b.2.I09,0.00052
2026-02-01,4.A.1.b.3.I01,0.00188
2026-02-01,4.A.1.b.3.I02,0.00096
2026-02-01,4.A.1.b.3.I03,0.01236
2026-02-01,4.A.2.a.1.I01,0.00360
2026-02-01,4.A.2.a.1.I02,0.00205
2026-02-01,4.A.2.a.1.I03,0.00215
2026-02-01,4.A.2.a.1.I04,0.00158
2026-02-01,4.A.2.a.1.I06,0.01295
2026-02-01,4.A.2.a.1.I07,0.01293
2026-02-01,4.A.2.a.1.I08,0.00153
2026-02-01,4.A.2.a.1.I09,0.00055
2026-02-01,4.A.2.a.1.I10,0.00050
2026-02-01,4.A.2.a.2.I01,0.00179
2026-02-01,4.A.2.a.2.I03,0.00202
2026-02-01,4.A.2.a.2.I05,0.00088
2026-02-01,4.A.2.a.3.I01,0.00150
2026-02-01,4.A.2.a.4.I01,0.00027
2026-02-01,4.A.2.a.4.I02,0.00524
2026-02-01,4.A.2.a.4.I03,0.00070
2026-02-01,4.A.2.a.4.I04,0.01759
2026-02-01,4.A.2.a.4.I05,0.00065
2026-02-01,4.A.2.a.4.I06,0.00210
2026-02-01,4.A.2.a.4.I07,0.00067
2026-02-01,4.A.2.a.4.I08,0.00363
2026-02-01,4.A.2.a.4.I09,0.00048
2026-02-01,4.A.2.a.4.I10,0.00107
2026-02-01,4.A.2.a.4.I11,0.00337
2026-02-01,4.A.2.a.4.I12,0.00055
2026-02-01,4.A.2.b.1.I01,0.00502
2026-02-01,4.A.2.b.1.I02,0.00475
2026-02-01,4.A.2.b.1.I06,0.00212
2026-02-01,4.A.2.b.1.I07,0.06549
2026-02-01,4.A.2.b.1.I08,0.00103
2026-02-01,4.A.2.b.1.I10,0.00138
2026-02-01,4.A.2.b.1.I11,0.00231
2026-02-01,4.A.2.b.2.I01,0.00259
2026-02-01,4.A.2.b.2.I02,0.00190
2026-02-01,4.A.2.b.2.I03,0.00257
2026-02-01,4.A.2.b.2.I04,0.00420
2026-02-01,4.A.2.b.2.I06,0.00025
2026-02-01,4.A.2.b.2.I07,0.00078
2026-02-01,4.A.2.b.2.I09,0.00316
2026-02-01,4.A.2.b.2.I11,0.00151
2026-02-01,4.A.2.b.2.I12,0.01546
2026-02-01,4.A.2.b.2.I15,0.00410
2026-02-01,4.A.2.b.2.I18,0.03447
2026-02-01,4.A.2.b.2.I19,0.00056
2026-02-01,4.A.2.b.2.I21,0.00109
2026-02-01,4.A.2.b.2.I22,0.01095
2026-02-01,4.A.2.b.2.I23,0.00145
2026-02-01,4.A.2.b.2.I25,0.01015
2026-02-01,4.A.2.b.2.I26,0.00013
2026-02-01,4.A.2.b.2.I27,0.00047
2026-02-01,4.A.2.b.3.I01,0.00835
2026-02-01,4.A.2.b.4.I01,0.00168
2026-02-01,4.A.2.b.4.I03,0.00104
2026-02-01,4.A.2.b.5.I01,0.00166
2026-02-01,4.A.2.b.5.I02,0.00247
2026-02-01,4.A.2.b.5.I03,0.00259
2026-02-01,4.A.2.b.6.I01,0.00457
2026-02-01,4.A.2.b.6.I02,0.00558
2026-02-01,4.A.3.a.1.I01,0.00047
2026-02-01,4.A.3.a.1.I03,0.00084
2026-02-01,4.A.3.a.1.I08,0.00060
2026-02-01,4.A.3.a.1.I16,0.00252
2026-02-01,4.A.3.a.2.I03,0.01035
2026-02-01,4.A.3.a.2.I21,0.00080
2026-02-01,4.A.3.a.2.I46,0.00085
2026-02-01,4.A.3.b.1.I01,0.00857
2026-02-01,4.A.3.b.1.I02,0.00049
2026-02-01,4.A.3.b.1.I03,0.00424
2026-02-01,4.A.3.b.1.I04,0.01508
2026-02-01,4.A.3.b.1.I05,0.00188
2026-02-01,4.A.3.b.1.I06,0.00237
2026-02-01,4.A.3.b.6.I01,0.00471
2026-02-01,4.A.3.b.6.I03,0.00193
2026-02-01,4.A.3.b.6.I05,0.00117
2026-02-01,4.A.3.b.6.I06,0.00565
2026-02-01,4.A.3.b.6.I07,0.00122
2026-02-01,4.A.3.b.6.I08,0.00141
2026-02-01,4.A.3.b.6.I09,0.00156
2026-02-01,4.A.3.b.6.I10,0.00058
2026-02-01,4.A.3.b.6.I12,0.05025
2026-02-01,4.A.3.b.6.I13,0.00546
2026-02-01,4.A.3.b.6.I14,0.00276
2026-02-01,4.A.3.b.6.I15,0.00359
2026-02-01,4.A.3.b.6.I16,0.05465
2026-02-01,4.A.4.a.1.I01,0.02474
2026-02-01,4.A.4.a.1.I02,0.01482
2026-02-01,4.A.4.a.1.I03,0.02684
2026-02-01,4.A.4.a.1.I04,0.00711
2026-02-01,4.A.4.a.1.I05,0.00938
2026-02-01,4.A.4.a.2.I01,0.00025
2026-02-01,4.A.4.a.2.I02,0.00063
2026-02-01,4.A.4.a.2.I03,0.01076
2026-02-01,4.A.4.a.2.I04,0.00553
2026-02-01,4.A.4.a.2.I06,0.00043
2026-02-01,4.A.4.a.2.I08,0.00106
2026-02-01,4.A.4.a.2.I09,0.00345
2026-02-01,4.A.4.a.2.I11,0.00358
2026-02-01,4.A.4.a.2.I12,0.00105
2026-02-01,4.A.4.a.2.I13,0.00083
2026-02-01,4.A.4.a.3.I02,0.00924
2026-02-01,4.A.4.a.3.I03,0.00454
2026-02-01,4.A.4.a.4.I01,0.00161
2026-02-01,4.A.4.a.5.I01,0.00271
2026-02-01,4.A.4.a.5.I03,0.00086
2026-02-01,4.A.4.a.5.I04,0.00226
2026-02-01,4.A.4.a.5.I08,0.00334
2026-02-01,4.A.4.a.5.I10,0.00033
2026-02-01,4.A.4.a.6.I01,0.00067
2026-02-01,4.A.4.a.6.I02,0.00148
2026-02-01,4.A.4.a.6.I03,0.00237
2026-02-01,4.A.4.a.7.I01,0.00063
2026-02-01,4.A.4.a.7.I02,0.00163
2026-02-01,4.A.4.a.7.I03,0.00045
2026-02-01,4.A.4.a.8.I01,0.00088
2026-02-01,4.A.4.a.8.I02,0.00071
2026-02-01,4.A.4.a.8.I03,0.00038
2026-02-01,4.A.4.b.3.I01,0.00091
2026-02-01,4.A.4.b.3.I02,0.01399
2026-02-01,4.A.4.b.3.I04,0.00039
2026-02-01,4.A.4.b.3.I05,0.00055
2026-02-01,4.A.4.b.5.I01,0.00175
2026-02-01,4.A.4.b.5.I02,0.00395
2026-02-01,4.A.4.b.6.I01,0.02132
2026-02-01,4.A.4.b.6.I02,0.02064
2026-02-01,4.A.4.b.6.I04,0.00517
2026-02-01,4.A.4.b.6.I05,0.00420
2026-02-01,4.A.4.b.6.I06,0.03085
2026-02-01,4.A.4.b.6.I07,0.00884
2026-02-01,4.A.4.b.6.I08,0.00444
2026-02-01,4.A.4.b.6.I10,0.04107
2026-02-01,4.A.4.b.6.I11,0.00755
2026-02-01,4.A.4.c.1.I01,0.00632
2026-02-01,4.A.4.c.1.I03,0.00177
2026-02-01,4.A.4.c.1.I04,0.00024
2026-02-01,4.A.4.c.2.I01,0.00085
2026-02-01,4.A.4.c.3.I05,0.00408
2026-02-01,Other IWA,0.02368
2026-03-01,4.A.1.a.1.I01,0.00967
2026-03-01,4.A.1.a.1.I02,0.00125
2026-03-01,4.A.1.a.1.I03,0.00114
2026-03-01,4.A.1.a.1.I04,0.04725
2026-03-01,4.A.1.a.1.I05,0.00139
2026-03-01,4.A.1.a.1.I06,0.00038
2026-03-01,4.A.1.a.1.I07,0.05378
2026-03-01,4.A.1.a.1.I08,0.00131
2026-03-01,4.A.1.a.1.I09,0.00200
2026-03-01,4.A.1.a.1.I11,0.00056
2026-03-01,4.A.1.a.1.I12,0.00121
2026-03-01,4.A.1.a.1.I13,0.00064
2026-03-01,4.A.1.a.1.I14,0.00081
2026-03-01,4.A.1.a.1.I15,0.00564
2026-03-01,4.A.1.a.1.I16,0.00666
2026-03-01,4.A.1.a.1.I17,0.00418
2026-03-01,4.A.1.a.1.I18,0.01882
2026-03-01,4.A.1.a.1.I19,0.01434
2026-03-01,4.A.1.a.1.I20,0.00115
2026-03-01,4.A.1.a.1.I21,0.00099
2026-03-01,4.A.1.a.1.I23,0.00072
2026-03-01,4.A.1.a.2.I08,0.00107
2026-03-01,4.A.1.a.2.I10,0.00050
2026-03-01,4.A.1.b.1.I02,0.00047
2026-03-01,4.A.1.b.2.I09,0.00070
2026-03-01,4.A.1.b.3.I01,0.00201
2026-03-01,4.A.1.b.3.I02,0.00072
2026-03-01,4.A.1.b.3.I03,0.01317
2026-03-01,4.A.2.a.1.I01,0.00360
2026-03-01,4.A.2.a.1.I02,0.00254
2026-03-01,4.A.2.a.1.I03,0.00328
2026-03-01,4.A.2.a.1.I04,0.00201
2026-03-01,4.A.2.a.1.I06,0.01164
2026-03-01,4.A.2.a.1.I07,0.01474
2026-03-01,4.A.2.a.1.I08,0.00143
2026-03-01,4.A.2.a.1.I09,0.00080
2026-03-01,4.A.2.a.1.I10,0.00045
2026-03-01,4.A.2.a.2.I01,0.00190
2026-03-01,4.A.2.a.2.I03,0.00210
2026-03-01,4.A.2.a.2.I05,0.00109
2026-03-01,4.A.2.a.3.I01,0.00181
2026-03-01,4.A.2.a.4.I01,0.00041
2026-03-01,4.A.2.a.4.I02,0.00389
2026-03-01,4.A.2.a.4.I03,0.00056
2026-03-01,4.A.2.a.4.I04,0.01475
2026-03-01,4.A.2.a.4.I05,0.00055
2026-03-01,4.A.2.a.4.I06,0.00194
2026-03-01,4.A.2.a.4.I07,0.00046
2026-03-01,4.A.2.a.4.I08,0.00353
2026-03-01,4.A.2.a.4.I09,0.00037
2026-03-01,4.A.2.a.4.I10,0.00084
2026-03-01,4.A.2.a.4.I11,0.00308
2026-03-01,4.A.2.a.4.I12,0.00061
2026-03-01,4.A.2.b.1.I01,0.00627
2026-03-01,4.A.2.b.1.I02,0.00490
2026-03-01,4.A.2.b.1.I06,0.00168
2026-03-01,4.A.2.b.1.I07,0.06521
2026-03-01,4.A.2.b.1.I08,0.00134
2026-03-01,4.A.2.b.1.I10,0.00130
2026-03-01,4.A.2.b.1.I11,0.00248
2026-03-01,4.A.2.b.2.I01,0.00288
2026-03-01,4.A.2.b.2.I02,0.00226
2026-03-01,4.A.2.b.2.I03,0.00216
2026-03-01,4.A.2.b.2.I04,0.00377
2026-03-01,4.A.2.b.2.I06,0.00020
2026-03-01,4.A.2.b.2.I07,0.00095
2026-03-01,4.A.2.b.2.I09,0.00299
2026-03-01,4.A.2.b.2.I11,0.00148
2026-03-01,4.A.2.b.2.I12,0.01702
2026-03-01,4.A.2.b.2.I15,0.00452
2026-03-01,4.A.2.b.2.I18,0.03366
2026-03-01,4.A.2.b.2.I19,0.00021
2026-03-01,4.A.2.b.2.I21,0.00142
2026-03-01,4.A.2.b.2.I22,0.01163
2026-03-01,4.A.2.b.2.I23,0.00201
2026-03-01,4.A.2.b.2.I25,0.00530
2026-03-01,4.A.2.b.2.I26,0.00026
2026-03-01,4.A.2.b.2.I27,0.00065
2026-03-01,4.A.2.b.3.I01,0.00629
2026-03-01,4.A.2.b.4.I01,0.00146
2026-03-01,4.A.2.b.4.I03,0.00077
2026-03-01,4.A.2.b.5.I01,0.00124
2026-03-01,4.A.2.b.5.I02,0.00320
2026-03-01,4.A.2.b.5.I03,0.00235
2026-03-01,4.A.2.b.6.I01,0.00378
2026-03-01,4.A.2.b.6.I02,0.00509
2026-03-01,4.A.3.a.1.I01,0.00093
2026-03-01,4.A.3.a.1.I03,0.00081
2026-03-01,4.A.3.a.1.I08,0.00041
2026-03-01,4.A.3.a.1.I16,0.00273
2026-03-01,4.A.3.a.2.I03,0.00937
2026-03-01,4.A.3.a.2.I21,0.00072
2026-03-01,4.A.3.a.2.I46,0.00080
2026-03-01,4.A.3.b.1.I01,0.00775
2026-03-01,4.A.3.b.1.I02,0.00061
2026-03-01,4.A.3.b.1.I03,0.00367
2026-03-01,4.A.3.b.1.I04,0.01419
2026-03-01,4.A.3.b.1.I05,0.00165
2026-03-01,4.A.3.b.1.I06,0.00231
2026-03-01,4.A.3.b.6.I01,0.00405
2026-03-01,4.A.3.b.6.I03,0.00182
2026-03-01,4.A.3.b.6.I05,0.00113
2026-03-01,4.A.3.b.6.I06,0.00573
2026-03-01,4.A.3.b.6.I07,0.00159
2026-03-01,4.A.3.b.6.I08,0.00134
2026-03-01,4.A.3.b.6.I09,0.00084
2026-03-01,4.A.3.b.6.I10,0.00052
2026-03-01,4.A.3.b.6.I12,0.04916
2026-03-01,4.A.3.b.6.I13,0.00538
2026-03-01,4.A.3.b.6.I14,0.00254
2026-03-01,4.A.3.b.6.I15,0.00337
2026-03-01,4.A.3.b.6.I16,0.05186
2026-03-01,4.A.4.a.1.I01,0.02418
2026-03-01,4.A.4.a.1.I02,0.01529
2026-03-01,4.A.4.a.1.I03,0.02353
2026-03-01,4.A.4.a.1.I04,0.00663
2026-03-01,4.A.4.a.1.I05,0.00947
2026-03-01,4.A.4.a.2.I01,0.00023
2026-03-01,4.A.4.a.2.I02,0.00046
2026-03-01,4.A.4.a.2.I03,0.01212
2026-03-01,4.A.4.a.2.I04,0.00465
2026-03-01,4.A.4.a.2.I06,0.00045
2026-03-01,4.A.4.a.2.I08,0.00089
2026-03-01,4.A.4.a.2.I09,0.00354
2026-03-01,4.A.4.a.2.I11,0.00367
2026-03-01,4.A.4.a.2.I12,0.00157
2026-03-01,4.A.4.a.2.I13,0.00099
2026-03-01,4.A.4.a.3.I02,0.00878
2026-03-01,4.A.4.a.3.I03,0.00544
2026-03-01,4.A.4.a.4.I01,0.00205
2026-03-01,4.A.4.a.5.I01,0.00285
2026-03-01,4.A.4.a.5.I03,0.00116
2026-03-01,4.A.4.a.5.I04,0.00264
2026-03-01,4.A.4.a.5.I08,0.00310
2026-03-01,4.A.4.a.5.I10,0.00040
2026-03-01,4.A.4.a.6.I01,0.00057
2026-03-01,4.A.4.a.6.I02,0.00181
2026-03-01,4.A.4.a.6.I03,0.00191
2026-03-01,4.A.4.a.7.I01,0.00080
2026-03-01,4.A.4.a.7.I02,0.00178
2026-03-01,4.A.4.a.7.I03,0.00055
2026-03-01,4.A.4.a.8.I01,0.00046
2026-03-01,4.A.4.a.8.I02,0.00069
2026-03-01,4.A.4.a.8.I03,0.00078
2026-03-01,4.A.4.b.3.I01,0.00042
2026-03-01,4.A.4.b.3.I02,0.01308
2026-03-01,4.A.4.b.3.I04,0.00051
2026-03-01,4.A.4.b.3.I05,0.00090
2026-03-01,4.A.4.b.5.I01,0.00265
2026-03-01,4.A.4.b.5.I02,0.00419
2026-03-01,4.A.4.b.6.I01,0.02028
2026-03-01,4.A.4.b.6.I02,0.02716
2026-03-01,4.A.4.b.6.I04,0.00530
2026-03-01,4.A.4.b.6.I05,0.00440
2026-03-01,4.A.4.b.6.I06,0.03180
2026-03-01,4.A.4.b.6.I07,0.00970
2026-03-01,4.A.4.b.6.I08,0.00421
2026-03-01,4.A.4.b.6.I10,0.03882
2026-03-01,4.A.4.b.6.I11,0.00755
2026-03-01,4.A.4.c.1.I01,0.00572
2026-03-01,4.A.4.c.1.I03,0.00198
2026-03-01,4.A.4.c.1.I04,0.00021
2026-03-01,4.A.4.c.2.I01,0.00087
2026-03-01,4.A.4.c.3.I05,0.00455
2026-03-01,Other IWA,0.02531
