income_level,learned_content_transformation,learned_state_inference,learned_recommendation_decision,learned_adaptive_control,ai_material_share_exposed,countries,task_country_rows,tasks,ai_material_exposed_task_country_rows
Low income,0.6823231612993953,0.20705011015797123,0.10162658791543618,0.0090001406271973,0.39246817278681284,19,357143,18797,21333
Lower middle income,0.5691597766473911,0.23996321641012044,0.16655344390502544,0.024323563037462928,0.5506308903628417,35,657894,18797,120706
Upper middle income,0.4996390589751853,0.2563132452465356,0.19840799226554948,0.04563970351272962,0.6384642291310878,27,507503,18797,155150
High income,0.451038698614856,0.25690819038877094,0.21557378616640852,0.0764793248299645,0.7193017849692113,41,770642,18797,313758
